hhid,infl_exp,high_infl_exp,forecast_error_proxy,overreaction,media_salience,low_salience,high_media,risk_attitude,econ_outlook,interest_exp,house_price_exp,log_income,income_tercile,urban,province
201100001,4,1,0,0,2,0,1,5,2,2,4,10.8474129065069,2,1,11
201100002,4,1,0,0,1,0,0,5,2,2,4,11.5260469690176,3,1,11
201100003,4,1,0,0,2,0,1,5,1,3,2,10.3089859934221,2,1,11
201100004,3,0,-1,0,2,0,1,5,2,2,2,11.39425330369,3,1,11
201100005,4,1,0,0,3,0,1,5,3,2,3,10.3089859934221,2,1,11
201100006,5,1,1,1,3,1,1,3,3,1,4,10.8298643579064,2,1,11
201100007,4,1,0,0,2,2,1,5,3,2,2,10.2190644221814,2,1,11
201100008,3,0,-1,0,1,0,0,5,1,2,1,11.1360623908672,3,1,11
201100009,5,1,1,1,2,1,1,1,4,2,3,10.7893396952697,2,1,11
201100010,4,1,0,0,3,0,1,3,2,4,3,10.7872757536483,2,1,11
201100011,4,1,0,0,2,0,1,5,2,2,4,10.1887040880481,2,1,11
201100012,3,0,-1,0,2,1,1,5,3,3,3,10.2256072829329,2,1,11
201100013,4,1,0,0,2,1,1,5,2,2,2,11.1154434073529,3,1,11
201100014,3,0,-1,0,2,1,1,5,1,2,3,11.0429378355965,3,1,11
201100015,5,1,1,1,2,0,1,5,2,2,4,10.9187363480431,3,1,11
201100016,4,1,0,0,3,2,1,5,2,1,3,11.8913687499821,3,1,11
201100017,4,1,0,0,2,0,1,5,4,2,4,11.0790763143201,3,1,11
201100018,4,1,0,0,2,0,1,2,2,2,3,12.06105265381,3,1,11
201100019,5,1,1,1,1,0,0,1,3,2,3,12.7656912906044,3,1,11
201100020,5,1,1,1,2,0,1,1,3,2,2,11.6172944892629,3,1,11
201100021,5,1,1,1,3,2,1,2,2,1,4,11.1562648066437,3,1,11
201100022,4,1,0,0,1,0,0,5,2,2,4,10.586609649449,2,1,11
201100023,4,1,0,0,3,1,1,3,2,2,2,11.0381263557685,3,1,11
201100024,4,1,0,0,1,0,0,5,2,2,2,10.2119276780724,2,1,11
201100025,2,0,-2,0,3,0,1,2,2,2,3,11.8093269129406,3,1,11
201100026,4,1,0,0,1,0,0,5,3,2,4,0,1,1,11
201100027,4,1,0,0,1,0,0,5,1,2,2,0,1,1,11
201100028,3,0,-1,0,2,0,1,4,3,3,3,9.69282824771042,1,1,11
201100029,4,1,0,0,1,0,0,5,4,2,4,10.4282456668323,2,1,11
201100030,4,1,0,0,1,1,0,5,2,9,3,10.7789771230064,2,1,11
201100031,4,1,0,0,3,1,1,2,3,1,3,11.3503817189881,3,1,11
201100032,3,0,-1,0,0,1,0,5,3,3,3,10.2681653877435,2,1,11
201100033,5,1,1,1,2,1,1,5,4,2,3,10.524628397111,2,1,11
201100034,4,1,0,0,3,0,1,5,3,2,3,10.3089859934221,2,1,11
201100035,4,1,0,0,2,0,1,5,2,3,3,11.0251814006476,3,1,11
201100036,4,1,0,0,1,0,0,5,3,2,4,8.5173931714189,1,1,11
201100037,5,1,1,1,1,0,0,5,2,3,2,9.2687036152731,1,1,11
201100038,4,1,0,0,3,0,1,2,2,2,4,11.6516020359342,3,1,11
201100039,5,1,1,1,3,0,1,1,4,2,3,12.7570829407692,3,1,11
201100040,5,1,1,1,3,1,1,,9,4,4,11.1562648066437,3,1,11
201100041,5,1,1,1,3,1,1,4,3,3,3,11.7360770162524,3,1,11
201100042,5,1,1,1,1,1,0,5,1,3,5,10.5078308414206,2,1,11
201100043,5,1,1,1,1,1,0,5,2,2,4,10.4829339785799,2,1,11
201100044,4,1,0,0,0,0,0,3,3,4,4,0,1,1,11
201100045,4,1,0,0,2,0,1,3,3,3,4,10.236417809461,2,1,11
201100046,5,1,1,1,0,0,0,4,3,3,5,10.7364184143654,2,1,11
201100047,5,1,1,1,2,0,1,2,4,2,4,10.5453677541517,2,1,11
201100048,5,1,1,1,2,0,1,4,1,1,5,11.0665758603886,3,1,11
201100049,5,1,1,1,1,0,0,5,3,2,4,9.68663666084494,1,1,11
201100050,4,1,0,0,1,0,0,5,3,2,5,11.0821579333748,3,1,11
201100051,3,0,-1,0,2,0,1,5,3,3,3,9.95232533461943,1,1,11
201100052,5,1,1,1,3,0,1,3,2,4,4,10.8352094682816,2,1,11
201100053,3,0,-1,0,3,0,1,5,2,2,2,10.3222307815901,2,1,11
201100054,1,0,-3,0,2,0,1,5,1,1,5,10.1346389552519,2,1,11
201100055,5,1,1,1,2,0,1,1,2,1,3,11.9576176964675,3,1,11
201100056,4,1,0,0,2,0,1,3,2,4,3,8.00670084544037,1,1,11
201100057,5,1,1,1,3,0,1,3,3,1,4,12.3525625834475,3,1,11
201100058,4,1,0,0,2,0,1,3,1,4,2,11.6944403162564,3,1,11
201100059,5,1,1,1,3,1,1,3,2,2,5,11.5129354649202,3,1,11
201100060,5,1,1,1,3,1,1,3,2,2,3,10.1658902778025,2,1,11
201100061,5,1,1,1,3,2,1,1,4,2,2,,1,1,11
201100062,4,1,0,0,3,0,1,5,1,2,2,10.7360000275234,2,1,11
201100063,5,1,1,1,3,1,1,2,2,2,5,10.7122153451973,2,1,11
201100064,5,1,1,1,3,1,1,3,3,2,4,10.8197982842103,2,1,11
201100065,5,1,1,1,1,1,0,2,3,2,5,12.8363435892588,3,1,11
201100066,4,1,0,0,2,0,1,5,2,2,3,11.0349057929294,3,1,11
201100067,4,1,0,0,3,2,1,4,2,2,2,9.29660980712836,1,1,11
201100068,4,1,0,0,1,1,0,5,2,2,4,10.2428484700412,2,1,11
201100069,4,1,0,0,1,0,0,5,2,2,3,10.2219776466299,2,1,11
201100070,3,0,-1,0,2,1,1,4,2,3,2,11.5700744213002,3,1,11
201100071,5,1,1,1,1,0,0,5,3,2,4,11.6561489365085,3,1,11
201100072,4,1,0,0,2,0,1,2,2,2,5,11.5997928602408,3,1,11
201100073,5,1,1,1,2,0,1,2,4,2,4,12.3371052938919,3,1,11
201100074,4,1,0,0,2,0,1,3,2,2,4,10.8685874960174,2,1,11
201100075,5,1,1,1,2,0,1,4,2,2,4,11.8494048444231,3,1,11
201100076,5,1,1,1,3,1,1,5,4,2,3,11.2857758532254,3,1,11
201100077,4,1,0,0,3,0,1,2,2,2,2,11.7616408154477,3,1,11
201100078,4,1,0,0,2,1,1,5,2,2,4,10.7789771230064,2,1,11
201100079,4,1,0,0,2,0,1,3,3,3,3,10.5187002182882,2,1,11
201100080,3,0,-1,0,2,0,1,4,2,3,2,10.2597974298461,2,1,11
201100081,5,1,1,1,2,0,1,1,4,2,4,11.7745279008585,3,1,11
201100082,4,1,0,0,2,1,1,5,1,2,4,11.002116507732,3,1,11
201100083,5,1,1,1,2,0,1,3,3,2,3,11.4909500617175,3,1,11
201100084,4,1,0,0,1,1,0,5,5,2,3,11.3504183001091,3,1,11
201100085,4,1,0,0,3,1,1,3,2,2,4,11.7163641442101,3,1,11
201100086,5,1,1,1,2,0,1,3,4,2,3,10.3353024359671,2,1,11
201100087,5,1,1,1,2,1,1,5,3,3,3,11.2972663353656,3,1,11
201100088,4,1,0,0,2,2,1,4,3,2,3,11.9283475045698,3,1,11
201100089,5,1,1,1,3,1,1,3,4,2,4,11.750919943339,3,1,11
201100090,4,1,0,0,0,1,0,1,2,3,4,10.7202010135082,2,1,11
201100091,4,1,0,0,2,0,1,1,3,2,4,11.5200599538708,3,1,11
201100092,3,0,-1,0,2,0,1,5,2,3,2,10.7789771230064,2,1,11
201100093,5,1,1,1,2,1,1,3,4,1,4,11.8130374648005,3,1,11
201100094,4,1,0,0,2,0,1,5,2,2,4,11.5047017426703,3,1,11
201100095,5,1,1,1,3,0,1,4,3,3,3,10.9958021224498,3,1,11
201100096,2,0,-2,0,0,0,0,5,4,1,1,9.61587214452889,1,1,11
201100097,5,1,1,1,2,1,1,1,2,2,4,0,1,1,11
201100098,4,1,0,0,2,0,1,3,3,2,4,12.2110651621532,3,1,11
201100099,4,1,0,0,2,1,1,2,3,3,5,14.9141231799657,3,1,11
201100100,3,0,-1,0,2,0,1,5,3,3,3,9.97492410247398,1,1,11
201100101,4,1,0,0,1,0,0,4,3,3,2,10.5105592816278,2,1,11
201100102,4,1,0,0,2,0,1,5,3,2,2,12.2250219676886,3,1,11
201100103,5,1,1,1,1,0,0,4,3,2,3,11.1858422630911,3,1,11
201100104,5,1,1,1,1,0,0,3,2,2,5,10.2955634235253,2,1,11
201100105,5,1,1,1,1,0,0,5,2,3,5,11.2050542905506,3,1,11
201100106,5,1,1,1,3,0,1,3,3,2,4,11.7142404982567,3,1,11
201100107,4,1,0,0,3,1,1,3,1,2,3,10.9096372697786,2,1,11
201100108,4,1,0,0,1,1,0,5,1,2,2,9.92333919823873,1,1,11
201100109,3,0,-1,0,3,0,1,1,2,2,4,11.3597859404198,3,1,11
201100110,5,1,1,1,3,0,1,3,2,2,2,11.1213780548211,3,1,11
201100111,2,0,-2,0,3,0,1,2,1,3,3,10.8386589181736,2,1,11
201100112,5,1,1,1,3,1,1,2,3,2,4,10.1186392539208,2,1,11
201100113,4,1,0,0,2,0,1,4,2,2,3,12.1007176854125,3,1,11
201100114,3,0,-1,0,1,0,0,5,4,3,5,9.77571099759397,1,1,11
201100115,3,0,-1,0,2,2,1,5,2,2,2,9.73512807075823,1,1,11
201100116,5,1,1,1,1,0,0,5,2,2,3,10.8356713184122,2,1,11
201100117,2,0,-2,0,2,1,1,1,2,2,3,11.4616426968431,3,1,11
201100118,4,1,0,0,3,0,1,4,1,2,3,11.863346393258,3,1,11
201100119,4,1,0,0,2,1,1,3,2,2,3,8.8538082749772,1,1,11
201100120,5,1,1,1,2,0,1,3,2,2,4,10.370392636244,2,1,11
201100121,4,1,0,0,1,1,0,3,2,2,3,10.6066098161182,2,1,11
201100122,5,1,1,1,1,0,0,1,2,5,5,10.4487435881066,2,1,11
201100123,5,1,1,1,0,0,0,5,3,4,3,0,1,1,11
201100124,4,1,0,0,1,0,0,4,2,2,4,10.1875004016135,2,1,11
201100125,5,1,1,1,3,1,1,4,3,2,4,9.90353755128617,1,1,11
201100126,4,1,0,0,3,1,1,4,2,2,1,9.79261185619019,1,1,11
201100127,5,1,1,1,2,0,1,3,2,2,5,12.2060776455177,3,1,11
201100128,5,1,1,1,2,1,1,5,3,2,5,10.7789771230064,2,1,11
201100129,5,1,1,1,2,1,1,3,3,2,5,11.1562648066437,3,1,11
201100130,4,1,0,0,2,0,1,5,2,4,3,10.7407567218572,2,1,11
201100131,4,1,0,0,2,0,1,4,2,2,3,8.69968140098951,1,1,11
201100132,5,1,1,1,2,0,1,2,3,1,5,12.5507291565662,3,1,11
201100133,5,1,1,1,3,1,1,3,3,1,5,11.3897509683477,3,1,11
201100134,4,1,0,0,1,0,0,5,3,2,4,11.1844352867906,3,1,11
201100135,5,1,1,1,2,1,1,5,2,1,2,12.0149181933195,3,1,11
201100136,5,1,1,1,1,0,0,3,5,2,5,11.6082447356423,3,1,11
201100137,5,1,1,1,1,1,0,3,2,1,5,10.8780660602808,2,1,11
201100138,5,1,1,1,3,0,1,5,3,2,3,8.41205487329293,1,1,11
201100139,5,1,1,1,2,0,1,5,1,2,4,11.5996686549593,3,1,11
201100140,5,1,1,1,1,1,0,5,2,2,3,11.1704492404313,3,1,11
201100141,5,1,1,1,2,0,1,2,2,2,4,10.9151066458675,3,1,11
201100142,5,1,1,1,2,1,1,4,2,3,3,10.5966597327836,2,1,11
201100143,5,1,1,1,2,0,1,5,5,2,4,11.0989391543184,3,1,11
201100144,4,1,0,0,3,0,1,2,1,2,3,10.6919676399149,2,1,11
201100145,5,1,1,1,1,0,0,3,4,2,3,10.4231178170683,2,1,11
201100146,5,1,1,1,3,1,1,1,2,2,2,11.1505342140354,3,1,11
201100147,5,1,1,1,1,1,0,1,2,2,2,12.1710722144455,3,1,11
201100148,2,0,-2,0,1,0,0,3,2,2,3,10.3089859934221,2,1,11
201100149,5,1,1,1,1,0,0,4,2,3,4,11.5521557934619,3,1,11
201100150,4,1,0,0,0,1,0,5,3,2,4,9.02653771890043,1,1,11
201100151,4,1,0,0,2,0,1,4,2,2,2,11.9519506636851,3,1,11
201100152,5,1,1,1,2,1,1,5,2,2,4,11.3678220164928,3,1,11
201100153,3,0,-1,0,2,0,1,5,2,2,3,10.9508240905224,3,1,11
201100154,5,1,1,1,3,0,1,2,3,2,3,10.9331248267007,3,1,11
201100155,5,1,1,1,2,1,1,1,2,1,5,11.0285580436134,3,1,11
201100156,5,1,1,1,3,0,1,3,3,2,5,11.3791424335445,3,1,11
201100157,5,1,1,1,0,1,0,5,3,3,4,10.0168608797038,1,1,11
201100158,4,1,0,0,2,0,1,5,1,2,3,10.6782377612977,2,1,11
201100159,4,1,0,0,1,0,0,5,3,3,4,9.39274525863144,1,1,11
201100160,4,1,0,0,1,0,0,5,2,2,2,9.98049488889691,1,1,11
201100161,4,1,0,0,2,1,1,,2,8,,10.0656489181155,2,1,11
201100162,4,1,0,0,3,2,1,3,5,2,4,11.621788838452,3,1,11
201100163,4,1,0,0,1,1,0,5,2,2,3,10.766398604507,2,1,11
201100164,4,1,0,0,2,0,1,3,2,3,2,10.4940758447683,2,1,11
201100165,5,1,1,1,1,0,0,5,2,2,4,9.28739400141847,1,1,11
201100166,5,1,1,1,1,0,0,5,2,2,4,10.0858507751287,2,1,11
201100167,5,1,1,1,2,0,1,4,2,2,2,10.0164967985745,1,1,11
201100168,3,0,-1,0,0,0,0,1,1,1,2,9.88923648676627,1,1,11
201100169,5,1,1,1,1,0,0,4,1,2,3,12.8779987432614,3,1,11
201100170,3,0,-1,0,1,0,0,2,2,2,2,10.0345596736298,2,1,11
201100171,2,0,-2,0,3,0,1,3,2,1,3,11.4403655247658,3,1,11
201100172,4,1,0,0,2,0,1,3,1,2,3,10.99038144825,3,1,11
201100173,5,1,1,1,2,1,1,1,2,3,4,11.1844352867906,3,1,11
201100174,3,0,-1,0,1,0,0,5,2,3,2,10.7567319826926,2,1,11
201100175,3,0,-1,0,2,0,1,3,2,3,2,11.553524509639,3,1,11
201100176,4,1,0,0,2,0,1,5,3,2,4,10.8197982842103,2,1,11
201100177,5,1,1,1,2,0,1,3,5,2,5,11.5492670373727,3,1,11
201100178,3,0,-1,0,2,1,1,3,4,3,4,9.04793908261736,1,1,11
201100179,5,1,1,1,2,0,1,4,2,2,5,10.4913019948302,2,1,11
201100180,4,1,0,0,2,0,1,2,2,2,3,10.8551647330805,2,1,11
201100181,4,1,0,0,1,0,0,4,3,2,2,11.1019602590165,3,1,11
201100182,5,1,1,1,3,2,1,5,3,2,4,9.99884318585288,1,1,11
201100183,5,1,1,1,2,1,1,5,3,1,5,10.4163411186364,2,1,11
201100184,5,1,1,1,1,0,0,4,3,2,4,10.0345596736298,2,1,11
201100185,4,1,0,0,3,2,1,5,4,3,4,11.4328100853853,3,1,11
201100186,4,1,0,0,1,1,0,5,1,2,2,10.9870031237248,3,1,11
201100187,4,1,0,0,2,2,1,3,2,2,2,11.8899287252123,3,1,11
201100188,4,1,0,0,2,0,1,3,4,1,2,12.5972393502702,3,1,11
201100189,5,1,1,1,2,0,1,2,1,3,5,10.5427327759467,2,1,11
201100190,4,1,0,0,2,0,1,5,1,2,3,10.4913019948302,2,1,11
201100191,5,1,1,1,2,0,1,4,2,2,3,11.5008630051422,3,1,11
201100192,5,1,1,1,2,0,1,5,3,2,4,10.7789771230064,2,1,11
201100193,4,1,0,0,1,0,0,5,2,3,3,9.37593955262575,1,1,11
201100194,4,1,0,0,1,0,0,4,2,2,3,12.1172468962895,3,1,11
201100195,5,1,1,1,2,1,1,3,5,2,3,12.0335093219319,3,1,11
201100196,5,1,1,1,1,0,0,4,3,2,4,10.5966597327836,2,1,11
201100197,5,1,1,1,2,0,1,4,3,1,2,10.7995959850478,2,1,11
201100198,4,1,0,0,1,0,0,5,3,2,3,10.1346389552519,2,1,11
201100199,5,1,1,1,3,1,1,3,3,2,4,10.4133427055477,2,1,11
201100200,4,1,0,0,1,1,0,5,3,2,5,11.1556932229126,3,1,11
201100201,5,1,1,1,1,0,0,3,2,1,3,11.7597933553712,3,1,11
201100202,5,1,1,1,2,0,1,3,2,2,5,9.64218772135847,1,1,11
201100203,5,1,1,1,2,1,1,5,3,5,5,11.7412635015553,3,1,11
201100204,5,1,1,1,2,0,1,2,3,2,5,11.2644769261024,3,1,11
201100205,5,1,1,1,2,0,1,1,4,1,4,11.12285622984,3,1,11
201100206,4,1,0,0,3,0,1,5,2,2,4,11.5898957653227,3,1,11
201100207,5,1,1,1,2,0,1,1,2,1,3,11.4186257744496,3,1,11
201100208,4,1,0,0,3,1,1,4,2,2,4,11.6316104548547,3,1,11
201100209,5,1,1,1,2,0,1,5,2,2,4,11.3095967957791,3,1,11
201100210,5,1,1,1,2,1,1,2,3,2,4,12.1491287123641,3,1,11
201100211,5,1,1,1,1,0,0,2,4,2,3,11.6082447356423,3,1,11
201100212,4,1,0,0,2,0,1,2,3,2,3,12.043559598368,3,1,11
201100213,5,1,1,1,2,0,1,5,2,2,4,11.3095967957791,3,1,11
201100214,4,1,0,0,3,1,1,2,4,2,3,10.8237902258001,2,1,11
201100215,3,0,-1,0,2,0,1,2,2,2,2,12.1362512780334,3,1,11
201100216,4,1,0,0,3,0,1,2,2,1,3,0,1,1,11
201100217,3,0,-1,0,3,2,1,4,3,2,3,10.9682155307592,3,1,11
201100218,5,1,1,1,1,0,0,2,3,2,4,11.8334094065434,3,1,11
201100219,4,1,0,0,3,1,1,3,2,3,4,12.1457970253056,3,1,11
201100220,5,1,1,1,1,1,0,2,2,3,3,13.2342642581691,3,1,11
201100221,5,1,1,1,1,1,0,2,2,2,4,11.8407965316398,3,1,11
201100222,4,1,0,0,2,1,1,3,3,4,3,11.8844959179307,3,1,11
201100223,5,1,1,1,3,1,1,2,3,2,3,11.0943825973386,3,1,11
201100224,5,1,1,1,3,2,1,1,4,2,5,12.0352902557304,3,1,11
201100225,5,1,1,1,2,0,1,1,1,2,5,11.4075760603618,3,1,11
201100226,5,1,1,1,1,1,0,3,2,2,4,9.15915233520675,1,1,11
201100227,5,1,1,1,1,0,0,2,4,1,5,12.3077759818526,3,1,11
201100228,5,1,1,1,1,2,0,5,3,2,4,12.6781528281832,3,1,11
201100229,4,1,0,0,2,0,1,3,4,4,2,11.5129354649202,3,1,11
201100230,5,1,1,1,1,0,0,4,4,3,4,11.2118338856085,3,1,11
201100231,2,0,-2,0,2,0,1,4,2,4,1,11.6994133306336,3,1,11
201100232,4,1,0,0,3,1,1,4,3,3,3,10.9612952076444,3,1,11
201100233,3,0,-1,0,1,2,0,4,2,3,3,11.2203864081095,3,1,11
201100234,4,1,0,0,2,0,1,4,2,3,2,11.002116507732,3,1,11
201100235,4,1,0,0,2,1,1,1,2,2,4,11.1844352867906,3,1,11
201100236,5,1,1,1,2,1,1,3,2,2,3,12.122696471359,3,1,11
201100237,4,1,0,0,1,1,0,2,3,2,4,11.9117082963145,3,1,11
201100238,4,1,0,0,3,1,1,2,2,2,2,12.6111410082786,3,1,11
201100239,5,1,1,1,2,0,1,4,2,2,2,11.1844352867906,3,1,11
201100240,5,1,1,1,2,0,1,5,3,2,3,11.4584036916221,3,1,11
201100241,4,1,0,0,2,0,1,5,3,3,3,0,1,1,11
201100242,4,1,0,0,2,1,1,3,3,4,4,11.6145881520796,3,1,11
201100243,2,0,-2,0,3,0,1,4,2,2,2,11.5118187590471,3,1,11
201100244,4,1,0,0,1,0,0,3,4,2,2,12.0079935888691,3,1,11
201100245,5,1,1,1,2,0,1,3,2,1,4,12.4292201968364,3,1,11
201100246,4,1,0,0,3,1,1,5,3,3,3,11.4208211409146,3,1,11
201100247,4,1,0,0,3,0,1,4,2,2,4,11.8143955598828,3,1,11
201100248,5,1,1,1,3,1,1,3,2,3,4,12.0229230585138,3,1,11
201100249,5,1,1,1,3,1,1,5,4,2,4,11.3527684498377,3,1,11
201100250,5,1,1,1,3,1,1,5,2,2,2,11.661354090741,3,1,11
201100251,5,1,1,1,1,0,0,3,2,2,4,11.2644769261024,3,1,11
201100252,5,1,1,1,3,1,1,4,1,2,4,12.8531785053863,3,1,11
201100253,4,1,0,0,2,0,1,3,2,2,2,11.2279198077219,3,1,11
201100254,5,1,1,1,2,0,1,1,4,3,3,11.2118338856085,3,1,11
201100255,4,1,0,0,3,0,1,3,4,3,3,10.9048540979988,2,1,11
201100256,5,1,1,1,2,0,1,4,3,2,4,12.3709988548909,3,1,11
201100257,5,1,1,1,2,0,1,5,5,3,5,11.470654504539,3,1,11
201100258,4,1,0,0,2,0,1,3,2,2,3,11.9250417382917,3,1,11
201100259,5,1,1,1,1,0,0,3,4,3,4,12.9945322786191,3,1,11
201100260,2,0,-2,0,1,0,0,3,2,2,2,12.386079415897,3,1,11
201100261,5,1,1,1,2,0,1,2,2,2,3,10.8967578438935,2,1,11
201100262,4,1,0,0,2,0,1,4,2,2,4,10.7893396952697,2,1,11
201100263,5,1,1,1,1,1,0,2,4,1,4,12.54397600047,3,1,11
201100264,4,1,0,0,1,0,0,5,2,9,4,6.90875477931522,1,1,11
201100265,5,1,1,1,3,0,1,3,4,2,5,13.3212158754924,3,1,11
201100266,4,1,0,0,2,0,1,4,3,2,4,10.4913019948302,2,1,11
201100267,4,1,0,0,3,1,1,4,4,2,2,11.0509058782636,3,1,11
201100268,2,0,-2,0,1,0,0,3,3,2,3,10.766398604507,2,1,11
201100269,3,0,-1,0,1,0,0,5,3,9,3,9.39274525863144,1,1,11
201100270,5,1,1,1,2,0,1,,2,2,5,0,1,1,11
201100271,4,1,0,0,1,0,0,3,2,2,4,10.463131911492,2,1,11
201100272,4,1,0,0,2,0,1,4,2,2,3,11.3385839825165,3,1,11
201100273,5,1,1,1,3,1,1,5,3,2,5,0,1,1,11
201100274,5,1,1,1,2,1,1,4,5,2,4,13.9844099390203,3,1,11
201100275,5,1,1,1,2,0,1,5,2,2,3,12.5658462835537,3,1,11
201100276,5,1,1,1,2,1,1,3,2,4,4,12.4332122021697,3,1,11
201100277,4,1,0,0,2,0,1,5,2,2,2,11.2634507719096,3,1,11
201100278,4,1,0,0,3,2,1,5,2,2,3,11.3095967957791,3,1,11
201100279,4,1,0,0,1,0,0,2,3,2,4,4.61512051684126,1,1,11
201100280,4,1,0,0,2,2,1,4,2,1,4,11.3736748918235,3,1,11
201100281,2,0,-2,0,2,0,1,1,2,2,3,0,1,1,11
201100282,5,1,1,1,2,0,1,2,4,2,5,12.5595459697497,3,1,11
201100283,4,1,0,0,2,1,1,2,3,2,3,12.963369990577,3,1,11
201100284,5,1,1,1,3,1,1,4,2,1,4,11.3314155786826,3,1,11
201100285,4,1,0,0,2,0,1,3,2,2,4,11.3873735797991,3,1,11
201100286,2,0,-2,0,3,0,1,1,2,2,2,11.002116507732,3,1,11
201100287,2,0,-2,0,3,0,1,1,2,2,2,10.7789771230064,2,1,11
201100288,4,1,0,0,2,0,1,5,4,3,3,11.1331427233868,3,1,11
201100289,5,1,1,1,2,0,1,3,2,2,4,10.5187002182882,2,1,11
201100290,4,1,0,0,2,0,1,4,4,1,4,11.4208211409146,3,1,11
201100291,4,1,0,0,1,0,0,5,3,2,2,8.00670084544037,1,1,11
201100292,4,1,0,0,2,0,1,4,2,2,4,11.1676284038758,3,1,11
201100293,5,1,1,1,0,0,0,5,4,4,4,9.61587214452889,1,1,11
201100294,5,1,1,1,2,1,1,5,2,2,4,10.0948101448605,2,1,11
201100295,5,1,1,1,1,0,0,3,3,3,4,10.9239651428518,3,1,11
201100296,5,1,1,1,3,1,1,3,3,2,4,10.8512963311268,2,1,11
201100297,2,0,-2,0,2,2,1,,1,9,,9.21044036697652,1,1,11
201100298,5,1,1,1,2,0,1,5,9,2,5,11.3667545287992,3,1,11
201100299,4,1,0,0,2,0,1,5,4,2,4,9.57505292759738,1,1,11
201100300,4,1,0,0,3,0,1,5,2,2,4,11.1360623908672,3,1,11
201100301,4,1,0,0,2,0,1,5,2,2,4,10.348205424566,2,1,11
201100302,2,0,-2,0,3,0,1,5,2,2,4,10.935265353017,3,1,11
201100303,2,0,-2,0,3,1,1,5,2,2,2,10.6919676399149,2,1,11
201100304,5,1,1,1,3,0,1,3,3,2,5,10.4223111074132,2,1,11
201100305,4,1,0,0,3,0,1,3,4,2,4,11.0974251724089,3,1,11
201100306,4,1,0,0,0,1,0,2,2,2,3,11.3907691303672,3,1,11
201100307,4,1,0,0,2,0,1,1,2,2,3,11.164799587687,3,1,11
201100308,4,1,0,0,3,1,1,4,2,2,4,11.8981946684588,3,1,11
201100309,5,1,1,1,2,0,1,5,2,5,3,11.3667545287992,3,1,11
201100310,2,0,-2,0,2,0,1,5,2,2,2,11.3782620032258,3,1,11
201100311,4,1,0,0,2,1,1,5,2,9,,11.4876179133436,3,1,11
201100312,5,1,1,1,3,0,1,3,3,2,4,11.7905647772974,3,1,11
201100313,5,1,1,1,2,0,1,5,2,2,4,11.9137196814285,3,1,11
201100314,5,1,1,1,3,0,1,3,2,9,5,12.9831036089188,3,1,11
201100315,4,1,0,0,2,0,1,3,4,9,3,12.4472882835009,3,1,11
201100316,5,1,1,1,2,1,1,2,2,2,2,10.0301642553626,1,1,11
201100317,4,1,0,0,3,0,1,5,3,2,4,11.7519502394255,3,1,11
201100318,,,,,1,0,0,5,9,2,,11.2539639592345,3,1,11
201100319,2,0,-2,0,2,2,1,4,2,2,3,11.6952553550628,3,1,11
201100320,4,1,0,0,2,0,1,4,2,2,4,11.3385839825165,3,1,11
201100321,5,1,1,1,2,0,1,4,1,2,4,11.2833418851791,3,1,11
201100322,4,1,0,0,3,0,1,4,2,2,4,11.6386854885791,3,1,11
201100323,4,1,0,0,1,0,0,5,2,3,4,11.1913556338511,3,1,11
201100324,5,1,1,1,3,0,1,5,4,2,5,11.6647964053079,3,1,11
201100325,4,1,0,0,3,2,1,2,3,3,3,11.7947981958258,3,1,11
201100326,5,1,1,1,2,1,1,4,2,2,4,11.4783443721139,3,1,11
201100327,4,1,0,0,2,1,1,5,4,2,4,11.3702206967275,3,1,11
201100328,2,0,-2,0,2,0,1,3,2,2,2,12.1495075850331,3,1,11
201100329,4,1,0,0,2,0,1,4,1,2,4,10.6066098161182,2,1,11
201100330,5,1,1,1,1,0,0,3,3,2,4,11.6114945333694,3,1,11
201100331,5,1,1,1,2,0,1,5,2,2,2,10.5321228782696,2,1,11
201100332,4,1,0,0,1,0,0,5,2,2,4,11.5981944916153,3,1,11
201100333,5,1,1,1,2,0,1,3,3,3,4,11.9336141048499,3,1,11
201100334,5,1,1,1,2,0,1,5,2,3,4,10.7955880456091,2,1,11
201100335,4,1,0,0,3,0,1,3,2,3,4,11.970356641103,3,1,11
201100336,5,1,1,1,2,1,1,5,9,2,3,10.6965026922443,2,1,11
201100337,2,0,-2,0,2,0,1,3,2,4,2,10.7579241570616,2,1,11
201100338,5,1,1,1,2,1,1,3,2,2,4,11.5244139841109,3,1,11
201100339,4,1,0,0,2,0,1,4,3,2,4,10.7955060834346,2,1,11
201100340,4,1,0,0,3,1,1,4,1,2,4,11.2644769261024,3,1,11
201100341,4,1,0,0,3,2,1,5,3,2,4,11.3907691303672,3,1,11
201100342,4,1,0,0,2,1,1,2,4,2,3,11.5617251529038,3,1,11
201100343,5,1,1,1,2,0,1,5,2,2,2,10.5321228782696,2,1,11
201100344,5,1,1,1,3,1,1,3,2,2,3,11.8458270486766,3,1,11
201100345,4,1,0,0,1,1,0,3,2,2,3,10.463131911492,2,1,11
201100346,5,1,1,1,3,0,1,5,4,2,5,11.5559945329289,3,1,11
201100347,5,1,1,1,1,0,0,,4,2,5,11.3736748918235,3,1,11
201100348,4,1,0,0,2,1,1,4,4,2,4,10.3859445655017,2,1,11
201100349,5,1,1,1,1,0,0,,4,2,5,11.38282816908,3,1,11
201100350,5,1,1,1,3,2,1,2,2,2,4,6.11146733950268,1,1,11
201100351,5,1,1,1,2,0,1,3,3,2,4,10.3225925463483,2,1,11
201100352,4,1,0,0,3,0,1,5,4,2,3,10.9151066458675,3,1,11
201100353,4,1,0,0,1,1,0,3,4,3,4,11.002116507732,3,1,11
201100354,5,1,1,1,3,1,1,4,2,1,4,11.3314155786826,3,1,11
201100355,5,1,1,1,3,1,1,2,2,1,4,11.9183972397228,3,1,11
201100356,4,1,0,0,1,1,0,5,5,2,3,11.1505342140354,3,1,11
201100357,5,1,1,1,3,0,1,5,3,2,4,11.7752974217158,3,1,11
201100358,4,1,0,0,2,2,1,4,2,1,4,11.3736748918235,3,1,11
201100359,4,1,0,0,1,0,0,3,1,3,5,8.88197518424887,1,1,11
201100360,4,1,0,0,2,1,1,5,2,2,4,10.5713425658087,2,1,11
201100361,5,1,1,1,1,0,0,2,4,2,4,8.69968140098951,1,1,11
201100362,5,1,1,1,3,1,1,3,2,1,4,12.7765269835966,3,1,11
201100363,4,1,0,0,3,1,1,3,4,4,4,10.4042931430198,2,1,11
201100364,5,1,1,1,1,0,0,5,2,2,4,10.8077259458861,2,1,11
201100365,5,1,1,1,3,0,1,3,2,2,2,10.471666571132,2,1,11
201100366,4,1,0,0,2,0,1,3,3,3,3,11.9766657704908,3,1,11
201100367,3,0,-1,0,2,1,1,3,2,2,3,10.9366898293178,3,1,11
201100368,5,1,1,1,2,0,1,4,4,2,3,11.9835601450615,3,1,11
201100369,5,1,1,1,2,1,1,5,3,2,3,10.8788204783773,2,1,11
201100370,5,1,1,1,3,0,1,2,2,1,5,12.0581583125382,3,1,11
201100371,5,1,1,1,3,1,1,2,4,3,5,11.2772157895969,3,1,11
201100372,3,0,-1,0,3,1,1,3,2,1,4,11.3108215206753,3,1,11
201100373,5,1,1,1,3,2,1,3,4,4,2,10.1186392539208,2,1,11
201100374,5,1,1,1,3,1,1,4,2,2,4,11.1982284186668,3,1,11
201100375,4,1,0,0,2,2,1,3,2,2,4,12.1601909975239,3,1,11
201100376,4,1,0,0,1,1,0,4,2,3,5,11.7035540890075,3,1,11
201100377,4,1,0,0,1,1,0,3,2,3,4,12.2885784710829,3,1,11
201100378,5,1,1,1,3,0,1,3,5,2,5,9.84166533889278,1,1,11
201100379,4,1,0,0,1,0,0,5,2,2,3,10.986363984158,3,1,11
201100380,4,1,0,0,2,1,1,5,4,3,4,11.3588409938886,3,1,11
201100381,4,1,0,0,2,0,1,3,3,2,3,10.8780660602808,2,1,11
201100382,4,1,0,0,3,2,1,4,2,3,4,12.0106719281964,3,1,11
201100383,4,1,0,0,1,0,0,4,4,2,4,11.4510606994934,3,1,11
201100384,4,1,0,0,3,2,1,4,4,2,3,11.6526961029598,3,1,11
201100385,4,1,0,0,1,1,0,3,2,2,4,11.661354090741,3,1,11
201100386,3,0,-1,0,3,1,1,3,3,2,2,11.9283475045698,3,1,11
201100387,5,1,1,1,3,0,1,5,3,1,3,11.7280449090708,3,1,11
201100388,4,1,0,0,2,0,1,5,3,2,4,11.4721138870624,3,1,11
201100389,5,1,1,1,3,0,1,2,2,2,2,11.8494048444231,3,1,11
201100390,4,1,0,0,3,1,1,5,1,2,4,11.0601111247543,3,1,11
201100391,5,1,1,1,1,0,0,2,2,2,5,11.298506245755,3,1,11
201100392,2,0,-2,0,1,0,0,4,2,2,3,11.7531190842528,3,1,11
201100393,4,1,0,0,2,0,1,3,2,2,4,11.004177758962,3,1,11
201100394,5,1,1,1,1,0,0,2,2,2,2,10.2955634235253,2,1,11
201100395,4,1,0,0,2,1,1,4,2,3,3,11.8494048444231,3,1,11
201100396,5,1,1,1,3,1,1,5,3,2,3,10.2299455276892,2,1,11
201100397,5,1,1,1,3,2,1,4,2,1,4,12.5658462835537,3,1,11
201100398,5,1,1,1,1,1,0,3,1,2,4,12.5281597678811,3,1,11
201100399,5,1,1,1,2,0,1,2,3,2,5,13.1089235917289,3,1,11
201100400,4,1,0,0,1,0,0,5,1,2,4,11.002116507732,3,1,11
201100401,4,1,0,0,1,0,0,3,2,2,4,11.4857700722249,3,1,11
201100402,4,1,0,0,2,1,1,4,2,2,3,11.0087609400772,3,1,11
201100403,5,1,1,1,2,0,1,4,2,4,3,10.8570933367911,2,1,11
201100404,1,0,-3,0,1,0,0,5,3,3,4,10.7975531251516,2,1,11
201100405,4,1,0,0,1,0,0,5,2,2,4,9.24965723435313,1,1,11
201100406,4,1,0,0,3,0,1,3,2,2,5,10.2399955028053,2,1,11
201100407,4,1,0,0,2,1,1,3,3,2,4,11.0404723381533,3,1,11
201100408,4,1,0,0,1,0,0,4,3,3,4,10.2681653877435,2,1,11
201100409,5,1,1,1,2,0,1,1,2,3,5,10.3332905990647,2,1,11
201100410,5,1,1,1,2,0,1,4,2,2,3,11.141876276228,3,1,11
201100411,5,1,1,1,2,1,1,3,2,1,4,10.9768845920632,3,1,11
201100412,2,0,-2,0,2,0,1,5,2,2,3,11.118711821072,3,1,12
201100413,5,1,1,1,3,0,1,3,4,1,3,11.8167342993485,3,1,12
201100414,3,0,-1,0,2,1,1,5,2,2,4,11.0536797611774,3,1,12
201100415,5,1,1,1,2,1,1,4,2,2,2,10.083347749334,2,1,12
201100416,4,1,0,0,2,0,1,3,1,2,4,10.5764575356573,2,1,12
201100417,3,0,-1,0,2,1,1,5,3,2,3,12.1161534084467,3,1,12
201100418,4,1,0,0,2,0,1,5,3,2,4,9.86811728408458,1,1,12
201100419,4,1,0,0,3,1,1,5,3,3,3,10.586609649449,2,1,12
201100420,5,1,1,1,1,2,0,3,4,2,4,10.0690443629974,2,1,12
201100421,3,0,-1,0,0,1,0,5,3,2,4,8.48694014824522,1,1,12
201100422,5,1,1,1,3,1,1,3,2,2,4,10.7536598491988,2,1,12
201100423,4,1,0,0,3,2,1,5,3,3,4,11.1346036226839,3,1,12
201100424,2,0,-2,0,1,1,0,5,2,2,2,9.76657903526867,1,1,12
201100425,5,1,1,1,2,1,1,5,2,2,4,10.7260388703073,2,1,12
201100426,4,1,0,0,2,0,1,4,3,2,4,10.4913019948302,2,1,12
201100427,4,1,0,0,2,0,1,5,2,3,4,10.1658902778025,2,1,12
201100428,4,1,0,0,3,1,1,4,2,2,3,10.6919676399149,2,1,12
201100429,4,1,0,0,1,1,0,3,1,2,4,10.5966597327836,2,1,12
201100430,4,1,0,0,2,1,1,5,2,1,2,11.2424413233466,3,1,12
201100431,5,1,1,1,1,0,0,3,4,1,3,10.4968420217417,2,1,12
201100432,4,1,0,0,2,0,1,4,2,2,4,11.6404594166585,3,1,12
201100433,4,1,0,0,1,0,0,5,2,2,4,10.6942377369148,2,1,12
201100434,5,1,1,1,2,0,1,3,2,2,1,9.90353755128617,1,1,12
201100435,5,1,1,1,1,0,0,5,2,2,4,11.002116507732,3,1,12
201100436,4,1,0,0,1,0,0,5,2,2,4,10.7047065308421,2,1,12
201100437,4,1,0,0,3,1,1,5,4,4,4,10.8780660602808,2,1,12
201100438,4,1,0,0,2,0,1,5,5,2,3,0,1,1,12
201100439,4,1,0,0,3,0,1,3,3,2,3,12.204075652867,3,1,12
201100440,5,1,1,1,2,1,1,5,2,2,4,11.002116507732,3,1,12
201100441,4,1,0,0,3,1,1,3,9,9,4,11.8893118555777,3,1,12
201100442,5,1,1,1,3,1,1,5,2,2,4,11.6530416924051,3,1,12
201100443,4,1,0,0,2,2,1,4,2,2,4,10.9716578157025,3,1,12
201100444,4,1,0,0,2,0,1,3,2,2,3,11.002116507732,3,1,12
201100445,5,1,1,1,3,0,1,4,2,2,5,12.3883983689821,3,1,12
201100446,3,0,-1,0,3,2,1,5,3,2,1,11.1927339748227,3,1,12
201100447,5,1,1,1,2,1,1,5,4,3,5,11.5248639172096,3,1,12
201100448,4,1,0,0,3,1,1,3,2,2,3,10.4487435881066,2,1,12
201100449,4,1,0,0,1,0,0,5,2,2,3,9.86271763999292,1,1,12
201100450,5,1,1,1,3,1,1,3,3,2,4,10.2750855911327,2,1,12
201100451,3,0,-1,0,3,0,1,1,1,2,3,11.8277435040537,3,1,12
201100452,4,1,0,0,2,1,1,3,1,2,3,10.6435421736722,2,1,12
201100453,5,1,1,1,2,0,1,4,2,2,5,10.3089859934221,2,1,12
201100454,5,1,1,1,2,0,1,1,3,3,4,10.8780660602808,2,1,12
201100455,5,1,1,1,3,0,1,2,2,2,4,11.7675754352518,3,1,12
201100456,4,1,0,0,3,0,1,4,2,2,4,11.8754900309851,3,1,12
201100457,5,1,1,1,3,0,1,1,3,2,4,10.6164618698958,2,1,12
201100458,5,1,1,1,3,1,1,4,1,1,4,10.5805307573475,2,1,12
201100459,5,1,1,1,2,0,1,5,3,1,2,11.1389735586995,3,1,12
201100460,4,1,0,0,2,1,1,4,1,2,4,11.6404475880473,3,1,12
201100461,5,1,1,1,2,0,1,4,2,3,5,10.4913019948302,2,1,12
201100462,3,0,-1,0,2,2,1,4,2,3,2,9.7981825908907,1,1,12
201100463,4,1,0,0,1,2,0,5,1,4,4,10.9550896446864,3,1,12
201100464,4,1,0,0,1,1,0,3,3,2,4,11.6133340603966,3,1,12
201100465,4,1,0,0,2,1,1,2,2,3,4,9.5361127111751,1,1,12
201100466,4,1,0,0,1,1,0,4,3,3,3,11.1599495862248,3,1,12
201100467,5,1,1,1,2,1,1,3,4,2,3,10.4539472655422,2,1,12
201100468,4,1,0,0,3,1,1,2,1,2,3,6.68586094706836,1,1,12
201100469,5,1,1,1,2,1,1,5,3,2,4,11.2797255605811,3,1,12
201100470,4,1,0,0,2,2,1,5,2,2,4,11.1960367293103,3,1,12
201100471,4,1,0,0,1,1,0,3,2,3,2,11.8218870148145,3,1,12
201100472,4,1,0,0,3,1,1,3,2,2,4,11.0974251724089,3,1,12
201100473,5,1,1,1,2,2,1,5,3,3,4,10.194327134803,2,1,12
201100474,4,1,0,0,2,1,1,5,2,2,4,11.3385839825165,3,1,12
201100475,5,1,1,1,3,0,1,2,2,2,3,12.2508882549442,3,1,12
201100476,5,1,1,1,2,0,1,1,3,2,5,10.6307170985021,2,1,12
201100477,5,1,1,1,1,1,0,5,3,2,3,11.1453484517046,3,1,12
201100478,5,1,1,1,1,0,0,5,1,2,4,11.158619698919,3,1,12
201100479,5,1,1,1,1,1,0,5,2,2,5,11.4021471746393,3,1,12
201100480,4,1,0,0,2,1,1,4,2,3,4,11.3254024037768,3,1,12
201100481,4,1,0,0,3,2,1,4,2,3,4,11.0600699625575,3,1,12
201100482,4,1,0,0,3,2,1,3,2,2,2,11.258046118484,3,1,12
201100483,4,1,0,0,2,1,1,1,1,2,3,10.9647613555489,3,1,12
201100484,4,1,0,0,2,0,1,5,2,2,3,9.85228265884638,1,1,12
201100485,5,1,1,1,2,1,1,4,9,1,3,0,1,1,12
201100486,4,1,0,0,3,0,1,4,2,2,4,11.5129354649202,3,1,12
201100487,5,1,1,1,3,2,1,5,9,9,5,12.1071167500481,3,1,12
201100488,4,1,0,0,1,0,0,5,4,3,4,10.353001443479,2,1,12
201100489,4,1,0,0,3,1,1,5,2,2,4,11.9085019455299,3,1,12
201100490,4,1,0,0,3,0,1,3,2,2,3,6.90875477931522,1,1,12
201100491,5,1,1,1,1,0,0,5,2,3,3,10.9228170443781,3,1,12
201100492,4,1,0,0,2,2,1,3,1,1,3,11.3170881048237,3,1,12
201100493,4,1,0,0,2,1,1,3,2,2,2,11.0272359529953,3,1,12
201100494,5,1,1,1,2,0,1,3,3,2,5,10.3417747410115,2,1,12
201100495,4,1,0,0,3,1,1,5,2,2,3,11.5726953098042,3,1,12
201100496,4,1,0,0,3,1,1,2,2,2,4,10.646453478957,2,1,12
201100497,5,1,1,1,3,2,1,2,2,2,2,10.5966597327836,2,1,12
201100498,4,1,0,0,1,2,0,4,2,2,4,10.801634680174,2,1,12
201100499,4,1,0,0,2,1,1,2,2,3,3,10.0857192615439,2,1,12
201100500,4,1,0,0,2,0,1,3,4,2,2,12.2239174752378,3,1,12
201100501,5,1,1,1,1,0,0,5,2,2,4,10.0345596736298,2,1,12
201100502,5,1,1,1,2,0,1,5,2,2,5,11.3176759510909,3,1,12
201100503,2,0,-2,0,1,0,0,5,4,2,2,10.9129256867557,3,1,12
201100504,4,1,0,0,1,2,0,5,3,2,4,10.4239169124448,2,1,12
201100505,5,1,1,1,3,1,1,3,4,2,4,11.0763720855788,3,1,12
201100506,4,1,0,0,2,0,1,3,2,2,4,10.9669043493006,3,1,12
201100507,4,1,0,0,2,0,1,5,5,3,3,10.4913019948302,2,1,12
201100508,5,1,1,1,2,0,1,3,1,2,5,8.79497643168877,1,1,12
201100509,5,1,1,1,1,1,0,5,4,2,3,10.409732701928,2,1,12
201100510,4,1,0,0,2,2,1,1,1,2,3,9.44470077849556,1,1,12
201100511,2,0,-2,0,2,1,1,5,3,3,2,11.534942550308,3,1,12
201100512,4,1,0,0,2,1,1,4,2,2,4,10.7789771230064,2,1,12
201100513,4,1,0,0,3,2,1,5,2,3,4,10.8297484170476,2,1,12
201100514,3,0,-1,0,2,0,1,4,2,4,3,10.6450031193416,2,1,12
201100515,2,0,-2,0,2,1,1,4,2,2,4,10.9078074765836,2,1,12
201100516,4,1,0,0,2,0,1,5,2,2,3,11.002116507732,3,1,12
201100517,4,1,0,0,3,0,1,1,2,2,3,10.1044263938621,2,1,12
201100518,4,1,0,0,2,0,1,3,2,2,4,11.1331427233868,3,1,12
201100519,4,1,0,0,2,1,1,3,4,3,4,6.90875477931522,1,1,12
201100520,4,1,0,0,2,0,1,5,2,2,4,9.90353755128617,1,1,12
201100521,5,1,1,1,1,0,0,5,2,3,4,9.61587214452889,1,1,12
201100522,3,0,-1,0,2,0,1,5,3,3,3,9.58541499876028,1,1,12
201100523,4,1,0,0,2,1,1,4,2,2,4,11.9823101527112,3,1,12
201100524,4,1,0,0,2,1,1,5,3,2,4,10.0858507751287,2,1,12
201100525,4,1,0,0,2,0,1,4,3,2,4,6.90875477931522,1,1,12
201100526,2,0,-2,0,2,1,1,5,3,2,2,9.39274525863144,1,1,12
201100527,3,0,-1,0,2,1,1,1,2,2,3,8.99355158629998,1,1,12
201100528,3,0,-1,0,2,1,1,3,2,3,2,9.41743583886879,1,1,12
201100529,5,1,1,1,2,0,1,5,2,2,3,10.2819582342453,2,1,12
201100530,4,1,0,0,3,1,1,5,2,2,4,10.2065507270262,2,1,12
201100531,3,0,-1,0,1,0,0,5,2,2,2,12.2060776455177,3,1,12
201100532,5,1,1,1,3,1,1,4,5,1,5,10.8396005193574,2,1,12
201100533,5,1,1,1,2,0,1,3,2,2,4,10.565434271569,2,1,12
201100534,4,1,0,0,2,0,1,5,3,2,3,11.0974251724089,3,1,12
201100535,4,1,0,0,2,1,1,3,2,2,4,11.5327378961399,3,1,12
201100536,4,1,0,0,2,2,1,5,2,2,4,10.7893396952697,2,1,12
201100537,4,1,0,0,1,2,0,5,4,2,2,11.2644769261024,3,1,12
201100538,5,1,1,1,2,0,1,3,3,2,2,10.9187363480431,3,1,12
201100539,4,1,0,0,2,0,1,5,3,3,3,10.6164618698958,2,1,12
201100540,3,0,-1,0,2,0,1,4,2,3,3,12.0358831961988,3,1,12
201100541,5,1,1,1,2,0,1,5,2,2,3,10.6348212578146,2,1,12
201100542,5,1,1,1,1,0,0,5,2,2,5,11.002116507732,3,1,12
201100543,4,1,0,0,2,0,1,3,2,2,4,12.3246311443262,3,1,12
201100544,4,1,0,0,2,0,1,5,4,2,3,10.2256072829329,2,1,12
201100545,5,1,1,1,1,0,0,5,2,2,5,11.1513873758008,3,1,12
201100546,4,1,0,0,1,0,0,5,2,2,4,0,1,1,12
201100547,4,1,0,0,2,0,1,3,3,2,3,10.5321228782696,2,1,12
201100548,4,1,0,0,2,0,1,5,4,2,3,11.3385839825165,3,1,12
201100549,4,1,0,0,2,0,1,1,2,2,4,10.7418383643284,2,1,12
201100550,4,1,0,0,2,0,1,3,2,2,4,10.1811571672049,2,1,12
201100551,4,1,0,0,1,0,0,5,3,2,3,11.571203807012,3,1,12
201100552,4,1,0,0,2,1,1,5,4,2,3,9.83097062169695,1,1,12
201100553,5,1,1,1,3,0,1,5,3,2,3,6.66057514983969,1,1,12
201100554,5,1,1,1,1,0,0,5,2,2,4,8.96200720958831,1,1,12
201100555,4,1,0,0,2,0,1,3,4,3,4,10.3112122153019,2,1,12
201100556,4,1,0,0,2,1,1,5,2,3,3,11.8792470736107,3,1,12
201100557,5,1,1,1,2,0,1,4,3,3,4,10.5966597327836,2,1,12
201100558,5,1,1,1,1,0,0,4,2,2,5,10.3089859934221,2,1,12
201100559,4,1,0,0,3,1,1,5,2,2,4,10.133686158324,2,1,12
201100560,2,0,-2,0,2,1,1,4,2,2,2,11.2058702729706,3,1,12
201100561,3,0,-1,0,3,2,1,1,2,1,2,10.4400101623893,2,1,12
201100562,4,1,0,0,2,0,1,4,4,2,4,9.94083150567655,1,1,12
201100563,4,1,0,0,2,2,1,5,2,2,4,11.0073868818079,3,1,12
201100564,4,1,0,0,2,1,1,5,2,2,4,10.6525660054169,2,1,12
201100565,3,0,-1,0,1,2,0,3,1,2,2,10.2507632467564,2,1,12
201100566,4,1,0,0,1,1,0,5,3,2,3,10.6435421736722,2,1,12
201100567,4,1,0,0,2,0,1,4,3,2,4,10.0345596736298,2,1,12
201100568,4,1,0,0,3,1,1,5,3,2,4,10.5506169722625,2,1,12
201100569,4,1,0,0,1,1,0,4,2,3,3,10.814029290568,2,1,12
201100570,3,0,-1,0,3,0,1,2,2,2,2,10.9114637209448,3,1,12
201100571,2,0,-2,0,1,0,0,5,3,3,1,9.69282824771042,1,1,12
201100572,4,1,0,0,1,1,0,4,2,2,3,10.7783193683486,2,1,12
201100573,3,0,-1,0,1,1,0,4,1,2,2,0,1,1,12
201100574,5,1,1,1,3,0,1,5,4,4,3,10.0213150316493,1,1,12
201100575,4,1,0,0,2,0,1,5,4,2,4,11.3169227464204,3,1,12
201100576,4,1,0,0,1,1,0,5,2,2,2,9.69898173460629,1,1,12
201100577,4,1,0,0,2,0,1,5,3,3,4,10.3189359942532,2,1,12
201100578,4,1,0,0,3,0,1,2,2,2,3,10.3089859934221,2,1,12
201100579,5,1,1,1,2,1,1,5,1,1,5,10.1924562968705,2,1,12
201100580,4,1,0,0,2,0,1,5,1,2,4,11.0836951890618,3,1,12
201100581,4,1,0,0,1,0,0,5,2,3,4,7.54908271081229,1,1,12
201100582,4,1,0,0,3,1,1,5,2,2,4,12.3529440383741,3,1,12
201100583,4,1,0,0,2,1,1,5,2,2,3,9.7291936874294,1,1,12
201100584,4,1,0,0,2,1,1,5,2,2,4,10.6411538847006,2,1,12
201100585,5,1,1,1,2,1,1,5,2,3,5,11.2701020288267,3,1,12
201100586,3,0,-1,0,2,1,1,5,2,3,3,10.7202010135082,2,1,12
201100587,5,1,1,1,1,1,0,5,3,2,4,9.8730798901147,1,1,12
201100588,4,1,0,0,2,1,1,5,2,2,3,10.2988532652961,2,1,12
201100589,4,1,0,0,2,0,1,5,1,2,4,8.59433940059289,1,1,12
201100590,4,1,0,0,3,1,1,5,2,3,4,10.1145990076265,2,1,12
201100591,5,1,1,1,3,2,1,5,4,2,4,9.20039104112251,1,1,12
201100592,5,1,1,1,2,0,1,5,4,3,2,9.97585472466203,1,1,12
201100593,3,0,-1,0,2,0,1,2,1,2,3,10.0345596736298,2,1,12
201100594,4,1,0,0,3,2,1,5,2,3,3,7.82444593087762,1,1,12
201100595,4,1,0,0,1,0,0,5,2,2,3,12.8641132383052,3,1,12
201100596,4,1,0,0,2,1,1,5,2,2,4,10.6525660054169,2,1,12
201100597,3,0,-1,0,1,0,0,5,2,2,4,10.3940470103385,2,1,12
201100598,4,1,0,0,3,1,1,5,2,2,5,10.6066098161182,2,1,12
201100599,4,1,0,0,2,0,1,5,4,1,4,12.0482544151204,3,1,12
201100600,4,1,0,0,2,0,1,3,3,2,4,11.6082447356423,3,1,12
201100601,4,1,0,0,3,1,1,5,3,3,3,11.2593355926862,3,1,12
201100602,4,1,0,0,2,0,1,5,3,3,3,10.3978663611832,2,1,12
201100603,4,1,0,0,2,1,1,5,2,2,3,10.463131911492,2,1,12
201100604,4,1,0,0,2,0,1,5,2,2,4,10.4913019948302,2,1,12
201100605,3,0,-1,0,2,0,1,5,2,2,2,9.98049488889691,1,1,12
201100606,4,1,0,0,1,0,0,4,1,2,4,11.4483976104424,3,1,12
201100607,5,1,1,1,2,0,1,3,2,2,4,12.676079399771,3,1,12
201100608,4,1,0,0,1,2,0,3,2,2,2,10.7789771230064,2,1,12
201100609,4,1,0,0,3,0,1,5,2,2,3,10.7987793418142,2,1,12
201100610,5,1,1,1,2,0,1,3,2,2,4,11.1982284186668,3,1,12
201100611,5,1,1,1,1,1,0,3,4,2,5,11.9283475045698,3,1,12
201100612,4,1,0,0,1,0,0,5,2,2,4,10.6736189221124,2,1,13
201100613,4,1,0,0,2,0,1,5,1,2,4,12.473045504861,3,1,13
201100614,4,1,0,0,2,0,1,3,3,4,4,0,1,1,13
201100615,3,0,-1,0,1,0,0,5,2,2,2,9.25922576970599,1,1,13
201100616,4,1,0,0,3,1,1,5,2,2,4,10.4602707610752,2,1,13
201100617,,,,,1,0,0,5,1,9,,10.0858507751287,2,1,13
201100618,4,1,0,0,3,1,1,3,2,2,3,11.0778499956742,3,1,13
201100619,4,1,0,0,3,1,1,4,2,2,2,8.43402895015547,1,1,13
201100620,,,,,3,1,1,1,2,9,4,10.9682155307592,3,1,13
201100621,4,1,0,0,3,1,1,1,2,4,1,11.630717389476,3,1,13
201100622,5,1,1,1,1,1,0,4,2,1,5,9.90353755128617,1,1,13
201100623,4,1,0,0,1,0,0,3,2,2,5,9.90353755128617,1,1,13
201100624,2,0,-2,0,2,0,1,1,2,2,2,9.74102744483773,1,1,13
201100625,3,0,-1,0,1,0,0,5,1,3,4,9.60918360377546,1,1,13
201100626,,,,,1,0,0,5,1,9,3,9.57505292759738,1,1,13
201100627,,,,,1,0,0,,9,9,,10.348205424566,2,1,13
201100628,4,1,0,0,1,1,0,5,2,2,4,9.9749521064811,1,1,13
201100629,3,0,-1,0,2,0,1,2,2,2,4,10.6978592071139,2,1,13
201100630,4,1,0,0,1,0,0,5,1,9,,7.31388683163346,1,1,13
201100631,3,0,-1,0,1,0,0,5,1,9,3,9.73512807075823,1,1,13
201100632,4,1,0,0,0,1,0,5,2,2,4,0,1,1,13
201100633,4,1,0,0,0,1,0,5,1,3,4,9.63567346472181,1,1,13
201100634,4,1,0,0,1,1,0,5,2,2,4,0,1,1,13
201100635,3,0,-1,0,3,1,1,2,1,2,4,10.0519506601738,2,1,13
201100636,5,1,1,1,3,1,1,3,2,2,5,10.534785924769,2,1,13
201100637,3,0,-1,0,1,1,0,5,1,2,4,8.764209507142,1,0,13
201100638,4,1,0,0,1,1,0,5,2,9,5,10.119567779705,2,0,13
201100639,4,1,0,0,1,0,0,5,1,2,5,7.55013534248843,1,0,13
201100640,4,1,0,0,0,1,0,4,3,2,4,8.7227428743294,1,0,13
201100641,4,1,0,0,1,0,0,4,2,9,4,8.49719454490955,1,0,13
201100642,3,0,-1,0,1,0,0,5,2,2,5,8.86799089818209,1,0,13
201100643,5,1,1,1,1,0,0,5,1,1,4,8.03947991910045,1,0,13
201100644,4,1,0,0,1,0,0,5,3,2,4,7.12367278520461,1,0,13
201100645,3,0,-1,0,1,0,0,5,2,3,3,6.77878489768518,1,0,13
201100646,4,1,0,0,1,0,0,5,2,3,4,8.41980084540759,1,0,13
201100647,3,0,-1,0,1,0,0,5,3,2,4,9.49634604004702,1,0,13
201100648,,,,,0,0,0,5,1,9,,7.34987370473834,1,0,13
201100649,4,1,0,0,2,0,1,4,2,2,3,7.60140233458373,1,0,13
201100650,,,,,1,0,0,5,9,9,,,1,0,13
201100651,4,1,0,0,1,1,0,5,3,3,4,9.05134464048573,1,0,13
201100652,,,,,1,0,0,,2,9,,7.60140233458373,1,0,13
201100653,5,1,1,1,1,0,0,5,2,2,3,8.74528448245438,1,0,13
201100654,4,1,0,0,1,0,0,5,4,3,4,10.0162983512519,1,0,13
201100655,3,0,-1,0,1,0,0,5,2,2,3,8.00670084544037,1,0,13
201100656,3,0,-1,0,1,0,0,5,2,2,3,7.60140233458373,1,0,13
201100657,4,1,0,0,1,0,0,4,2,9,4,10.122663242289,2,0,13
201100658,4,1,0,0,1,0,0,3,2,9,4,10.7118237822767,2,0,13
201100659,3,0,-1,0,2,1,1,5,2,9,4,9.08489052125877,1,0,13
201100660,4,1,0,0,0,1,0,5,1,2,3,7.18614430452233,1,0,13
201100661,,,,,0,0,0,5,9,9,,7.13169851046691,1,0,13
201100662,2,0,-2,0,1,0,0,5,2,3,3,9.46350863639609,1,0,13
201100663,5,1,1,1,1,0,0,5,2,2,5,8.80402490241318,1,0,13
201100664,5,1,1,1,1,0,0,3,1,2,5,9.45100945015621,1,0,13
201100665,4,1,0,0,0,1,0,1,2,3,4,8.55275336681479,1,0,13
201100666,3,0,-1,0,1,0,0,5,1,2,3,10.9187363480431,3,0,13
201100667,5,1,1,1,1,0,0,3,2,1,5,9.86167548472169,1,0,13
201100668,4,1,0,0,2,0,1,5,2,2,4,11.775628133711,3,0,13
201100669,5,1,1,1,1,0,0,5,1,9,5,10.1697289067531,2,0,13
201100670,2,0,-2,0,1,0,0,2,9,9,,8.73608772844103,1,0,13
201100671,4,1,0,0,1,0,0,5,3,2,4,,1,0,13
201100672,5,1,1,1,1,1,0,3,2,2,5,9.26492324974647,1,0,13
201100673,4,1,0,0,1,0,0,,2,9,4,9.05555615817532,1,0,13
201100674,5,1,1,1,2,0,1,3,1,1,4,10.6938801839412,2,0,13
201100675,4,1,0,0,1,0,0,5,2,2,3,10.7296566209451,2,0,13
201100676,3,0,-1,0,1,0,0,5,2,3,3,9.29660980712836,1,0,13
201100677,4,1,0,0,1,0,0,3,2,2,5,7.95892649305011,1,0,13
201100678,3,0,-1,0,1,1,0,5,1,2,2,8.1978140322212,1,0,13
201100679,3,0,-1,0,1,0,0,,2,4,2,9.31027620058878,1,0,13
201100680,3,0,-1,0,1,0,0,4,2,3,3,8.38958706681109,1,0,13
201100681,4,1,0,0,0,1,0,5,2,2,4,10.7009176761936,2,0,13
201100682,5,1,1,1,0,1,0,5,2,9,,8.67094379122216,1,0,13
201100683,4,1,0,0,1,1,0,3,2,3,4,8.99230873254815,1,0,13
201100684,4,1,0,0,1,1,0,4,2,2,4,9.28739400141847,1,0,13
201100685,4,1,0,0,1,1,0,5,2,9,,9.27340906344317,1,0,13
201100686,4,1,0,0,1,0,0,,2,2,2,10.2421359909402,2,0,13
201100687,3,0,-1,0,1,0,0,5,1,9,3,9.72621323696369,1,0,13
201100688,4,1,0,0,1,0,0,5,2,9,4,9.88576264029437,1,0,13
201100689,4,1,0,0,1,1,0,5,2,2,4,10.1969915605995,2,0,13
201100690,5,1,1,1,1,1,0,5,1,1,4,7.78779687818117,1,0,13
201100691,4,1,0,0,1,0,0,5,2,2,4,9.18512512283512,1,0,13
201100692,5,1,1,1,1,1,0,5,2,2,5,10.2310631886496,2,0,13
201100693,3,0,-1,0,1,0,0,5,2,4,2,0,1,0,13
201100694,4,1,0,0,1,0,0,5,2,2,4,8.88336291691676,1,0,13
201100695,4,1,0,0,1,0,0,3,2,9,4,7.60140233458373,1,0,13
201100696,4,1,0,0,1,0,0,5,1,3,3,9.4955944993533,1,0,13
201100697,3,0,-1,0,1,1,0,5,2,9,4,9.6080418926318,1,0,13
201100698,4,1,0,0,1,1,0,5,2,3,5,9.64865981695529,1,0,13
201100699,5,1,1,1,1,0,0,5,2,2,4,8.52535975408263,1,0,13
201100700,3,0,-1,0,1,0,0,5,2,2,4,9.61653854466018,1,0,13
201100701,4,1,0,0,1,0,0,5,2,2,,8.764209507142,1,0,13
201100702,,,,,1,0,0,,2,9,,9.17481681590714,1,0,13
201100703,4,1,0,0,0,1,0,5,2,3,4,,1,0,13
201100704,4,1,0,0,1,0,0,5,2,2,4,8.98732181285013,1,0,13
201100705,4,1,0,0,1,0,0,5,2,9,,9.50680873170858,1,0,13
201100706,4,1,0,0,1,0,0,4,3,2,4,8.69968140098951,1,0,13
201100707,3,0,-1,0,1,0,0,4,1,2,3,8.46400336290212,1,0,13
201100708,4,1,0,0,1,0,0,5,1,2,4,8.23509549725836,1,0,13
201100709,4,1,0,0,1,0,0,5,2,3,4,8.98732181285013,1,0,13
201100710,3,0,-1,0,1,0,0,3,1,2,5,8.29429960885724,1,0,13
201100711,2,0,-2,0,0,1,0,5,1,2,2,9.17998425196128,1,0,13
201100712,4,1,0,0,1,0,0,5,2,9,,9.40927319457533,1,0,13
201100713,5,1,1,1,1,1,0,5,1,2,5,9.16083495207234,1,0,13
201100714,4,1,0,0,3,1,1,4,2,2,4,8.03947991910045,1,0,13
201100715,2,0,-2,0,2,2,1,5,2,2,4,9.35470042248302,1,0,13
201100716,4,1,0,0,1,0,0,5,2,2,4,8.27410200229233,1,0,13
201100717,4,1,0,0,1,0,0,5,1,9,,8.8394216076206,1,0,13
201100718,4,1,0,0,1,1,0,4,1,2,4,10.1464290589542,2,0,13
201100719,4,1,0,0,1,1,0,5,2,9,2,9.78700991447743,1,0,13
201100720,4,1,0,0,1,0,0,5,2,2,4,7.15226885603254,1,0,13
201100721,,,,,0,1,0,5,2,9,,8.49719454490955,1,0,13
201100722,4,1,0,0,1,1,0,2,4,9,4,10.300284865064,2,0,13
201100723,5,1,1,1,1,0,0,5,2,2,5,9.60167010727185,1,0,13
201100724,4,1,0,0,1,1,0,3,1,2,3,6.7202201551353,1,0,13
201100725,4,1,0,0,1,1,0,2,2,3,4,9.2351305407834,1,0,13
201100726,4,1,0,0,1,0,0,5,3,2,4,9.21542741102474,1,0,13
201100727,5,1,1,1,1,0,0,5,1,3,,9.05263337594615,1,0,13
201100728,3,0,-1,0,1,0,0,5,2,9,2,8.55660619377307,1,0,13
201100729,4,1,0,0,1,0,0,5,2,4,4,7.71690613529839,1,0,13
201100730,3,0,-1,0,1,1,0,5,3,3,3,8.57565076098781,1,0,13
201100731,5,1,1,1,1,1,0,5,2,2,5,8.67812085552252,1,0,13
201100732,4,1,0,0,1,0,0,5,2,3,3,9.17481681590714,1,0,13
201100733,4,1,0,0,1,1,0,5,2,4,4,8.15190987294091,1,0,13
201100734,2,0,-2,0,1,1,0,3,1,2,5,9.44943600950432,1,0,13
201100735,4,1,0,0,2,0,1,5,2,2,3,9.43054405924676,1,0,13
201100736,4,1,0,0,1,0,0,5,1,3,4,9.39274525863144,1,0,13
201100737,2,0,-2,0,1,0,0,5,2,2,,9.30246366085199,1,0,13
201100738,4,1,0,0,1,0,0,5,2,3,4,0,1,0,13
201100739,5,1,1,1,1,1,0,5,2,9,4,9.21840774305394,1,0,13
201100740,4,1,0,0,1,0,0,5,2,9,4,8.99355158629998,1,0,13
201100741,4,1,0,0,1,0,0,1,1,2,4,9.19023970026918,1,0,13
201100742,5,1,1,1,2,1,1,5,1,2,,7.70571282389443,1,0,13
201100743,4,1,0,0,1,1,0,2,2,2,5,8.79421868367949,1,0,13
201100744,4,1,0,0,2,1,1,5,1,2,3,8.65189889426853,1,0,13
201100745,2,0,-2,0,1,1,0,5,2,9,,8.72111314776269,1,0,13
201100746,,,,,0,1,0,,1,9,,9.28924396957165,1,0,13
201100747,4,1,0,0,1,2,0,3,1,2,4,11.2816615324232,3,0,13
201100748,4,1,0,0,1,0,0,5,2,2,4,10.6619776181462,2,0,13
201100749,3,0,-1,0,2,1,1,5,2,2,3,9.20643274714516,1,0,13
201100750,5,1,1,1,1,0,0,3,1,2,5,9.81743934791067,1,0,13
201100751,4,1,0,0,0,1,0,4,2,2,4,8.16650031915505,1,0,13
201100752,4,1,0,0,1,0,0,4,2,2,4,9.5361127111751,1,0,13
201100753,4,1,0,0,1,0,0,4,1,2,2,9.27340906344317,1,0,13
201100754,4,1,0,0,1,2,0,5,2,2,4,10.0411651230298,2,0,13
201100755,5,1,1,1,1,0,0,5,1,4,,8.31776616671934,1,0,13
201100756,4,1,0,0,1,1,0,4,2,9,4,10.2183347880606,2,0,13
201100757,4,1,0,0,1,0,0,5,2,2,5,9.40401271018156,1,0,13
201100758,4,1,0,0,1,0,0,5,2,3,3,7.31388683163346,1,0,13
201100759,4,1,0,0,1,1,0,5,2,2,5,8.84520113533958,1,0,13
201100760,5,1,1,1,1,0,0,5,1,2,5,9.3657188691557,1,0,13
201100761,5,1,1,1,1,1,0,5,2,9,4,8.43315919580623,1,0,13
201100762,2,0,-2,0,1,0,0,5,2,9,4,9.76820239081434,1,0,13
201100763,4,1,0,0,0,1,0,5,2,3,5,7.04838640872188,1,0,13
201100764,4,1,0,0,1,0,0,5,2,9,4,6.94793706861497,1,0,13
201100765,4,1,0,0,0,1,0,5,1,2,5,8.92943528380343,1,0,13
201100766,3,0,-1,0,1,0,0,5,2,2,4,7.74109909003537,1,0,13
201100767,2,0,-2,0,1,0,0,5,1,4,2,7.61628356158039,1,0,13
201100768,4,1,0,0,1,1,0,5,1,2,4,7.46794233228585,1,0,13
201100769,4,1,0,0,0,1,0,5,2,9,4,9.84697010970096,1,0,13
201100770,3,0,-1,0,1,0,0,5,2,3,4,8.93603509656604,1,0,13
201100771,3,0,-1,0,1,0,0,5,2,2,4,0,1,0,13
201100772,4,1,0,0,1,2,0,5,1,3,2,8.69968140098951,1,0,13
201100773,5,1,1,1,1,0,0,3,2,9,5,8.95040315983296,1,0,13
201100774,4,1,0,0,1,1,0,5,2,3,3,8.47657950853094,1,0,13
201100775,5,1,1,1,1,0,0,5,2,9,5,9.37593955262575,1,0,13
201100776,4,1,0,0,2,1,1,5,4,2,3,10.7789771230064,2,1,13
201100777,4,1,0,0,2,1,1,5,2,3,5,10.5091959920722,2,1,13
201100778,4,1,0,0,2,0,1,5,3,1,4,10.9903139934869,3,1,13
201100779,4,1,0,0,2,0,1,5,2,2,4,11.060384472475,3,1,13
201100780,5,1,1,1,2,0,1,5,2,2,4,9.23024103368252,1,1,13
201100781,4,1,0,0,3,1,1,5,2,2,5,10.5532312844885,2,1,13
201100782,5,1,1,1,2,1,1,3,2,2,5,11.341852405947,3,1,13
201100783,5,1,1,1,1,0,0,3,2,2,4,11.3504183001091,3,1,13
201100784,4,1,0,0,1,0,0,5,1,2,4,11.7094733408932,3,1,13
201100785,4,1,0,0,2,0,1,2,3,2,2,9.68040649926887,1,1,13
201100786,4,1,0,0,2,1,1,2,3,1,4,11.1447705923684,3,1,13
201100787,4,1,0,0,3,0,1,5,2,3,3,7.37838371299671,1,1,13
201100788,5,1,1,1,2,0,1,4,4,2,4,10.1105423715008,2,1,13
201100789,4,1,0,0,2,0,1,3,3,2,5,11.0509058782636,3,1,13
201100790,5,1,1,1,3,1,1,3,3,1,4,11.0509058782636,3,1,13
201100791,5,1,1,1,2,1,1,5,2,9,2,10.3089859934221,2,1,13
201100792,5,1,1,1,3,0,1,3,2,1,4,6.90875477931522,1,1,13
201100793,5,1,1,1,3,0,1,3,2,1,4,10.3829082495365,2,1,13
201100794,5,1,1,1,2,0,1,4,2,2,4,9.90353755128617,1,1,13
201100795,4,1,0,0,2,0,1,3,3,3,3,11.4510606994934,3,1,13
201100796,5,1,1,1,1,1,0,1,4,3,5,11.3851034570321,3,1,13
201100797,4,1,0,0,2,0,1,1,2,2,3,11.0821579333748,3,1,13
201100798,4,1,0,0,3,2,1,3,2,4,5,10.8647707703291,2,1,13
201100799,5,1,1,1,1,0,0,1,2,2,4,11.3805476923844,3,1,13
201100800,5,1,1,1,3,0,1,5,1,2,5,10.9954276314362,3,1,13
201100801,5,1,1,1,1,0,0,4,4,2,5,10.3417747410115,2,1,13
201100802,4,1,0,0,1,0,0,5,1,2,4,10.463131911492,2,1,13
201100803,5,1,1,1,3,2,1,1,4,3,5,0,1,1,13
201100804,4,1,0,0,0,1,0,,2,9,,9.41743583886879,1,1,13
201100805,4,1,0,0,2,1,1,4,2,9,4,0,1,1,13
201100806,4,1,0,0,1,0,0,3,2,2,4,10.5805307573475,2,1,13
201100807,4,1,0,0,2,1,1,3,1,1,1,10.0389358567112,2,1,13
201100808,4,1,0,0,1,0,0,5,1,2,3,10.4545237839635,2,1,13
201100809,5,1,1,1,1,0,0,4,3,2,5,10.6189097916098,2,1,13
201100810,4,1,0,0,3,0,1,3,2,2,5,11.1154434073529,3,1,13
201100811,4,1,0,0,1,1,0,4,2,2,4,9.99428757686257,1,1,13
201100812,4,1,0,0,1,1,0,5,2,2,4,10.4973943401121,2,1,13
201100813,2,0,-2,0,0,0,0,4,3,3,2,6.39859493453521,1,1,13
201100814,4,1,0,0,1,1,0,5,3,9,2,9.39274525863144,1,1,13
201100815,3,0,-1,0,1,0,0,5,3,3,3,9.7981825908907,1,1,13
201100816,4,1,0,0,2,1,1,5,2,2,4,10.4574014009819,2,1,13
201100817,,,,,2,0,1,,9,9,,0,1,1,13
201100818,4,1,0,0,2,0,1,3,2,2,2,9.62383978511267,1,1,13
201100819,3,0,-1,0,3,1,1,3,2,2,4,0,1,1,13
201100820,4,1,0,0,2,0,1,3,1,2,4,10.9900441289235,3,1,13
201100821,3,0,-1,0,2,0,1,4,2,3,3,11.0622694575606,3,1,13
201100822,2,0,-2,0,1,1,0,3,1,2,2,10.3890261370752,2,1,13
201100823,3,0,-1,0,1,0,0,3,2,9,3,9.48804786328076,1,1,13
201100824,4,1,0,0,1,1,0,5,3,2,2,11.1482327501522,3,1,13
201100825,3,0,-1,0,1,1,0,5,2,9,3,10.2036291813376,2,1,13
201100826,2,0,-2,0,1,1,0,4,1,3,3,10.2681653877435,2,1,13
201100827,4,1,0,0,2,0,1,2,2,1,4,10.8297484170476,2,1,13
201100828,4,1,0,0,0,0,0,5,2,8,4,6.21660610108487,1,1,13
201100829,4,1,0,0,1,2,0,2,2,2,4,12.9392599150018,3,1,13
201100830,5,1,1,1,2,0,1,3,3,2,3,10.1658902778025,2,1,13
201100831,4,1,0,0,2,0,1,3,2,2,4,11.4927329616823,3,1,13
201100832,5,1,1,1,2,0,1,3,2,2,4,9.96650929895228,1,1,13
201100833,4,1,0,0,3,1,1,3,2,2,3,7.60140233458373,1,1,13
201100834,5,1,1,1,2,0,1,5,2,2,5,10.4913019948302,2,1,13
201100835,4,1,0,0,2,1,1,3,3,2,3,9.48804786328076,1,1,13
201100836,5,1,1,1,1,0,0,5,2,2,4,9.57505292759738,1,1,13
201100837,3,0,-1,0,1,0,0,5,1,1,3,9.39274525863144,1,1,13
201100838,3,0,-1,0,1,0,0,4,2,2,2,10.3997374648497,2,1,13
201100839,2,0,-2,0,1,0,0,5,2,9,4,9.57505292759738,1,1,13
201100840,3,0,-1,0,1,0,0,5,2,2,2,10.6077384826645,2,1,13
201100841,4,1,0,0,0,1,0,,2,9,,9.65509029374725,1,1,13
201100842,5,1,1,1,3,0,1,2,4,3,3,12.345838935722,3,1,13
201100843,5,1,1,1,2,1,1,4,4,3,3,10.1811571672049,2,1,13
201100844,4,1,0,0,3,1,1,2,1,2,3,10.8197982842103,2,1,13
201100845,3,0,-1,0,2,0,1,3,1,2,3,10.4968420217417,2,1,13
201100846,2,0,-2,0,1,0,0,5,2,2,3,9.39274525863144,1,1,13
201100847,4,1,0,0,1,0,0,1,2,1,3,8.5173931714189,1,1,13
201100848,3,0,-1,0,1,0,0,2,2,1,3,11.9183972397228,3,1,13
201100849,5,1,1,1,2,1,1,3,2,2,4,9.38437770918244,1,1,13
201100850,5,1,1,1,3,0,1,3,2,2,5,10.6919676399149,2,1,13
201100851,4,1,0,0,2,0,1,3,2,3,4,6.90875477931522,1,1,13
201100852,5,1,1,1,3,0,1,4,2,2,3,11.3128159488231,3,1,13
201100853,3,0,-1,0,3,0,1,5,2,2,1,10.5713425658087,2,1,13
201100854,2,0,-2,0,2,0,1,,3,2,4,9.8730798901147,1,1,13
201100855,5,1,1,1,2,0,1,5,4,2,3,10.4913019948302,2,1,13
201100856,5,1,1,1,2,2,1,5,1,9,3,11.5129354649202,3,1,13
201100857,5,1,1,1,2,0,1,4,4,2,3,10.7188744894694,2,1,13
201100858,5,1,1,1,2,0,1,3,2,2,4,10.3089859934221,2,1,13
201100859,4,1,0,0,1,1,0,5,2,4,2,0,1,1,13
201100860,3,0,-1,0,1,0,0,5,3,4,4,9.57505292759738,1,1,13
201100861,4,1,0,0,2,1,1,4,2,3,4,10.7789771230064,2,1,13
201100862,4,1,0,0,3,1,1,3,1,2,5,10.7323440623525,2,1,13
201100863,2,0,-2,0,1,0,0,1,2,4,2,10.5453677541517,2,1,13
201100864,4,1,0,0,1,0,0,3,2,3,5,8.8538082749772,1,1,13
201100865,4,1,0,0,1,0,0,4,2,2,4,0,1,1,13
201100866,4,1,0,0,1,0,0,5,2,2,4,5.30330490805908,1,1,13
201100867,5,1,1,1,2,0,1,5,2,2,5,6.39859493453521,1,1,13
201100868,5,1,1,1,3,1,1,3,4,2,2,11.5228856967645,3,1,13
201100869,4,1,0,0,3,2,1,4,2,2,4,12.9808021172274,3,1,13
201100870,5,1,1,1,3,2,1,2,2,1,5,10.4913019948302,2,1,13
201100871,4,1,0,0,1,0,0,5,2,2,3,10.6454487065059,2,1,13
201100872,4,1,0,0,1,0,0,3,2,4,4,10.7144399907278,2,1,13
201100873,5,1,1,1,1,0,0,4,2,3,5,0,1,1,13
201100874,3,0,-1,0,2,0,1,5,2,2,2,10.6115479758284,2,1,13
201100875,4,1,0,0,2,0,1,5,2,2,4,9.85224688834253,1,1,13
201100876,5,1,1,1,2,0,1,5,4,2,4,9.57505292759738,1,1,13
201100877,4,1,0,0,3,0,1,3,2,2,2,10.8967578438935,2,1,13
201100878,4,1,0,0,1,0,0,5,2,4,2,0,1,1,13
201100879,4,1,0,0,1,0,0,1,2,4,4,0,1,1,13
201100880,4,1,0,0,1,0,0,4,1,2,4,0,1,1,13
201100881,3,0,-1,0,3,2,1,4,1,4,1,9.92640095369496,1,1,13
201100882,4,1,0,0,2,2,1,5,4,2,2,0,1,1,13
201100883,5,1,1,1,1,0,0,,4,9,5,10.2471127172904,2,1,13
201100884,4,1,0,0,2,0,1,5,1,9,,9.90353755128617,1,1,13
201100885,5,1,1,1,2,0,1,5,4,2,1,0,1,1,13
201100886,4,1,0,0,2,1,1,2,2,2,4,9.99509236742424,1,1,13
201100887,5,1,1,1,0,0,0,,2,9,,9.86531828641862,1,1,13
201100888,5,1,1,1,2,0,1,4,2,2,5,8.00670084544037,1,1,13
201100889,4,1,0,0,1,2,0,3,2,3,2,9.32643309096304,1,1,13
201100890,5,1,1,1,2,1,1,3,2,2,3,10.8609394214152,2,1,13
201100891,5,1,1,1,1,0,0,5,3,3,2,9.85644835453034,1,1,13
201100892,4,1,0,0,1,0,0,5,2,3,4,7.17088847851251,1,1,13
201100893,5,1,1,1,2,0,1,5,2,3,5,8.8538082749772,1,1,13
201100894,,,,,1,0,0,,2,9,2,9.7981825908907,1,1,13
201100895,4,1,0,0,2,1,1,5,4,2,4,9.99428757686257,1,1,13
201100896,5,1,1,1,1,1,0,4,1,2,5,8.65712903171376,1,1,13
201100897,4,1,0,0,1,1,0,4,4,1,5,8.29928590689728,1,1,13
201100898,4,1,0,0,1,1,0,3,1,2,4,9.5840395773207,1,1,13
201100899,4,1,0,0,1,0,0,5,2,9,,9.96180362935896,1,1,13
201100900,4,1,0,0,1,0,0,4,1,2,4,8.24301946898925,1,1,13
201100901,,,,,1,0,0,5,2,9,,6.80350525760834,1,1,13
201100902,2,0,-2,0,1,0,0,4,2,2,2,8.66578559546606,1,1,13
201100903,2,0,-2,0,1,0,0,5,2,2,3,9.47278155656217,1,1,13
201100904,5,1,1,1,1,0,0,5,2,3,4,9.04911472347696,1,1,13
201100905,1,0,-3,0,1,1,0,5,2,9,4,8.89302349439471,1,1,13
201100906,4,1,0,0,1,0,0,4,2,2,4,0,1,1,13
201100907,4,1,0,0,1,0,0,5,2,3,4,10.6286419917311,2,1,13
201100908,4,1,0,0,1,0,0,5,4,9,,6.66057514983969,1,1,13
201100909,4,1,0,0,2,1,1,2,2,2,5,10.8799110205649,2,1,13
201100910,4,1,0,0,2,0,1,5,2,3,3,10.3797527869509,2,1,13
201100911,5,1,1,1,1,0,0,1,1,2,5,10.4193305681139,2,1,13
201100912,4,1,0,0,1,0,0,5,2,2,4,6.31173480915292,1,1,13
201100913,4,1,0,0,3,1,1,4,3,2,2,10.9101855554858,2,1,13
201100914,3,0,-1,0,1,0,0,5,3,9,3,9.00072983494456,1,1,13
201100915,4,1,0,0,2,1,1,4,2,2,3,10.3675674209042,2,1,13
201100916,4,1,0,0,2,1,1,5,2,2,4,8.61631428228404,1,1,13
201100917,4,1,0,0,2,0,1,4,2,2,4,9.97214964015346,1,1,13
201100918,2,0,-2,0,2,0,1,4,2,2,3,11.1239200867211,3,1,13
201100919,4,1,0,0,1,0,0,5,2,2,3,10.1720250311402,2,1,13
201100920,5,1,1,1,1,0,0,4,3,2,5,,1,1,13
201100921,2,0,-2,0,0,1,0,5,2,3,,9.21044036697652,1,1,13
201100922,2,0,-2,0,0,1,0,5,2,2,3,9.81197515203002,1,1,13
201100923,3,0,-1,0,3,0,1,4,4,2,3,8.98651226023207,1,1,13
201100924,3,0,-1,0,2,0,1,4,4,3,4,10.3089859934221,2,1,13
201100925,5,1,1,1,2,0,1,,3,3,5,8.92811007820265,1,1,13
201100926,5,1,1,1,1,0,0,5,1,9,,9.61720450099805,1,1,13
201100927,2,0,-2,0,3,0,1,4,4,9,2,9.92822894442457,1,1,13
201100928,4,1,0,0,2,0,1,2,2,3,5,9.12325626506907,1,1,13
201100929,4,1,0,0,2,0,1,4,2,3,4,10.4621846150011,2,1,13
201100930,4,1,0,0,1,0,0,5,2,2,3,8.10802122137675,1,1,13
201100931,4,1,0,0,2,0,1,5,3,3,3,8.48073665440562,1,1,13
201100932,4,1,0,0,1,1,0,3,2,2,4,9.90353755128617,1,1,13
201100933,4,1,0,0,1,0,0,5,1,2,4,9.05263337594615,1,1,13
201100934,2,0,-2,0,1,0,0,4,2,2,2,10.6485842427913,2,1,13
201100935,5,1,1,1,2,1,1,3,2,2,4,6.80350525760834,1,1,13
201100936,4,1,0,0,1,1,0,5,3,2,4,9.89802264710506,1,1,13
201100937,4,1,0,0,1,0,0,5,1,2,4,8.79800169492485,1,1,13
201100938,4,1,0,0,1,1,0,5,2,2,4,8.25868149626424,1,1,13
201100939,4,1,0,0,1,0,0,5,2,2,4,,1,1,13
201100940,3,0,-1,0,1,0,0,5,2,2,3,8.56997537685521,1,1,13
201100941,4,1,0,0,1,0,0,4,3,9,4,10.7579241570616,2,1,13
201100942,4,1,0,0,1,0,0,4,3,2,4,9.91100919393497,1,1,13
201100943,4,1,0,0,1,1,0,5,2,2,4,0,1,1,13
201100944,4,1,0,0,1,0,0,5,2,3,3,0,1,1,13
201100945,4,1,0,0,1,0,0,,2,2,3,7.18614430452233,1,1,13
201100946,2,0,-2,0,1,1,0,5,3,3,3,7.31388683163346,1,1,13
201100947,5,1,1,1,3,1,1,3,1,2,5,9.90353755128617,1,1,13
201100948,4,1,0,0,1,0,0,5,2,2,,7.18614430452233,1,1,13
201100949,5,1,1,1,1,1,0,4,2,2,4,9.90353755128617,1,1,13
201100950,4,1,0,0,2,0,1,4,3,2,5,10.1287310068849,2,1,13
201100951,4,1,0,0,1,0,0,3,3,3,3,0,1,1,13
201100952,4,1,0,0,2,0,1,4,2,3,4,9.44628168152025,1,1,13
201100953,4,1,0,0,2,0,1,5,3,2,,7.90137735379262,1,1,13
201100954,5,1,1,1,1,0,0,4,9,2,5,0,1,1,13
201100955,5,1,1,1,1,0,0,5,4,1,3,10.043292972227,2,1,13
201100956,4,1,0,0,1,0,0,5,2,9,4,8.10198073185319,1,1,13
201100957,4,1,0,0,1,0,0,5,2,2,4,9.68165564064671,1,1,13
201100958,4,1,0,0,1,0,0,2,3,2,4,10.7789771230064,2,1,13
201100959,4,1,0,0,1,1,0,4,2,2,4,9.7981825908907,1,1,13
201100960,5,1,1,1,1,0,0,3,1,2,5,0,1,1,13
201100961,4,1,0,0,1,0,0,5,2,2,4,9.10063710688422,1,1,13
201100962,4,1,0,0,2,0,1,5,1,2,4,9.65380750221735,1,1,13
201100963,4,1,0,0,1,0,0,5,2,2,4,11.222712692998,3,1,13
201100964,4,1,0,0,1,0,0,5,2,2,3,7.60140233458373,1,1,13
201100965,4,1,0,0,1,0,0,5,2,2,3,9.7291936874294,1,1,13
201100966,3,0,-1,0,1,1,0,5,2,2,2,10.6986304339524,2,1,13
201100967,4,1,0,0,2,0,1,4,1,2,2,10.9295470693558,3,1,13
201100968,4,1,0,0,3,1,1,1,2,2,4,10.6213517356329,2,0,13
201100969,4,1,0,0,1,0,0,3,2,1,4,10.4843335197589,2,0,13
201100970,2,0,-2,0,1,1,0,5,2,2,5,9.99227240481651,1,0,13
201100971,3,0,-1,0,1,1,0,5,1,3,4,8.23509549725836,1,0,13
201100972,4,1,0,0,1,0,0,5,2,2,4,7.87131120332341,1,0,13
201100973,4,1,0,0,1,0,0,5,2,2,4,10.4391858793825,2,0,13
201100974,,,,,1,0,0,5,4,9,,9.30118605527576,1,0,13
201100975,3,0,-1,0,1,0,0,,4,3,3,0,1,0,13
201100976,4,1,0,0,1,0,0,5,2,3,5,9.99884318585288,1,0,13
201100977,2,0,-2,0,1,1,0,5,2,2,2,9.81689426995103,1,0,13
201100978,3,0,-1,0,0,1,0,5,3,2,4,10.2399955028053,2,0,13
201100979,2,0,-2,0,1,0,0,5,2,2,4,8.7827830173932,1,0,13
201100980,4,1,0,0,1,1,0,5,2,2,3,9.52593561810738,1,0,13
201100981,4,1,0,0,1,1,0,5,2,9,4,7.46794233228585,1,0,13
201100982,4,1,0,0,1,0,0,5,2,2,4,7.71912984090673,1,0,13
201100983,4,1,0,0,1,0,0,5,2,9,4,8.79497643168877,1,0,13
201100984,4,1,0,0,1,0,0,5,2,3,4,9.74689222031305,1,0,13
201100985,4,1,0,0,1,1,0,5,2,2,4,9.07692325853583,1,0,13
201100986,3,0,-1,0,1,0,0,4,2,4,4,9.69159299339981,1,0,13
201100987,4,1,0,0,1,0,0,5,2,2,3,7.90137735379262,1,0,13
201100988,4,1,0,0,1,0,0,5,2,3,3,9.18615013317497,1,0,13
201100989,5,1,1,1,1,0,0,5,2,2,3,10.0236780178679,1,0,13
201100990,5,1,1,1,1,1,0,5,4,4,4,10.0562515570878,2,0,13
201100991,2,0,-2,0,1,0,0,3,3,2,3,9.55824698622306,1,0,13
201100992,4,1,0,0,1,0,0,4,2,3,3,9.74873947750701,1,0,13
201100993,3,0,-1,0,2,0,1,5,2,2,4,10.7345590505724,2,0,13
201100994,5,1,1,1,1,0,0,5,2,9,5,8.29928590689728,1,0,13
201100995,2,0,-2,0,2,1,1,4,2,2,4,9.28461261635077,1,0,13
201100996,4,1,0,0,1,0,0,3,1,2,,,1,0,13
201100997,4,1,0,0,1,0,0,,3,2,4,9.7909345662968,1,0,13
201100998,3,0,-1,0,1,0,0,5,2,3,4,9.79317032822526,1,0,13
201100999,4,1,0,0,2,0,1,5,1,9,2,10.8474129065069,2,0,13
201101000,4,1,0,0,1,0,0,,4,9,,0,1,0,13
201101001,3,0,-1,0,1,0,0,5,1,2,3,10.1425438223104,2,0,13
201101002,5,1,1,1,1,2,0,5,2,2,4,10.1089150980446,2,0,13
201101003,4,1,0,0,1,0,0,3,2,2,3,10.3491664702576,2,0,13
201101004,,,,,1,0,0,5,2,9,,9.9791213062425,1,0,13
201101005,,,,,0,1,0,5,2,9,,9.39274525863144,1,0,13
201101006,5,1,1,1,1,0,0,5,2,3,2,9.39274525863144,1,0,13
201101007,4,1,0,0,1,1,0,4,2,3,4,9.91842542490033,1,0,13
201101008,4,1,0,0,1,1,0,5,1,2,5,10.0800080546339,2,1,14
201101009,,,,,1,1,0,5,9,2,4,11.0111161680453,3,1,14
201101010,4,1,0,0,1,0,0,5,2,2,4,7.74109909003537,1,1,14
201101011,4,1,0,0,2,0,1,3,2,2,4,10.4913019948302,2,1,14
201101012,4,1,0,0,1,0,0,4,2,2,4,10.9272589883796,3,1,14
201101013,4,1,0,0,2,0,1,4,2,2,4,8.03947991910045,1,1,14
201101014,2,0,-2,0,1,1,0,5,2,2,4,9.98971111928475,1,1,14
201101015,5,1,1,1,1,0,0,5,2,9,5,10.2611969612316,2,1,14
201101016,4,1,0,0,1,0,0,3,1,2,4,9.77943420368902,1,1,14
201101017,3,0,-1,0,1,0,0,5,2,2,3,8.69968140098951,1,1,14
201101018,5,1,1,1,3,1,1,3,2,4,4,10.635879484422,2,1,14
201101019,3,0,-1,0,0,1,0,4,2,3,3,10.573903321094,2,1,14
201101020,3,0,-1,0,1,0,0,3,2,2,5,7.60140233458373,1,1,14
201101021,5,1,1,1,1,0,0,5,2,2,4,8.8538082749772,1,1,14
201101022,4,1,0,0,1,0,0,4,2,3,4,9.8730798901147,1,1,14
201101023,2,0,-2,0,0,1,0,5,1,4,3,10.6090819441478,2,1,14
201101024,4,1,0,0,2,1,1,5,1,3,4,10.5187002182882,2,1,14
201101025,5,1,1,1,1,0,0,3,2,2,5,10.0257494320691,1,1,14
201101026,5,1,1,1,1,0,0,3,2,2,3,10.6965026922443,2,1,14
201101027,5,1,1,1,2,0,1,5,2,2,5,0,1,1,14
201101028,4,1,0,0,2,0,1,5,2,3,2,10.1658902778025,2,1,14
201101029,5,1,1,1,1,0,0,5,2,2,5,9.86271763999292,1,1,14
201101030,4,1,0,0,1,0,0,5,2,2,4,10.6736189221124,2,1,14
201101031,4,1,0,0,3,0,1,2,1,3,2,11.0477262758964,3,1,14
201101032,5,1,1,1,1,0,0,5,1,3,5,11.4563656954364,3,1,14
201101033,5,1,1,1,1,0,0,3,2,2,5,10.392098241731,2,1,14
201101034,4,1,0,0,3,1,1,3,1,2,4,10.6090819441478,2,1,14
201101035,3,0,-1,0,2,0,1,5,2,3,3,9.65509029374725,1,1,14
201101036,4,1,0,0,3,0,1,5,2,2,5,9.77001330113616,1,1,14
201101037,5,1,1,1,0,1,0,5,9,9,4,9.55541833006925,1,1,14
201101038,5,1,1,1,2,0,1,2,2,1,4,10.3304205672595,2,1,14
201101039,5,1,1,1,1,0,0,5,1,2,4,8.29429960885724,1,1,14
201101040,5,1,1,1,3,0,1,3,2,2,4,10.3287879671451,2,1,14
201101041,4,1,0,0,2,1,1,3,3,2,3,10.8655162507163,2,1,14
201101042,,,,,1,1,0,5,9,9,4,10.6736189221124,2,1,14
201101043,4,1,0,0,1,1,0,3,2,2,4,10.1811571672049,2,1,14
201101044,4,1,0,0,2,1,1,3,2,9,4,10.947158315677,3,1,14
201101045,5,1,1,1,1,0,0,5,3,2,4,11.0303719138607,3,1,14
201101046,4,1,0,0,1,0,0,4,2,2,4,11.3559833275438,3,1,14
201101047,4,1,0,0,2,0,1,4,2,2,4,10.9114637209448,3,1,14
201101048,4,1,0,0,3,0,1,5,2,2,4,11.0706503839755,3,1,14
201101049,3,0,-1,0,1,0,0,3,1,2,5,11.3324682941282,3,1,14
201101050,4,1,0,0,1,0,0,4,2,2,4,10.8655752830496,2,1,14
201101051,5,1,1,1,1,0,0,5,2,1,5,11.8775755229785,3,1,14
201101052,5,1,1,1,1,0,0,5,3,1,3,10.1849377471114,2,1,14
201101053,5,1,1,1,2,0,1,4,2,2,4,10.2036291813376,2,1,14
201101054,4,1,0,0,2,0,1,4,2,2,4,9.74102744483773,1,1,14
201101055,4,1,0,0,1,1,0,3,2,2,4,10.7995959850478,2,1,14
201101056,5,1,1,1,1,0,0,5,2,2,5,10.5105592816278,2,1,14
201101057,4,1,0,0,2,0,1,5,2,2,4,12.8320137501899,3,1,14
201101058,4,1,0,0,1,0,0,4,2,2,4,10.7350396920061,2,1,14
201101059,4,1,0,0,1,0,0,5,2,2,4,10.7073036343114,2,1,14
201101060,4,1,0,0,1,0,0,5,2,2,4,9.90353755128617,1,1,14
201101061,4,1,0,0,2,0,1,3,2,4,4,10.0159676636201,1,1,14
201101062,3,0,-1,0,2,0,1,4,2,2,4,10.591647316585,2,1,14
201101063,5,1,1,1,1,0,0,4,3,3,4,9.92822894442457,1,1,14
201101064,5,1,1,1,2,1,1,5,2,2,5,10.7893396952697,2,1,14
201101065,5,1,1,1,1,0,0,5,2,3,5,10.6736189221124,2,1,14
201101066,4,1,0,0,2,0,1,5,2,2,4,10.2292237926068,2,1,14
201101067,5,1,1,1,2,0,1,5,1,2,5,9.7981825908907,1,1,14
201101068,5,1,1,1,1,0,0,4,1,1,4,9.99656797555214,1,0,14
201101069,5,1,1,1,1,0,0,3,2,2,5,8.3478273457825,1,0,14
201101070,5,1,1,1,1,0,0,1,1,2,5,11.5173869041834,3,0,14
201101071,5,1,1,1,2,1,1,5,2,2,4,8.97474461272273,1,0,14
201101072,5,1,1,1,1,1,0,5,1,2,4,8.24301946898925,1,0,14
201101073,5,1,1,1,1,0,0,5,1,1,4,5.70711026474888,1,0,14
201101074,4,1,0,0,1,1,0,5,1,9,,5.70711026474888,1,0,14
201101075,4,1,0,0,1,1,0,5,2,2,5,6.52356230614951,1,0,14
201101076,4,1,0,0,1,0,0,3,2,2,4,9.86011021256656,1,0,14
201101077,5,1,1,1,1,0,0,4,2,2,4,10.6679668975524,2,0,14
201101078,5,1,1,1,1,0,0,4,1,2,5,8.15507488781144,1,0,14
201101079,3,0,-1,0,1,1,0,5,2,2,4,10.6835695609319,2,0,14
201101080,4,1,0,0,1,1,0,5,2,2,4,9.81689426995103,1,0,14
201101081,4,1,0,0,1,0,0,3,2,2,4,10.8643554195564,2,0,14
201101082,2,0,-2,0,1,0,0,5,2,2,4,11.6004597520935,3,0,14
201101083,4,1,0,0,1,0,0,3,2,2,4,10.7451041544233,2,0,14
201101084,4,1,0,0,0,1,0,3,2,2,4,8.90395107205871,1,0,14
201101085,4,1,0,0,1,0,0,3,2,1,4,10.3676088635516,2,0,14
201101086,4,1,0,0,1,0,0,3,2,2,4,8.63426486300208,1,0,14
201101087,4,1,0,0,2,0,1,4,2,2,4,8.82187986268384,1,0,14
201101088,2,0,-2,0,0,1,0,3,4,2,3,9.74981175993208,1,1,14
201101089,2,0,-2,0,1,1,0,4,2,2,4,5.39816270151775,1,1,14
201101090,4,1,0,0,1,0,0,2,4,2,4,9.61587214452889,1,1,14
201101091,4,1,0,0,1,0,0,3,2,2,3,9.28924396957165,1,1,14
201101092,4,1,0,0,2,0,1,4,2,3,2,10.0900086123938,2,1,14
201101093,5,1,1,1,1,1,0,3,1,3,4,10.7484787087668,2,1,14
201101094,4,1,0,0,1,0,0,3,2,9,4,11.4205427849164,3,1,14
201101095,4,1,0,0,1,1,0,5,1,3,4,10.842691494681,2,1,14
201101096,4,1,0,0,0,1,0,5,4,3,4,10.9377632441231,3,1,14
201101097,4,1,0,0,1,1,0,4,2,2,4,11.2837633501017,3,1,14
201101098,5,1,1,1,1,1,0,4,2,2,4,6.39859493453521,1,1,14
201101099,4,1,0,0,1,0,0,4,2,2,5,8.22924441673591,1,1,14
201101100,4,1,0,0,2,0,1,4,2,2,4,11.1124628236349,3,1,14
201101101,5,1,1,1,3,0,1,2,3,2,5,12.5845125059021,3,1,14
201101102,4,1,0,0,1,0,0,3,2,3,4,10.9904264375206,3,1,14
201101103,2,0,-2,0,1,0,0,1,2,4,2,8.89164911265006,1,1,14
201101104,5,1,1,1,1,0,0,1,2,2,4,9.61587214452889,1,1,14
201101105,5,1,1,1,1,0,0,3,2,2,4,7.44483327389219,1,1,14
201101106,5,1,1,1,3,0,1,4,4,2,2,9.21044036697652,1,1,14
201101107,5,1,1,1,1,0,0,5,1,2,4,9.44390938877397,1,1,14
201101108,3,0,-1,0,1,0,0,5,2,2,3,10.5966597327836,2,1,14
201101109,5,1,1,1,1,1,0,4,2,3,5,8.92279162396964,1,1,14
201101110,5,1,1,1,1,1,0,5,2,2,5,9.39274525863144,1,1,14
201101111,2,0,-2,0,1,0,0,3,1,2,4,10.355284324025,2,1,14
201101112,4,1,0,0,2,0,1,2,3,2,4,9.5819728915479,1,1,14
201101113,4,1,0,0,1,1,0,5,2,2,4,9.51495330508794,1,1,14
201101114,5,1,1,1,3,0,1,3,4,2,5,9.63567346472181,1,1,14
201101115,4,1,0,0,2,1,1,3,1,2,4,10.0601066119777,2,1,14
201101116,5,1,1,1,2,1,1,3,2,2,5,8.89713534229332,1,1,14
201101117,5,1,1,1,1,0,0,5,2,2,4,9.7981825908907,1,1,14
201101118,4,1,0,0,1,0,0,4,1,1,4,10.7144399907278,2,1,14
201101119,5,1,1,1,1,0,0,3,1,2,4,10.8056996438007,2,1,14
201101120,4,1,0,0,1,0,0,4,1,2,5,10.6874119271541,2,1,14
201101121,4,1,0,0,2,0,1,2,1,2,5,10.0168608797038,1,1,14
201101122,4,1,0,0,2,0,1,2,2,2,4,11.0132870305948,3,1,14
201101123,4,1,0,0,1,0,0,5,4,2,2,7.22766249872865,1,1,14
201101124,5,1,1,1,1,0,0,5,2,4,5,9.80923181661041,1,1,14
201101125,5,1,1,1,1,0,0,2,2,1,5,10.063094747045,2,1,14
201101126,5,1,1,1,1,0,0,2,1,2,4,11.1545361058327,3,1,14
201101127,4,1,0,0,3,1,1,2,2,2,4,10.6737346534769,2,1,14
201101128,4,1,0,0,2,0,1,5,2,3,4,9.37424334324612,1,1,14
201101129,4,1,0,0,1,0,0,5,5,2,4,10.2471127172904,2,1,14
201101130,5,1,1,1,1,1,0,3,3,2,3,10.0089660299862,1,1,14
201101131,5,1,1,1,1,0,0,3,3,2,5,10.6492151382542,2,1,14
201101132,5,1,1,1,2,0,1,4,1,2,4,11.5129354649202,3,1,14
201101133,5,1,1,1,1,1,0,1,1,4,5,8.86163359768663,1,1,14
201101134,3,0,-1,0,1,1,0,3,2,2,5,9.84644089715685,1,1,14
201101135,3,0,-1,0,1,0,0,3,1,1,2,11.0128914022824,3,1,14
201101136,5,1,1,1,2,0,1,4,1,1,5,9.85224688834253,1,1,14
201101137,3,0,-1,0,1,1,0,5,2,2,1,10.5506417177091,2,1,14
201101138,4,1,0,0,0,1,0,3,2,3,3,10.4764388033992,2,1,14
201101139,3,0,-1,0,2,0,1,1,2,2,4,10.8751980609599,2,1,14
201101140,4,1,0,0,1,1,0,3,2,2,4,10.3725752961781,2,1,14
201101141,4,1,0,0,2,0,1,3,2,2,5,11.7588163233602,3,1,14
201101142,4,1,0,0,1,0,0,3,2,3,4,9.13248693277132,1,1,14
201101143,4,1,0,0,2,0,1,3,1,2,5,11.8924039517447,3,1,14
201101144,2,0,-2,0,1,0,0,5,1,2,3,10.6152356582452,2,1,14
201101145,5,1,1,1,2,0,1,3,4,2,4,9.47278155656217,1,1,14
201101146,5,1,1,1,1,0,0,4,3,3,5,6.21660610108487,1,1,14
201101147,4,1,0,0,1,1,0,4,2,2,4,9.2687036152731,1,1,14
201101148,5,1,1,1,1,0,0,4,2,2,4,9.94179438669071,1,1,14
201101149,5,1,1,1,1,0,0,3,2,2,5,10.1464729460639,2,1,14
201101150,4,1,0,0,2,0,1,3,1,3,4,9.39274525863144,1,1,14
201101151,5,1,1,1,3,0,1,4,1,4,5,11.1207207202163,3,1,14
201101152,2,0,-2,0,2,1,1,4,3,2,2,11.2831596441268,3,1,14
201101153,4,1,0,0,1,0,0,5,1,2,4,8.18200013629341,1,1,14
201101154,5,1,1,1,1,0,0,3,2,3,5,9.61587214452889,1,1,14
201101155,5,1,1,1,1,1,0,3,1,4,4,10.1862424919306,2,1,14
201101156,5,1,1,1,0,1,0,5,2,4,5,10.2785357364151,2,1,14
201101157,4,1,0,0,1,0,0,3,2,2,4,10.4885204292416,2,1,14
201101158,4,1,0,0,0,0,0,3,1,2,5,10.5966597327836,2,1,14
201101159,4,1,0,0,2,1,1,2,2,1,5,11.5842738517182,3,1,14
201101160,3,0,-1,0,1,0,0,5,2,2,3,0,1,1,14
201101161,4,1,0,0,1,1,0,4,2,3,,5.14166355650266,1,1,14
201101162,5,1,1,1,1,1,0,,2,9,,5.70711026474888,1,1,14
201101163,4,1,0,0,1,1,0,4,1,2,4,7.9251575122247,1,1,14
201101164,5,1,1,1,1,1,0,3,1,3,5,10.488605729634,2,1,14
201101165,5,1,1,1,2,1,1,2,1,2,4,10.3358279757875,2,1,14
201101166,5,1,1,1,1,0,0,4,1,1,5,9.72681003812726,1,1,14
201101167,3,0,-1,0,1,0,0,1,1,2,5,8.24301946898925,1,1,14
201101168,4,1,0,0,1,0,0,4,1,2,4,10.7499182122367,2,0,14
201101169,4,1,0,0,2,0,1,3,2,2,5,9.86271763999292,1,0,14
201101170,4,1,0,0,1,0,0,3,1,2,4,9.69035621134864,1,0,14
201101171,4,1,0,0,2,0,1,5,2,2,4,8.7340771925593,1,0,14
201101172,5,1,1,1,1,1,0,5,3,2,5,9.08262063037381,1,0,14
201101173,4,1,0,0,1,0,0,5,2,2,4,11.1572094361254,3,0,14
201101174,4,1,0,0,1,0,0,5,2,2,4,9.57505292759738,1,0,14
201101175,4,1,0,0,1,0,0,3,2,2,4,9.23999625688369,1,0,14
201101176,5,1,1,1,2,0,1,4,2,3,5,9.28739400141847,1,0,14
201101177,4,1,0,0,3,1,1,5,2,2,5,10.6318575501879,2,0,14
201101178,5,1,1,1,1,1,0,3,1,3,5,10.8790561909892,2,0,14
201101179,5,1,1,1,1,1,0,3,2,2,4,11.0364713258469,3,0,14
201101180,5,1,1,1,1,0,0,5,2,2,5,9.11107237031751,1,0,14
201101181,2,0,-2,0,2,0,1,1,2,2,5,11.0736605241508,3,0,14
201101182,4,1,0,0,1,1,0,4,2,3,5,10.3901024475871,2,0,14
201101183,4,1,0,0,1,1,0,5,9,9,4,10.3540650631872,2,0,14
201101184,5,1,1,1,1,1,0,3,2,3,4,7.34018683532012,1,0,14
201101185,5,1,1,1,1,1,0,4,1,9,5,7.31388683163346,1,0,14
201101186,5,1,1,1,1,0,0,2,3,3,5,10.4175431106935,2,0,14
201101187,4,1,0,0,2,0,1,5,2,9,,10.4545237839635,2,0,14
201101188,5,1,1,1,1,0,0,3,2,4,4,10.3779876492999,2,0,14
201101189,5,1,1,1,1,1,0,4,2,4,5,10.8859444353177,2,0,14
201101190,4,1,0,0,1,0,0,5,2,4,2,10.6174417577771,2,0,14
201101191,4,1,0,0,1,0,0,3,2,2,4,10.2392031553259,2,0,14
201101192,5,1,1,1,1,1,0,4,2,2,4,9.80399865403539,1,0,14
201101193,5,1,1,1,2,1,1,3,2,3,4,11.1648279154964,3,0,14
201101194,4,1,0,0,1,0,0,5,2,2,3,9.77571099759397,1,0,14
201101195,5,1,1,1,1,0,0,1,2,3,5,9.48044384215367,1,0,14
201101196,5,1,1,1,1,0,0,5,2,1,4,11.5898957653227,3,0,14
201101197,3,0,-1,0,1,0,0,4,2,3,3,10.9991793698387,3,0,14
201101198,5,1,1,1,1,0,0,2,2,9,5,9.73038338479178,1,0,14
201101199,5,1,1,1,1,1,0,5,1,3,5,10.7443358645849,2,0,14
201101200,4,1,0,0,2,1,1,4,1,2,4,10.5966597327836,2,0,14
201101201,3,0,-1,0,2,1,1,3,1,3,4,9.43356392009056,1,0,14
201101202,3,0,-1,0,1,1,0,3,1,2,4,10.5957264105398,2,0,14
201101203,5,1,1,1,2,1,1,5,1,2,5,10.4139431078352,2,0,14
201101204,4,1,0,0,1,0,0,4,2,3,4,9.70509758756311,1,0,14
201101205,3,0,-1,0,2,0,1,4,1,1,4,9.38846980447351,1,0,14
201101206,5,1,1,1,2,0,1,3,2,2,5,10.9706263738274,3,0,14
201101207,2,0,-2,0,1,0,0,3,1,4,3,10.0168608797038,1,0,14
201101208,4,1,0,0,2,0,1,5,3,2,4,0,1,1,21
201101209,5,1,1,1,3,0,1,4,1,3,2,10.585753382064,2,1,21
201101210,4,1,0,0,3,0,1,5,3,2,4,11.6118744707551,3,1,21
201101211,5,1,1,1,1,1,0,5,2,2,4,11.5129354649202,3,1,21
201101212,3,0,-1,0,2,1,1,5,1,2,2,11.1703705632684,3,1,21
201101213,5,1,1,1,3,0,1,3,1,2,4,11.3385839825165,3,1,21
201101214,4,1,0,0,2,0,1,5,1,2,4,10.5038887628945,2,1,21
201101215,4,1,0,0,1,0,0,3,3,3,4,9.01201137703641,1,1,21
201101216,4,1,0,0,1,1,0,4,2,2,3,0,1,1,21
201101217,5,1,1,1,2,0,1,5,1,1,5,8.22977775008189,1,1,21
201101218,5,1,1,1,1,1,0,4,3,2,5,7.18614430452233,1,1,21
201101219,5,1,1,1,1,1,0,3,2,2,4,9.4955944993533,1,1,21
201101220,5,1,1,1,1,0,0,5,2,1,4,11.0564459709444,3,1,21
201101221,4,1,0,0,2,0,1,3,2,2,4,11.2009643610583,3,1,21
201101222,4,1,0,0,3,2,1,5,2,3,2,11.2102109696845,3,1,21
201101223,5,1,1,1,3,1,1,3,3,2,4,10.9151066458675,3,1,21
201101224,4,1,0,0,2,1,1,5,4,3,3,10.4851723052468,2,1,21
201101225,4,1,0,0,3,0,1,3,2,2,3,10.7150956639296,2,1,21
201101226,5,1,1,1,2,0,1,4,2,2,5,10.3431984542772,2,1,21
201101227,4,1,0,0,2,0,1,5,4,1,4,0,1,1,21
201101228,4,1,0,0,1,1,0,5,2,2,3,11.3036909825141,3,1,21
201101229,4,1,0,0,2,0,1,4,3,2,4,6.58063913728495,1,1,21
201101230,4,1,0,0,1,1,0,5,2,2,5,10.3359515548111,2,1,21
201101231,4,1,0,0,2,0,1,3,2,2,4,8.29429960885724,1,1,21
201101232,4,1,0,0,1,1,0,3,1,2,5,10.3433862929622,2,1,21
201101233,4,1,0,0,1,0,0,2,1,2,4,9.53249633228804,1,1,21
201101234,5,1,1,1,1,1,0,4,1,3,5,9.60514889989582,1,1,21
201101235,4,1,0,0,1,1,0,2,4,2,5,8.29429960885724,1,1,21
201101236,4,1,0,0,1,0,0,4,3,2,4,11.0650902896954,3,1,21
201101237,5,1,1,1,1,0,0,2,2,2,5,9.7914939755752,1,1,21
201101238,5,1,1,1,1,0,0,4,2,1,5,10.2819582342453,2,1,21
201101239,5,1,1,1,1,0,0,5,5,2,4,7.55013534248843,1,1,21
201101240,5,1,1,1,1,0,0,2,2,2,4,10.5690120875195,2,1,21
201101241,5,1,1,1,1,1,0,5,2,2,5,9.92333919823873,1,1,21
201101242,5,1,1,1,2,0,1,5,2,1,5,9.66147968357552,1,1,21
201101243,3,0,-1,0,3,2,1,2,2,2,4,11.4968062455903,3,1,21
201101244,5,1,1,1,2,0,1,5,2,3,5,9.39274525863144,1,1,21
201101245,5,1,1,1,2,0,1,5,1,1,5,10.778143459633,2,1,21
201101246,4,1,0,0,0,0,0,3,2,2,5,11.4153236614008,3,1,21
201101247,5,1,1,1,2,1,1,5,2,2,5,9.91348738711446,1,1,21
201101248,4,1,0,0,1,1,0,5,3,2,4,10.4260792308744,2,1,21
201101249,4,1,0,0,3,0,1,4,1,2,3,13.3046866008636,3,1,21
201101250,3,0,-1,0,1,1,0,3,1,2,5,9.53466772862471,1,1,21
201101251,4,1,0,0,1,0,0,4,2,2,4,10.5764575356573,2,1,21
201101252,4,1,0,0,2,0,1,5,1,2,4,10.066158970407,2,1,21
201101253,4,1,0,0,0,1,0,3,2,2,3,11.6262630788088,3,1,21
201101254,5,1,1,1,3,1,1,2,2,2,3,8.90937040519747,1,1,21
201101255,4,1,0,0,1,1,0,5,2,2,4,11.0635241431912,3,1,21
201101256,5,1,1,1,1,1,0,5,4,2,4,10.4913019948302,2,1,21
201101257,3,0,-1,0,1,0,0,4,2,2,4,9.7291936874294,1,1,21
201101258,4,1,0,0,2,0,1,5,2,3,5,10.4223111074132,2,1,21
201101259,4,1,0,0,1,0,0,5,2,2,4,9.57505292759738,1,1,21
201101260,3,0,-1,0,0,1,0,5,3,3,3,9.52959378326528,1,1,21
201101261,2,0,-2,0,1,0,0,5,2,2,3,11.0249204028033,3,1,21
201101262,4,1,0,0,1,0,0,4,2,2,4,0,1,1,21
201101263,5,1,1,1,2,0,1,5,2,2,5,10.354595018523,2,1,21
201101264,4,1,0,0,2,0,1,1,2,2,4,11.7238899010355,3,1,21
201101265,4,1,0,0,2,0,1,5,2,2,2,9.68040649926887,1,1,21
201101266,5,1,1,1,1,0,0,5,4,2,5,8.146419323098,1,1,21
201101267,5,1,1,1,3,1,1,2,2,1,2,13.0411554911738,3,1,21
201101268,4,1,0,0,1,0,0,5,2,2,4,10.4400101623893,2,1,21
201101269,3,0,-1,0,2,0,1,1,2,4,3,7.55013534248843,1,1,21
201101270,4,1,0,0,1,1,0,2,3,1,4,0,1,1,21
201101271,5,1,1,1,1,0,0,1,1,1,5,12.2548485238833,3,1,21
201101272,1,0,-3,0,2,0,1,3,2,1,1,0,1,1,21
201101273,4,1,0,0,2,1,1,5,2,2,4,11.3066918424424,3,1,21
201101274,4,1,0,0,1,0,0,5,1,1,4,9.63958710874915,1,1,21
201101275,5,1,1,1,3,1,1,2,2,2,5,11.5521557934619,3,1,21
201101276,5,1,1,1,1,0,0,5,2,2,4,9.7981825908907,1,1,21
201101277,4,1,0,0,0,1,0,5,2,2,4,0,1,1,21
201101278,3,0,-1,0,2,0,1,4,2,4,4,9.7981825908907,1,1,21
201101279,5,1,1,1,1,0,0,5,2,1,5,9.68663666084494,1,1,21
201101280,4,1,0,0,1,0,0,3,4,2,4,10.3735224312936,2,1,21
201101281,5,1,1,1,1,0,0,3,1,2,4,10.2955634235253,2,1,21
201101282,5,1,1,1,2,1,1,3,2,2,5,10.5400908362842,2,1,21
201101283,5,1,1,1,1,1,0,5,2,2,5,10.1085893253496,2,1,21
201101284,5,1,1,1,1,0,0,4,1,2,4,9.39274525863144,1,1,21
201101285,4,1,0,0,1,0,0,3,3,2,3,9.81743934791067,1,1,21
201101286,4,1,0,0,3,1,1,4,3,2,5,10.1811571672049,2,1,21
201101287,5,1,1,1,2,0,1,5,3,3,3,7.43897159239586,1,1,21
201101288,2,0,-2,0,1,1,0,3,2,2,2,12.3104371653488,3,1,21
201101289,4,1,0,0,2,0,1,3,2,2,5,10.1346389552519,2,1,21
201101290,5,1,1,1,1,0,0,5,2,3,5,7.85593219971861,1,1,21
201101291,4,1,0,0,2,0,1,5,1,2,3,11.0277177115872,3,1,21
201101292,4,1,0,0,2,0,1,5,2,4,4,10.1496051674102,2,1,21
201101293,5,1,1,1,2,0,1,5,2,2,4,10.4913019948302,2,1,21
201101294,5,1,1,1,3,2,1,2,4,2,4,10.7893396952697,2,1,21
201101295,4,1,0,0,1,1,0,3,1,2,4,10.4370819883548,2,1,21
201101296,4,1,0,0,1,0,0,5,2,2,5,9.7981825908907,1,1,21
201101297,2,0,-2,0,1,0,0,5,3,3,1,10.0583950887325,2,1,21
201101298,2,0,-2,0,2,0,1,4,3,2,2,0,1,1,21
201101299,4,1,0,0,2,2,1,5,2,3,5,10.6627969353497,2,1,21
201101300,5,1,1,1,3,0,1,4,5,2,2,10.1464729460639,2,1,21
201101301,4,1,0,0,1,0,0,4,2,2,3,9.94850871818365,1,1,21
201101302,4,1,0,0,1,1,0,5,1,2,4,8.57565076098781,1,1,21
201101303,4,1,0,0,2,0,1,4,2,2,4,10.4913019948302,2,1,21
201101304,4,1,0,0,1,0,0,3,1,2,4,7.93773177526011,1,1,21
201101305,5,1,1,1,1,0,0,5,2,2,5,9.39274525863144,1,1,21
201101306,4,1,0,0,1,1,0,3,2,2,4,11.0429378355965,3,1,21
201101307,4,1,0,0,1,1,0,4,4,2,4,8.29429960885724,1,1,21
201101308,5,1,1,1,1,1,0,4,1,2,5,10.8197982842103,2,1,21
201101309,3,0,-1,0,2,0,1,5,2,3,2,9.39274525863144,1,1,21
201101310,4,1,0,0,1,0,0,5,4,2,4,0,1,1,21
201101311,4,1,0,0,1,0,0,5,2,2,4,11.1809636037956,3,1,21
201101312,5,1,1,1,1,1,0,5,2,5,3,10.2681653877435,2,1,21
201101313,5,1,1,1,2,1,1,2,1,2,5,9.57505292759738,1,1,21
201101314,5,1,1,1,1,0,0,5,2,3,5,9.52522410185311,1,1,21
201101315,4,1,0,0,2,0,1,5,3,1,5,10.3089859934221,2,1,21
201101316,4,1,0,0,1,0,0,5,2,2,4,6.90875477931522,1,1,21
201101317,5,1,1,1,2,0,1,4,3,2,5,9.48804786328076,1,1,21
201101318,5,1,1,1,1,0,0,5,2,3,4,9.02413126845503,1,1,21
201101319,2,0,-2,0,1,1,0,1,2,3,2,10.3859445655017,2,1,21
201101320,3,0,-1,0,1,0,0,3,1,2,3,10.9187363480431,3,1,21
201101321,4,1,0,0,1,0,0,4,2,2,4,9.21044036697652,1,1,21
201101322,5,1,1,1,1,1,0,5,2,2,4,10.3089859934221,2,1,21
201101323,4,1,0,0,2,0,1,5,2,2,3,10.1697289067531,2,1,21
201101324,5,1,1,1,1,1,0,2,3,2,5,10.4223111074132,2,1,21
201101325,5,1,1,1,1,0,0,4,4,2,4,10.4913019948302,2,1,21
201101326,5,1,1,1,1,0,0,5,2,1,5,10.4924124582852,2,1,21
201101327,5,1,1,1,2,0,1,5,2,2,4,10.3797527869509,2,1,21
201101328,4,1,0,0,1,1,0,5,2,3,4,9.89550578279447,1,1,21
201101329,3,0,-1,0,2,2,1,5,1,3,5,9.93066488054092,1,1,21
201101330,4,1,0,0,1,1,0,1,2,2,3,12.9808021172274,3,1,21
201101331,4,1,0,0,1,1,0,5,2,2,3,10.4744953473105,2,1,21
201101332,4,1,0,0,1,0,0,4,2,2,3,10.1503866922047,2,1,21
201101333,4,1,0,0,1,0,0,4,2,2,3,9.62911649414402,1,1,21
201101334,4,1,0,0,1,0,0,4,1,2,3,8.32312288758774,1,1,21
201101335,4,1,0,0,3,2,1,1,4,2,4,10.0690443629974,2,1,21
201101336,4,1,0,0,1,0,0,4,2,2,4,7.60140233458373,1,1,21
201101337,5,1,1,1,2,0,1,3,2,1,5,9.72740648333163,1,1,21
201101338,4,1,0,0,2,0,1,4,2,2,4,9.90353755128617,1,1,21
201101339,2,0,-2,0,2,0,1,4,2,2,2,10.0594651339905,2,1,21
201101340,4,1,0,0,2,0,1,5,2,2,4,10.3620467317483,2,1,21
201101341,3,0,-1,0,1,0,0,4,2,1,3,10.4913019948302,2,1,21
201101342,5,1,1,1,1,0,0,5,4,1,4,10.7706090484022,2,1,21
201101343,5,1,1,1,1,0,0,5,2,2,4,10.2256072829329,2,1,21
201101344,5,1,1,1,2,0,1,3,2,2,5,9.21044036697652,1,1,21
201101345,4,1,0,0,2,0,1,2,2,2,4,0,1,1,21
201101346,4,1,0,0,1,0,0,5,2,9,4,9.8934877204578,1,1,21
201101347,4,1,0,0,1,1,0,5,2,3,4,10.1570827113062,2,1,21
201101348,3,0,-1,0,2,1,1,5,3,2,4,10.4617023595559,2,1,21
201101349,4,1,0,0,2,0,1,5,2,2,3,9.843790625278,1,1,21
201101350,3,0,-1,0,2,0,1,5,2,2,3,10.526775414924,2,1,21
201101351,4,1,0,0,1,0,0,5,3,3,4,10.0858507751287,2,1,21
201101352,4,1,0,0,1,0,0,5,2,2,3,10.2982623894361,2,1,21
201101353,4,1,0,0,1,0,0,5,1,1,4,10.1447792535716,2,1,21
201101354,4,1,0,0,2,1,1,1,1,2,4,11.1542628326013,3,1,21
201101355,4,1,0,0,2,0,1,5,4,2,5,9.47278155656217,1,1,21
201101356,4,1,0,0,1,1,0,5,1,2,4,9.90353755128617,1,1,21
201101357,4,1,0,0,1,1,0,5,1,2,4,10.4416462023698,2,1,21
201101358,4,1,0,0,1,0,0,3,2,2,4,10.3089859934221,2,1,21
201101359,5,1,1,1,1,1,0,3,3,2,4,9.79261185619019,1,1,21
201101360,5,1,1,1,1,0,0,5,2,2,5,10.716659698194,2,1,21
201101361,4,1,0,0,1,0,0,2,2,2,4,11.0349057929294,3,1,21
201101362,5,1,1,1,1,0,0,5,4,2,2,0,1,1,21
201101363,4,1,0,0,1,1,0,3,2,2,4,10.7843790600584,2,1,21
201101364,5,1,1,1,2,2,1,5,1,2,4,10.0101422304047,1,1,21
201101365,4,1,0,0,2,0,1,5,2,2,4,9.48804786328076,1,1,21
201101366,4,1,0,0,2,0,1,5,1,3,4,10.0858507751287,2,1,21
201101367,5,1,1,1,1,1,0,5,3,2,4,10.7820971854426,2,1,21
201101368,4,1,0,0,2,1,1,5,2,2,4,11.8209752623734,3,1,21
201101369,4,1,0,0,2,0,1,5,3,3,4,11.060384472475,3,1,21
201101370,4,1,0,0,2,1,1,5,1,4,4,10.556879877314,2,1,21
201101371,4,1,0,0,2,0,1,3,4,2,4,0,1,1,21
201101372,4,1,0,0,1,0,0,4,2,2,4,11.2644769261024,3,1,21
201101373,4,1,0,0,2,0,1,2,2,2,3,10.9650548843756,3,1,21
201101374,5,1,1,1,3,1,1,5,4,1,5,11.0623759341543,3,1,21
201101375,5,1,1,1,3,0,1,4,3,3,4,12.3349099129679,3,1,21
201101376,3,0,-1,0,2,0,1,5,1,2,4,11.5169274463495,3,1,21
201101377,4,1,0,0,1,0,0,4,2,2,4,9.69282824771042,1,1,21
201101378,4,1,0,0,3,0,1,1,2,2,4,9.21044036697652,1,1,21
201101379,2,0,-2,0,3,1,1,5,2,3,2,11.5058870030089,3,1,21
201101380,4,1,0,0,2,1,1,5,3,2,4,10.5050949364556,2,1,21
201101381,4,1,0,0,1,0,0,1,4,3,4,10.4942143354966,2,1,21
201101382,4,1,0,0,2,0,1,5,2,2,4,11.2803753099564,3,1,21
201101383,4,1,0,0,2,0,1,3,4,2,3,11.7360770162524,3,1,21
201101384,4,1,0,0,2,0,1,5,2,2,3,9.88333586432528,1,1,21
201101385,5,1,1,1,3,0,1,4,2,2,5,10.0647982524184,2,1,21
201101386,4,1,0,0,1,0,0,5,2,2,4,10.0168608797038,1,1,21
201101387,4,1,0,0,2,0,1,5,2,2,4,11.6168200003539,3,1,21
201101388,4,1,0,0,3,1,1,4,2,2,4,10.1266711030504,2,1,21
201101389,2,0,-2,0,2,0,1,5,2,2,4,10.99038144825,3,1,21
201101390,4,1,0,0,2,0,1,5,2,2,4,10.6454487065059,2,1,21
201101391,4,1,0,0,1,0,0,4,2,2,4,10.4103352749329,2,1,21
201101392,4,1,0,0,3,0,1,4,2,2,3,11.1816536825159,3,1,21
201101393,4,1,0,0,2,1,1,5,2,2,5,11.2265891532428,3,1,21
201101394,5,1,1,1,2,1,1,5,2,2,4,11.4066867860621,3,1,21
201101395,4,1,0,0,2,1,1,4,2,2,2,10.9785070402659,3,1,21
201101396,4,1,0,0,2,0,1,3,1,2,4,10.4103352749329,2,1,21
201101397,4,1,0,0,2,0,1,5,2,2,4,10.8277662951325,2,1,21
201101398,5,1,1,1,3,1,1,5,2,2,5,11.7597933553712,3,1,21
201101399,3,0,-1,0,2,0,1,1,3,2,2,8.8538082749772,1,0,21
201101400,4,1,0,0,1,1,0,1,2,2,4,10.2597974298461,2,0,21
201101401,5,1,1,1,2,0,1,3,3,3,4,11.6941400942417,3,0,21
201101402,5,1,1,1,3,1,1,3,2,2,4,10.6880966085758,2,0,21
201101403,4,1,0,0,1,0,0,2,2,3,3,9.46506010672514,1,0,21
201101404,4,1,0,0,1,0,0,5,2,2,4,10.9673531048744,3,0,21
201101405,3,0,-1,0,3,1,1,4,2,2,,11.8422364063316,3,0,21
201101406,4,1,0,0,3,2,1,1,1,4,4,11.9183972397228,3,0,21
201101407,4,1,0,0,3,0,1,5,1,2,4,9.90951932476785,1,0,21
201101408,5,1,1,1,1,0,0,5,3,3,3,10.7995143507287,2,0,21
201101409,4,1,0,0,1,0,0,5,2,2,3,11.1987353465674,3,0,21
201101410,4,1,0,0,2,0,1,1,1,2,4,9.7111762641128,1,0,21
201101411,4,1,0,0,1,0,0,5,1,2,3,9.58994051388929,1,0,21
201101412,4,1,0,0,2,0,1,5,4,2,3,10.463131911492,2,0,21
201101413,4,1,0,0,1,0,0,5,3,2,5,11.3067467636727,3,0,21
201101414,3,0,-1,0,1,0,0,5,2,4,3,10.348205424566,2,0,21
201101415,4,1,0,0,2,0,1,5,2,3,2,8.16080392095467,1,0,21
201101416,4,1,0,0,1,0,0,3,2,2,4,10.8197982842103,2,0,21
201101417,4,1,0,0,2,0,1,4,2,2,4,9.7981825908907,1,0,21
201101418,4,1,0,0,1,1,0,5,3,2,4,10.1581685298485,2,0,21
201101419,4,1,0,0,2,0,1,4,2,2,5,11.0300554172176,3,0,21
201101420,4,1,0,0,3,1,1,1,1,2,4,10.6501991964258,2,0,21
201101421,3,0,-1,0,2,0,1,5,2,2,4,10.6836955147898,2,0,21
201101422,5,1,1,1,1,0,0,5,2,3,5,9.7111762641128,1,0,21
201101423,4,1,0,0,2,0,1,3,2,3,5,10.3890261370752,2,0,21
201101424,4,1,0,0,2,0,1,5,2,3,5,10.5651698654655,2,0,21
201101425,5,1,1,1,1,0,0,5,2,2,5,11.1166331577944,3,0,21
201101426,4,1,0,0,1,0,0,3,4,2,4,10.463131911492,2,0,21
201101427,5,1,1,1,2,1,1,3,1,4,5,11.1224425610351,3,0,21
201101428,4,1,0,0,2,0,1,3,2,2,4,10.7012424654837,2,0,21
201101429,4,1,0,0,1,1,0,4,2,2,4,9.76772510152213,1,0,21
201101430,2,0,-2,0,2,0,1,1,3,4,3,9.7291936874294,1,0,21
201101431,5,1,1,1,1,0,0,5,1,2,5,9.65509029374725,1,0,21
201101432,4,1,0,0,1,0,0,5,2,2,4,6.21660610108487,1,0,21
201101433,3,0,-1,0,2,0,1,5,1,3,5,9.61587214452889,1,0,21
201101434,4,1,0,0,1,1,0,5,2,2,4,10.8704904099519,2,0,21
201101435,2,0,-2,0,1,0,0,4,2,2,2,10.5023515257749,2,0,21
201101436,3,0,-1,0,2,0,1,3,2,3,3,9.48804786328076,1,0,21
201101437,4,1,0,0,1,0,0,4,2,2,3,9.97119292889014,1,0,21
201101438,5,1,1,1,1,0,0,3,2,3,5,10.3255147489433,2,0,21
201101439,4,1,0,0,2,0,1,4,2,3,4,0,1,1,21
201101440,2,0,-2,0,1,0,0,4,2,2,2,10.7893396952697,2,1,21
201101441,4,1,0,0,3,0,1,4,1,1,2,9.2687036152731,1,1,21
201101442,2,0,-2,0,3,2,1,5,2,4,2,12.4500754960583,3,1,21
201101443,5,1,1,1,1,1,0,5,2,2,4,10.5957091095262,2,1,21
201101444,5,1,1,1,3,0,1,2,1,2,5,9.63567346472181,1,1,21
201101445,4,1,0,0,1,0,0,5,1,2,4,10.4341452149305,2,1,21
201101446,4,1,0,0,1,0,0,5,1,2,5,11.273603503911,3,1,21
201101447,4,1,0,0,2,0,1,2,2,4,3,9.21044036697652,1,1,21
201101448,3,0,-1,0,2,0,1,5,2,4,3,10.0900086123938,2,1,21
201101449,4,1,0,0,2,0,1,5,1,3,2,10.690830655983,2,1,21
201101450,5,1,1,1,1,1,0,5,3,1,5,9.72442069346267,1,1,21
201101451,4,1,0,0,2,0,1,1,1,2,4,9.61587214452889,1,1,21
201101452,4,1,0,0,1,0,0,5,2,1,4,10.5171511301621,2,1,21
201101453,3,0,-1,0,1,0,0,5,1,1,3,9.40351943877092,1,1,21
201101454,4,1,0,0,1,0,0,2,2,2,4,8.00670084544037,1,1,21
201101455,4,1,0,0,2,0,1,5,2,2,4,12.7131944185015,3,1,21
201101456,4,1,0,0,2,0,1,1,2,3,5,9.95132488195029,1,1,21
201101457,4,1,0,0,2,0,1,1,1,2,5,,1,1,21
201101458,4,1,0,0,1,1,0,5,1,2,4,10.0858507751287,2,1,21
201101459,4,1,0,0,2,1,1,4,2,2,4,9.4093621945898,1,1,21
201101460,3,0,-1,0,2,0,1,3,2,3,4,8.66578559546606,1,1,21
201101461,4,1,0,0,1,0,0,5,1,2,3,0,1,1,21
201101462,4,1,0,0,2,0,1,3,2,4,4,10.5828146744952,2,1,21
201101463,4,1,0,0,2,2,1,5,1,2,4,10.2110090163142,2,1,21
201101464,5,1,1,1,2,1,1,1,2,2,5,11.9640074537369,3,1,21
201101465,5,1,1,1,0,1,0,5,2,2,4,9.25922576970599,1,1,21
201101466,4,1,0,0,2,0,1,5,2,2,4,10.388410581979,2,1,21
201101467,4,1,0,0,2,0,1,5,1,2,4,10.8415043058954,2,1,21
201101468,2,0,-2,0,3,1,1,1,2,1,3,11.3813558967092,3,1,21
201101469,4,1,0,0,1,0,0,5,2,2,4,7.00397413672268,1,0,21
201101470,5,1,1,1,1,2,0,1,2,2,3,9.41743583886879,1,0,21
201101471,4,1,0,0,1,0,0,3,2,2,4,9.52449396163376,1,0,21
201101472,5,1,1,1,1,1,0,5,2,2,4,9.61587214452889,1,0,21
201101473,5,1,1,1,2,0,1,1,1,4,5,10.0846000453734,2,0,21
201101474,4,1,0,0,1,0,0,1,2,2,4,10.3080763001901,2,0,21
201101475,5,1,1,1,1,1,0,5,2,2,4,9.05497228474248,1,0,21
201101476,3,0,-1,0,1,0,0,5,2,1,3,10.1266711030504,2,0,21
201101477,5,1,1,1,1,0,0,5,1,2,3,9.56808474387294,1,0,21
201101478,5,1,1,1,1,0,0,3,1,1,5,10.4813704100254,2,0,21
201101479,5,1,1,1,2,1,1,1,2,2,2,8.77199043653224,1,0,21
201101480,5,1,1,1,1,0,0,3,2,2,5,9.43755562266045,1,0,21
201101481,5,1,1,1,1,0,0,5,1,1,3,10.6478267723575,2,0,21
201101482,5,1,1,1,2,1,1,2,1,2,5,10.7138089028757,2,0,21
201101483,4,1,0,0,1,0,0,5,1,2,3,9.31027620058878,1,0,21
201101484,5,1,1,1,1,1,0,1,1,2,4,10.8761775212594,2,0,21
201101485,4,1,0,0,1,0,0,5,3,2,2,11.1844352867906,3,0,21
201101486,4,1,0,0,1,0,0,4,3,2,4,8.88197518424887,1,0,21
201101487,3,0,-1,0,2,1,1,2,2,2,4,9.5819728915479,1,0,21
201101488,5,1,1,1,1,0,0,5,2,2,4,10.3417747410115,2,0,21
201101489,5,1,1,1,1,1,0,4,5,3,5,9.52240870293208,1,0,21
201101490,2,0,-2,0,1,0,0,4,1,2,2,8.89576660405609,1,0,21
201101491,5,1,1,1,1,0,0,5,1,3,3,9.38437770918244,1,0,21
201101492,2,0,-2,0,1,0,0,4,1,2,4,9.49859727917881,1,0,21
201101493,5,1,1,1,1,2,0,5,4,2,3,7.57609734062311,1,0,21
201101494,5,1,1,1,1,0,0,3,2,3,2,9.24096656551794,1,0,21
201101495,4,1,0,0,1,1,0,1,1,2,4,9.92822894442457,1,0,21
201101496,4,1,0,0,1,0,0,4,2,2,4,8.77971129020447,1,0,21
201101497,5,1,1,1,1,1,0,4,2,2,3,9.28739400141847,1,0,21
201101498,5,1,1,1,2,1,1,2,2,2,5,10.4574014009819,2,0,21
201101499,4,1,0,0,1,0,0,5,2,2,3,9.53249633228804,1,0,21
201101500,4,1,0,0,1,1,0,5,1,2,5,9.60750445504496,1,0,21
201101501,3,0,-1,0,1,1,0,4,1,2,4,0,1,0,21
201101502,5,1,1,1,2,0,1,5,2,1,5,,1,0,21
201101503,4,1,0,0,1,0,0,5,2,2,4,9.12706745278236,1,0,21
201101504,4,1,0,0,1,0,0,5,2,2,4,9.75851958228352,1,0,21
201101505,4,1,0,0,1,1,0,5,2,2,4,9.32998833424208,1,0,21
201101506,4,1,0,0,1,1,0,5,3,3,3,8.96839619119826,1,0,21
201101507,4,1,0,0,1,0,0,4,1,2,4,9.23999625688369,1,0,21
201101508,4,1,0,0,1,0,0,5,2,2,4,8.16080392095467,1,0,21
201101509,4,1,0,0,2,0,1,4,2,2,4,10.0990954536558,2,0,21
201101510,4,1,0,0,1,2,0,3,2,2,5,11.0488841507456,3,0,21
201101511,4,1,0,0,1,0,0,4,1,2,3,9.03610602536485,1,0,21
201101512,4,1,0,0,1,0,0,5,1,3,2,10.2810240757511,2,0,21
201101513,4,1,0,0,1,1,0,5,2,2,4,8.43402895015547,1,0,21
201101514,4,1,0,0,1,0,0,5,2,2,5,6.90875477931522,1,0,21
201101515,4,1,0,0,1,1,0,5,2,2,4,10.1811571672049,2,0,21
201101516,4,1,0,0,1,1,0,4,2,2,3,10.6454487065059,2,0,21
201101517,5,1,1,1,1,0,0,5,2,2,5,8.79497643168877,1,0,21
201101518,4,1,0,0,2,0,1,4,2,2,4,11.885254784166,3,0,21
201101519,2,0,-2,0,1,0,0,4,2,2,2,10.004282662571,1,0,21
201101520,4,1,0,0,1,0,0,5,2,2,5,10.633472802314,2,0,21
201101521,5,1,1,1,1,0,0,5,2,2,4,9.42298201769159,1,0,21
201101522,4,1,0,0,1,0,0,4,2,2,4,10.8197982842103,2,0,21
201101523,2,0,-2,0,1,0,0,3,1,3,3,7.78364059622125,1,0,21
201101524,4,1,0,0,1,1,0,4,2,2,5,10.2576944533605,2,0,21
201101525,4,1,0,0,3,1,1,3,1,2,4,9.90353755128617,1,0,21
201101526,5,1,1,1,2,0,1,3,2,2,3,0,1,0,21
201101527,4,1,0,0,1,1,0,1,3,1,5,10.7163733206915,2,0,21
201101528,4,1,0,0,1,1,0,3,2,4,4,10.4510596772691,2,0,21
201101529,4,1,0,0,3,0,1,5,1,2,4,11.2758234221765,3,1,22
201101530,4,1,0,0,1,0,0,5,2,3,3,9.7981825908907,1,1,22
201101531,2,0,-2,0,1,0,0,3,2,3,3,10.5187002182882,2,1,22
201101532,5,1,1,1,1,0,0,3,4,2,5,10.4903015223015,2,1,22
201101533,5,1,1,1,1,0,0,1,2,1,5,11.002116507732,3,1,22
201101534,4,1,0,0,2,0,1,3,3,3,5,7.82444593087762,1,1,22
201101535,4,1,0,0,3,0,1,4,2,2,4,11.7368766900282,3,1,22
201101536,5,1,1,1,2,0,1,2,4,4,4,10.3089859934221,2,1,22
201101537,5,1,1,1,1,0,0,5,2,2,5,10.1246691805368,2,1,22
201101538,5,1,1,1,2,1,1,3,1,1,5,10.9853096718968,3,1,22
201101539,4,1,0,0,2,0,1,4,2,2,4,10.900454637442,2,1,22
201101540,5,1,1,1,3,1,1,3,2,2,5,10.534785924769,2,1,22
201101541,5,1,1,1,2,0,1,5,4,2,4,11.1080616604178,3,1,22
201101542,5,1,1,1,1,0,0,5,5,9,5,9.96650929895228,1,1,22
201101543,5,1,1,1,2,0,1,1,1,2,4,9.31479047333265,1,1,22
201101544,5,1,1,1,1,1,0,5,2,2,5,9.21044036697652,1,1,22
201101545,5,1,1,1,1,0,0,3,2,2,2,10.4659848990766,2,1,22
201101546,5,1,1,1,2,1,1,3,2,3,2,10.3296046003752,2,1,22
201101547,4,1,0,0,3,0,1,2,2,2,5,10.1145990076265,2,1,22
201101548,4,1,0,0,1,0,0,5,3,3,4,8.00670084544037,1,1,22
201101549,4,1,0,0,1,0,0,5,2,3,4,10.1811571672049,2,1,22
201101550,5,1,1,1,1,0,0,,2,1,5,10.9151066458675,3,1,22
201101551,5,1,1,1,1,0,0,,1,9,4,8.45553053102413,1,1,22
201101552,4,1,0,0,2,1,1,5,2,2,4,10.7813409768147,2,1,22
201101553,5,1,1,1,2,1,1,5,2,3,5,10.2681653877435,2,1,22
201101554,4,1,0,0,2,0,1,5,1,2,1,10.6816879441295,2,1,22
201101555,4,1,0,0,1,0,0,5,3,3,4,10.1811571672049,2,1,22
201101556,4,1,0,0,1,0,0,3,2,2,5,9.65509029374725,1,1,22
201101557,4,1,0,0,1,0,0,2,4,2,5,10.6572828840475,2,1,22
201101558,5,1,1,1,2,1,1,3,2,2,3,10.5713425658087,2,1,22
201101559,5,1,1,1,2,0,1,3,2,2,5,10.8818324721456,2,1,22
201101560,4,1,0,0,2,0,1,5,1,2,4,9.6678285081515,1,1,22
201101561,5,1,1,1,3,2,1,1,2,2,4,0,1,1,22
201101562,5,1,1,1,2,0,1,3,9,9,4,8.29429960885724,1,1,22
201101563,5,1,1,1,0,0,0,5,2,2,3,9.21044036697652,1,1,22
201101564,3,0,-1,0,1,0,0,5,1,2,3,10.6840759656013,2,1,22
201101565,5,1,1,1,2,0,1,3,2,2,5,11.0666539872197,3,1,22
201101566,4,1,0,0,1,0,0,3,2,2,4,0,1,1,22
201101567,4,1,0,0,2,0,1,4,2,2,4,6.90875477931522,1,1,22
201101568,3,0,-1,0,1,0,0,5,1,2,3,10.6606471759373,2,1,22
201101569,5,1,1,1,1,0,0,3,1,2,5,11.6952553550628,3,1,22
201101570,4,1,0,0,1,0,0,5,2,3,5,7.49609734517596,1,1,22
201101571,5,1,1,1,2,0,1,5,2,2,5,10.6164618698958,2,1,22
201101572,3,0,-1,0,1,0,0,5,2,2,3,0,1,1,22
201101573,5,1,1,1,2,0,1,2,3,2,4,10.8512963311268,2,1,22
201101574,5,1,1,1,1,1,0,2,1,2,3,10.5201855609327,2,1,22
201101575,4,1,0,0,1,0,0,5,1,1,3,9.97604428726574,1,1,22
201101576,3,0,-1,0,2,0,1,5,1,2,3,10.2219776466299,2,1,22
201101577,5,1,1,1,2,0,1,5,2,3,5,6.80350525760834,1,1,22
201101578,5,1,1,1,1,0,0,5,3,2,5,5.30330490805908,1,1,22
201101579,5,1,1,1,0,1,0,4,3,2,4,10.1811571672049,2,1,22
201101580,3,0,-1,0,1,1,0,4,1,3,3,10.3089859934221,2,1,22
201101581,5,1,1,1,1,0,0,5,1,3,5,9.92333919823873,1,1,22
201101582,5,1,1,1,2,1,1,4,2,2,5,0,1,1,22
201101583,3,0,-1,0,3,0,1,3,3,1,3,11.1910797375312,3,1,22
201101584,5,1,1,1,1,0,0,5,2,2,4,6.68586094706836,1,1,22
201101585,4,1,0,0,1,0,0,5,2,2,5,8.63781663373998,1,1,22
201101586,3,0,-1,0,1,0,0,3,1,4,3,11.2847051816442,3,1,22
201101587,5,1,1,1,1,0,0,5,1,2,5,9.75851958228352,1,0,22
201101588,5,1,1,1,1,0,0,4,2,3,4,9.33264649636015,1,0,22
201101589,4,1,0,0,1,0,0,5,2,3,5,10.896297821848,2,0,22
201101590,4,1,0,0,1,0,0,5,1,2,4,11.4290951310485,3,0,22
201101591,5,1,1,1,1,0,0,3,1,3,5,9.21939921646453,1,0,22
201101592,4,1,0,0,1,0,0,3,2,3,5,10.7681774591873,2,0,22
201101593,4,1,0,0,1,1,0,3,3,2,4,9.9257870600309,1,0,22
201101594,4,1,0,0,1,0,0,3,1,2,5,10.0866837267407,2,0,22
201101595,3,0,-1,0,1,0,0,3,2,2,4,9.26681521890416,1,0,22
201101596,4,1,0,0,1,0,0,4,2,2,3,10.6942377369148,2,0,22
201101597,5,1,1,1,2,0,1,5,2,2,3,10.6896923778471,2,0,22
201101598,5,1,1,1,1,1,0,5,2,2,5,9.2687036152731,1,0,22
201101599,4,1,0,0,2,2,1,4,2,2,5,11.0713304622043,3,0,22
201101600,5,1,1,1,1,0,0,,2,9,5,9.7981825908907,1,0,22
201101601,5,1,1,1,1,1,0,3,1,2,5,10.6987625291419,2,0,22
201101602,3,0,-1,0,1,0,0,3,1,2,4,10.1282618047846,2,0,22
201101603,4,1,0,0,1,0,0,3,1,2,4,11.4512672916453,3,0,22
201101604,5,1,1,1,1,0,0,5,1,2,4,11.3284620848594,3,0,22
201101605,5,1,1,1,1,1,0,5,2,2,5,9.90353755128617,1,0,22
201101606,4,1,0,0,1,0,0,5,2,2,4,8.89576660405609,1,0,22
201101607,5,1,1,1,1,0,0,5,4,1,5,10.5769675966206,2,1,22
201101608,4,1,0,0,2,1,1,1,2,1,5,9.05380351415596,1,1,22
201101609,4,1,0,0,1,0,0,5,3,2,3,9.44943600950432,1,1,22
201101610,4,1,0,0,1,0,0,3,2,3,5,8.05864371221562,1,1,22
201101611,4,1,0,0,2,0,1,3,2,2,5,12.0212539735376,3,1,22
201101612,5,1,1,1,1,1,0,5,1,4,5,6.74641212857337,1,1,22
201101613,4,1,0,0,0,0,0,1,2,2,4,10.0073963117804,1,1,22
201101614,5,1,1,1,1,0,0,3,2,3,4,10.8097091668147,2,1,22
201101615,4,1,0,0,1,0,0,4,1,2,3,11.5805934591948,3,1,22
201101616,5,1,1,1,1,0,0,5,2,9,5,9.64348549585766,1,1,22
201101617,4,1,0,0,1,0,0,2,2,2,5,0,1,1,22
201101618,5,1,1,1,1,0,0,4,1,2,4,11.7997909541086,3,1,22
201101619,4,1,0,0,1,0,0,5,2,2,4,0,1,1,22
201101620,5,1,1,1,1,0,0,4,2,1,5,6.21660610108487,1,1,22
201101621,4,1,0,0,1,0,0,5,2,2,4,0,1,1,22
201101622,5,1,1,1,1,0,0,5,1,2,5,10.1186392539208,2,1,22
201101623,4,1,0,0,1,0,0,3,2,3,4,9.90303745125574,1,1,22
201101624,5,1,1,1,2,0,1,5,2,1,1,8.5173931714189,1,1,22
201101625,4,1,0,0,1,0,0,5,2,2,4,10.5387672443925,2,1,22
201101626,5,1,1,1,0,0,0,5,2,9,5,9.26293282209535,1,1,22
201101627,5,1,1,1,1,0,0,5,1,2,5,8.26898820950666,1,1,22
201101628,5,1,1,1,1,0,0,3,2,3,5,11.5022333512517,3,1,22
201101629,3,0,-1,0,2,0,1,5,3,3,4,9.99656797555214,1,1,22
201101630,4,1,0,0,1,0,0,1,2,3,4,10.6286419917311,2,1,22
201101631,5,1,1,1,1,0,0,5,2,3,5,,1,1,22
201101632,3,0,-1,0,1,0,0,3,3,3,2,7.60140233458373,1,1,22
201101633,3,0,-1,0,0,0,0,5,2,2,3,6.289715570909,1,1,22
201101634,4,1,0,0,1,0,0,1,2,2,4,8.55660619377307,1,1,22
201101635,5,1,1,1,1,0,0,5,1,3,5,10.63247515265,2,1,22
201101636,5,1,1,1,1,0,0,5,3,2,3,5.99396142730657,1,1,22
201101637,4,1,0,0,1,0,0,4,2,2,4,10.2036291813376,2,1,22
201101638,4,1,0,0,1,0,0,3,2,2,3,10.0168608797038,1,1,22
201101639,4,1,0,0,1,0,0,5,2,3,4,8.55660619377307,1,1,22
201101640,2,0,-2,0,0,1,0,5,1,2,2,8.52931937121408,1,1,22
201101641,4,1,0,0,1,0,0,3,1,2,4,12.2361216188804,3,1,22
201101642,3,0,-1,0,2,0,1,5,3,3,4,0,1,1,22
201101643,4,1,0,0,2,2,1,5,2,2,4,9.78790833668397,1,1,22
201101644,4,1,0,0,2,1,1,4,2,2,4,10.9481890891735,3,1,22
201101645,4,1,0,0,2,0,1,3,1,2,5,10.3519163600764,2,1,22
201101646,2,0,-2,0,3,2,1,2,2,3,3,10.1366210378797,2,1,22
201101647,5,1,1,1,2,0,1,5,1,2,4,10.5453677541517,2,1,22
201101648,4,1,0,0,1,0,0,5,3,2,2,9.81197515203002,1,1,22
201101649,3,0,-1,0,1,0,0,5,3,3,3,10.0172581219223,1,1,22
201101650,2,0,-2,0,1,1,0,5,1,1,2,9.81471098214528,1,1,22
201101651,4,1,0,0,1,0,0,3,2,2,3,10.8742854089089,2,1,22
201101652,5,1,1,1,1,0,0,3,1,2,5,,1,1,22
201101653,2,0,-2,0,1,1,0,5,1,3,1,9.07119324056602,1,1,22
201101654,4,1,0,0,1,0,0,3,2,2,5,9.66275267719151,1,1,22
201101655,5,1,1,1,1,0,0,3,1,2,5,10.6619776181462,2,1,22
201101656,5,1,1,1,1,0,0,4,3,3,5,8.81001204797317,1,1,22
201101657,4,1,0,0,2,0,1,4,3,3,3,10.9169231437966,3,1,22
201101658,4,1,0,0,2,0,1,5,1,4,3,11.8364644261795,3,1,22
201101659,4,1,0,0,1,1,0,5,1,2,4,0,1,1,22
201101660,3,0,-1,0,1,0,0,2,2,2,3,10.6874119271541,2,1,22
201101661,4,1,0,0,1,0,0,5,2,2,3,10.4913019948302,2,1,22
201101662,5,1,1,1,1,1,0,3,2,2,5,10.1188408383753,2,1,22
201101663,5,1,1,1,3,1,1,3,1,1,4,11.249109138959,3,1,22
201101664,4,1,0,0,1,0,0,3,2,2,2,11.747214672056,3,1,22
201101665,5,1,1,1,1,0,0,4,2,2,3,10.6600476514981,2,1,22
201101666,5,1,1,1,2,1,1,4,2,2,5,11.1913556338511,3,1,22
201101667,2,0,-2,0,1,0,0,5,2,9,2,10.0870602794153,2,0,22
201101668,5,1,1,1,1,0,0,5,2,2,5,9.59294618593827,1,0,22
201101669,4,1,0,0,2,0,1,3,3,2,5,10.6065347842199,2,0,22
201101670,5,1,1,1,2,0,1,3,2,1,3,10.2435604418772,2,0,22
201101671,4,1,0,0,1,0,0,5,1,2,4,9.78558638246074,1,0,22
201101672,3,0,-1,0,1,0,0,5,1,1,3,9.8934877204578,1,0,22
201101673,3,0,-1,0,0,0,0,5,2,1,3,10.0519506601738,2,0,22
201101674,4,1,0,0,1,1,0,3,2,2,4,6.68586094706836,1,0,22
201101675,5,1,1,1,3,1,1,3,2,2,4,11.0974251724089,3,0,22
201101676,5,1,1,1,1,2,0,4,2,3,3,8.36660283278374,1,0,22
201101677,3,0,-1,0,1,0,0,3,1,2,3,10.5713425658087,2,0,22
201101678,4,1,0,0,1,0,0,5,1,2,3,10.8183921679446,2,0,22
201101679,3,0,-1,0,1,0,0,3,1,2,4,11.3759710777212,3,0,22
201101680,4,1,0,0,1,0,0,5,1,2,3,9.72681003812726,1,0,22
201101681,5,1,1,1,1,0,0,5,4,2,4,9.31027620058878,1,0,22
201101682,4,1,0,0,1,0,0,3,4,3,5,10.0774828755836,2,0,22
201101683,5,1,1,1,0,0,0,5,1,2,5,10.8792075597317,2,0,22
201101684,3,0,-1,0,1,0,0,5,2,9,,11.3929926201291,3,0,22
201101685,4,1,0,0,0,1,0,2,1,2,4,11.9049743094802,3,0,22
201101686,5,1,1,1,1,1,0,3,2,3,3,10.5815464756746,2,0,22
201101687,4,1,0,0,1,0,0,4,2,2,4,9.64865981695529,1,0,22
201101688,4,1,0,0,1,0,0,5,1,2,3,10.4862895925896,2,0,22
201101689,5,1,1,1,1,0,0,5,3,3,5,9.6741372793124,1,0,22
201101690,2,0,-2,0,1,0,0,5,1,3,4,10.4223111074132,2,0,22
201101691,3,0,-1,0,1,0,0,5,2,3,3,9.57505292759738,1,0,22
201101692,5,1,1,1,1,0,0,3,2,3,5,10.8666809540965,2,0,22
201101693,4,1,0,0,1,0,0,3,2,2,4,9.70509758756311,1,0,22
201101694,4,1,0,0,2,0,1,2,1,2,5,10.2110090163142,2,0,22
201101695,4,1,0,0,1,0,0,3,2,2,5,9.99428757686257,1,0,22
201101696,4,1,0,0,1,0,0,5,2,2,5,9.52230033688749,1,0,22
201101697,5,1,1,1,1,0,0,5,1,2,5,10.1623842735562,2,0,22
201101698,4,1,0,0,2,0,1,5,2,2,4,9.21044036697652,1,0,22
201101699,5,1,1,1,1,1,0,2,3,3,5,11.199104521058,3,0,22
201101700,4,1,0,0,1,0,0,2,2,2,4,9.10175243155928,1,0,22
201101701,4,1,0,0,1,0,0,5,1,2,2,10.4909861985342,2,0,22
201101702,3,0,-1,0,1,0,0,5,2,2,4,11.1935847976713,3,0,22
201101703,5,1,1,1,1,1,0,3,2,2,3,11.1492402924103,3,0,22
201101704,4,1,0,0,1,1,0,1,2,1,4,9.86531828641862,1,0,22
201101705,4,1,0,0,1,1,0,3,2,2,4,11.151969943848,3,0,22
201101706,4,1,0,0,1,0,0,3,2,2,4,10.9041715626893,2,0,22
201101707,5,1,1,1,1,0,0,3,2,2,4,10.4645594227262,2,0,22
201101708,4,1,0,0,1,1,0,3,1,2,4,9.98511362141607,1,0,22
201101709,4,1,0,0,0,0,0,1,2,9,4,12.7278411766891,3,0,22
201101710,3,0,-1,0,1,0,0,4,1,3,3,10.801634680174,2,0,22
201101711,4,1,0,0,1,0,0,3,2,2,3,11.1830454518183,3,0,22
201101712,,,,,1,0,0,5,2,9,4,10.7165570587002,2,0,22
201101713,5,1,1,1,1,0,0,1,1,2,5,10.3914845753621,2,0,22
201101714,2,0,-2,0,0,1,0,5,3,2,2,9.9085248440534,1,0,22
201101715,4,1,0,0,1,0,0,5,2,2,4,10.1581685298485,2,0,22
201101716,5,1,1,1,1,0,0,3,1,3,5,9.47278155656217,1,0,22
201101717,4,1,0,0,1,1,0,3,3,2,3,9.67179825171967,1,0,22
201101718,5,1,1,1,1,0,0,5,1,2,5,10.5187002182882,2,0,22
201101719,4,1,0,0,1,0,0,5,2,2,4,5.30330490805908,1,0,22
201101720,4,1,0,0,2,1,1,5,1,1,4,10.3089859934221,2,0,22
201101721,4,1,0,0,1,1,0,3,2,3,4,11.0936261191792,3,0,22
201101722,5,1,1,1,1,0,0,5,1,3,5,9.31479047333265,1,0,22
201101723,3,0,-1,0,2,1,1,3,1,2,3,10.817796321619,2,0,22
201101724,5,1,1,1,2,0,1,1,1,1,5,9.86271763999292,1,0,22
201101725,4,1,0,0,1,0,0,3,1,2,4,9.5819728915479,1,0,22
201101726,5,1,1,1,1,0,0,5,2,2,3,,1,0,22
201101727,4,1,0,0,1,1,0,3,2,2,5,9.12271062201521,1,1,22
201101728,4,1,0,0,1,1,0,3,1,3,4,10.1515578353742,2,1,22
201101729,4,1,0,0,1,0,0,3,1,2,5,9.62845842620766,1,1,22
201101730,2,0,-2,0,1,0,0,5,2,3,4,9.22339357653907,1,1,22
201101731,5,1,1,1,1,0,0,5,2,4,5,10.2636414379343,2,1,22
201101732,4,1,0,0,1,0,0,4,4,2,2,10.6919676399149,2,1,22
201101733,3,0,-1,0,1,1,0,2,2,2,5,10.3189359942532,2,1,22
201101734,,,,,1,0,0,,1,2,,10.6805392053183,2,1,22
201101735,5,1,1,1,1,0,0,5,1,1,5,10.7573322391839,2,1,22
201101736,5,1,1,1,1,0,0,5,2,3,4,11.1723453023628,3,1,22
201101737,5,1,1,1,1,1,0,5,1,3,5,10.839796574724,2,1,22
201101738,2,0,-2,0,1,1,0,5,1,2,2,8.29429960885724,1,1,22
201101739,4,1,0,0,1,0,0,5,3,3,4,9.02413126845503,1,1,22
201101740,4,1,0,0,1,0,0,5,2,2,4,0,1,1,22
201101741,2,0,-2,0,1,1,0,1,1,4,3,9.74102744483773,1,1,22
201101742,5,1,1,1,1,1,0,4,1,2,4,0,1,1,22
201101743,5,1,1,1,1,1,0,5,2,2,5,7.90137735379262,1,1,22
201101744,4,1,0,0,1,1,0,3,1,3,5,8.97474461272273,1,1,22
201101745,4,1,0,0,1,0,0,5,5,4,5,9.94755228369823,1,1,22
201101746,4,1,0,0,1,0,0,5,3,3,4,6.90875477931522,1,1,22
201101747,5,1,1,1,1,1,0,5,2,2,5,0,1,1,22
201101748,3,0,-1,0,2,0,1,5,2,9,3,8.47657950853094,1,1,22
201101749,4,1,0,0,1,0,0,2,2,2,4,10.7995959850478,2,1,22
201101750,2,0,-2,0,1,0,0,5,1,3,4,8.34307787116938,1,1,22
201101751,4,1,0,0,1,0,0,5,1,2,4,10.4913019948302,2,1,22
201101752,5,1,1,1,1,0,0,5,2,2,1,10.0816755780485,2,1,22
201101753,4,1,0,0,1,0,0,5,1,9,,6.21660610108487,1,1,22
201101754,4,1,0,0,1,0,0,5,9,9,,8.29429960885724,1,1,22
201101755,5,1,1,1,1,0,0,5,2,3,3,8.65712903171376,1,1,22
201101756,5,1,1,1,2,1,1,5,1,9,5,9.79915873106129,1,1,22
201101757,5,1,1,1,1,0,0,5,1,3,5,0,1,1,22
201101758,5,1,1,1,0,1,0,5,1,2,4,8.29429960885724,1,1,22
201101759,4,1,0,0,1,0,0,1,2,2,4,5.30330490805908,1,1,22
201101760,5,1,1,1,1,1,0,5,2,3,5,9.17998425196128,1,1,22
201101761,4,1,0,0,1,0,0,3,2,2,5,9.88078171500049,1,1,22
201101762,5,1,1,1,1,0,0,5,2,3,5,8.81001204797317,1,1,22
201101763,5,1,1,1,1,0,0,5,2,3,5,9.70326675585434,1,1,22
201101764,4,1,0,0,1,1,0,3,1,2,5,9.03610602536485,1,1,22
201101765,5,1,1,1,2,1,1,5,1,2,5,10.4833534997882,2,1,22
201101766,4,1,0,0,1,1,0,3,1,1,4,10.1250698857834,2,1,22
201101767,4,1,0,0,1,1,0,3,2,2,4,10.873943190054,2,1,22
201101768,,,,,1,0,0,5,1,9,,6.39859493453521,1,1,22
201101769,4,1,0,0,1,0,0,5,2,2,5,10.5966597327836,2,1,22
201101770,4,1,0,0,1,0,0,3,1,2,5,11.0186455364637,3,1,22
201101771,4,1,0,0,1,0,0,1,1,2,3,9.72322387685162,1,1,22
201101772,4,1,0,0,1,0,0,4,2,2,4,9.45100945015621,1,1,22
201101773,4,1,0,0,1,1,0,5,2,3,4,9.48804786328076,1,1,22
201101774,5,1,1,1,1,0,0,3,2,2,4,8.15507488781144,1,1,22
201101775,4,1,0,0,1,0,0,,3,9,,8.34307787116938,1,1,22
201101776,2,0,-2,0,1,0,0,5,1,3,4,9.61587214452889,1,1,22
201101777,4,1,0,0,1,0,0,5,2,2,4,5.70711026474888,1,1,22
201101778,4,1,0,0,0,1,0,3,1,2,4,11.259979706794,3,1,22
201101779,3,0,-1,0,1,0,0,5,2,3,4,9.61587214452889,1,1,22
201101780,2,0,-2,0,1,0,0,3,1,2,4,8.86799089818209,1,1,22
201101781,4,1,0,0,2,0,1,3,2,2,3,9.90353755128617,1,1,22
201101782,5,1,1,1,1,0,0,5,2,2,3,9.84166533889278,1,1,22
201101783,5,1,1,1,1,0,0,4,4,2,5,11.4510606994934,3,1,22
201101784,2,0,-2,0,2,0,1,1,2,2,2,9.65509029374725,1,1,22
201101785,5,1,1,1,1,0,0,3,2,4,4,9.39673694792328,1,1,22
201101786,4,1,0,0,1,0,0,5,2,4,4,8.8538082749772,1,1,22
201101787,4,1,0,0,1,1,0,5,2,2,4,0,1,1,22
201101788,5,1,1,1,1,1,0,5,2,2,5,10.348205424566,2,1,22
201101789,5,1,1,1,2,1,1,3,2,2,5,10.7010172706892,2,1,22
201101790,3,0,-1,0,1,0,0,3,2,3,3,9.21044036697652,1,1,22
201101791,4,1,0,0,1,0,0,5,2,2,4,9.48804786328076,1,1,22
201101792,4,1,0,0,1,0,0,5,2,2,4,10.1589524701905,2,1,22
201101793,4,1,0,0,1,0,0,5,2,2,4,9.99428757686257,1,1,22
201101794,4,1,0,0,1,0,0,5,2,2,4,9.69282824771042,1,1,22
201101795,5,1,1,1,2,0,1,4,1,1,5,10.6213517356329,2,1,22
201101796,4,1,0,0,1,0,0,5,2,2,4,9.80210738601797,1,1,22
201101797,4,1,0,0,1,0,0,5,2,2,3,8.5173931714189,1,1,22
201101798,4,1,0,0,1,0,0,3,1,2,4,9.36228862824824,1,1,22
201101799,2,0,-2,0,1,0,0,5,2,2,4,11.0898206886824,3,1,22
201101800,4,1,0,0,2,0,1,3,2,4,4,10.8277662951325,2,1,22
201101801,4,1,0,0,1,0,0,5,2,2,2,10.1064692120264,2,1,22
201101802,4,1,0,0,1,0,0,5,1,2,4,11.1063343325095,3,0,22
201101803,4,1,0,0,1,0,0,5,2,2,3,10.392098241731,2,0,22
201101804,2,0,-2,0,1,0,0,4,2,4,2,10.2815714271842,2,0,22
201101805,2,0,-2,0,0,1,0,5,2,2,2,9.99884318585288,1,0,22
201101806,4,1,0,0,2,1,1,3,2,1,4,8.00670084544037,1,0,22
201101807,3,0,-1,0,1,0,0,4,2,3,5,9.30574145673943,1,0,22
201101808,4,1,0,0,1,0,0,1,2,2,4,11.3009814639096,3,0,22
201101809,4,1,0,0,1,0,0,5,2,4,2,11.0550799380517,3,0,22
201101810,4,1,0,0,1,0,0,5,2,2,3,10.8609394214152,2,0,22
201101811,5,1,1,1,2,0,1,5,1,1,5,9.7538848483049,1,0,22
201101812,4,1,0,0,1,1,0,3,2,2,4,10.1503866922047,2,0,22
201101813,2,0,-2,0,1,1,0,5,2,2,3,10.7789771230064,2,0,22
201101814,3,0,-1,0,1,1,0,1,2,2,4,10.6689786502192,2,0,22
201101815,4,1,0,0,1,1,0,1,1,2,5,10.8277662951325,2,0,22
201101816,5,1,1,1,1,0,0,2,1,2,5,9.98049488889691,1,0,22
201101817,5,1,1,1,1,0,0,5,1,2,4,10.6454487065059,2,0,22
201101818,3,0,-1,0,1,0,0,5,2,2,4,11.4845362784615,3,0,22
201101819,2,0,-2,0,1,0,0,5,2,2,1,11.1004508475512,3,0,22
201101820,4,1,0,0,1,0,0,5,2,2,4,10.5030510600677,2,0,22
201101821,4,1,0,0,3,0,1,5,2,2,4,11.4494636972589,3,1,23
201101822,5,1,1,1,2,1,1,5,2,2,4,10.9954276314362,3,1,23
201101823,4,1,0,0,2,1,1,5,2,2,4,10.7536598491988,2,1,23
201101824,4,1,0,0,2,1,1,5,2,2,4,10.9259564656884,3,1,23
201101825,3,0,-1,0,1,1,0,1,1,2,2,9.67569153265702,1,1,23
201101826,5,1,1,1,1,1,0,3,2,3,5,10.2017756814001,2,1,23
201101827,2,0,-2,0,3,1,1,5,2,3,4,10.8327142528186,2,1,23
201101828,4,1,0,0,3,0,1,3,2,2,2,9.30574145673943,1,1,23
201101829,5,1,1,1,2,0,1,3,2,2,2,10.0078926118909,1,1,23
201101830,2,0,-2,0,2,1,1,5,2,2,2,9.90353755128617,1,1,23
201101831,4,1,0,0,1,1,0,5,2,2,4,10.2980133565433,2,1,23
201101832,5,1,1,1,1,0,0,5,2,1,5,9.90353755128617,1,1,23
201101833,4,1,0,0,1,0,0,3,2,9,4,11.3570258477891,3,1,23
201101834,3,0,-1,0,1,1,0,5,2,2,4,9.87101601238917,1,1,23
201101835,4,1,0,0,2,1,1,3,3,2,4,10.0858507751287,2,1,23
201101836,4,1,0,0,2,0,1,5,2,3,4,10.179640924164,2,1,23
201101837,5,1,1,1,2,0,1,5,2,2,4,9.83097062169695,1,1,23
201101838,5,1,1,1,2,1,1,4,1,1,4,0,1,1,23
201101839,3,0,-1,0,3,0,1,5,2,2,3,9.87575657879782,1,1,23
201101840,4,1,0,0,1,0,0,5,2,2,4,10.2805874790874,2,1,23
201101841,4,1,0,0,2,0,1,5,4,3,4,11.0628416742884,3,1,23
201101842,2,0,-2,0,2,0,1,3,1,2,1,8.64839687703158,1,1,23
201101843,4,1,0,0,2,0,1,5,2,3,2,10.300954090533,2,1,23
201101844,5,1,1,1,1,0,0,3,2,2,5,9.7111762641128,1,1,23
201101845,4,1,0,0,2,0,1,5,2,2,4,0,1,1,23
201101846,5,1,1,1,1,1,0,2,2,2,3,13.9467151206184,3,1,23
201101847,4,1,0,0,2,0,1,5,1,2,2,10.9384675759594,3,1,23
201101848,5,1,1,1,2,0,1,3,2,2,5,10.6402927024355,2,1,23
201101849,5,1,1,1,1,0,0,3,1,2,4,10.3954055483745,2,1,23
201101850,5,1,1,1,1,0,0,3,2,2,5,10.9527563990047,3,1,23
201101851,4,1,0,0,2,0,1,3,4,3,4,11.7360770162524,3,1,23
201101852,5,1,1,1,2,0,1,5,5,2,2,10.0123867994921,1,1,23
201101853,3,0,-1,0,2,1,1,5,3,2,2,10.6164618698958,2,1,23
201101854,5,1,1,1,1,0,0,4,4,2,5,10.5728798057415,2,1,23
201101855,2,0,-2,0,3,1,1,3,2,2,3,10.8780660602808,2,1,23
201101856,4,1,0,0,3,1,1,1,4,1,4,11.3169227464204,3,1,23
201101857,4,1,0,0,2,0,1,5,2,3,3,10.6454487065059,2,1,23
201101858,5,1,1,1,1,0,0,5,9,9,4,10.3222307815901,2,1,23
201101859,5,1,1,1,2,2,1,5,2,3,5,10.5721114811634,2,1,23
201101860,5,1,1,1,3,1,1,5,2,2,2,10.5394557308089,2,1,23
201101861,4,1,0,0,3,2,1,2,3,4,3,11.8949193497051,3,1,23
201101862,5,1,1,1,2,1,1,5,4,2,4,10.7901579646516,2,1,23
201101863,2,0,-2,0,0,0,0,4,3,3,3,10.5584394939645,2,1,23
201101864,5,1,1,1,1,0,0,4,2,9,5,0,1,1,23
201101865,4,1,0,0,2,0,1,5,3,2,4,10.4163411186364,2,1,23
201101866,5,1,1,1,2,0,1,3,2,2,4,10.9987776622069,3,1,23
201101867,5,1,1,1,1,0,0,5,2,9,5,7.09090982207998,1,1,23
201101868,5,1,1,1,3,2,1,5,2,2,2,10.4811151495232,2,1,23
201101869,5,1,1,1,2,1,1,5,2,2,4,10.7579241570616,2,1,23
201101870,5,1,1,1,2,0,1,3,2,2,5,9.90353755128617,1,1,23
201101871,4,1,0,0,2,0,1,4,2,2,3,11.1389735586995,3,1,23
201101872,4,1,0,0,2,0,1,5,1,2,3,10.4913019948302,2,1,23
201101873,5,1,1,1,2,0,1,3,2,2,5,10.1754593625323,2,1,23
201101874,4,1,0,0,2,1,1,5,1,3,4,11.788289480717,3,1,23
201101875,5,1,1,1,2,0,1,5,1,3,4,10.0078926118909,1,1,23
201101876,4,1,0,0,2,0,1,2,2,2,4,10.4913019948302,2,1,23
201101877,4,1,0,0,3,0,1,5,2,4,4,11.1982284186668,3,1,23
201101878,5,1,1,1,2,0,1,5,2,2,3,10.7188744894694,2,1,23
201101879,4,1,0,0,2,2,1,5,4,3,3,10.909434442132,2,1,23
201101880,5,1,1,1,3,2,1,4,2,2,4,9.62417039641598,1,1,23
201101881,4,1,0,0,2,0,1,5,1,3,4,11.8350162104899,3,1,23
201101882,5,1,1,1,1,1,0,5,2,2,4,10.4223111074132,2,1,23
201101883,4,1,0,0,1,0,0,5,2,2,4,0,1,1,23
201101884,4,1,0,0,3,1,1,4,2,2,4,9.74102744483773,1,1,23
201101885,5,1,1,1,1,0,0,5,2,2,5,0,1,1,23
201101886,4,1,0,0,2,1,1,3,3,2,3,11.3794055008518,3,1,23
201101887,5,1,1,1,1,0,0,5,2,2,5,9.50606501607115,1,1,23
201101888,3,0,-1,0,3,0,1,3,2,3,4,10.6213517356329,2,1,23
201101889,3,0,-1,0,2,0,1,5,1,3,4,9.90353755128617,1,1,23
201101890,4,1,0,0,1,0,0,5,3,2,4,7.90948949267376,1,1,23
201101891,5,1,1,1,1,0,0,3,2,2,5,9.48804786328076,1,1,23
201101892,5,1,1,1,2,1,1,2,3,1,5,9.81743934791067,1,1,23
201101893,5,1,1,1,1,0,0,1,2,2,5,10.6688923476301,2,1,23
201101894,4,1,0,0,2,1,1,3,2,2,4,10.4388868031554,2,1,23
201101895,4,1,0,0,1,1,0,5,1,1,3,11.2023295303465,3,1,23
201101896,4,1,0,0,2,0,1,4,1,2,4,9.54688403461792,1,1,23
201101897,4,1,0,0,2,0,1,5,1,2,5,10.3222307815901,2,1,23
201101898,4,1,0,0,2,1,1,1,2,2,4,11.1064748714308,3,1,23
201101899,3,0,-1,0,1,0,0,2,5,3,3,10.5187002182882,2,1,23
201101900,5,1,1,1,0,1,0,5,3,4,5,0,1,1,23
201101901,4,1,0,0,1,0,0,5,2,2,4,8.59433940059289,1,1,23
201101902,4,1,0,0,3,0,1,5,2,2,4,11.4186257744496,3,1,23
201101903,5,1,1,1,2,0,1,5,3,2,5,10.1735528569597,2,1,23
201101904,4,1,0,0,2,0,1,3,2,3,2,10.6454487065059,2,1,23
201101905,4,1,0,0,1,0,0,2,2,2,4,10.0941492336051,2,1,23
201101906,4,1,0,0,1,1,0,5,2,3,4,10.6164618698958,2,1,23
201101907,4,1,0,0,3,0,1,3,2,2,4,9.21044036697652,1,1,23
201101908,4,1,0,0,1,1,0,3,3,3,5,10.5453677541517,2,1,23
201101909,5,1,1,1,3,0,1,1,4,2,2,10.8911869022975,2,1,23
201101910,5,1,1,1,3,1,1,4,4,2,3,11.3794055008518,3,1,23
201101911,5,1,1,1,1,0,0,1,2,2,4,11.1322963661828,3,1,23
201101912,4,1,0,0,3,0,1,3,1,2,2,10.3089859934221,2,1,23
201101913,3,0,-1,0,2,1,1,5,1,4,3,9.57505292759738,1,1,23
201101914,4,1,0,0,2,1,1,5,4,2,3,10.6782377612977,2,1,23
201101915,3,0,-1,0,2,0,1,5,4,3,4,10.3157688308113,2,1,23
201101916,5,1,1,1,2,0,1,3,4,4,5,10.5628652443592,2,1,23
201101917,4,1,0,0,2,0,1,1,1,2,5,10.9151066458675,3,1,23
201101918,5,1,1,1,1,0,0,5,1,2,5,10.0077124235937,1,1,23
201101919,5,1,1,1,1,0,0,3,2,2,5,9.69945765137644,1,1,23
201101920,2,0,-2,0,2,1,1,4,3,2,4,10.4913019948302,2,1,23
201101921,4,1,0,0,2,1,1,4,2,2,3,10.236417809461,2,1,23
201101922,5,1,1,1,3,1,1,4,2,2,3,9.86894786626138,1,1,23
201101923,2,0,-2,0,2,0,1,5,1,2,2,9.48804786328076,1,1,23
201101924,5,1,1,1,3,2,1,3,2,2,4,11.7890484882752,3,1,23
201101925,4,1,0,0,2,1,1,5,2,3,4,11.631268690913,3,1,23
201101926,4,1,0,0,2,0,1,4,4,2,2,11.4382126945783,3,1,23
201101927,4,1,0,0,1,1,0,4,2,2,4,0,1,1,23
201101928,4,1,0,0,3,1,1,4,2,3,3,12.3436626657717,3,1,23
201101929,3,0,-1,0,2,0,1,5,2,3,2,11.0540754027946,3,1,23
201101930,4,1,0,0,2,0,1,5,2,2,4,10.2952931258583,2,1,23
201101931,5,1,1,1,2,1,1,1,4,4,5,9.64218772135847,1,1,23
201101932,4,1,0,0,1,0,0,5,4,3,4,10.7789771230064,2,1,23
201101933,5,1,1,1,2,0,1,5,9,9,5,11.8635893788121,3,1,23
201101934,4,1,0,0,1,0,0,5,3,3,4,10.0024727892205,1,1,23
201101935,4,1,0,0,1,0,0,5,3,2,3,10.1961944792357,2,1,23
201101936,4,1,0,0,2,1,1,4,2,2,3,10.578995104674,2,1,23
201101937,3,0,-1,0,3,0,1,1,2,2,2,11.1844352867906,3,1,23
201101938,5,1,1,1,1,0,0,3,2,3,4,10.5453677541517,2,1,23
201101939,5,1,1,1,1,0,0,2,2,1,4,11.1830454518183,3,1,23
201101940,5,1,1,1,2,0,1,1,1,2,4,12.1505652209982,3,1,23
201101941,5,1,1,1,1,0,0,5,4,2,5,9.90353755128617,1,1,23
201101942,5,1,1,1,1,0,0,3,2,2,5,10.8763665357385,2,1,23
201101943,5,1,1,1,2,0,1,,9,2,4,10.5321228782696,2,1,23
201101944,5,1,1,1,2,0,1,5,2,2,5,10.9508240905224,3,1,23
201101945,4,1,0,0,1,0,0,5,2,2,4,5.30330490805908,1,1,23
201101946,5,1,1,1,3,1,1,5,2,1,5,9.43356392009056,1,1,23
201101947,5,1,1,1,2,2,1,5,1,2,4,10.7789771230064,2,1,23
201101948,5,1,1,1,2,1,1,3,3,2,4,11.3580066256006,3,1,23
201101949,5,1,1,1,2,2,1,5,2,1,5,12.2308140374186,3,1,23
201101950,5,1,1,1,0,0,0,5,1,2,5,9.04805670891874,1,1,23
201101951,5,1,1,1,3,0,1,5,2,2,5,7.63094658089046,1,1,23
201101952,4,1,0,0,1,0,0,4,1,1,4,11.0120666735714,3,1,23
201101953,4,1,0,0,1,1,0,5,1,2,4,10.3222307815901,2,1,23
201101954,2,0,-2,0,2,1,1,5,1,3,5,11.6952553550628,3,1,23
201101955,5,1,1,1,3,1,1,4,1,2,5,11.3445186475948,3,1,23
201101956,2,0,-2,0,2,0,1,2,2,4,2,10.5321228782696,2,1,23
201101957,5,1,1,1,2,0,1,3,1,2,4,10.8818324721456,2,1,23
201101958,5,1,1,1,1,0,0,4,2,2,4,6.21660610108487,1,1,23
201101959,4,1,0,0,1,0,0,5,2,2,3,0,1,1,23
201101960,1,0,-3,0,2,0,1,1,2,3,3,6.90875477931522,1,1,23
201101961,4,1,0,0,2,1,1,5,1,2,3,8.11999382772511,1,1,23
201101962,4,1,0,0,1,1,0,5,2,2,5,9.03610602536485,1,1,23
201101963,5,1,1,1,3,1,1,3,2,2,4,11.2268554258276,3,1,23
201101964,5,1,1,1,2,1,1,4,3,2,5,11.0054442424546,3,1,23
201101965,4,1,0,0,2,1,1,5,2,2,3,8.5173931714189,1,1,23
201101966,4,1,0,0,2,0,1,2,2,1,5,10.6262178068877,2,1,23
201101967,5,1,1,1,1,0,0,3,1,3,2,0,1,1,23
201101968,4,1,0,0,2,0,1,3,2,2,4,8.88197518424887,1,1,23
201101969,4,1,0,0,3,0,1,5,2,2,3,9.92333919823873,1,1,23
201101970,4,1,0,0,3,2,1,4,3,1,4,10.4688297702736,2,1,23
201101971,5,1,1,1,1,0,0,4,2,2,5,8.18896686364888,1,1,23
201101972,4,1,0,0,2,1,1,5,2,2,5,7.69666708152646,1,1,23
201101973,4,1,0,0,1,1,0,2,2,4,5,0,1,1,23
201101974,4,1,0,0,1,0,0,4,2,2,5,8.5173931714189,1,1,23
201101975,5,1,1,1,2,0,1,3,3,1,5,9.64865981695529,1,1,23
201101976,4,1,0,0,1,0,0,5,4,9,4,8.44698529637274,1,1,23
201101977,5,1,1,1,1,0,0,4,2,1,4,6.21660610108487,1,1,23
201101978,5,1,1,1,1,0,0,4,9,9,5,0,1,1,23
201101979,5,1,1,1,3,0,1,5,1,1,5,8.04590874227078,1,1,23
201101980,5,1,1,1,2,1,1,3,2,2,4,10.2399955028053,2,1,23
201101981,5,1,1,1,3,0,1,5,1,3,2,0,1,1,23
201101982,5,1,1,1,3,0,1,2,1,1,4,12.4090175711512,3,1,23
201101983,5,1,1,1,1,1,0,3,4,4,5,7.31388683163346,1,1,23
201101984,5,1,1,1,1,1,0,4,1,2,3,11.002116507732,3,1,23
201101985,5,1,1,1,1,1,0,5,2,1,4,10.9331248267007,3,1,23
201101986,5,1,1,1,2,1,1,4,2,4,5,10.5991565506396,2,1,23
201101987,5,1,1,1,1,1,0,2,1,2,4,10.8006158521455,2,1,23
201101988,5,1,1,1,2,1,1,1,2,2,5,10.5655051978992,2,1,23
201101989,5,1,1,1,2,0,1,5,1,2,3,6.90875477931522,1,1,23
201101990,5,1,1,1,2,0,1,1,1,2,5,9.39274525863144,1,1,23
201101991,4,1,0,0,1,0,0,5,1,2,4,10.904137815028,2,1,23
201101992,5,1,1,1,1,0,0,5,2,2,5,10.1811571672049,2,1,23
201101993,4,1,0,0,2,0,1,5,2,2,4,0,1,1,23
201101994,3,0,-1,0,1,1,0,5,2,2,4,0,1,1,23
201101995,5,1,1,1,2,1,1,2,4,1,4,9.90353755128617,1,1,23
201101996,4,1,0,0,2,1,1,5,2,2,2,10.8618986357005,2,1,23
201101997,4,1,0,0,1,0,0,4,2,9,4,10.3417747410115,2,1,23
201101998,5,1,1,1,1,0,0,5,2,9,5,0,1,1,23
201101999,5,1,1,1,2,1,1,5,1,2,4,10.8492707919787,2,1,23
201102000,5,1,1,1,1,1,0,5,1,2,5,10.3443519789962,2,1,23
201102001,4,1,0,0,1,1,0,5,3,2,4,10.7010172706892,2,1,23
201102002,5,1,1,1,1,0,0,5,2,2,5,10.7450762897063,2,1,23
201102003,5,1,1,1,1,0,0,3,2,3,5,10.1464729460639,2,1,23
201102004,5,1,1,1,1,1,0,5,4,3,4,10.3659944010115,2,1,23
201102005,5,1,1,1,2,0,1,5,1,2,5,5.30330490805908,1,1,23
201102006,5,1,1,1,1,1,0,5,1,2,4,7.96589273508453,1,1,23
201102007,5,1,1,1,1,1,0,3,2,2,4,9.12706745278236,1,1,23
201102008,5,1,1,1,1,0,0,5,2,3,5,10.8197982842103,2,1,23
201102009,2,0,-2,0,1,1,0,2,2,3,3,9.07858630522189,1,1,23
201102010,4,1,0,0,2,0,1,5,2,2,5,7.01301578963963,1,1,23
201102011,5,1,1,1,2,1,1,5,3,5,5,9.94275634145683,1,1,23
201102012,4,1,0,0,2,0,1,1,2,2,3,10.4846131931023,2,1,23
201102013,2,0,-2,0,2,1,1,5,1,2,4,10.2036291813376,2,1,23
201102014,5,1,1,1,3,0,1,4,4,1,4,13.180634172319,3,1,23
201102015,4,1,0,0,1,0,0,4,2,2,3,10.1485882712024,2,1,23
201102016,4,1,0,0,1,0,0,5,2,2,4,7.60140233458373,1,1,23
201102017,3,0,-1,0,0,0,0,5,3,3,3,8.70300863746445,1,1,23
201102018,4,1,0,0,1,0,0,5,1,2,4,0,1,1,23
201102019,5,1,1,1,1,1,0,5,1,1,2,10.3093192601052,2,1,23
201102020,3,0,-1,0,0,1,0,4,2,2,4,8.48797033273933,1,1,23
201102021,5,1,1,1,1,0,0,5,1,2,5,10.0078926118909,1,1,23
201102022,5,1,1,1,2,0,1,5,3,1,3,10.3327017388151,2,1,23
201102023,4,1,0,0,1,0,0,5,2,2,2,9.74689222031305,1,1,23
201102024,5,1,1,1,1,2,0,3,2,2,4,10.3486735491698,2,1,23
201102025,5,1,1,1,1,1,0,5,2,3,5,10.1425438223104,2,1,23
201102026,5,1,1,1,0,1,0,5,1,2,3,10.0858507751287,2,1,23
201102027,5,1,1,1,1,0,0,1,2,2,5,10.2763261578172,2,1,23
201102028,3,0,-1,0,1,0,0,3,2,3,3,8.21633128590955,1,1,23
201102029,4,1,0,0,1,0,0,4,2,9,4,10.5903075319463,2,1,23
201102030,,,,,0,0,0,,,,,7.67832635650689,1,1,23
201102031,5,1,1,1,1,2,0,5,1,1,5,10.8077259458861,2,1,23
201102032,5,1,1,1,2,1,1,5,2,2,4,10.463131911492,2,1,23
201102033,4,1,0,0,1,1,0,5,2,2,3,11.3862391625977,3,1,23
201102034,2,0,-2,0,0,0,0,5,2,3,3,9.90353755128617,1,1,23
201102035,5,1,1,1,1,0,0,5,2,9,5,9.94121676934614,1,1,23
201102036,4,1,0,0,1,1,0,4,1,2,4,10.567025679592,2,1,23
201102037,5,1,1,1,2,0,1,5,3,3,3,9.21044036697652,1,1,23
201102038,5,1,1,1,1,1,0,5,2,2,3,4.79579054559674,1,1,23
201102039,4,1,0,0,2,0,1,2,1,2,4,10.3688240576817,2,1,23
201102040,4,1,0,0,2,0,1,4,2,3,4,0,1,1,23
201102041,4,1,0,0,2,0,1,2,2,2,4,11.5129354649202,3,1,23
201102042,4,1,0,0,1,0,0,5,3,2,2,10.6542666459288,2,1,23
201102043,2,0,-2,0,2,1,1,2,2,3,2,11.5129354649202,3,1,23
201102044,4,1,0,0,1,0,0,5,1,2,3,11.3851034570321,3,1,23
201102045,5,1,1,1,2,0,1,5,1,2,5,9.78700991447743,1,1,23
201102046,5,1,1,1,3,0,1,3,2,2,4,9.50170790550773,1,1,23
201102047,4,1,0,0,2,0,1,3,3,2,3,10.5050949364556,2,1,23
201102048,5,1,1,1,2,2,1,4,2,2,5,7.31388683163346,1,1,23
201102049,5,1,1,1,1,1,0,1,1,1,5,8.82482493917564,1,1,23
201102050,5,1,1,1,2,1,1,1,1,1,5,10.098766465702,2,1,23
201102051,2,0,-2,0,2,0,1,3,1,4,4,10.1503866922047,2,1,23
201102052,5,1,1,1,1,1,0,2,2,2,4,10.3143049780709,2,1,23
201102053,4,1,0,0,0,2,0,5,2,2,4,9.7981825908907,1,1,23
201102054,5,1,1,1,1,0,0,5,1,2,4,9.51495330508794,1,1,23
201102055,5,1,1,1,1,1,0,5,2,1,5,9.8730798901147,1,1,23
201102056,4,1,0,0,2,1,1,1,2,4,5,11.5676124941199,3,1,23
201102057,1,0,-3,0,0,1,0,5,1,1,2,9.21044036697652,1,1,23
201102058,4,1,0,0,1,1,0,3,2,2,4,0,1,1,23
201102059,5,1,1,1,1,0,0,3,4,2,4,11.1462146150883,3,1,23
201102060,3,0,-1,0,1,0,0,5,2,3,4,9.83633227734872,1,1,23
201102061,5,1,1,1,2,1,1,2,2,2,4,9.39316180381179,1,1,23
201102062,5,1,1,1,3,2,1,3,2,2,4,11.3181385372596,3,1,23
201102063,5,1,1,1,3,1,1,1,1,1,4,12.4860538925931,3,1,23
201102064,5,1,1,1,2,1,1,5,4,2,5,11.3347313784395,3,1,23
201102065,3,0,-1,0,3,0,1,5,1,3,3,7.77485576666552,1,1,23
201102066,4,1,0,0,2,0,1,5,1,1,4,10.2611969612316,2,1,23
201102067,5,1,1,1,2,1,1,5,2,1,5,11.0790763143201,3,1,23
201102068,5,1,1,1,2,1,1,4,2,2,2,7.72356247227797,1,1,23
201102069,5,1,1,1,2,1,1,5,2,2,5,10.9612952076444,3,1,23
201102070,2,0,-2,0,1,0,0,3,1,2,3,7.60140233458373,1,1,23
201102071,5,1,1,1,2,0,1,3,5,2,5,9.83900236330972,1,1,23
201102072,3,0,-1,0,1,0,0,5,1,3,4,10.3089859934221,2,1,23
201102073,5,1,1,1,1,0,0,4,2,2,5,10.8356713184122,2,1,23
201102074,4,1,0,0,2,0,1,3,2,2,4,11.1562648066437,3,1,23
201102075,2,0,-2,0,1,0,0,3,2,3,3,7.86365126544865,1,1,23
201102076,4,1,0,0,1,0,0,4,2,2,4,9.94515718770752,1,1,23
201102077,5,1,1,1,1,0,0,5,1,2,3,7.650168700845,1,1,23
201102078,4,1,0,0,1,0,0,1,2,2,4,10.8197982842103,2,1,23
201102079,2,0,-2,0,1,1,0,5,1,3,2,9.84166533889278,1,1,23
201102080,4,1,0,0,2,1,1,5,4,2,4,0,1,1,23
201102081,5,1,1,1,2,0,1,2,2,2,5,11.5617251529038,3,1,23
201102082,5,1,1,1,1,1,0,5,1,2,4,10.3089859934221,2,1,23
201102083,2,0,-2,0,3,0,1,5,2,2,1,10.9995726270495,3,1,23
201102084,4,1,0,0,1,0,0,3,1,1,4,10.4400101623893,2,1,23
201102085,5,1,1,1,2,0,1,5,1,1,4,9.90353755128617,1,1,23
201102086,4,1,0,0,1,0,0,5,2,2,4,10.392098241731,2,1,23
201102087,5,1,1,1,3,0,1,5,2,2,5,10.392098241731,2,1,23
201102088,4,1,0,0,1,0,0,4,2,2,4,9.61587214452889,1,1,23
201102089,4,1,0,0,1,0,0,3,2,2,4,9.90353755128617,1,1,23
201102090,5,1,1,1,2,0,1,4,1,2,4,10.4829339785799,2,1,23
201102091,5,1,1,1,1,1,0,5,2,2,5,9.27778451876625,1,1,23
201102092,4,1,0,0,2,0,1,3,2,3,5,11.2159335231927,3,1,23
201102093,4,1,0,0,2,0,1,1,2,3,4,12.6475514065903,3,1,23
201102094,4,1,0,0,1,0,0,3,1,2,4,10.9508240905224,3,1,23
201102095,4,1,0,0,2,0,1,5,2,2,4,9.51051903575725,1,1,23
201102096,5,1,1,1,1,0,0,4,1,2,5,8.66578559546606,1,1,23
201102097,5,1,1,1,3,1,1,4,4,2,5,10.1266711030504,2,1,23
201102098,5,1,1,1,2,1,1,4,2,2,4,5.88887795833288,1,1,23
201102099,2,0,-2,0,1,1,0,5,2,3,3,10.1346389552519,2,1,23
201102100,3,0,-1,0,1,0,0,3,1,2,4,12.4149996184851,3,1,23
201102101,5,1,1,1,2,1,1,4,2,2,4,10.207325906556,2,1,23
201102102,4,1,0,0,1,0,0,3,4,2,2,10.2750855911327,2,1,23
201102103,4,1,0,0,1,0,0,5,2,2,5,10.0748390008679,2,1,23
201102104,2,0,-2,0,2,1,1,5,1,2,2,11.1505342140354,3,1,23
201102105,4,1,0,0,3,0,1,4,1,2,2,10.9081737031721,2,1,23
201102106,5,1,1,1,1,0,0,,9,9,5,9.57254997141339,1,1,23
201102107,4,1,0,0,3,1,1,3,1,2,4,11.3445186475948,3,1,23
201102108,5,1,1,1,1,0,0,5,2,4,2,10.7736166197386,2,1,23
201102109,4,1,0,0,1,0,0,5,1,3,5,8.29429960885724,1,1,23
201102110,4,1,0,0,1,0,0,5,1,2,4,10.1811571672049,2,1,23
201102111,4,1,0,0,1,0,0,5,2,2,4,10.3136416501304,2,1,23
201102112,3,0,-1,0,2,0,1,4,2,9,5,10.4574014009819,2,1,23
201102113,4,1,0,0,1,0,0,1,1,2,4,10.7188744894694,2,1,23
201102114,5,1,1,1,1,0,0,5,1,2,5,0,1,1,23
201102115,5,1,1,1,3,0,1,5,2,2,5,0,1,1,23
201102116,4,1,0,0,3,1,1,5,1,2,4,10.9947562764488,3,1,23
201102117,4,1,0,0,2,0,1,5,1,2,4,10.4042931430198,2,1,23
201102118,3,0,-1,0,1,0,0,3,4,3,5,9.12706745278236,1,1,23
201102119,5,1,1,1,1,0,0,4,1,9,5,10.7789771230064,2,1,23
201102120,4,1,0,0,2,1,1,4,1,2,2,11.2267687910064,3,1,23
201102121,5,1,1,1,2,1,1,5,3,2,4,11.3821465308539,3,1,23
201102122,4,1,0,0,1,0,0,5,2,2,4,0,1,1,23
201102123,4,1,0,0,2,0,1,3,2,2,4,9.21044036697652,1,1,23
201102124,5,1,1,1,1,0,0,5,2,1,4,10.3089859934221,2,1,23
201102125,5,1,1,1,2,0,1,2,4,2,5,10.0519506601738,2,1,23
201102126,4,1,0,0,1,0,0,5,2,3,3,9.55824698622306,1,1,23
201102127,4,1,0,0,1,0,0,5,1,4,5,8.29429960885724,1,1,23
201102128,2,0,-2,0,1,0,0,5,1,4,2,8.00670084544037,1,1,23
201102129,4,1,0,0,1,0,0,3,1,2,4,8.10198073185319,1,1,23
201102130,5,1,1,1,1,0,0,4,2,2,5,10.5240909216204,2,1,23
201102131,5,1,1,1,1,0,0,4,2,1,5,0,1,1,23
201102132,4,1,0,0,1,0,0,1,4,3,4,10.5966597327836,2,1,23
201102133,4,1,0,0,3,0,1,3,2,2,4,0,1,1,23
201102134,5,1,1,1,1,0,0,5,2,5,5,8.34307787116938,1,1,23
201102135,5,1,1,1,1,0,0,4,2,9,5,9.44153145486969,1,1,23
201102136,5,1,1,1,1,0,0,1,1,2,4,9.48381048100734,1,1,23
201102137,5,1,1,1,1,0,0,4,1,2,5,7.76259604854007,1,1,23
201102138,4,1,0,0,1,0,0,5,2,2,5,7.09090982207998,1,1,23
201102139,5,1,1,1,1,1,0,5,2,2,4,7.67368812926773,1,1,23
201102140,3,0,-1,0,2,0,1,5,1,2,4,7.09090982207998,1,1,23
201102141,5,1,1,1,1,1,0,5,1,1,4,7.82444593087762,1,1,23
201102142,5,1,1,1,1,2,0,5,2,4,5,5.99396142730657,1,1,23
201102143,5,1,1,1,1,0,0,4,2,1,5,0,1,1,23
201102144,3,0,-1,0,1,0,0,5,3,2,3,11.845109950884,3,0,23
201102145,2,0,-2,0,0,1,0,3,1,2,5,9.76886985581118,1,0,23
201102146,4,1,0,0,1,0,0,4,2,2,5,9.63174444388585,1,0,23
201102147,5,1,1,1,1,0,0,4,1,2,5,6.55250788703459,1,0,23
201102148,4,1,0,0,1,2,0,5,2,2,4,11.4093522400452,3,0,23
201102149,4,1,0,0,1,0,0,5,2,2,4,,1,0,23
201102150,4,1,0,0,1,0,0,5,1,9,4,0,1,0,23
201102151,4,1,0,0,1,0,0,3,2,2,4,12.0517611194345,3,0,23
201102152,3,0,-1,0,1,0,0,3,1,1,2,10.3089859934221,2,0,23
201102153,4,1,0,0,2,0,1,2,2,2,2,11.2847819345676,3,0,23
201102154,4,1,0,0,1,0,0,5,2,2,5,4.61512051684126,1,0,23
201102155,3,0,-1,0,1,0,0,3,2,2,3,10.4665545211478,2,0,23
201102156,4,1,0,0,1,0,0,1,2,2,4,9.04793908261736,1,0,23
201102157,5,1,1,1,1,0,0,4,1,2,5,8.57565076098781,1,0,23
201102158,5,1,1,1,3,1,1,1,1,2,5,11.8390197056419,3,0,23
201102159,5,1,1,1,2,1,1,2,2,2,4,10.837637848711,2,0,23
201102160,4,1,0,0,1,1,0,5,2,2,4,8.43402895015547,1,0,23
201102161,4,1,0,0,2,0,1,3,2,2,4,11.7905647772974,3,0,23
201102162,2,0,-2,0,1,1,0,5,1,5,1,10.1658902778025,2,0,23
201102163,5,1,1,1,1,0,0,5,2,9,,5.30330490805908,1,0,23
201102164,4,1,0,0,1,0,0,4,2,2,4,9.3868953338758,1,0,23
201102165,4,1,0,0,0,0,0,1,1,2,4,8.47657950853094,1,0,23
201102166,4,1,0,0,1,1,0,2,1,2,4,9.12706745278236,1,0,23
201102167,3,0,-1,0,1,0,0,1,1,2,3,8.94259163723185,1,0,23
201102168,5,1,1,1,1,0,0,1,2,2,5,9.14259671988966,1,0,23
201102169,2,0,-2,0,1,1,0,3,3,2,4,8.91610353055373,1,0,23
201102170,4,1,0,0,1,0,0,5,2,2,4,8.93603509656604,1,0,23
201102171,4,1,0,0,1,0,0,5,1,2,5,8.9182485910357,1,0,23
201102172,4,1,0,0,0,0,0,5,2,2,3,1.99333834370132,1,0,23
201102173,4,1,0,0,0,1,0,5,1,2,5,9.69683231872672,1,0,23
201102174,2,0,-2,0,1,1,0,2,1,3,2,8.00670084544037,1,0,23
201102175,5,1,1,1,1,0,0,5,1,2,4,9.17998425196128,1,0,23
201102176,4,1,0,0,1,0,0,5,2,2,4,8.98981838136693,1,0,23
201102177,4,1,0,0,1,2,0,5,2,3,5,9.19023970026918,1,0,23
201102178,4,1,0,0,0,0,0,1,2,3,4,,1,0,23
201102179,4,1,0,0,1,0,0,5,2,2,4,8.81001204797317,1,0,23
201102180,5,1,1,1,1,0,0,4,2,9,5,10.1351150134986,2,0,23
201102181,5,1,1,1,1,0,0,4,1,2,5,8.51338595307328,1,0,23
201102182,5,1,1,1,1,0,0,5,1,2,5,10.1999187396202,2,0,23
201102183,5,1,1,1,1,0,0,4,1,1,5,8.82040406548565,1,0,23
201102184,5,1,1,1,1,0,0,5,2,2,5,9.41417877223239,1,0,23
201102185,4,1,0,0,1,0,0,4,2,2,4,9.80482676571216,1,0,23
201102186,4,1,0,0,0,1,0,5,1,2,4,9.64994922465118,1,0,23
201102187,4,1,0,0,1,0,0,3,1,2,5,9.6421823949856,1,0,23
201102188,4,1,0,0,1,0,0,5,2,2,4,10.3625250226498,2,0,23
201102189,4,1,0,0,1,0,0,3,3,3,4,10.4000418232645,2,0,23
201102190,3,0,-1,0,0,1,0,2,2,3,3,9.62251624577579,1,0,23
201102191,2,0,-2,0,0,1,0,5,2,2,2,9.5819728915479,1,0,23
201102192,5,1,1,1,1,0,0,1,2,1,5,,1,0,23
201102193,5,1,1,1,1,0,0,4,2,2,5,10.3778877526843,2,0,23
201102194,4,1,0,0,1,0,0,4,2,2,5,8.84231554684186,1,0,23
201102195,4,1,0,0,1,0,0,5,2,2,4,10.0146263417701,1,0,23
201102196,4,1,0,0,0,0,0,4,2,9,4,9.83240632030043,1,0,23
201102197,5,1,1,1,1,0,0,5,1,2,5,8.5173931714189,1,0,23
201102198,5,1,1,1,1,0,0,5,3,2,5,9.97585472466203,1,0,23
201102199,5,1,1,1,1,0,0,4,3,3,3,10.0069913455508,1,0,23
201102200,4,1,0,0,1,0,0,4,3,2,4,9.68589108765103,1,0,23
201102201,4,1,0,0,1,0,0,4,2,9,4,9.30282839141133,1,0,23
201102202,5,1,1,1,1,0,0,5,1,2,5,9.45727857185611,1,0,23
201102203,4,1,0,0,1,0,0,3,1,2,5,9.71480581258949,1,0,23
201102204,5,1,1,1,2,0,1,4,4,1,5,10.5713425658087,2,0,23
201102205,4,1,0,0,1,0,0,3,2,2,4,9.45727857185611,1,0,23
201102206,4,1,0,0,1,0,0,3,2,2,4,0,1,0,23
201102207,5,1,1,1,1,0,0,5,2,2,5,11.8502616140259,3,0,23
201102208,4,1,0,0,1,0,0,5,2,2,2,0,1,0,23
201102209,5,1,1,1,1,1,0,4,1,2,5,10.1658902778025,2,0,23
201102210,5,1,1,1,1,0,0,5,2,2,5,9.96180362935896,1,0,23
201102211,5,1,1,1,1,0,0,5,1,2,5,9.90108261220274,1,0,23
201102212,4,1,0,0,1,1,0,5,4,2,3,7.60140233458373,1,0,23
201102213,4,1,0,0,0,1,0,5,2,3,4,10.7364184143654,2,0,23
201102214,3,0,-1,0,2,0,1,5,2,3,4,8.5173931714189,1,0,23
201102215,4,1,0,0,3,1,1,3,4,3,5,10.7122153451973,2,0,23
201102216,4,1,0,0,1,0,0,5,2,2,5,11.0830694028697,3,0,23
201102217,4,1,0,0,0,0,0,5,3,3,4,8.36660283278374,1,0,23
201102218,2,0,-2,0,3,0,1,3,2,2,2,9.99884318585288,1,0,23
201102219,4,1,0,0,2,0,1,3,2,2,4,10.9211353437957,3,0,23
201102220,4,1,0,0,3,0,1,1,2,2,4,10.4012583314283,2,0,23
201102221,5,1,1,1,2,0,1,5,2,4,4,11.5405503595823,3,0,23
201102222,4,1,0,0,2,1,1,4,3,1,4,10.7364184143654,2,0,23
201102223,5,1,1,1,1,0,0,4,1,2,5,6.39859493453521,1,1,23
201102224,4,1,0,0,2,1,1,4,1,3,4,9.894497260698,1,1,23
201102225,4,1,0,0,2,1,1,5,2,2,4,9.16962253869762,1,1,23
201102226,5,1,1,1,1,0,0,5,1,1,5,10.5339838043346,2,1,23
201102227,4,1,0,0,1,0,0,3,2,2,4,8.88197518424887,1,1,23
201102228,4,1,0,0,2,0,1,5,1,2,5,9.73157166845605,1,1,23
201102229,5,1,1,1,1,0,0,5,2,2,4,10.0858507751287,2,1,23
201102230,4,1,0,0,2,0,1,3,2,1,5,10.3256022166352,2,1,23
201102231,4,1,0,0,1,0,0,5,2,2,4,7.56060116276856,1,1,23
201102232,5,1,1,1,1,0,0,5,1,2,5,9.78064426221491,1,1,23
201102233,5,1,1,1,0,0,0,4,2,1,5,0,1,1,23
201102234,2,0,-2,0,1,1,0,5,1,3,2,8.29429960885724,1,1,23
201102235,4,1,0,0,1,0,0,2,2,2,4,11.5521557934619,3,1,23
201102236,2,0,-2,0,0,0,0,4,2,2,1,0,1,1,23
201102237,5,1,1,1,1,0,0,5,2,2,5,7.93773177526011,1,1,23
201102238,5,1,1,1,1,1,0,5,2,2,5,10.2462613213044,2,1,23
201102239,5,1,1,1,1,1,0,5,1,3,4,8.69968140098951,1,1,23
201102240,5,1,1,1,3,2,1,3,1,2,5,11.5327378961399,3,1,23
201102241,4,1,0,0,2,0,1,2,2,2,4,9.28739400141847,1,1,23
201102242,4,1,0,0,2,0,1,2,2,2,4,8.98732181285013,1,1,23
201102243,4,1,0,0,1,0,0,5,1,3,5,9.00220857828241,1,1,23
201102244,5,1,1,1,1,0,0,3,1,2,5,8.8538082749772,1,1,23
201102245,5,1,1,1,2,0,1,5,1,3,5,9.31027620058878,1,1,23
201102246,5,1,1,1,1,0,0,5,2,1,5,9.55355337089152,1,1,23
201102247,4,1,0,0,2,0,1,2,2,2,4,10.463131911492,2,1,23
201102248,3,0,-1,0,3,0,1,4,2,3,2,11.0219188082362,3,1,31
201102249,4,1,0,0,2,0,1,3,3,2,3,10.0837653556208,2,1,31
201102250,5,1,1,1,2,1,1,5,1,2,4,7.63916117165917,1,1,31
201102251,4,1,0,0,2,1,1,5,3,3,3,10.8570933367911,2,1,31
201102252,3,0,-1,0,2,1,1,5,2,3,3,10.7991877467943,2,1,31
201102253,3,0,-1,0,3,0,1,5,3,2,2,6.90875477931522,1,1,31
201102254,3,0,-1,0,2,0,1,5,3,3,3,10.8893976262903,2,1,31
201102255,4,1,0,0,1,1,0,5,2,9,4,10.8197982842103,2,1,31
201102256,5,1,1,1,2,0,1,1,3,1,3,11.1462146150883,3,1,31
201102257,4,1,0,0,1,1,0,5,3,2,4,11.5940537370516,3,1,31
201102258,5,1,1,1,3,1,1,5,3,2,4,10.9937483981152,3,1,31
201102259,5,1,1,1,1,1,0,5,4,2,5,10.9574685170586,3,1,31
201102260,2,0,-2,0,2,0,1,4,2,2,4,11.5547439128659,3,1,31
201102261,2,0,-2,0,2,0,1,5,1,4,2,10.6016471499196,2,1,31
201102262,5,1,1,1,1,0,0,5,9,9,4,0,1,1,31
201102263,5,1,1,1,2,0,1,5,3,3,5,10.8512963311268,2,1,31
201102264,4,1,0,0,1,0,0,5,2,2,4,10.4400101623893,2,1,31
201102265,5,1,1,1,2,1,1,5,3,3,5,11.3314155786826,3,1,31
201102266,4,1,0,0,2,1,1,5,4,2,3,10.0168608797038,1,1,31
201102267,4,1,0,0,2,0,1,5,3,2,4,10.7435699349307,2,1,31
201102268,5,1,1,1,1,0,0,,2,2,3,9.26492324974647,1,1,31
201102269,3,0,-1,0,3,0,1,2,3,3,4,6.90875477931522,1,1,31
201102270,5,1,1,1,2,0,1,4,2,2,4,11.1124628236349,3,1,31
201102271,5,1,1,1,2,0,1,5,2,3,3,9.21044036697652,1,1,31
201102272,4,1,0,0,3,0,1,3,2,2,4,11.5588639479114,3,1,31
201102273,4,1,0,0,2,0,1,5,2,2,2,11.3992534207223,3,1,31
201102274,5,1,1,1,3,0,1,1,2,2,3,9.94898659260735,1,1,31
201102275,5,1,1,1,2,0,1,5,4,5,3,10.7789771230064,2,1,31
201102276,4,1,0,0,2,0,1,5,2,1,5,10.1535066978557,2,1,31
201102277,5,1,1,1,1,0,0,5,4,2,4,10.5057102054481,2,1,31
201102278,5,1,1,1,3,0,1,4,3,2,5,10.8435143420869,2,1,31
201102279,5,1,1,1,0,0,0,4,4,4,3,9.98049488889691,1,1,31
201102280,4,1,0,0,2,0,1,3,3,2,3,10.9114637209448,3,1,31
201102281,4,1,0,0,3,1,1,3,2,2,3,10.9065613019946,2,1,31
201102282,5,1,1,1,2,2,1,5,2,2,4,10.5815464756746,2,1,31
201102283,4,1,0,0,1,0,0,5,2,3,3,10.6643167457829,2,1,31
201102284,3,0,-1,0,1,0,0,5,2,2,4,10.2399955028053,2,1,31
201102285,5,1,1,1,1,0,0,5,2,2,4,10.8277662951325,2,1,31
201102286,5,1,1,1,2,0,1,3,2,2,4,10.5966597327836,2,1,31
201102287,4,1,0,0,3,1,1,2,4,2,4,11.0852300852204,3,1,31
201102288,5,1,1,1,2,0,1,4,4,2,4,10.8599792861544,2,1,31
201102289,4,1,0,0,2,1,1,5,2,2,3,10.8697296788527,2,1,31
201102290,5,1,1,1,2,1,1,5,2,2,4,10.9543266597326,3,1,31
201102291,4,1,0,0,1,1,0,2,1,2,3,10.961642363573,3,1,31
201102292,4,1,0,0,2,0,1,5,2,3,4,10.749377279111,2,1,31
201102293,4,1,0,0,2,0,1,4,2,2,3,10.8911869022975,2,1,31
201102294,4,1,0,0,3,1,1,3,2,2,4,8.5173931714189,1,1,31
201102295,2,0,-2,0,3,0,1,1,3,2,4,10.751520856704,2,1,31
201102296,4,1,0,0,2,0,1,5,2,2,3,10.1266711030504,2,1,31
201102297,5,1,1,1,2,0,1,5,2,2,4,11.5645781947531,3,1,31
201102298,5,1,1,1,1,1,0,5,2,2,4,10.4341452149305,2,1,31
201102299,5,1,1,1,1,1,0,,2,2,2,11.6982160473425,3,1,31
201102300,5,1,1,1,3,1,1,4,2,2,3,7.82444593087762,1,1,31
201102301,4,1,0,0,1,0,0,5,2,2,4,10.9070746207951,2,1,31
201102302,4,1,0,0,1,0,0,,2,2,4,10.0774828755836,2,1,31
201102303,4,1,0,0,2,0,1,5,2,2,4,11.3667047053627,3,1,31
201102304,4,1,0,0,1,0,0,3,4,1,3,11.002116507732,3,1,31
201102305,5,1,1,1,2,0,1,5,4,2,5,11.6844457332461,3,1,31
201102306,4,1,0,0,2,1,1,3,2,2,4,10.7472290967206,2,1,31
201102307,4,1,0,0,3,0,1,2,2,2,4,0,1,1,31
201102308,4,1,0,0,1,1,0,5,2,2,4,11.7399085109822,3,1,31
201102309,4,1,0,0,1,1,0,5,1,2,5,10.7122153451973,2,1,31
201102310,4,1,0,0,2,1,1,5,2,2,2,10.3089859934221,2,1,31
201102311,4,1,0,0,3,0,1,1,3,2,4,11.3267043146352,3,1,31
201102312,4,1,0,0,1,1,0,5,2,2,3,10.8237902258001,2,1,31
201102313,4,1,0,0,1,1,0,5,2,3,2,9.60918360377546,1,1,31
201102314,4,1,0,0,2,0,1,5,2,3,4,10.8157903431324,2,1,31
201102315,4,1,0,0,2,1,1,3,1,2,4,10.6689786502192,2,1,31
201102316,2,0,-2,0,2,2,1,3,2,2,2,11.6406306407634,3,1,31
201102317,5,1,1,1,1,0,0,3,2,3,5,0,1,1,31
201102318,4,1,0,0,2,0,1,4,2,3,3,10.883710371704,2,1,31
201102319,2,0,-2,0,2,0,1,1,2,2,2,13.825461878916,3,1,31
201102320,3,0,-1,0,1,0,0,3,2,2,3,10.463131911492,2,1,31
201102321,5,1,1,1,1,0,0,3,9,3,4,8.5173931714189,1,1,31
201102322,4,1,0,0,1,0,0,5,2,2,4,11.4471566039415,3,1,31
201102323,3,0,-1,0,2,0,1,4,3,2,2,11.1272776899325,3,1,31
201102324,5,1,1,1,1,0,0,5,2,2,4,9.94275634145683,1,1,31
201102325,2,0,-2,0,1,0,0,1,4,4,5,10.6454487065059,2,1,31
201102326,4,1,0,0,2,0,1,3,2,3,3,11.2131843064698,3,1,31
201102327,4,1,0,0,2,0,1,3,3,2,3,10.6090819441478,2,1,31
201102328,5,1,1,1,3,1,1,1,3,1,3,13.0902553887463,3,1,31
201102329,3,0,-1,0,1,0,0,5,3,2,3,10.4151428320426,2,1,31
201102330,4,1,0,0,3,0,1,2,4,2,4,9.9045370016717,1,1,31
201102331,4,1,0,0,1,0,0,3,2,4,4,9.80372246434655,1,1,31
201102332,5,1,1,1,1,0,0,3,2,2,5,10.904137815028,2,1,31
201102333,5,1,1,1,2,0,1,4,4,2,4,10.573903321094,2,1,31
201102334,5,1,1,1,1,0,0,5,2,3,4,14.5309870729665,3,1,31
201102335,5,1,1,1,2,0,1,3,3,2,3,10.7893396952697,2,1,31
201102336,5,1,1,1,2,0,1,5,3,2,2,10.6164618698958,2,1,31
201102337,4,1,0,0,3,0,1,5,2,4,4,5.86078622346587,1,1,31
201102338,5,1,1,1,2,0,1,3,2,2,4,9.39274525863144,1,1,31
201102339,5,1,1,1,2,2,1,5,3,3,4,10.9699381543958,3,1,31
201102340,4,1,0,0,1,1,0,,2,2,3,9.86271763999292,1,1,31
201102341,5,1,1,1,2,1,1,1,2,1,4,11.7199477644028,3,1,31
201102342,4,1,0,0,2,0,1,4,2,2,2,11.7327403574414,3,1,31
201102343,2,0,-2,0,2,1,1,1,4,3,2,11.6483388355627,3,1,31
201102344,4,1,0,0,1,0,0,2,4,2,2,10.9455471262446,3,1,31
201102345,3,0,-1,0,1,0,0,5,3,2,3,10.463131911492,2,1,31
201102346,4,1,0,0,1,1,0,5,2,9,4,5.70711026474888,1,1,31
201102347,4,1,0,0,1,0,0,4,3,9,4,11.3794055008518,3,1,31
201102348,2,0,-2,0,1,0,0,5,2,2,3,9.62251624577579,1,1,31
201102349,5,1,1,1,2,0,1,3,3,2,4,11.848088586145,3,1,31
201102350,3,0,-1,0,2,1,1,5,3,2,2,10.3313988494741,2,1,31
201102351,5,1,1,1,2,0,1,5,4,9,1,11.679634105359,3,1,31
201102352,4,1,0,0,2,0,1,5,2,4,3,10.9420136160929,3,1,31
201102353,3,0,-1,0,1,0,0,4,2,3,3,11.769044547669,3,1,31
201102354,4,1,0,0,2,0,1,5,2,3,5,10.591647316585,2,1,31
201102355,4,1,0,0,1,1,0,4,2,2,4,10.6026416553595,2,1,31
201102356,5,1,1,1,1,0,0,5,2,3,5,10.6851239400829,2,1,31
201102357,5,1,1,1,1,0,0,5,3,2,4,11.6992942892666,3,1,31
201102358,5,1,1,1,1,0,0,3,2,2,4,10.3659944010115,2,1,31
201102359,4,1,0,0,1,0,0,5,4,2,3,10.3176150337229,2,1,31
201102360,4,1,0,0,2,1,1,5,2,2,2,10.3056472036356,2,1,31
201102361,5,1,1,1,2,1,1,5,3,2,4,5.30330490805908,1,1,31
201102362,3,0,-1,0,1,1,0,3,2,2,2,10.8197982842103,2,1,31
201102363,3,0,-1,0,1,0,0,5,1,3,3,0,1,1,31
201102364,4,1,0,0,1,0,0,5,4,2,3,9.35884658027541,1,1,31
201102365,5,1,1,1,1,1,0,5,2,2,5,10.2969138170325,2,1,31
201102366,4,1,0,0,1,0,0,4,4,9,4,10.7780574485532,2,1,31
201102367,4,1,0,0,2,0,1,1,3,2,3,11.4738176579428,3,1,31
201102368,5,1,1,1,1,0,0,5,3,9,5,10.4042931430198,2,1,31
201102369,5,1,1,1,2,1,1,5,4,2,3,10.199174996326,2,1,31
201102370,5,1,1,1,1,0,0,5,2,4,3,11.0427051872579,3,1,31
201102371,4,1,0,0,2,0,1,5,2,2,4,10.8277662951325,2,1,31
201102372,4,1,0,0,1,0,0,5,3,2,4,10.8267737589227,2,1,31
201102373,3,0,-1,0,2,1,1,4,3,3,2,11.0918802000332,3,1,31
201102374,4,1,0,0,2,0,1,5,9,2,3,10.9682155307592,3,1,31
201102375,3,0,-1,0,1,0,0,5,2,3,3,11.0335562401303,3,1,31
201102376,4,1,0,0,2,1,1,4,4,2,4,11.0622285680262,3,1,31
201102377,5,1,1,1,1,0,0,4,2,3,5,9.69282824771042,1,1,31
201102378,3,0,-1,0,2,1,1,5,3,3,3,9.57505292759738,1,1,31
201102379,5,1,1,1,1,0,0,3,2,2,5,10.3125794093666,2,1,31
201102380,4,1,0,0,1,0,0,5,2,2,5,9.97817749816757,1,1,31
201102381,5,1,1,1,1,0,0,5,4,2,3,10.883710371704,2,1,31
201102382,4,1,0,0,2,1,1,4,2,3,2,10.8267737589227,2,1,31
201102383,5,1,1,1,1,0,0,3,9,9,4,11.5129354649202,3,1,31
201102384,2,0,-2,0,3,0,1,4,2,2,3,10.4400101623893,2,1,31
201102385,5,1,1,1,1,0,0,4,4,2,4,12.6443308022626,3,1,31
201102386,5,1,1,1,1,0,0,5,4,2,5,10.1735528569597,2,1,31
201102387,5,1,1,1,1,0,0,5,3,9,5,10.600402625665,2,1,31
201102388,2,0,-2,0,3,1,1,5,2,2,2,10.9937483981152,3,1,31
201102389,5,1,1,1,3,0,1,3,4,3,4,10.0858507751287,2,1,31
201102390,4,1,0,0,2,0,1,3,3,2,3,10.6851262641171,2,1,31
201102391,5,1,1,1,2,0,1,5,2,2,4,9.83097062169695,1,1,31
201102392,5,1,1,1,2,0,1,4,2,3,3,6.90875477931522,1,1,31
201102393,4,1,0,0,3,2,1,5,3,2,3,10.0257494320691,1,1,31
201102394,4,1,0,0,1,0,0,4,4,2,4,9.7981825908907,1,1,31
201102395,3,0,-1,0,1,0,0,5,3,3,3,9.92822894442457,1,1,31
201102396,4,1,0,0,3,1,1,3,2,2,3,10.6851262641171,2,1,31
201102397,3,0,-1,0,1,0,0,5,2,4,3,9.92333919823873,1,1,31
201102398,4,1,0,0,1,0,0,5,3,9,3,9.24965723435313,1,1,31
201102399,4,1,0,0,1,0,0,5,2,2,4,9.84166533889278,1,1,31
201102400,4,1,0,0,2,2,1,5,3,3,3,11.5333996651177,3,1,31
201102401,5,1,1,1,3,1,1,4,2,2,4,11.1844352867906,3,1,31
201102402,5,1,1,1,1,0,0,3,2,2,3,10.4199273870866,2,1,31
201102403,5,1,1,1,3,0,1,5,2,2,3,10.6252464850853,2,1,31
201102404,5,1,1,1,2,0,1,3,2,3,5,11.0186455364637,3,1,31
201102405,5,1,1,1,1,1,0,4,3,3,4,9.81471098214528,1,1,31
201102406,4,1,0,0,1,0,0,4,2,2,3,10.8474129065069,2,1,31
201102407,2,0,-2,0,1,0,0,3,1,9,3,9.82016028994637,1,1,31
201102408,3,0,-1,0,2,0,1,5,2,2,3,10.8967578438935,2,1,31
201102409,5,1,1,1,1,0,0,3,4,2,4,11.002116507732,3,1,31
201102410,4,1,0,0,1,1,0,3,2,2,4,11.8706069022246,3,1,31
201102411,5,1,1,1,1,1,0,5,2,2,3,10.7789771230064,2,1,31
201102412,4,1,0,0,2,0,1,4,4,2,4,10.7536598491988,2,1,31
201102413,4,1,0,0,1,0,0,5,2,3,5,10.5815464756746,2,1,31
201102414,4,1,0,0,2,0,1,4,4,2,3,11.4440692191942,3,1,31
201102415,2,0,-2,0,3,1,1,4,3,2,2,10.8277662951325,2,1,31
201102416,4,1,0,0,3,0,1,3,1,4,3,9.74735991982465,1,1,31
201102417,4,1,0,0,1,0,0,5,2,3,5,11.9447143748812,3,1,31
201102418,5,1,1,1,1,0,0,3,4,4,2,10.0858507751287,2,1,31
201102419,4,1,0,0,2,0,1,5,2,3,3,10.6286419917311,2,1,31
201102420,5,1,1,1,2,1,1,2,3,3,4,11.5156333578168,3,1,31
201102421,4,1,0,0,3,1,1,4,4,4,3,10.715772406372,2,1,31
201102422,4,1,0,0,1,0,0,5,2,3,4,10.9114637209448,3,1,31
201102423,5,1,1,1,1,0,0,2,2,3,3,9.86271763999292,1,1,31
201102424,5,1,1,1,3,1,1,1,2,2,3,12.1668171317714,3,1,31
201102425,2,0,-2,0,1,0,0,5,2,9,3,10.3123136727765,2,1,31
201102426,5,1,1,1,3,1,1,2,3,2,2,0,1,1,31
201102427,5,1,1,1,3,1,1,4,2,2,3,11.7752974217158,3,1,31
201102428,5,1,1,1,1,0,0,5,2,2,4,9.84166533889278,1,1,31
201102429,4,1,0,0,1,0,0,3,2,2,4,5.30330490805908,1,1,31
201102430,4,1,0,0,1,0,0,4,2,3,5,10.7674528786316,2,1,31
201102431,2,0,-2,0,1,1,0,5,2,2,2,11.7065248539357,3,1,31
201102432,4,1,0,0,1,0,0,3,2,2,3,10.6189097916098,2,1,31
201102433,5,1,1,1,2,0,1,4,4,3,2,11.7815852555771,3,1,31
201102434,4,1,0,0,1,0,0,4,1,2,3,10.5187002182882,2,1,31
201102435,4,1,0,0,2,0,1,4,2,3,3,10.0962131326288,2,1,31
201102436,5,1,1,1,2,0,1,5,4,2,3,12.4490227457015,3,1,31
201102437,4,1,0,0,1,2,0,5,1,2,4,10.1125727465993,2,1,31
201102438,5,1,1,1,3,0,1,5,3,2,4,12.1588961123515,3,1,31
201102439,4,1,0,0,2,0,1,5,2,2,3,10.8967578438935,2,1,31
201102440,4,1,0,0,3,0,1,5,2,3,3,10.410395512268,2,1,31
201102441,4,1,0,0,2,1,1,3,2,2,4,10.7955060834346,2,1,31
201102442,5,1,1,1,1,0,0,5,1,4,4,10.5815464756746,2,1,31
201102443,5,1,1,1,1,0,0,5,2,2,3,9.83258213902035,1,1,31
201102444,4,1,0,0,1,0,0,5,3,3,2,10.1849377471114,2,1,31
201102445,5,1,1,1,3,0,1,3,2,2,3,12.1442025609469,3,1,31
201102446,5,1,1,1,2,0,1,3,2,2,4,10.0858507751287,2,1,31
201102447,3,0,-1,0,2,0,1,5,2,2,5,10.4913019948302,2,1,31
201102448,5,1,1,1,3,1,1,2,3,2,3,8.20275638165564,1,1,31
201102449,3,0,-1,0,3,0,1,3,2,3,4,11.4531860762194,3,1,31
201102450,3,0,-1,0,1,1,0,5,3,2,3,10.8453875499167,2,1,31
201102451,5,1,1,1,3,1,1,3,2,2,4,10.9105509123521,2,1,31
201102452,2,0,-2,0,0,1,0,5,2,3,2,10.9230746712191,3,1,31
201102453,5,1,1,1,2,0,1,5,3,2,3,9.98049488889691,1,1,31
201102454,4,1,0,0,2,0,1,3,1,2,4,8.00670084544037,1,1,31
201102455,5,1,1,1,0,1,0,4,2,3,4,9.71721821349408,1,1,31
201102456,2,0,-2,0,2,0,1,1,3,2,3,0,1,1,31
201102457,4,1,0,0,2,1,1,5,2,2,3,10.8356713184122,2,1,31
201102458,4,1,0,0,1,0,0,5,2,2,3,11.6061697338403,3,1,31
201102459,4,1,0,0,3,1,1,4,2,2,4,10.4487435881066,2,1,31
201102460,5,1,1,1,2,0,1,3,3,2,3,10.8628569307754,2,1,31
201102461,4,1,0,0,3,1,1,3,2,3,2,9.99099463997436,1,1,31
201102462,5,1,1,1,2,0,1,4,2,2,3,10.8101521010157,2,1,31
201102463,4,1,0,0,2,1,1,4,3,1,4,10.8818324721456,2,1,31
201102464,4,1,0,0,1,0,0,5,2,3,3,10.3558680526531,2,1,31
201102465,,,,,2,1,1,5,2,2,4,7.80425138352811,1,1,31
201102466,2,0,-2,0,3,1,1,5,4,2,4,11.6082447356423,3,1,31
201102467,4,1,0,0,2,0,1,5,2,2,4,10.8949043096007,2,1,31
201102468,5,1,1,1,2,0,1,5,9,9,,10.9682155307592,3,1,31
201102469,3,0,-1,0,3,1,1,3,2,2,2,10.586609649449,2,1,31
201102470,4,1,0,0,2,0,1,4,2,2,4,10.8685874960174,2,1,31
201102471,5,1,1,1,2,0,1,5,2,9,4,9.7981825908907,1,1,31
201102472,5,1,1,1,1,0,0,2,4,2,4,10.1464729460639,2,1,31
201102473,5,1,1,1,2,1,1,5,2,2,5,9.11613957657736,1,1,31
201102474,5,1,1,1,1,1,0,5,2,9,5,9.93309489728879,1,1,31
201102475,4,1,0,0,1,0,0,5,2,2,4,10.3735224312936,2,1,31
201102476,5,1,1,1,1,0,0,5,2,2,3,10.6454487065059,2,1,31
201102477,3,0,-1,0,0,1,0,5,4,3,2,10.923255026881,3,1,31
201102478,4,1,0,0,0,1,0,3,2,2,4,9.98971111928475,1,1,31
201102479,5,1,1,1,1,0,0,5,2,2,5,9.99884318585288,1,1,31
201102480,4,1,0,0,1,1,0,5,1,9,3,10.2681653877435,2,1,31
201102481,3,0,-1,0,1,0,0,3,2,2,2,12.1995564612399,3,1,31
201102482,4,1,0,0,2,2,1,2,2,2,4,10.9218112699754,3,1,31
201102483,5,1,1,1,2,0,1,3,2,2,4,11.995357787035,3,1,31
201102484,4,1,0,0,1,0,0,5,2,2,5,10.2955634235253,2,1,31
201102485,4,1,0,0,2,0,1,5,2,2,4,10.5558387799034,2,1,31
201102486,4,1,0,0,1,0,0,5,3,2,3,10.6528023785093,2,1,31
201102487,4,1,0,0,2,0,1,5,3,3,4,10.633472802314,2,1,31
201102488,5,1,1,1,2,1,1,2,2,2,3,9.7981825908907,1,1,31
201102489,4,1,0,0,1,0,0,1,2,9,3,11.1049722641249,3,1,31
201102490,3,0,-1,0,2,1,1,3,1,2,3,10.0924950419207,2,1,31
201102491,5,1,1,1,2,0,1,3,3,3,3,10.3156303153975,2,1,31
201102492,5,1,1,1,1,0,0,3,2,2,4,9.96180362935896,1,1,31
201102493,4,1,0,0,1,0,0,3,2,3,3,10.0858507751287,2,1,31
201102494,5,1,1,1,1,1,0,1,4,2,3,9.61587214452889,1,1,31
201102495,5,1,1,1,2,0,1,3,2,2,4,10.1999187396202,2,1,31
201102496,4,1,0,0,2,0,1,3,2,3,3,11.0509058782636,3,1,31
201102497,4,1,0,0,2,0,1,3,2,3,3,10.0441621218189,2,1,31
201102498,5,1,1,1,1,1,0,5,2,1,4,10.1346389552519,2,1,31
201102499,3,0,-1,0,1,1,0,4,1,3,3,11.5159309439901,3,1,31
201102500,5,1,1,1,2,1,1,3,3,3,5,10.7579241570616,2,1,31
201102501,5,1,1,1,2,1,1,3,1,2,4,11.092869425057,3,1,31
201102502,4,1,0,0,3,0,1,3,2,2,4,13.6170608387519,3,1,31
201102503,4,1,0,0,2,0,1,3,2,2,3,11.2292486939123,3,1,31
201102504,5,1,1,1,1,0,0,5,2,3,3,12.3940048653677,3,1,31
201102505,4,1,0,0,1,0,0,5,2,2,4,11.209940227443,3,1,31
201102506,5,1,1,1,1,0,0,5,2,2,5,9.28739400141847,1,1,31
201102507,5,1,1,1,2,0,1,1,5,2,4,11.2884184846089,3,1,31
201102508,4,1,0,0,1,0,0,5,1,2,2,9.79896002318219,1,1,31
201102509,5,1,1,1,3,1,1,3,2,2,5,10.6689786502192,2,1,31
201102510,4,1,0,0,1,0,0,1,2,2,3,12.4987459908293,3,1,31
201102511,4,1,0,0,1,0,0,5,2,2,4,11.5764907587694,3,1,31
201102512,5,1,1,1,3,2,1,3,2,1,4,10.722407984014,2,1,31
201102513,5,1,1,1,2,0,1,4,2,1,5,10.8893230036013,2,1,31
201102514,5,1,1,1,2,0,1,3,3,2,3,11.002116507732,3,1,31
201102515,5,1,1,1,1,0,0,2,4,1,4,11.5579083907967,3,1,31
201102516,4,1,0,0,3,0,1,3,2,2,4,11.59451466851,3,1,31
201102517,5,1,1,1,3,0,1,3,4,2,4,11.3480626141633,3,1,31
201102518,5,1,1,1,1,0,0,5,5,9,5,10.88708172962,2,1,31
201102519,4,1,0,0,2,0,1,5,9,2,4,9.95232533461943,1,1,31
201102520,3,0,-1,0,2,0,1,5,3,2,4,10.0858507751287,2,1,31
201102521,5,1,1,1,1,0,0,5,5,2,5,10.2043696204519,2,1,31
201102522,5,1,1,1,2,1,1,3,2,2,4,11.701485853054,3,1,31
201102523,4,1,0,0,2,0,1,3,2,2,4,11.4483976104424,3,1,31
201102524,5,1,1,1,2,0,1,5,1,2,4,10.7913993858086,2,1,31
201102525,3,0,-1,0,2,0,1,2,2,2,4,10.8197982842103,2,1,31
201102526,5,1,1,1,2,0,1,3,2,1,4,14.5061551095591,3,1,31
201102527,5,1,1,1,2,1,1,4,2,3,4,12.226370248345,3,1,31
201102528,4,1,0,0,1,0,0,4,2,2,4,10.7693477756109,2,1,31
201102529,4,1,0,0,2,1,1,3,2,2,5,9.62198633915943,1,1,31
201102530,4,1,0,0,3,1,1,5,1,1,4,11.5617251529038,3,1,31
201102531,5,1,1,1,3,1,1,2,2,2,3,10.2313874370267,2,1,31
201102532,4,1,0,0,1,0,0,5,2,3,3,10.3766424612809,2,1,31
201102533,4,1,0,0,2,0,1,5,3,3,4,11.4731550007315,3,1,31
201102534,5,1,1,1,1,0,0,4,2,2,4,0,1,1,31
201102535,4,1,0,0,3,2,1,2,2,2,4,11.9414623606462,3,1,31
201102536,5,1,1,1,3,1,1,5,2,2,4,11.5169274463495,3,1,31
201102537,5,1,1,1,1,1,0,5,4,1,3,9.7981825908907,1,1,31
201102538,5,1,1,1,1,0,0,5,2,2,3,10.837637848711,2,1,31
201102539,5,1,1,1,3,0,1,5,2,2,4,10.5966597327836,2,1,31
201102540,5,1,1,1,2,0,1,5,3,3,3,10.8396005193574,2,1,31
201102541,4,1,0,0,3,1,1,2,2,2,2,10.7975531251516,2,1,31
201102542,4,1,0,0,2,0,1,5,4,2,3,10.5873164524571,2,1,31
201102543,5,1,1,1,3,1,1,1,2,2,5,9.50755189464409,1,1,31
201102544,4,1,0,0,2,0,1,5,4,2,3,10.7010172706892,2,1,31
201102545,3,0,-1,0,3,1,1,4,3,2,2,10.849356503939,2,1,31
201102546,4,1,0,0,3,1,1,5,3,2,2,11.2898944073284,3,1,31
201102547,5,1,1,1,2,2,1,5,2,2,5,10.8715544621909,2,1,31
201102548,4,1,0,0,1,0,0,5,9,2,4,8.47657950853094,1,1,31
201102549,5,1,1,1,3,2,1,2,2,2,4,11.4295547255373,3,1,31
201102550,4,1,0,0,2,0,1,2,3,2,3,11.6699377607519,3,1,31
201102551,4,1,0,0,2,0,1,3,3,2,3,12.0552555697322,3,1,31
201102552,5,1,1,1,1,0,0,5,3,3,5,0,1,1,31
201102553,4,1,0,0,2,0,1,4,2,2,4,8.5173931714189,1,1,31
201102554,2,0,-2,0,3,0,1,3,2,3,2,10.5506169722625,2,1,31
201102555,5,1,1,1,3,1,1,3,3,2,4,11.6172944892629,3,1,31
201102556,4,1,0,0,1,1,0,4,2,2,3,10.7995959850478,2,1,31
201102557,4,1,0,0,1,0,0,4,3,2,3,11.002116507732,3,1,31
201102558,4,1,0,0,1,0,0,5,2,2,3,9.98049488889691,1,1,31
201102559,5,1,1,1,1,0,0,5,2,2,3,10.0883475514247,2,1,31
201102560,3,0,-1,0,1,0,0,5,3,2,4,11.5099309859899,3,1,31
201102561,4,1,0,0,3,1,1,5,1,2,4,0,1,1,31
201102562,5,1,1,1,1,0,0,3,2,2,3,11.59451466851,3,1,31
201102563,5,1,1,1,1,1,0,5,3,2,4,14.9141231799657,3,1,31
201102564,5,1,1,1,3,0,1,3,3,1,4,8.8538082749772,1,1,31
201102565,4,1,0,0,2,1,1,5,3,2,3,11.1732621422453,3,1,31
201102566,5,1,1,1,2,0,1,5,2,2,3,12.0167325160771,3,1,31
201102567,4,1,0,0,3,0,1,4,3,2,3,14.9131426997787,3,1,31
201102568,4,1,0,0,1,0,0,5,2,2,3,10.9241563175902,3,1,31
201102569,2,0,-2,0,1,0,0,5,2,2,2,10.1658902778025,2,1,31
201102570,4,1,0,0,2,0,1,5,2,2,3,10.3235456629472,2,1,31
201102571,5,1,1,1,3,1,1,5,3,2,4,10.4370819883548,2,1,31
201102572,5,1,1,1,3,0,1,4,2,2,3,11.5312662399671,3,1,31
201102573,4,1,0,0,1,0,0,5,2,2,3,11.9303478614167,3,1,31
201102574,4,1,0,0,1,0,0,3,2,2,4,10.7390514365162,2,1,31
201102575,4,1,0,0,2,0,1,5,2,3,5,11.8699176398359,3,1,31
201102576,4,1,0,0,3,0,1,3,4,3,4,11.3254024037768,3,1,31
201102577,4,1,0,0,1,1,0,5,1,3,3,10.5306551741621,2,1,31
201102578,5,1,1,1,2,1,1,5,2,1,4,10.3287879671451,2,1,31
201102579,4,1,0,0,2,0,1,3,1,2,3,11.4382126945783,3,1,31
201102580,4,1,0,0,3,1,1,3,2,1,4,11.1173542195368,3,1,31
201102581,2,0,-2,0,2,0,1,1,2,4,2,11.1783596599529,3,1,31
201102582,5,1,1,1,1,0,0,3,3,2,4,12.0078716755615,3,1,31
201102583,4,1,0,0,1,0,0,1,2,2,4,11.8494048444231,3,1,31
201102584,4,1,0,0,2,0,1,2,2,2,3,12.3639349999915,3,1,31
201102585,5,1,1,1,3,2,1,4,1,2,5,11.7445211957661,3,1,31
201102586,5,1,1,1,1,0,0,3,3,2,4,11.7188089140304,3,1,31
201102587,4,1,0,0,1,1,0,2,1,4,4,11.5189174769562,3,1,31
201102588,4,1,0,0,1,0,0,4,2,2,3,11.536895636785,3,1,31
201102589,4,1,0,0,3,0,1,4,2,3,4,10.3089859934221,2,1,31
201102590,4,1,0,0,3,1,1,3,3,4,4,11.8565222615337,3,1,31
201102591,4,1,0,0,1,0,0,3,1,2,5,8.11102783819368,1,1,31
201102592,3,0,-1,0,1,0,0,3,2,2,3,0,1,1,31
201102593,4,1,0,0,1,0,0,5,3,2,3,0,1,1,31
201102594,4,1,0,0,3,2,1,3,4,2,4,11.0358730513112,3,1,31
201102595,5,1,1,1,3,1,1,3,3,2,4,11.3967399026736,3,1,31
201102596,4,1,0,0,2,0,1,5,2,2,4,11.4104607524244,3,1,31
201102597,4,1,0,0,3,0,1,3,2,2,3,11.3273305566018,3,1,31
201102598,4,1,0,0,2,0,1,1,4,3,2,12.026353699006,3,1,31
201102599,5,1,1,1,3,0,1,5,2,2,4,12.6470046351014,3,1,31
201102600,4,1,0,0,3,0,1,5,2,3,4,0,1,1,31
201102601,5,1,1,1,2,1,1,5,2,2,4,11.7518932746689,3,1,31
201102602,2,0,-2,0,2,0,1,2,2,2,4,11.6262630788088,3,1,31
201102603,4,1,0,0,2,0,1,5,2,2,3,11.128159640865,3,1,31
201102604,4,1,0,0,2,1,1,3,1,2,4,12.8131198518286,3,1,31
201102605,5,1,1,1,2,0,1,4,2,4,3,7.84815308619953,1,1,31
201102606,4,1,0,0,2,1,1,4,2,2,4,12.6214913848161,3,1,31
201102607,5,1,1,1,1,0,0,1,2,2,4,10.8096239343091,2,1,31
201102608,5,1,1,1,2,1,1,5,3,2,4,11.2262494487741,3,1,31
201102609,5,1,1,1,2,0,1,4,2,2,4,11.0738156687458,3,1,31
201102610,4,1,0,0,3,2,1,2,2,2,2,11.7035540890075,3,1,31
201102611,4,1,0,0,2,0,1,3,2,2,4,11.1302145064807,3,1,31
201102612,5,1,1,1,2,0,1,2,3,2,4,11.9085489696475,3,1,31
201102613,2,0,-2,0,0,0,0,5,2,2,2,11.0349057929294,3,1,31
201102614,4,1,0,0,2,1,1,3,1,2,4,11.6145329624825,3,1,31
201102615,4,1,0,0,2,0,1,3,4,2,3,11.3145476943013,3,1,31
201102616,4,1,0,0,2,0,1,1,2,3,3,5.30330490805908,1,1,31
201102617,5,1,1,1,2,0,1,5,3,2,5,11.0033157683318,3,1,31
201102618,4,1,0,0,0,1,0,5,2,2,4,9.92822894442457,1,1,31
201102619,4,1,0,0,1,0,0,5,2,2,2,10.2241570089396,2,1,31
201102620,4,1,0,0,1,0,0,2,2,2,3,10.5257024822281,2,1,31
201102621,4,1,0,0,3,0,1,3,2,2,4,10.5966597327836,2,1,31
201102622,4,1,0,0,1,0,0,4,4,2,4,7.69666708152646,1,1,31
201102623,4,1,0,0,1,0,0,5,2,2,4,9.39274525863144,1,1,31
201102624,4,1,0,0,1,0,0,2,4,2,4,11.8849449519333,3,1,31
201102625,5,1,1,1,3,0,1,5,3,2,4,11.755094871383,3,1,31
201102626,2,0,-2,0,1,1,0,5,2,2,2,10.2488841341782,2,1,31
201102627,5,1,1,1,1,0,0,3,2,2,5,11.8277435040537,3,1,31
201102628,5,1,1,1,1,1,0,5,2,2,4,0,1,1,31
201102629,4,1,0,0,2,0,1,5,2,2,3,13.1615860136327,3,1,31
201102630,5,1,1,1,1,0,0,5,2,2,4,9.30574145673943,1,1,31
201102631,1,0,-3,0,3,1,1,3,5,4,1,11.5234795739088,3,1,31
201102632,5,1,1,1,2,0,1,3,4,2,3,9.91348738711446,1,1,31
201102633,5,1,1,1,2,0,1,4,4,4,4,12.4208540816088,3,1,31
201102634,3,0,-1,0,1,0,0,5,4,2,3,8.8538082749772,1,1,31
201102635,4,1,0,0,2,0,1,3,2,2,3,8.9947928972836,1,1,31
201102636,5,1,1,1,1,0,0,5,2,3,3,10.8874556242982,2,1,31
201102637,4,1,0,0,3,0,1,3,3,4,4,10.6530386957426,2,1,31
201102638,5,1,1,1,1,0,0,3,2,3,5,11.9276872249835,3,1,31
201102639,4,1,0,0,3,0,1,5,4,2,4,12.1508294553016,3,1,31
201102640,4,1,0,0,2,0,1,4,2,2,4,11.6830985267174,3,1,31
201102641,4,1,0,0,1,0,0,5,2,2,4,12.3313365187048,3,1,31
201102642,2,0,-2,0,1,0,0,1,2,3,1,13.9919825393027,3,1,31
201102643,4,1,0,0,2,0,1,4,2,2,4,12.0217790204872,3,1,31
201102644,5,1,1,1,3,1,1,3,3,2,2,11.5518859279152,3,1,31
201102645,5,1,1,1,2,2,1,5,2,2,5,11.1046714715341,3,1,31
201102646,4,1,0,0,3,1,1,3,2,2,4,7.60140233458373,1,1,31
201102647,4,1,0,0,3,0,1,3,1,4,3,11.6172944892629,3,1,31
201102648,3,0,-1,0,3,1,1,2,2,3,3,10.1266711030504,2,1,31
201102649,4,1,0,0,3,0,1,3,3,2,3,11.002116507732,3,1,31
201102650,5,1,1,1,2,0,1,5,3,2,4,12.2642656368574,3,1,31
201102651,4,1,0,0,1,0,0,3,2,2,4,10.0858507751287,2,1,31
201102652,4,1,0,0,1,1,0,2,2,3,4,10.7789771230064,2,1,31
201102653,5,1,1,1,2,0,1,2,2,2,4,10.043292972227,2,1,31
201102654,3,0,-1,0,2,0,1,3,2,1,2,10.6973503764547,2,1,31
201102655,5,1,1,1,2,0,1,4,2,2,2,11.0429378355965,3,1,31
201102656,5,1,1,1,2,0,1,3,2,2,3,8.93603509656604,1,1,31
201102657,5,1,1,1,2,2,1,5,4,2,4,10.7885146297333,2,1,31
201102658,5,1,1,1,3,1,1,4,2,2,4,11.8147092024228,3,1,31
201102659,5,1,1,1,1,0,0,5,5,9,4,9.90353755128617,1,1,31
201102660,4,1,0,0,2,0,1,3,2,2,4,11.8775755229785,3,1,31
201102661,4,1,0,0,3,1,1,4,2,2,4,12.5667530568632,3,1,31
201102662,4,1,0,0,3,2,1,3,1,2,3,10.6805392053183,2,1,31
201102663,3,0,-1,0,2,1,1,4,2,4,2,10.7276849250866,2,1,31
201102664,5,1,1,1,3,1,1,4,4,2,4,11.9237163658337,3,1,31
201102665,4,1,0,0,3,2,1,3,2,2,3,11.8058263954609,3,1,31
201102666,4,1,0,0,3,0,1,4,3,2,3,12.2404789031537,3,1,31
201102667,3,0,-1,0,2,1,1,2,2,1,3,10.6572828840475,2,1,31
201102668,5,1,1,1,2,0,1,2,3,2,3,0,1,1,31
201102669,2,0,-2,0,3,2,1,3,2,4,2,11.7783695971569,3,1,31
201102670,3,0,-1,0,3,1,1,2,3,3,3,11.672635084863,3,1,31
201102671,3,0,-1,0,3,1,1,3,1,2,4,12.2307701361574,3,1,31
201102672,4,1,0,0,2,0,1,3,4,2,4,11.5248639172096,3,0,31
201102673,4,1,0,0,1,0,0,5,2,2,4,0,1,0,31
201102674,5,1,1,1,0,1,0,3,3,2,5,10.8237902258001,2,0,31
201102675,4,1,0,0,1,0,0,5,2,2,4,10.9595576179386,3,0,31
201102676,5,1,1,1,2,0,1,3,2,2,5,6.47543271670409,1,0,31
201102677,4,1,0,0,1,0,0,5,2,2,4,10.9692494609921,3,0,31
201102678,4,1,0,0,1,1,0,5,2,3,2,10.3287879671451,2,0,31
201102679,5,1,1,1,1,0,0,5,4,3,5,10.6689786502192,2,0,31
201102680,5,1,1,1,1,0,0,3,2,2,3,9.7291936874294,1,0,31
201102681,4,1,0,0,2,0,1,1,3,3,3,10.3735224312936,2,0,31
201102682,4,1,0,0,1,0,0,3,3,1,5,11.0235514350049,3,0,31
201102683,5,1,1,1,2,0,1,5,4,3,4,11.2702390651144,3,0,31
201102684,4,1,0,0,1,1,0,3,2,2,4,10.5713425658087,2,0,31
201102685,5,1,1,1,1,0,0,5,1,2,4,11.1562648066437,3,0,31
201102686,5,1,1,1,1,0,0,3,1,2,4,10.0078926118909,1,0,31
201102687,5,1,1,1,3,0,1,2,2,3,5,11.2772157895969,3,0,31
201102688,4,1,0,0,1,1,0,3,4,3,4,10.7579241570616,2,0,31
201102689,4,1,0,0,2,1,1,2,2,3,2,10.8601892444674,2,0,31
201102690,4,1,0,0,1,0,0,2,2,2,4,10.9059743291069,2,0,31
201102691,2,0,-2,0,0,1,0,5,2,2,2,9.83633227734872,1,0,31
201102692,5,1,1,1,1,0,0,3,4,1,5,9.90353755128617,1,0,31
201102693,4,1,0,0,1,0,0,4,2,2,4,10.6454487065059,2,0,31
201102694,4,1,0,0,1,1,0,5,2,2,4,10.7356355162979,2,0,31
201102695,5,1,1,1,1,1,0,5,2,2,4,8.5173931714189,1,0,31
201102696,4,1,0,0,1,0,0,5,2,2,4,5.70711026474888,1,0,31
201102697,4,1,0,0,0,1,0,5,2,2,4,9.32232887392423,1,0,31
201102698,2,0,-2,0,0,1,0,4,2,2,4,9.60245002503719,1,0,31
201102699,3,0,-1,0,1,0,0,2,2,3,2,11.6564282278306,3,0,31
201102700,5,1,1,1,1,0,0,5,2,2,4,10.820198196235,2,0,31
201102701,4,1,0,0,1,0,0,5,2,2,4,9.96969655264646,1,0,31
201102702,2,0,-2,0,1,0,0,3,2,3,2,11.3527684498377,3,0,31
201102703,4,1,0,0,1,1,0,5,3,3,4,9.58252442551568,1,0,31
201102704,4,1,0,0,1,1,0,5,2,2,4,11.0012664210895,3,0,31
201102705,4,1,0,0,2,1,1,4,3,2,3,11.2885436473206,3,0,31
201102706,4,1,0,0,1,0,0,5,1,2,3,11.3433345288551,3,0,31
201102707,5,1,1,1,2,0,1,5,2,2,3,10.1266711030504,2,0,31
201102708,4,1,0,0,1,0,0,2,2,2,4,10.6454487065059,2,0,31
201102709,3,0,-1,0,1,1,0,5,4,3,2,8.38958706681109,1,0,31
201102710,4,1,0,0,1,0,0,4,1,2,4,9.21044036697652,1,0,31
201102711,5,1,1,1,1,0,0,4,4,2,4,11.1897877243463,3,0,31
201102712,4,1,0,0,1,0,0,5,2,2,4,9.87565376160669,1,0,31
201102713,5,1,1,1,2,1,1,3,2,2,3,10.6237877310886,2,0,31
201102714,4,1,0,0,1,1,0,5,2,9,4,9.22631214148588,1,0,31
201102715,4,1,0,0,1,1,0,5,1,2,4,9.76198159024195,1,0,31
201102716,5,1,1,1,2,0,1,5,2,3,4,9.47278155656217,1,0,31
201102717,2,0,-2,0,1,0,0,5,2,2,2,9.20039104112251,1,0,31
201102718,4,1,0,0,0,1,0,5,2,2,4,9.89267935381952,1,0,31
201102719,5,1,1,1,1,0,0,5,2,2,4,10.3772030343257,2,0,31
201102720,4,1,0,0,3,0,1,3,1,2,4,11.0189733462059,3,0,31
201102721,4,1,0,0,1,0,0,5,2,2,4,10.0732725203259,2,0,31
201102722,4,1,0,0,2,0,1,3,3,3,3,10.5610334618531,2,0,31
201102723,4,1,0,0,0,1,0,5,2,2,4,9.30428598481871,1,0,31
201102724,4,1,0,0,2,0,1,5,2,3,3,6.67582322163485,1,0,31
201102725,3,0,-1,0,1,0,0,3,2,1,3,,1,0,31
201102726,3,0,-1,0,1,0,0,5,3,3,3,9.35088461696849,1,0,31
201102727,4,1,0,0,0,1,0,5,2,2,4,9.23999625688369,1,0,31
201102728,4,1,0,0,1,1,0,3,2,2,3,9.93793728726535,1,0,31
201102729,5,1,1,1,1,0,0,5,2,2,5,7.74109909003537,1,0,31
201102730,5,1,1,1,1,1,0,5,2,2,4,11.2292269061157,3,0,31
201102731,4,1,0,0,1,0,0,5,2,2,4,10.5050949364556,2,0,31
201102732,4,1,0,0,1,1,0,5,2,2,4,9.61052489564042,1,0,31
201102733,5,1,1,1,2,0,1,4,2,3,5,11.2569126280405,3,0,31
201102734,3,0,-1,0,1,0,0,5,2,2,4,11.3504183001091,3,0,31
201102735,2,0,-2,0,2,0,1,3,4,2,3,11.0567616225308,3,0,31
201102736,3,0,-1,0,1,0,0,5,3,3,3,7.84424071814181,1,0,31
201102737,4,1,0,0,1,1,0,5,2,2,4,10.4073187723892,2,0,31
201102738,4,1,0,0,1,1,0,5,3,9,4,10.2036291813376,2,0,31
201102739,4,1,0,0,1,0,0,5,2,2,4,10.236417809461,2,0,31
201102740,5,1,1,1,1,0,0,5,2,2,4,9.95327721703864,1,0,31
201102741,4,1,0,0,2,1,1,2,2,2,4,9.92431906211606,1,0,31
201102742,3,0,-1,0,1,1,0,5,2,2,2,9.96650929895228,1,1,32
201102743,4,1,0,0,3,1,1,5,2,2,2,10.8197982842103,2,1,32
201102744,4,1,0,0,1,0,0,5,1,2,4,0,1,1,32
201102745,5,1,1,1,0,1,0,4,2,1,4,12.5245300130057,3,1,32
201102746,5,1,1,1,1,0,0,5,2,2,4,4.79579054559674,1,1,32
201102747,4,1,0,0,2,1,1,5,2,2,4,10.8590182281479,2,1,32
201102748,4,1,0,0,2,0,1,5,4,2,3,10.4913019948302,2,1,32
201102749,5,1,1,1,3,1,1,3,2,2,5,11.1982284186668,3,1,32
201102750,4,1,0,0,3,1,1,5,1,2,3,12.1792708042206,3,1,32
201102751,4,1,0,0,1,0,0,5,2,2,2,11.2897944135779,3,1,32
201102752,5,1,1,1,3,0,1,3,3,2,5,11.446262021116,3,1,32
201102753,4,1,0,0,2,0,1,2,1,2,4,9.39274525863144,1,1,32
201102754,4,1,0,0,2,0,1,4,2,2,3,11.6544170926421,3,1,32
201102755,4,1,0,0,1,1,0,5,1,3,4,10.4004981872684,2,1,32
201102756,4,1,0,0,1,0,0,4,4,2,4,9.48804786328076,1,1,32
201102757,4,1,0,0,2,0,1,5,1,2,4,9.57199290712769,1,1,32
201102758,3,0,-1,0,1,0,0,3,2,2,4,11.4957894790235,3,1,32
201102759,4,1,0,0,2,0,1,3,1,2,4,10.9420136160929,3,1,32
201102760,5,1,1,1,1,0,0,5,2,2,4,5.70711026474888,1,1,32
201102761,5,1,1,1,2,1,1,3,2,3,4,10.8157903431324,2,1,32
201102762,4,1,0,0,2,0,1,3,2,2,3,11.9393438861209,3,1,32
201102763,4,1,0,0,1,0,0,5,3,3,4,10.1503866922047,2,1,32
201102764,4,1,0,0,2,0,1,5,2,2,3,12.02001326803,3,1,32
201102765,5,1,1,1,2,0,1,3,2,2,5,9.43356392009056,1,1,32
201102766,4,1,0,0,0,1,0,4,2,2,5,11.0349057929294,3,1,32
201102767,5,1,1,1,1,0,0,5,4,2,4,9.88842467485908,1,1,32
201102768,4,1,0,0,2,0,1,5,2,2,4,10.7421427033232,2,1,32
201102769,4,1,0,0,1,0,0,5,2,2,5,10.0647982524184,2,1,32
201102770,5,1,1,1,1,1,0,5,1,1,4,10.2853769241156,2,1,32
201102771,5,1,1,1,1,0,0,5,2,2,4,9.40104337279805,1,1,32
201102772,4,1,0,0,1,0,0,5,3,2,3,11.6711780997296,3,1,32
201102773,5,1,1,1,1,0,0,3,3,2,5,10.1266711030504,2,1,32
201102774,5,1,1,1,2,0,1,3,2,2,5,10.4143931731023,2,1,32
201102775,5,1,1,1,1,0,0,5,4,1,5,10.1519479118341,2,1,32
201102776,5,1,1,1,1,0,0,5,3,2,4,11.1586782636424,3,1,32
201102777,5,1,1,1,2,0,1,3,2,2,4,9.85224688834253,1,1,32
201102778,4,1,0,0,2,0,1,3,1,2,4,10.8277662951325,2,1,32
201102779,5,1,1,1,1,0,0,3,2,2,5,10.3089859934221,2,1,32
201102780,4,1,0,0,3,0,1,3,2,2,4,10.4516378623623,2,1,32
201102781,3,0,-1,0,1,0,0,4,1,2,4,10.0858507751287,2,1,32
201102782,4,1,0,0,1,0,0,5,2,2,4,9.25922576970599,1,1,32
201102783,2,0,-2,0,1,0,0,4,2,2,2,10.6930095093687,2,1,32
201102784,4,1,0,0,3,0,1,4,2,2,4,10.6213517356329,2,1,32
201102785,3,0,-1,0,3,0,1,1,2,2,3,9.61587214452889,1,1,32
201102786,4,1,0,0,1,0,0,4,2,1,3,9.21044036697652,1,1,32
201102787,3,0,-1,0,2,0,1,4,4,1,5,9.23024103368252,1,1,32
201102788,4,1,0,0,1,1,0,3,2,2,4,10.3844002113524,2,1,32
201102789,4,1,0,0,1,0,0,5,2,2,4,10.4938248896577,2,1,32
201102790,4,1,0,0,2,0,1,4,2,2,3,9.8730798901147,1,1,32
201102791,4,1,0,0,2,0,1,5,2,2,4,11.0011302306588,3,1,32
201102792,4,1,0,0,3,0,1,3,1,2,2,10.5713425658087,2,1,32
201102793,2,0,-2,0,1,0,0,3,3,2,2,9.21044036697652,1,1,32
201102794,5,1,1,1,1,0,0,3,4,1,5,10.8396005193574,2,1,32
201102795,2,0,-2,0,2,0,1,5,2,2,5,7.84815308619953,1,1,32
201102796,5,1,1,1,1,0,0,5,2,9,5,0,1,1,32
201102797,4,1,0,0,1,0,0,3,1,9,4,11.0943903147663,3,0,32
201102798,3,0,-1,0,1,0,0,3,4,9,3,8.86304982791909,1,0,32
201102799,4,1,0,0,1,0,0,3,2,2,5,10.4871267396415,2,0,32
201102800,4,1,0,0,1,1,0,5,2,2,,8.59895749321888,1,0,32
201102801,5,1,1,1,1,1,0,5,4,3,5,9.96415923206886,1,0,32
201102802,4,1,0,0,2,1,1,4,1,2,4,10.5023515257749,2,0,32
201102803,4,1,0,0,1,0,0,5,2,2,4,8.93603509656604,1,0,32
201102804,4,1,0,0,1,0,0,5,1,9,4,11.2966897378865,3,0,32
201102805,4,1,0,0,1,0,0,5,1,3,4,10.0941492336051,2,0,32
201102806,4,1,0,0,1,0,0,5,4,2,5,11.8640587855636,3,0,32
201102807,4,1,0,0,1,0,0,5,1,2,4,9.59226387150131,1,0,32
201102808,5,1,1,1,1,0,0,5,2,2,4,9.74689222031305,1,0,32
201102809,3,0,-1,0,1,0,0,5,1,3,,7.80832305039106,1,0,32
201102810,4,1,0,0,1,0,0,3,2,2,4,10.4252827894907,2,0,32
201102811,5,1,1,1,0,1,0,5,1,1,4,10.9525835443236,3,0,32
201102812,4,1,0,0,1,0,0,5,2,9,4,5.86078622346587,1,0,32
201102813,4,1,0,0,1,0,0,5,2,3,4,11.1775811076789,3,0,32
201102814,4,1,0,0,1,1,0,5,2,2,3,6.04263283368238,1,0,32
201102815,4,1,0,0,2,0,1,5,2,2,3,8.61450137388324,1,0,32
201102816,4,1,0,0,1,1,0,5,2,2,3,8.71620797115185,1,0,32
201102817,4,1,0,0,1,1,0,5,2,9,3,0,1,1,32
201102818,4,1,0,0,1,0,0,3,1,2,4,0,1,1,32
201102819,4,1,0,0,2,0,1,5,1,2,4,10.7318468536191,2,1,32
201102820,2,0,-2,0,1,0,0,5,2,3,2,7.60140233458373,1,1,32
201102821,4,1,0,0,3,0,1,2,1,2,2,11.0588109327883,3,1,32
201102822,5,1,1,1,1,0,0,5,3,2,2,8.78584533796121,1,1,32
201102823,5,1,1,1,1,0,0,5,3,3,4,10.1464729460639,2,1,32
201102824,4,1,0,0,3,0,1,5,1,2,4,8.69968140098951,1,1,32
201102825,5,1,1,1,1,0,0,5,2,1,3,10.1266711030504,2,1,32
201102826,4,1,0,0,2,0,1,3,1,2,3,10.7554759853701,2,1,32
201102827,4,1,0,0,2,0,1,5,2,2,3,11.5109334822894,3,1,32
201102828,4,1,0,0,1,0,0,5,2,2,3,9.79595801959346,1,1,32
201102829,4,1,0,0,2,0,1,4,2,2,4,8.81001204797317,1,1,32
201102830,4,1,0,0,3,0,1,1,4,2,2,8.96712165623092,1,1,32
201102831,4,1,0,0,1,0,0,5,1,2,3,10.0668284341777,2,1,32
201102832,4,1,0,0,3,0,1,3,3,2,5,10.0257494320691,1,1,32
201102833,3,0,-1,0,1,0,0,,2,2,4,10.0033781353509,1,1,32
201102834,5,1,1,1,1,0,0,5,2,2,5,9.90487945448476,1,1,32
201102835,4,1,0,0,1,0,0,1,1,2,4,9.61587214452889,1,1,32
201102836,3,0,-1,0,2,0,1,5,1,9,3,6.90875477931522,1,1,32
201102837,4,1,0,0,2,0,1,4,2,2,4,9.51789859843275,1,1,32
201102838,5,1,1,1,1,0,0,5,2,2,5,10.2750855911327,2,1,32
201102839,5,1,1,1,2,0,1,4,2,1,4,10.2201578761466,2,1,32
201102840,4,1,0,0,1,0,0,5,1,4,4,10.2756147970494,2,1,32
201102841,5,1,1,1,1,0,0,4,2,3,4,10.6213517356329,2,1,32
201102842,4,1,0,0,1,0,0,5,2,9,3,10.9690591796322,3,1,32
201102843,5,1,1,1,2,0,1,1,4,2,3,11.2886472858343,3,1,32
201102844,5,1,1,1,2,0,1,3,1,2,4,8.69701161799207,1,1,32
201102845,4,1,0,0,0,0,0,5,2,2,3,10.1266711030504,2,1,32
201102846,5,1,1,1,1,0,0,1,5,2,4,10.140573455973,2,1,32
201102847,4,1,0,0,1,0,0,4,2,2,4,9.39274525863144,1,1,32
201102848,4,1,0,0,1,1,0,2,2,2,4,10.5187002182882,2,1,32
201102849,4,1,0,0,1,0,0,3,2,2,4,10.0088830675815,1,1,32
201102850,5,1,1,1,1,0,0,5,2,2,5,8.80033249037638,1,1,32
201102851,4,1,0,0,1,0,0,5,2,2,4,9.73335145060597,1,1,32
201102852,4,1,0,0,1,1,0,4,2,2,4,11.4544727211995,3,1,32
201102853,4,1,0,0,1,0,0,5,2,2,4,8.60355435706428,1,1,32
201102854,2,0,-2,0,2,0,1,3,1,2,2,11.648949997138,3,1,32
201102855,4,1,0,0,1,0,0,5,2,2,4,8.47449443688312,1,1,32
201102856,4,1,0,0,1,1,0,5,2,3,4,10.3110504587264,2,1,32
201102857,3,0,-1,0,1,0,0,5,1,2,2,11.0627401491722,3,1,32
201102858,5,1,1,1,0,1,0,5,2,2,3,11.8844959179307,3,1,32
201102859,4,1,0,0,0,1,0,5,2,2,4,10.5701880830811,2,1,32
201102860,4,1,0,0,1,0,0,5,3,3,3,10.5275381313409,2,1,32
201102861,,,,,1,0,0,5,2,2,,11.3385839825165,3,1,32
201102862,4,1,0,0,1,0,0,5,4,2,3,9.08262063037381,1,1,32
201102863,3,0,-1,0,1,0,0,4,1,2,4,11.1626864622877,3,1,32
201102864,4,1,0,0,1,1,0,3,1,2,2,10.6594761973711,2,1,32
201102865,5,1,1,1,1,1,0,5,2,3,4,10.3401605877685,2,1,32
201102866,4,1,0,0,1,1,0,5,1,2,5,11.0768819815168,3,1,32
201102867,5,1,1,1,1,0,0,3,1,3,4,10.6953708558322,2,1,32
201102868,4,1,0,0,1,1,0,2,2,2,5,10.5461503220005,2,1,32
201102869,4,1,0,0,2,0,1,4,2,2,3,9.31488055125011,1,1,32
201102870,4,1,0,0,1,0,0,,1,2,,9.12815370098824,1,1,32
201102871,3,0,-1,0,3,0,1,3,2,3,2,10.8287578471909,2,1,32
201102872,4,1,0,0,2,0,1,4,3,4,3,11.3977357239729,3,1,32
201102873,4,1,0,0,1,0,0,5,3,2,5,9.77798101729641,1,1,32
201102874,4,1,0,0,1,0,0,5,3,3,5,7.08673793451058,1,0,32
201102875,2,0,-2,0,0,0,0,5,1,4,2,7.76895604453833,1,0,32
201102876,5,1,1,1,1,0,0,5,2,2,5,10.9097932191177,2,0,32
201102877,3,0,-1,0,1,0,0,5,3,2,,9.24725072599628,1,0,32
201102878,5,1,1,1,1,0,0,2,2,2,4,10.1282697605188,2,0,32
201102879,3,0,-1,0,1,0,0,3,2,3,3,12.4181997378786,3,0,32
201102880,4,1,0,0,1,0,0,3,4,2,3,9.49709701635146,1,0,32
201102881,5,1,1,1,0,0,0,3,1,2,3,10.6078466440599,2,0,32
201102882,4,1,0,0,1,0,0,5,2,2,4,11.2690582040907,3,0,32
201102883,4,1,0,0,1,0,0,5,2,2,5,11.1674182859,3,0,32
201102884,3,0,-1,0,0,0,0,5,2,2,3,8.24433404785609,1,0,32
201102885,3,0,-1,0,1,0,0,5,2,2,5,10.6290259129635,2,0,32
201102886,4,1,0,0,1,0,0,5,2,2,4,8.19726337141434,1,0,32
201102887,5,1,1,1,1,0,0,5,2,2,5,6.90875477931522,1,0,32
201102888,4,1,0,0,1,0,0,4,2,2,4,10.1739098585586,2,0,32
201102889,4,1,0,0,1,0,0,5,2,2,5,10.1445103139376,2,0,32
201102890,3,0,-1,0,1,1,0,5,1,2,,11.0135747029544,3,0,32
201102891,4,1,0,0,1,0,0,3,3,2,4,9.72142596194803,1,0,32
201102892,4,1,0,0,1,0,0,3,2,3,4,9.7705845338719,1,0,32
201102893,4,1,0,0,1,0,0,5,2,2,4,10.3877946477413,2,0,32
201102894,5,1,1,1,2,0,1,3,4,2,5,9.62911649414402,1,1,32
201102895,4,1,0,0,1,1,0,2,2,2,3,9.95896956199513,1,1,32
201102896,3,0,-1,0,1,0,0,4,2,2,4,11.1982284186668,3,1,32
201102897,5,1,1,1,1,0,0,5,2,2,5,9.75672617114073,1,1,32
201102898,4,1,0,0,2,0,1,3,2,2,2,11.0041117482529,3,1,32
201102899,2,0,-2,0,1,0,0,5,2,2,2,11.147990946428,3,1,32
201102900,4,1,0,0,1,1,0,3,1,2,3,9.77854771798028,1,1,32
201102901,4,1,0,0,1,1,0,5,2,4,3,9.37424334324612,1,1,32
201102902,4,1,0,0,1,0,0,5,3,9,4,11.4457274104068,3,1,32
201102903,4,1,0,0,1,0,0,5,1,2,4,7.986504938554,1,1,32
201102904,4,1,0,0,1,0,0,5,3,2,5,9.96744778149501,1,1,32
201102905,5,1,1,1,3,0,1,4,2,2,4,10.8642330972482,2,1,32
201102906,4,1,0,0,2,0,1,2,4,2,4,10.6938680447407,2,1,32
201102907,4,1,0,0,3,1,1,4,2,2,3,11.2252567257629,3,1,32
201102908,4,1,0,0,0,1,0,5,2,2,4,10.1476486790728,2,1,32
201102909,5,1,1,1,1,0,0,3,2,4,3,10.7852075433601,2,1,32
201102910,4,1,0,0,2,0,1,5,2,2,4,10.6987625291419,2,1,32
201102911,5,1,1,1,1,0,0,3,2,2,5,10.0858507751287,2,1,32
201102912,2,0,-2,0,1,0,0,3,2,2,3,10.6016471499196,2,1,32
201102913,5,1,1,1,1,0,0,3,1,3,5,11.2906615071689,3,1,32
201102914,4,1,0,0,3,0,1,3,2,2,4,10.915410287424,3,1,32
201102915,4,1,0,0,1,0,0,5,1,2,4,8.07121853996986,1,1,32
201102916,3,0,-1,0,1,0,0,3,2,2,4,10.390563369131,2,1,32
201102917,4,1,0,0,3,0,1,4,1,4,2,10.6962764274229,2,1,32
201102918,4,1,0,0,1,1,0,5,3,2,4,11.0831185147758,3,1,32
201102919,5,1,1,1,1,0,0,5,1,4,,9.5819728915479,1,0,32
201102920,4,1,0,0,2,0,1,2,2,2,3,11.7251374842108,3,0,32
201102921,4,1,0,0,2,0,1,5,3,2,4,10.9327676264326,3,0,32
201102922,4,1,0,0,3,0,1,5,2,2,3,11.1076753337529,3,0,32
201102923,4,1,0,0,3,0,1,3,2,2,4,10.8197982842103,2,0,32
201102924,5,1,1,1,0,0,0,5,2,2,5,7.43897159239586,1,0,32
201102925,3,0,-1,0,2,0,1,3,2,9,2,10.1834272298497,2,0,32
201102926,4,1,0,0,1,0,0,5,2,9,4,6.39859493453521,1,0,32
201102927,5,1,1,1,1,0,0,3,9,2,5,9.77001330113616,1,0,32
201102928,4,1,0,0,1,1,0,5,1,2,2,10.4223111074132,2,0,32
201102929,4,1,0,0,1,0,0,5,2,2,4,0,1,0,32
201102930,2,0,-2,0,2,0,1,5,1,3,,11.4075760603618,3,0,32
201102931,4,1,0,0,1,0,0,5,1,2,4,11.1834834582702,3,0,32
201102932,5,1,1,1,2,0,1,3,3,4,3,9.91842542490033,1,0,32
201102933,3,0,-1,0,3,0,1,4,2,3,4,11.0478036502536,3,0,32
201102934,3,0,-1,0,1,0,0,4,2,2,2,10.4773161440809,2,0,32
201102935,2,0,-2,0,1,0,0,4,2,2,4,11.0697740658807,3,0,32
201102936,4,1,0,0,1,0,0,5,2,2,4,11.9456891368201,3,0,32
201102937,4,1,0,0,3,0,1,1,1,2,5,10.2064309935844,2,0,32
201102938,4,1,0,0,2,1,1,5,2,2,4,12.1724176151898,3,0,32
201102939,4,1,0,0,1,0,0,5,2,2,4,10.9241563175902,3,1,32
201102940,4,1,0,0,1,0,0,5,2,2,4,9.85066677635255,1,1,32
201102941,5,1,1,1,1,1,0,5,3,2,2,11.0477262758964,3,1,32
201102942,5,1,1,1,2,0,1,5,2,1,5,12.22416302345,3,1,32
201102943,2,0,-2,0,2,1,1,3,2,2,4,11.4762718539888,3,1,32
201102944,4,1,0,0,1,0,0,4,2,3,5,10.6975042711904,2,1,32
201102945,5,1,1,1,3,0,1,4,2,2,5,10.0583950887325,2,1,32
201102946,5,1,1,1,1,0,0,3,2,3,4,9.68040649926887,1,1,32
201102947,5,1,1,1,1,0,0,4,1,2,5,10.7573357318618,2,1,32
201102948,3,0,-1,0,2,0,1,3,1,2,3,11.1462297211776,3,1,32
201102949,3,0,-1,0,1,1,0,5,1,1,3,9.93986769662888,1,1,32
201102950,3,0,-1,0,1,1,0,3,2,2,4,10.4042931430198,2,1,32
201102951,4,1,0,0,2,1,1,5,2,2,4,9.61587214452889,1,1,32
201102952,4,1,0,0,1,0,0,3,2,3,4,11.0112412641215,3,1,32
201102953,5,1,1,1,1,0,0,3,2,2,5,10.4545237839635,2,1,32
201102954,4,1,0,0,2,0,1,4,2,2,3,10.1385991996262,2,1,32
201102955,5,1,1,1,1,1,0,5,3,2,4,10.9397101208509,3,1,32
201102956,4,1,0,0,2,0,1,3,3,2,4,11.4055355477193,3,1,32
201102957,5,1,1,1,1,1,0,3,4,3,4,6.74641212857337,1,1,32
201102958,5,1,1,1,1,0,0,5,1,4,5,10.7144399907278,2,1,32
201102959,4,1,0,0,2,1,1,3,2,3,5,10.2464032709835,2,1,32
201102960,5,1,1,1,1,0,0,5,2,3,5,10.2399955028053,2,1,32
201102961,5,1,1,1,1,0,0,4,1,2,2,11.314486721294,3,1,32
201102962,4,1,0,0,3,2,1,5,2,2,4,11.085996650738,3,1,32
201102963,2,0,-2,0,1,0,0,4,3,2,4,10.849356503939,2,1,32
201102964,1,0,-3,0,2,0,1,2,2,1,,9.65509029374725,1,1,32
201102965,5,1,1,1,1,1,0,5,2,2,3,10.3874865382984,2,1,32
201102966,4,1,0,0,2,1,1,2,2,2,5,11.1084507646838,3,1,32
201102967,5,1,1,1,1,0,0,3,1,2,5,10.8522648354446,2,1,32
201102968,5,1,1,1,1,0,0,5,2,3,5,8.5173931714189,1,1,32
201102969,3,0,-1,0,1,1,0,5,1,2,3,10.0502251086477,2,1,32
201102970,3,0,-1,0,1,0,0,5,1,3,3,9.98603481350369,1,1,32
201102971,4,1,0,0,2,0,1,2,1,2,4,11.5473365534766,3,1,32
201102972,4,1,0,0,1,1,0,3,2,2,4,11.1294962422564,3,1,32
201102973,3,0,-1,0,2,1,1,3,2,3,3,11.0896034689804,3,1,32
201102974,4,1,0,0,1,1,0,5,2,3,4,11.5278239296322,3,1,32
201102975,4,1,0,0,2,1,1,3,2,2,2,12.2991091487398,3,1,32
201102976,5,1,1,1,1,0,0,3,3,2,5,10.2146786105388,2,1,32
201102977,5,1,1,1,2,0,1,4,1,2,5,11.6818324473423,3,1,32
201102978,4,1,0,0,3,1,1,3,2,2,4,11.4295547255373,3,1,32
201102979,4,1,0,0,3,0,1,4,1,3,4,11.4311142934442,3,1,32
201102980,5,1,1,1,3,0,1,4,2,2,4,9.9085248440534,1,1,32
201102981,4,1,0,0,2,0,1,5,2,2,4,9.65509029374725,1,1,32
201102982,4,1,0,0,2,0,1,3,2,2,4,10.2146786105388,2,1,32
201102983,3,0,-1,0,2,0,1,2,4,2,3,12.4203812836815,3,1,32
201102984,2,0,-2,0,1,0,0,1,2,2,2,10.8077259458861,2,1,32
201102985,4,1,0,0,2,0,1,3,2,2,5,11.4791882586253,3,1,32
201102986,4,1,0,0,1,0,0,4,2,2,4,10.9960429938144,3,1,32
201102987,4,1,0,0,1,1,0,5,3,2,4,10.7276849250866,2,1,32
201102988,4,1,0,0,2,0,1,3,1,2,3,10.7385899207234,2,1,32
201102989,4,1,0,0,1,0,0,5,2,3,4,10.4702491766324,2,1,32
201102990,4,1,0,0,1,0,0,5,2,2,4,10.3414521187349,2,1,32
201102991,5,1,1,1,3,0,1,3,2,2,3,11.2279198077219,3,1,32
201102992,4,1,0,0,3,0,1,1,2,2,5,,1,1,32
201102993,4,1,0,0,2,0,1,2,2,3,3,10.8297484170476,2,1,32
201102994,4,1,0,0,1,0,0,5,2,9,4,12.0554426877644,3,0,32
201102995,4,1,0,0,1,0,0,4,2,2,4,6.39859493453521,1,0,32
201102996,4,1,0,0,0,1,0,5,2,2,4,11.0292447290611,3,0,32
201102997,4,1,0,0,1,1,0,3,2,2,4,11.5027902928162,3,0,32
201102998,4,1,0,0,2,1,1,4,2,3,5,11.8171429997026,3,0,32
201102999,4,1,0,0,2,0,1,5,2,2,4,11.0495877565259,3,0,32
201103000,4,1,0,0,1,0,0,5,2,2,4,5.52545293913178,1,0,32
201103001,4,1,0,0,2,0,1,4,2,2,4,11.4533527603979,3,0,32
201103002,4,1,0,0,2,0,1,3,1,2,2,11.1762896837263,3,0,32
201103003,4,1,0,0,1,0,0,5,1,3,2,10.3625250226498,2,0,32
201103004,4,1,0,0,1,0,0,3,2,9,3,9.62350906446938,1,0,32
201103005,5,1,1,1,1,1,0,3,2,2,5,10.1274707512478,2,0,32
201103006,4,1,0,0,1,0,0,5,3,4,5,10.4133427055477,2,0,32
201103007,5,1,1,1,1,1,0,1,2,2,4,10.4731071529214,2,0,32
201103008,4,1,0,0,1,0,0,4,2,2,4,9.70814154461942,1,0,32
201103009,4,1,0,0,1,0,0,5,2,2,4,9.37593955262575,1,0,32
201103010,4,1,0,0,1,0,0,3,2,2,4,9.62582181535983,1,0,32
201103011,4,1,0,0,1,0,0,5,2,4,4,9.11613957657736,1,0,32
201103012,5,1,1,1,1,0,0,,2,2,5,10.2138398051203,2,0,32
201103013,5,1,1,1,0,1,0,5,1,2,3,9.57087784672921,1,0,32
201103014,5,1,1,1,1,1,0,5,2,3,5,9.24232341782923,1,0,32
201103015,4,1,0,0,1,0,0,5,2,2,5,9.91011553882635,1,0,32
201103016,4,1,0,0,1,0,0,5,2,2,2,9.94467747936099,1,0,32
201103017,3,0,-1,0,1,0,0,4,2,2,3,11.0145388219727,3,0,32
201103018,5,1,1,1,1,0,0,5,2,9,5,8.60171814648593,1,0,32
201103019,4,1,0,0,1,0,0,3,1,2,2,10.9171046122398,3,0,32
201103020,5,1,1,1,1,1,0,3,2,2,4,9.59838800604728,1,0,32
201103021,5,1,1,1,1,1,0,3,1,2,5,10.9384130405831,3,0,32
201103022,5,1,1,1,1,2,0,5,2,3,2,10.9767991270909,3,0,32
201103023,3,0,-1,0,1,0,0,3,2,2,4,,1,0,32
201103024,5,1,1,1,1,1,0,5,2,2,5,8.03947991910045,1,0,32
201103025,3,0,-1,0,0,1,0,5,1,2,4,8.74846362994206,1,0,32
201103026,5,1,1,1,1,0,0,5,2,2,4,9.73772808404115,1,0,32
201103027,5,1,1,1,1,0,0,4,2,2,5,11.0071039663257,3,0,32
201103028,4,1,0,0,0,1,0,2,2,2,4,10.0168608797038,1,0,32
201103029,4,1,0,0,1,0,0,4,2,2,4,10.5064638245848,2,0,32
201103030,4,1,0,0,0,1,0,5,2,2,4,7.90875473878325,1,0,32
201103031,4,1,0,0,0,0,0,5,1,4,3,9.67664968563365,1,0,32
201103032,5,1,1,1,1,0,0,2,1,3,3,9.25731937317018,1,0,32
201103033,5,1,1,1,1,0,0,2,1,1,3,9.91891789019149,1,0,32
201103034,4,1,0,0,1,0,0,3,3,4,2,10.5324179310347,2,1,32
201103035,5,1,1,1,1,0,0,4,1,2,4,10.3911825779953,2,1,32
201103036,4,1,0,0,2,0,1,2,3,2,3,9.54330646926811,1,1,32
201103037,5,1,1,1,1,0,0,5,1,9,4,9.39274525863144,1,1,32
201103038,5,1,1,1,2,0,1,5,4,4,4,11.8817335043122,3,1,32
201103039,5,1,1,1,1,0,0,5,1,9,4,10.0519506601738,2,1,32
201103040,4,1,0,0,2,1,1,5,3,2,3,14.4745842755209,3,1,32
201103041,4,1,0,0,1,1,0,3,2,2,3,10.4932444973835,2,1,32
201103042,4,1,0,0,1,0,0,4,2,3,5,11.2151189798473,3,1,32
201103043,4,1,0,0,2,0,1,4,2,2,2,11.9563348308834,3,1,32
201103044,5,1,1,1,2,0,1,3,4,2,4,10.7028174106861,2,1,32
201103045,5,1,1,1,1,0,0,5,3,9,5,10.1658902778025,2,1,32
201103046,4,1,0,0,2,0,1,5,2,2,4,10.7372875828432,2,1,32
201103047,5,1,1,1,3,0,1,4,3,1,4,11.2319011801825,3,1,32
201103048,4,1,0,0,3,1,1,5,3,2,3,11.5401008161836,3,1,32
201103049,4,1,0,0,0,1,0,2,2,2,2,11.194385480132,3,1,32
201103050,4,1,0,0,0,1,0,5,3,2,4,10.9543266597326,3,1,32
201103051,4,1,0,0,2,0,1,5,2,4,4,8.98944429320245,1,1,32
201103052,4,1,0,0,2,0,1,4,2,2,4,11.8976344601092,3,1,32
201103053,5,1,1,1,2,0,1,5,1,2,5,10.6525660054169,2,1,32
201103054,5,1,1,1,1,0,0,3,9,9,4,12.1255185571238,3,1,32
201103055,5,1,1,1,1,1,0,5,1,9,4,9.99383087243373,1,1,32
201103056,5,1,1,1,1,0,0,5,1,2,4,9.63795828472548,1,1,32
201103057,4,1,0,0,3,0,1,4,2,2,3,10.6955973256221,2,1,32
201103058,5,1,1,1,1,0,0,4,1,1,5,8.1721644521119,1,1,32
201103059,5,1,1,1,1,0,0,5,3,9,,10.6464006115776,2,1,32
201103060,5,1,1,1,1,0,0,5,2,3,2,10.2595373303961,2,1,32
201103061,4,1,0,0,1,0,0,5,1,2,5,9.32375833901174,1,1,32
201103062,3,0,-1,0,1,1,0,3,2,2,4,11.1394858881927,3,1,32
201103063,5,1,1,1,1,0,0,5,2,2,4,11.1503272092347,3,1,32
201103064,5,1,1,1,3,1,1,5,4,3,1,12.0296199581816,3,1,32
201103065,5,1,1,1,2,0,1,3,2,2,5,10.6676979729115,2,1,32
201103066,5,1,1,1,1,0,0,3,1,1,4,9.89298256789098,1,1,32
201103067,4,1,0,0,2,1,1,4,2,2,4,9.82287384854188,1,1,32
201103068,4,1,0,0,0,1,0,5,4,2,3,10.0141788343788,1,1,32
201103069,4,1,0,0,0,1,0,5,2,9,5,10.0761475966282,2,1,32
201103070,4,1,0,0,2,1,1,4,2,3,4,10.1480402830878,2,1,32
201103071,4,1,0,0,2,0,1,4,1,2,2,10.1849377471114,2,1,32
201103072,5,1,1,1,1,0,0,5,2,2,4,0,1,1,32
201103073,5,1,1,1,1,0,0,5,2,2,5,11.21865024709,3,1,32
201103074,5,1,1,1,2,0,1,3,3,2,5,9.41047890349206,1,1,32
201103075,4,1,0,0,0,0,0,4,2,2,4,6.96696713861398,1,1,32
201103076,4,1,0,0,1,0,0,,2,9,,10.5443222105904,2,1,32
201103077,3,0,-1,0,1,0,0,5,2,3,3,10.6422054346385,2,1,32
201103078,4,1,0,0,2,0,1,5,2,2,4,10.4458409127064,2,1,32
201103079,4,1,0,0,3,0,1,4,2,2,3,11.6980799843004,3,1,32
201103080,4,1,0,0,0,0,0,4,1,2,4,7.80425138352811,1,1,32
201103081,5,1,1,1,2,0,1,3,2,2,4,10.2322875757088,2,1,32
201103082,5,1,1,1,1,1,0,5,4,3,2,10.6513833011443,2,1,32
201103083,4,1,0,0,2,0,1,3,2,2,4,14.9141231799657,3,1,32
201103084,5,1,1,1,2,0,1,4,2,2,5,10.3974518192267,2,1,32
201103085,4,1,0,0,3,0,1,5,9,2,3,10.1145990076265,2,1,32
201103086,3,0,-1,0,2,0,1,5,3,2,2,9.90353755128617,1,1,32
201103087,5,1,1,1,1,0,0,4,2,9,4,11.0914376765564,3,1,32
201103088,3,0,-1,0,1,1,0,3,3,2,4,11.3395358989149,3,1,32
201103089,5,1,1,1,1,0,0,5,4,1,5,10.6234660630966,2,1,32
201103090,5,1,1,1,1,0,0,3,1,2,5,12.0505935837942,3,1,32
201103091,4,1,0,0,2,0,1,5,2,2,4,11.1953297835905,3,1,32
201103092,5,1,1,1,1,0,0,5,3,9,5,11.2770716948054,3,1,32
201103093,4,1,0,0,1,0,0,5,2,2,4,10.1141317488688,2,1,32
201103094,5,1,1,1,1,0,0,4,4,2,4,10.3800916650397,2,1,32
201103095,5,1,1,1,1,1,0,,1,2,4,10.7243421435482,2,1,32
201103096,4,1,0,0,1,1,0,3,2,1,4,11.3787195591986,3,1,32
201103097,4,1,0,0,2,1,1,5,3,2,3,10.8717728328617,2,1,32
201103098,4,1,0,0,1,0,0,4,3,2,4,0,1,1,32
201103099,3,0,-1,0,1,0,0,3,4,2,5,10.1105423715008,2,1,32
201103100,4,1,0,0,2,0,1,4,1,2,4,10.8746566486546,2,1,32
201103101,4,1,0,0,2,1,1,,2,2,4,10.2110090163142,2,1,32
201103102,5,1,1,1,2,0,1,3,4,1,3,0,1,1,32
201103103,4,1,0,0,2,0,1,5,2,3,5,13.8180084356686,3,1,32
201103104,4,1,0,0,1,0,0,5,1,2,3,11.5411944491034,3,1,32
201103105,5,1,1,1,1,0,0,5,3,2,5,10.758881125459,2,1,32
201103106,2,0,-2,0,1,1,0,4,1,2,2,10.7004540617351,2,1,32
201103107,4,1,0,0,2,1,1,3,2,2,4,10.5400908362842,2,1,32
201103108,4,1,0,0,0,1,0,,1,2,5,9.4925826756776,1,1,32
201103109,4,1,0,0,3,2,1,2,3,4,5,11.8300765298055,3,1,32
201103110,5,1,1,1,1,0,0,5,1,2,4,10.3022972289775,2,1,32
201103111,2,0,-2,0,1,0,0,5,2,2,2,9.92822894442457,1,1,32
201103112,4,1,0,0,2,0,1,5,2,3,3,10.591647316585,2,1,32
201103113,4,1,0,0,3,2,1,5,2,2,2,11.5045671154608,3,1,32
201103114,5,1,1,1,1,1,0,3,2,3,5,10.3921224450668,2,1,32
201103115,5,1,1,1,1,0,0,3,3,2,5,8.7579408766788,1,1,32
201103116,5,1,1,1,1,0,0,5,2,3,4,9.97119292889014,1,1,32
201103117,5,1,1,1,1,0,0,3,1,1,5,7.66622192566273,1,1,32
201103118,5,1,1,1,1,0,0,5,2,2,5,9.57505292759738,1,1,32
201103119,5,1,1,1,2,1,1,5,1,2,5,9.25349564229011,1,1,32
201103120,4,1,0,0,2,1,1,5,2,1,4,11.5889168521161,3,1,32
201103121,5,1,1,1,1,0,0,,2,1,1,10.5300472392469,2,1,32
201103122,3,0,-1,0,2,0,1,3,4,2,3,10.369656936151,2,1,32
201103123,5,1,1,1,2,1,1,5,2,2,2,13.458837042596,3,1,32
201103124,2,0,-2,0,1,0,0,4,3,2,2,10.1300412202883,2,1,32
201103125,4,1,0,0,1,1,0,1,2,2,5,10.2219776466299,2,1,32
201103126,4,1,0,0,3,2,1,5,3,3,4,10.9263161067705,3,1,32
201103127,4,1,0,0,2,0,1,5,1,2,3,8.45871626165726,1,1,32
201103128,5,1,1,1,1,1,0,5,2,2,5,10.4803506223184,2,1,32
201103129,,,,,1,0,0,5,3,9,,11.1024427899003,3,1,32
201103130,3,0,-1,0,1,0,0,5,2,2,,6.49375383985169,1,1,32
201103131,4,1,0,0,2,0,1,5,2,3,4,10.253827472517,2,1,32
201103132,3,0,-1,0,1,0,0,5,2,3,,10.9167416424167,3,1,32
201103133,4,1,0,0,0,0,0,5,9,9,,10.0829299685792,2,1,32
201103134,4,1,0,0,1,0,0,3,2,2,4,10.2955634235253,2,1,32
201103135,4,1,0,0,1,0,0,5,2,9,4,11.0397327560111,3,1,32
201103136,4,1,0,0,1,0,0,5,4,9,5,11.3439267634921,3,1,32
201103137,4,1,0,0,2,0,1,4,1,3,3,10.490412735358,2,1,32
201103138,4,1,0,0,2,0,1,5,2,1,2,8.00670084544037,1,1,32
201103139,5,1,1,1,1,0,0,3,1,2,5,11.0153615151874,3,1,32
201103140,4,1,0,0,2,0,1,1,3,4,3,11.5824608559335,3,1,32
201103141,5,1,1,1,0,1,0,5,2,9,3,9.90353755128617,1,1,32
201103142,4,1,0,0,1,0,0,4,3,4,4,9.70265573298308,1,1,32
201103143,4,1,0,0,1,0,0,3,2,2,4,10.9150403096461,3,1,32
201103144,4,1,0,0,1,0,0,2,2,2,3,10.5400908362842,2,1,32
201103145,4,1,0,0,1,0,0,5,1,2,4,10.348205424566,2,1,32
201103146,5,1,1,1,1,0,0,4,2,2,5,9.6310881036155,1,1,32
201103147,3,0,-1,0,2,1,1,3,2,3,3,11.6742261253357,3,1,32
201103148,4,1,0,0,1,1,0,4,2,2,4,10.8435143420869,2,1,32
201103149,3,0,-1,0,2,0,1,5,2,2,4,10.9767991270909,3,1,33
201103150,4,1,0,0,1,0,0,4,2,2,3,0,1,1,33
201103151,5,1,1,1,3,0,1,5,4,2,5,11.4075760603618,3,1,33
201103152,3,0,-1,0,1,0,0,3,4,2,3,10.7824385011987,2,1,33
201103153,4,1,0,0,1,0,0,5,2,2,2,10.0598274358703,2,1,33
201103154,5,1,1,1,1,0,0,2,2,2,4,10.7010172706892,2,1,33
201103155,4,1,0,0,2,0,1,5,2,2,3,10.7533533183872,2,1,33
201103156,5,1,1,1,2,1,1,5,2,2,2,10.9241563175902,3,1,33
201103157,5,1,1,1,3,1,1,5,2,3,3,12.0552555697322,3,1,33
201103158,4,1,0,0,2,0,1,5,3,3,4,10.8197982842103,2,1,33
201103159,5,1,1,1,2,0,1,3,4,2,4,11.3457013658554,3,1,33
201103160,4,1,0,0,1,0,0,3,2,2,3,10.9331248267007,3,1,33
201103161,4,1,0,0,3,0,1,5,2,2,3,10.9678706496536,3,1,33
201103162,4,1,0,0,2,0,1,4,2,2,4,11.1302145064807,3,1,33
201103163,4,1,0,0,3,0,1,2,4,2,2,12.2175119662974,3,1,33
201103164,5,1,1,1,2,0,1,3,2,2,4,9.23024103368252,1,1,33
201103165,5,1,1,1,3,0,1,2,2,2,4,10.7955060834346,2,1,33
201103166,4,1,0,0,1,0,0,3,2,2,4,6.90875477931522,1,1,33
201103167,3,0,-1,0,2,2,1,3,2,2,3,11.4208211409146,3,1,33
201103168,4,1,0,0,3,1,1,3,2,4,4,11.0286431918496,3,1,33
201103169,4,1,0,0,2,0,1,1,2,2,4,10.8742854089089,2,1,33
201103170,4,1,0,0,3,1,1,5,2,2,4,10.5321228782696,2,1,33
201103171,,,,,1,0,0,5,9,9,,10.8967578438935,2,1,33
201103172,3,0,-1,0,3,0,1,1,3,2,2,11.621788838452,3,1,33
201103173,4,1,0,0,2,0,1,2,2,2,3,11.9891658551274,3,1,33
201103174,4,1,0,0,3,0,1,4,2,2,3,10.9331248267007,3,1,33
201103175,2,0,-2,0,2,0,1,5,1,9,2,9.81197515203002,1,1,33
201103176,5,1,1,1,2,0,1,5,3,2,2,10.7706090484022,2,1,33
201103177,4,1,0,0,3,1,1,5,3,2,4,11.0349057929294,3,1,33
201103178,4,1,0,0,2,0,1,4,2,4,4,11.6682269109835,3,1,33
201103179,4,1,0,0,2,0,1,4,2,2,4,8.73246584834988,1,1,33
201103180,4,1,0,0,2,0,1,5,2,4,4,11.1019602590165,3,1,33
201103181,4,1,0,0,2,1,1,4,2,3,3,10.7955060834346,2,1,33
201103182,5,1,1,1,3,0,1,3,3,1,5,8.88197518424887,1,1,33
201103183,3,0,-1,0,2,0,1,3,2,3,4,10.5966597327836,2,1,33
201103184,4,1,0,0,3,0,1,2,3,3,4,12.0662414507571,3,1,33
201103185,3,0,-1,0,2,0,1,1,2,4,4,11.0088276146272,3,1,33
201103186,4,1,0,0,1,0,0,2,3,2,2,9.85958791024611,1,1,33
201103187,4,1,0,0,2,0,1,4,4,2,4,12.1117674605493,3,1,33
201103188,4,1,0,0,2,2,1,4,3,2,3,9.47278155656217,1,1,33
201103189,4,1,0,0,3,0,1,1,2,2,3,0,1,1,33
201103190,,,,,2,0,1,5,2,2,4,10.7823169289293,2,1,33
201103191,3,0,-1,0,2,1,1,5,2,2,2,10.9987776622069,3,1,33
201103192,4,1,0,0,3,0,1,3,3,4,3,12.5425484535736,3,1,33
201103193,4,1,0,0,2,0,1,4,2,2,4,,1,1,33
201103194,4,1,0,0,2,1,1,5,2,2,3,10.5558387799034,2,1,33
201103195,4,1,0,0,1,0,0,5,3,3,4,10.0422154176387,2,1,33
201103196,4,1,0,0,2,1,1,4,2,2,3,11.1213780548211,3,1,33
201103197,4,1,0,0,2,1,1,5,2,2,2,11.2522228192494,3,1,33
201103198,4,1,0,0,2,0,1,3,2,2,4,10.4599359411614,2,1,33
201103199,4,1,0,0,1,0,0,4,3,2,3,10.4042931430198,2,1,33
201103200,3,0,-1,0,1,0,0,1,2,2,3,7.55600334517098,1,1,33
201103201,4,1,0,0,3,0,1,3,2,3,4,10.2183347880606,2,1,33
201103202,5,1,1,1,2,1,1,5,1,1,3,11.5745047045235,3,1,33
201103203,5,1,1,1,3,1,1,3,3,2,4,11.9916251579881,3,1,33
201103204,4,1,0,0,2,0,1,4,2,2,4,11.3885067115562,3,1,33
201103205,4,1,0,0,1,0,0,3,3,4,3,11.4824765667107,3,1,33
201103206,4,1,0,0,1,0,0,3,1,3,4,9.43356392009056,1,1,33
201103207,3,0,-1,0,3,0,1,4,2,2,5,5.30330490805908,1,1,33
201103208,3,0,-1,0,2,0,1,3,2,3,2,0,1,1,33
201103209,2,0,-2,0,1,0,0,5,2,2,2,10.1306629649637,2,1,33
201103210,4,1,0,0,1,1,0,5,2,2,5,11.4208211409146,3,1,33
201103211,4,1,0,0,2,1,1,5,2,2,3,11.1830454518183,3,1,33
201103212,3,0,-1,0,3,0,1,3,2,1,3,11.7943454715497,3,1,33
201103213,4,1,0,0,0,1,0,5,1,9,4,9.03610602536485,1,1,33
201103214,4,1,0,0,1,0,0,1,2,2,1,10.7991580792384,2,1,33
201103215,5,1,1,1,2,0,1,5,2,2,4,9.83365504293745,1,1,33
201103216,5,1,1,1,1,0,0,5,2,2,5,10.102379394048,2,1,33
201103217,5,1,1,1,1,0,0,5,3,3,3,10.5037241719027,2,1,33
201103218,4,1,0,0,3,1,1,4,4,4,4,9.15967845717396,1,1,33
201103219,5,1,1,1,1,0,0,3,2,2,5,10.463131911492,2,1,33
201103220,5,1,1,1,0,1,0,3,2,3,3,10.3287879671451,2,1,33
201103221,4,1,0,0,1,0,0,3,2,2,4,10.9996134192843,3,1,33
201103222,4,1,0,0,3,0,1,3,2,2,5,11.7199477644028,3,1,33
201103223,4,1,0,0,1,0,0,4,2,2,4,10.2399955028053,2,1,33
201103224,2,0,-2,0,1,0,0,5,2,2,2,11.1362716862474,3,1,33
201103225,2,0,-2,0,2,1,1,5,1,2,3,13.3603414510795,3,1,33
201103226,4,1,0,0,0,0,0,5,2,2,3,10.6572828840475,2,1,33
201103227,5,1,1,1,2,0,1,3,3,2,4,11.0012543015446,3,1,33
201103228,4,1,0,0,2,0,1,3,3,1,3,13.5826179984989,3,1,33
201103229,4,1,0,0,2,1,1,1,4,2,1,10.9612952076444,3,1,33
201103230,4,1,0,0,2,1,1,3,2,3,4,10.9437819318797,3,1,33
201103231,4,1,0,0,1,0,0,4,2,2,3,10.3602703818168,2,1,33
201103232,4,1,0,0,3,1,1,4,2,2,4,11.7829602357419,3,1,33
201103233,4,1,0,0,1,0,0,3,2,2,4,11.2930858247261,3,1,33
201103234,4,1,0,0,2,0,1,5,1,2,2,10.0917049433906,2,1,33
201103235,5,1,1,1,2,0,1,3,2,3,4,11.412010608266,3,1,33
201103236,5,1,1,1,0,1,0,1,2,2,4,10.9151066458675,3,1,33
201103237,4,1,0,0,2,0,1,3,2,2,4,9.30756765826948,1,1,33
201103238,5,1,1,1,2,0,1,1,2,2,5,9.50009529458889,1,1,33
201103239,5,1,1,1,2,0,1,3,2,2,4,10.3287879671451,2,1,33
201103240,3,0,-1,0,2,0,1,,1,9,1,8.55660619377307,1,1,33
201103241,4,1,0,0,1,1,0,2,3,2,3,9.49651946004384,1,1,33
201103242,4,1,0,0,3,0,1,3,2,2,4,11.6082447356423,3,1,33
201103243,4,1,0,0,1,0,0,1,2,2,4,10.9884042040069,3,1,33
201103244,5,1,1,1,2,0,1,5,3,2,2,11.4108885865725,3,1,33
201103245,4,1,0,0,3,0,1,4,5,4,3,8.80252249828442,1,1,33
201103246,5,1,1,1,2,2,1,2,4,2,4,10.9915611706465,3,1,33
201103247,5,1,1,1,1,0,0,3,2,1,4,11.995357787035,3,1,33
201103248,5,1,1,1,3,0,1,2,4,2,3,10.4516378623623,2,1,33
201103249,4,1,0,0,1,1,0,3,2,2,4,10.3109839295534,2,1,33
201103250,4,1,0,0,1,0,0,2,2,3,4,0,1,1,33
201103251,3,0,-1,0,2,0,1,3,2,2,3,10.9322315866813,3,1,33
201103252,3,0,-1,0,1,0,0,3,5,4,2,8.5173931714189,1,1,33
201103253,2,0,-2,0,2,0,1,1,2,3,2,10.0858507751287,2,1,33
201103254,4,1,0,0,1,0,0,5,2,2,3,10.8967578438935,2,1,33
201103255,5,1,1,1,1,0,0,4,1,1,3,11.9202621539112,3,1,33
201103256,4,1,0,0,2,0,1,3,2,3,4,12.1691544794796,3,1,33
201103257,4,1,0,0,0,0,0,1,2,2,5,10.8685874960174,2,1,33
201103258,2,0,-2,0,1,1,0,4,2,2,4,10.3159613754549,2,1,33
201103259,4,1,0,0,1,0,0,3,2,2,4,11.3385839825165,3,1,33
201103260,2,0,-2,0,1,0,0,3,1,2,3,11.00378175932,3,1,33
201103261,5,1,1,1,0,1,0,3,2,1,3,11.9014030359451,3,1,33
201103262,3,0,-1,0,1,0,0,5,2,9,2,11.0158587877457,3,1,33
201103263,5,1,1,1,2,0,1,4,2,2,4,12.5841699826671,3,1,33
201103264,4,1,0,0,2,0,1,3,4,2,3,9.93793728726535,1,1,33
201103265,4,1,0,0,2,0,1,2,3,2,4,12.3321250758553,3,1,33
201103266,2,0,-2,0,3,0,1,2,3,2,3,12.5930376776538,3,1,33
201103267,4,1,0,0,2,0,1,1,4,2,2,11.6665131291911,3,1,33
201103268,3,0,-1,0,0,0,0,5,2,3,5,10.703266939812,2,1,33
201103269,4,1,0,0,3,0,1,3,2,3,3,12.6971067019388,3,1,33
201103270,4,1,0,0,0,0,0,3,2,2,3,11.8332029865169,3,1,33
201103271,4,1,0,0,3,0,1,3,2,2,4,11.216895100632,3,1,33
201103272,4,1,0,0,1,0,0,5,2,2,4,11.9588989184159,3,1,33
201103273,3,0,-1,0,3,0,1,1,3,2,2,11.9316423787541,3,1,33
201103274,4,1,0,0,3,1,1,5,3,3,2,10.1266711030504,2,1,33
201103275,5,1,1,1,1,0,0,5,1,1,4,11.6298281131993,3,1,33
201103276,2,0,-2,0,3,0,1,3,2,2,2,11.3347672295142,3,1,33
201103277,2,0,-2,0,2,0,1,5,2,4,2,12.2060776455177,3,1,33
201103278,5,1,1,1,2,1,1,3,2,2,3,11.5889694190439,3,1,33
201103279,4,1,0,0,2,0,1,4,2,2,3,11.139015117915,3,1,33
201103280,4,1,0,0,3,0,1,4,2,2,4,11.7440451224101,3,1,33
201103281,5,1,1,1,2,0,1,4,2,2,3,12.06105265381,3,1,33
201103282,4,1,0,0,1,0,0,3,4,2,3,10.6987625291419,2,1,33
201103283,2,0,-2,0,1,0,0,1,2,2,3,11.6639369369221,3,1,33
201103284,4,1,0,0,2,0,1,4,3,3,3,8.5173931714189,1,1,33
201103285,2,0,-2,0,1,0,0,4,4,2,,10.0858507751287,2,1,33
201103286,5,1,1,1,1,0,0,5,2,2,3,10.6041315615227,2,1,33
201103287,5,1,1,1,1,0,0,3,2,2,5,11.0974251724089,3,1,33
201103288,5,1,1,1,2,0,1,2,2,2,3,12.8748708595248,3,1,33
201103289,4,1,0,0,1,0,0,1,2,2,3,11.5228856967645,3,1,33
201103290,4,1,0,0,2,1,1,3,2,3,3,11.2822662416144,3,1,33
201103291,2,0,-2,0,3,0,1,2,4,2,1,12.2120596873743,3,1,33
201103292,4,1,0,0,2,0,1,4,2,3,3,11.6269016805396,3,1,33
201103293,5,1,1,1,1,0,0,4,1,2,4,10.5610334618531,2,1,33
201103294,5,1,1,1,2,0,1,2,4,2,4,,1,1,33
201103295,4,1,0,0,3,0,1,1,2,2,3,11.7005744723321,3,1,33
201103296,4,1,0,0,3,0,1,1,3,2,3,11.8404362387899,3,1,33
201103297,1,0,-3,0,2,0,1,1,1,2,1,10.2219776466299,2,1,33
201103298,5,1,1,1,0,1,0,5,2,3,1,10.3501265932271,2,1,33
201103299,4,1,0,0,0,0,0,4,4,3,4,5.70711026474888,1,1,33
201103300,4,1,0,0,1,0,0,3,3,2,3,12.8606798124583,3,1,33
201103301,2,0,-2,0,1,0,0,5,2,3,4,9.85224688834253,1,1,33
201103302,3,0,-1,0,1,0,0,5,1,2,3,10.9481890891735,3,1,33
201103303,4,1,0,0,3,1,1,3,2,2,4,11.6172944892629,3,1,33
201103304,5,1,1,1,1,0,0,5,3,1,5,7.76502453446759,1,1,33
201103305,4,1,0,0,3,1,1,4,3,3,2,7.89568820831955,1,1,33
201103306,5,1,1,1,3,1,1,3,1,2,4,10.6056192511675,2,1,33
201103307,4,1,0,0,2,0,1,5,1,2,4,10.4516378623623,2,1,33
201103308,4,1,0,0,2,0,1,4,2,2,2,11.632493573103,3,1,33
201103309,4,1,0,0,2,0,1,4,1,2,3,11.3034505704837,3,1,33
201103310,2,0,-2,0,2,0,1,3,2,2,4,10.5966597327836,2,1,33
201103311,4,1,0,0,2,0,1,4,3,2,3,10.2542851905397,2,1,33
201103312,2,0,-2,0,2,0,1,4,2,2,4,11.2385017770766,3,1,33
201103313,5,1,1,1,1,1,0,4,2,1,3,9.07518031003953,1,1,33
201103314,4,1,0,0,1,1,0,5,2,9,4,10.7397202901616,2,1,33
201103315,5,1,1,1,0,1,0,1,1,2,5,9.98511362141607,1,1,33
201103316,4,1,0,0,2,0,1,3,2,4,3,0,1,1,33
201103317,5,1,1,1,3,0,1,4,3,2,4,9.82016028994637,1,1,33
201103318,4,1,0,0,2,0,1,2,3,2,4,11.3022167792574,3,1,33
201103319,4,1,0,0,1,0,0,4,2,2,3,11.0572349131716,3,1,33
201103320,4,1,0,0,1,0,0,3,2,2,4,10.6066098161182,2,1,33
201103321,4,1,0,0,1,0,0,3,4,2,4,10.6736189221124,2,1,33
201103322,4,1,0,0,1,0,0,5,2,2,4,10.2938728632092,2,1,33
201103323,5,1,1,1,1,0,0,4,3,2,5,10.9954276314362,3,1,33
201103324,4,1,0,0,2,0,1,4,4,2,4,11.8189458578499,3,1,33
201103325,4,1,0,0,1,0,0,5,2,3,4,6.90875477931522,1,1,33
201103326,4,1,0,0,3,0,1,4,2,2,3,11.2138588336518,3,1,33
201103327,4,1,0,0,1,0,0,5,2,2,5,11.6952553550628,3,1,33
201103328,2,0,-2,0,2,0,1,3,2,2,4,11.8100701255857,3,1,33
201103329,4,1,0,0,2,0,1,5,3,3,4,10.005186372361,1,1,33
201103330,3,0,-1,0,2,1,1,3,1,2,4,10.9716578157025,3,1,33
201103331,2,0,-2,0,3,0,1,5,2,2,2,10.5187002182882,2,1,33
201103332,4,1,0,0,1,0,0,5,1,3,4,10.8855847513647,2,1,33
201103333,5,1,1,1,1,0,0,4,1,3,3,10.9690772135065,3,1,33
201103334,4,1,0,0,1,0,0,5,2,2,4,10.205766789727,2,1,33
201103335,4,1,0,0,1,0,0,5,5,2,5,8.92279162396964,1,1,33
201103336,3,0,-1,0,0,1,0,5,2,3,4,10.1266711030504,2,1,33
201103337,4,1,0,0,2,0,1,2,3,2,3,11.1626727116902,3,1,33
201103338,4,1,0,0,1,0,0,3,2,2,4,11.2997446206702,3,1,33
201103339,4,1,0,0,3,0,1,5,2,2,4,11.2002015080022,3,1,33
201103340,4,1,0,0,1,0,0,5,2,2,4,10.2036291813376,2,1,33
201103341,4,1,0,0,1,0,0,5,1,2,4,11.8494048444231,3,1,33
201103342,4,1,0,0,1,0,0,3,1,4,2,0,1,1,33
201103343,5,1,1,1,3,0,1,,2,2,1,10.3164577601301,2,1,33
201103344,4,1,0,0,1,0,0,5,2,3,3,10.1938198697504,2,1,33
201103345,4,1,0,0,1,0,0,3,3,2,4,9.96049313351717,1,1,33
201103346,4,1,0,0,2,1,1,4,4,2,2,11.3527510276487,3,1,33
201103347,4,1,0,0,2,0,1,3,4,2,4,10.5506169722625,2,1,33
201103348,4,1,0,0,2,0,1,3,2,2,4,12.2035745278308,3,1,33
201103349,5,1,1,1,3,1,1,2,3,2,4,12.2690521395162,3,1,33
201103350,3,0,-1,0,1,0,0,3,2,2,4,9.8288178841991,1,1,33
201103351,4,1,0,0,3,0,1,3,2,2,3,11.5889694190439,3,1,33
201103352,2,0,-2,0,1,1,0,3,2,2,2,10.6029266163695,2,1,33
201103353,4,1,0,0,2,0,1,4,1,2,4,9.57505292759738,1,1,33
201103354,2,0,-2,0,2,0,1,3,2,2,2,11.2897944135779,3,1,33
201103355,4,1,0,0,2,0,1,3,1,2,4,11.1757870064725,3,1,33
201103356,4,1,0,0,3,1,1,3,2,3,3,11.6673703872182,3,1,33
201103357,5,1,1,1,3,0,1,4,4,4,3,,1,1,33
201103358,4,1,0,0,3,1,1,3,2,2,4,11.7568202131541,3,1,33
201103359,4,1,0,0,2,0,1,3,2,2,4,11.4927329616823,3,1,33
201103360,5,1,1,1,0,0,0,4,2,2,4,12.9853998159065,3,1,33
201103361,4,1,0,0,1,0,0,5,3,2,3,10.2435604418772,2,1,33
201103362,4,1,0,0,2,0,1,2,4,1,3,11.9963449478558,3,1,33
201103363,2,0,-2,0,1,0,0,3,2,2,4,10.8197982842103,2,1,33
201103364,4,1,0,0,1,1,0,5,2,2,3,10.3735224312936,2,1,33
201103365,5,1,1,1,2,0,1,2,3,2,4,0,1,1,33
201103366,4,1,0,0,2,0,1,1,4,4,2,10.3735224312936,2,1,33
201103367,5,1,1,1,3,0,1,1,2,1,4,14.0740220253163,3,1,33
201103368,4,1,0,0,1,0,0,5,1,1,4,10.7789771230064,2,1,33
201103369,4,1,0,0,3,2,1,3,2,2,4,11.9376092881009,3,1,33
201103370,5,1,1,1,3,1,1,3,2,2,2,11.779902152763,3,1,33
201103371,4,1,0,0,1,0,0,3,1,2,5,9.32954461945466,1,1,33
201103372,5,1,1,1,2,0,1,5,4,3,3,10.7144399907278,2,1,33
201103373,4,1,0,0,3,1,1,3,2,2,4,11.0405349894719,3,1,33
201103374,4,1,0,0,2,0,1,3,3,2,4,11.2309073221429,3,1,33
201103375,4,1,0,0,2,0,1,1,4,2,3,9.90353755128617,1,1,33
201103376,4,1,0,0,3,2,1,2,2,2,5,11.446956588028,3,1,33
201103377,3,0,-1,0,1,0,0,3,2,1,4,11.1892845536642,3,1,33
201103378,5,1,1,1,1,0,0,5,2,2,5,11.5129354649202,3,1,33
201103379,5,1,1,1,3,0,1,3,2,2,3,11.9897867764704,3,1,33
201103380,4,1,0,0,1,0,0,5,2,9,5,0,1,1,33
201103381,5,1,1,1,1,0,0,3,4,2,2,10.9478372304763,3,1,33
201103382,5,1,1,1,3,0,1,2,2,2,4,11.1704492404313,3,1,33
201103383,5,1,1,1,1,1,0,3,3,2,4,9.94515718770752,1,1,33
201103384,4,1,0,0,3,0,1,2,4,2,4,10.7417836342844,2,1,33
201103385,4,1,0,0,1,0,0,3,1,4,4,9.52558897214577,1,0,33
201103386,,,,,1,0,0,5,2,9,,8.37355374121463,1,0,33
201103387,5,1,1,1,1,0,0,3,1,2,4,10.1266711030504,2,0,33
201103388,5,1,1,1,3,0,1,1,3,2,3,12.3992970496864,3,0,33
201103389,4,1,0,0,2,0,1,5,1,2,4,10.6525660054169,2,0,33
201103390,3,0,-1,0,1,0,0,3,2,3,3,8.97727273946428,1,0,33
201103391,4,1,0,0,1,0,0,5,2,2,4,,1,0,33
201103392,4,1,0,0,1,1,0,5,2,2,4,9.90353755128617,1,0,33
201103393,5,1,1,1,2,0,1,3,1,2,4,10.2219776466299,2,0,33
201103394,5,1,1,1,1,1,0,3,2,4,4,8.71045468824853,1,0,33
201103395,4,1,0,0,1,1,0,5,3,2,5,7.31388683163346,1,0,33
201103396,3,0,-1,0,0,1,0,5,3,3,5,8.59803557926034,1,0,33
201103397,4,1,0,0,1,0,0,5,2,2,4,9.19828607641102,1,0,33
201103398,5,1,1,1,2,0,1,3,4,2,2,10.2017756814001,2,0,33
201103399,4,1,0,0,2,1,1,5,5,2,4,9.70387740560463,1,0,33
201103400,2,0,-2,0,0,1,0,4,2,2,2,8.00670084544037,1,0,33
201103401,3,0,-1,0,0,1,0,5,2,3,3,6.58063913728495,1,0,33
201103402,4,1,0,0,1,0,0,5,2,3,4,9.49934656739009,1,0,33
201103403,4,1,0,0,1,0,0,4,2,2,3,9.5624750243727,1,0,33
201103404,5,1,1,1,1,0,0,5,2,2,5,10.1266711030504,2,0,33
201103405,4,1,0,0,1,2,0,5,4,3,4,9.90503635252598,1,0,33
201103406,3,0,-1,0,1,0,0,1,1,3,4,11.3457013658554,3,0,33
201103407,4,1,0,0,0,1,0,5,2,2,5,10.4267653254914,2,0,33
201103408,4,1,0,0,1,1,0,2,2,2,2,10.6090819441478,2,0,33
201103409,4,1,0,0,1,0,0,5,2,2,5,10.8997163712266,2,0,33
201103410,2,0,-2,0,1,0,0,3,1,2,2,10.5361147933003,2,0,33
201103411,4,1,0,0,1,0,0,5,2,2,4,7.66902828858968,1,0,33
201103412,4,1,0,0,2,0,1,3,2,2,4,6.90875477931522,1,0,33
201103413,4,1,0,0,1,0,0,4,2,2,4,8.48073665440562,1,0,33
201103414,4,1,0,0,1,0,0,4,1,2,4,9.36056908522287,1,0,33
201103415,4,1,0,0,1,0,0,2,2,4,4,10.179572387214,2,0,33
201103416,5,1,1,1,1,1,0,,2,1,5,10.7680849100014,2,0,33
201103417,2,0,-2,0,1,1,0,5,2,3,2,11.1726439823751,3,0,33
201103418,4,1,0,0,1,0,0,5,2,1,3,9.41076801588665,1,0,33
201103419,4,1,0,0,1,0,0,3,1,2,5,10.7179891615083,2,0,33
201103420,5,1,1,1,0,1,0,,1,9,5,9.50606501607115,1,0,33
201103421,5,1,1,1,1,0,0,5,2,4,4,10.1286690258759,2,0,33
201103422,5,1,1,1,1,0,0,,1,2,3,11.9357785226796,3,0,33
201103423,5,1,1,1,1,0,0,5,3,2,3,10.6814182885362,2,0,33
201103424,5,1,1,1,2,1,1,5,1,2,5,10.7872757536483,2,0,33
201103425,4,1,0,0,1,1,0,3,1,2,3,9.72322387685162,1,0,33
201103426,4,1,0,0,1,0,0,4,1,2,4,8.10802122137675,1,0,33
201103427,4,1,0,0,1,0,0,3,2,2,4,10.4470029941248,2,0,33
201103428,4,1,0,0,1,0,0,5,2,2,4,8.04269949689764,1,0,33
201103429,4,1,0,0,1,1,0,5,2,2,4,8.76962138724857,1,0,33
201103430,4,1,0,0,2,1,1,4,3,2,3,11.2554621711024,3,0,33
201103431,4,1,0,0,1,0,0,5,3,2,4,5.30330490805908,1,0,33
201103432,4,1,0,0,0,1,0,5,2,2,4,8.43185314424922,1,0,33
201103433,4,1,0,0,1,0,0,4,2,2,4,9.37084226863021,1,0,33
201103434,4,1,0,0,2,0,1,4,1,2,4,8.63781663373998,1,0,33
201103435,3,0,-1,0,1,0,0,3,1,2,5,10.1612643877447,2,0,33
201103436,4,1,0,0,1,1,0,4,2,2,4,9.89095940195886,1,0,33
201103437,4,1,0,0,1,1,0,4,2,3,5,10.1838050731249,2,0,33
201103438,4,1,0,0,1,0,0,5,3,3,4,9.03610602536485,1,0,33
201103439,4,1,0,0,1,0,0,4,2,2,4,7.34665516317654,1,0,33
201103440,4,1,0,0,1,0,0,,2,2,4,10.1464729460639,2,0,33
201103441,5,1,1,1,1,0,0,5,4,2,4,10.0203205710969,1,0,33
201103442,5,1,1,1,1,0,0,5,2,2,5,11.2299124753667,3,0,33
201103443,4,1,0,0,1,1,0,3,1,2,4,8.787252085043,1,0,33
201103444,4,1,0,0,1,1,0,3,2,2,2,11.811183909894,3,0,33
201103445,,,,,1,1,0,5,9,9,,,1,0,33
201103446,3,0,-1,0,1,1,0,5,2,2,4,11.2340181151232,3,0,33
201103447,5,1,1,1,0,1,0,5,2,9,5,7.17088847851251,1,0,33
201103448,4,1,0,0,1,0,0,5,4,2,4,11.3947160884435,3,0,33
201103449,4,1,0,0,1,0,0,5,2,2,4,7.38461038317697,1,0,33
201103450,4,1,0,0,1,2,0,5,1,2,4,11.0292447290611,3,0,33
201103451,,,,,0,1,0,5,2,9,,8.98732181285013,1,0,33
201103452,4,1,0,0,1,2,0,5,1,2,3,9.39274525863144,1,0,33
201103453,4,1,0,0,1,1,0,3,2,9,,9.6741372793124,1,0,33
201103454,4,1,0,0,0,1,0,5,1,9,5,,1,0,33
201103455,4,1,0,0,1,0,0,5,1,2,4,11.4681416124625,3,0,33
201103456,5,1,1,1,2,1,1,1,2,1,4,14.4382358107082,3,0,33
201103457,4,1,0,0,1,1,0,3,2,2,5,10.6071365246453,2,0,33
201103458,4,1,0,0,0,1,0,5,1,3,4,7.69666708152646,1,0,33
201103459,4,1,0,0,2,0,1,3,1,2,4,12.6362336182559,3,0,33
201103460,4,1,0,0,2,1,1,3,2,2,5,10.1503866922047,2,0,33
201103461,3,0,-1,0,2,1,1,5,2,2,2,0,1,0,33
201103462,3,0,-1,0,1,2,0,5,2,3,4,10.0345596736298,2,0,33
201103463,3,0,-1,0,1,1,0,5,2,2,2,12.3507169432659,3,0,33
201103464,5,1,1,1,1,0,0,5,2,2,5,10.5991565506396,2,0,33
201103465,5,1,1,1,1,0,0,2,2,9,5,10.8437193951817,2,0,33
201103466,3,0,-1,0,0,1,0,5,3,2,4,10.6566359989018,2,1,33
201103467,2,0,-2,0,2,0,1,4,2,2,4,10.7644188396899,2,1,33
201103468,4,1,0,0,2,1,1,5,1,2,4,11.0811482446249,3,1,33
201103469,4,1,0,0,1,0,0,3,3,2,4,11.585337692125,3,1,33
201103470,5,1,1,1,3,0,1,2,2,2,5,10.2205220952649,2,1,33
201103471,,,,,2,0,1,5,2,9,4,10.9560733545575,3,1,33
201103472,5,1,1,1,2,0,1,3,4,2,5,11.2897944135779,3,1,33
201103473,3,0,-1,0,1,0,0,4,2,2,3,10.3222307815901,2,1,33
201103474,5,1,1,1,2,1,1,2,4,2,4,13.2647323532951,3,1,33
201103475,5,1,1,1,1,0,0,5,2,2,4,11.2185678270964,3,1,33
201103476,4,1,0,0,1,0,0,4,3,2,3,10.6090819441478,2,1,33
201103477,4,1,0,0,1,1,0,5,2,3,4,10.4920779308324,2,1,33
201103478,5,1,1,1,1,1,0,5,2,2,5,10.7311874789618,2,1,33
201103479,5,1,1,1,1,1,0,5,1,2,4,11.3805476923844,3,1,33
201103480,4,1,0,0,3,1,1,3,3,3,3,11.8357931900683,3,1,33
201103481,4,1,0,0,2,1,1,5,2,2,5,11.2651817967878,3,1,33
201103482,4,1,0,0,2,0,1,5,4,2,4,11.314486721294,3,1,33
201103483,4,1,0,0,2,0,1,5,3,2,3,11.0087609400772,3,1,33
201103484,4,1,0,0,2,1,1,3,2,2,3,11.7996145445678,3,1,33
201103485,3,0,-1,0,1,0,0,4,2,2,2,11.0836951890618,3,1,33
201103486,4,1,0,0,0,1,0,5,2,9,3,10.1811571672049,2,1,33
201103487,4,1,0,0,1,2,0,2,2,2,4,11.0708210091165,3,1,33
201103488,5,1,1,1,3,0,1,3,2,2,5,11.002116507732,3,1,33
201103489,4,1,0,0,2,1,1,3,1,2,4,11.3975258367405,3,1,33
201103490,4,1,0,0,1,1,0,3,3,2,2,10.4801290063332,2,1,33
201103491,4,1,0,0,2,0,1,5,2,2,2,14.5990270961807,3,1,33
201103492,4,1,0,0,2,2,1,3,2,2,4,8.5173931714189,1,1,33
201103493,4,1,0,0,2,0,1,5,2,2,3,11.4423205806027,3,1,33
201103494,4,1,0,0,1,0,0,2,1,3,5,10.5547819340418,2,1,33
201103495,5,1,1,1,1,0,0,5,1,2,5,10.2887839663538,2,1,33
201103496,4,1,0,0,2,0,1,4,2,2,3,12.0947567581856,3,1,33
201103497,5,1,1,1,2,0,1,5,2,3,3,12.5702885845587,3,1,33
201103498,4,1,0,0,2,1,1,3,3,2,3,9.21044036697652,1,1,33
201103499,4,1,0,0,3,0,1,3,3,2,4,10.6782377612977,2,1,33
201103500,4,1,0,0,1,1,0,5,2,2,3,10.4913019948302,2,1,33
201103501,4,1,0,0,2,0,1,2,2,2,4,11.002116507732,3,0,33
201103502,4,1,0,0,1,1,0,5,2,2,4,9.48804786328076,1,0,33
201103503,4,1,0,0,1,0,0,5,2,3,4,5.99396142730657,1,0,33
201103504,4,1,0,0,1,1,0,4,2,2,5,11.2247105422456,3,0,33
201103505,4,1,0,0,1,0,0,5,2,2,3,10.0380621508323,2,0,33
201103506,4,1,0,0,2,0,1,2,2,2,3,10.4777385781522,2,0,33
201103507,4,1,0,0,3,2,1,3,2,2,4,11.8654043992102,3,0,33
201103508,4,1,0,0,2,0,1,5,2,3,3,11.3099168999305,3,0,33
201103509,4,1,0,0,0,0,0,5,1,1,4,9.48804786328076,1,0,33
201103510,4,1,0,0,1,0,0,5,2,3,4,10.5187002182882,2,0,33
201103511,5,1,1,1,2,0,1,5,1,9,5,7.41216033494521,1,0,33
201103512,4,1,0,0,1,0,0,4,2,2,4,10.4151428320426,2,0,33
201103513,4,1,0,0,1,1,0,3,2,9,4,9.58335115653074,1,0,33
201103514,4,1,0,0,1,0,0,3,1,3,5,8.16080392095467,1,0,33
201103515,4,1,0,0,1,1,0,5,2,3,3,8.8321499060029,1,0,33
201103516,4,1,0,0,1,0,0,5,3,3,4,10.5321228782696,2,0,33
201103517,5,1,1,1,0,0,0,5,5,4,5,9.62582181535983,1,0,33
201103518,4,1,0,0,1,1,0,5,2,2,4,9.34145634983372,1,0,33
201103519,5,1,1,1,1,1,0,5,2,2,4,10.3089859934221,2,0,33
201103520,4,1,0,0,1,0,0,5,2,9,4,11.193139684959,3,0,33
201103521,4,1,0,0,2,0,1,3,2,2,3,11.7023699010137,3,0,33
201103522,4,1,0,0,1,0,0,3,2,4,3,11.0000993389291,3,0,33
201103523,3,0,-1,0,2,0,1,3,2,1,4,9.24965723435313,1,0,33
201103524,4,1,0,0,3,1,1,3,2,2,3,10.1346389552519,2,0,33
201103525,4,1,0,0,0,0,0,5,1,3,3,6.82546003625531,1,0,33
201103526,5,1,1,1,3,1,1,3,2,2,5,10.4688297702736,2,0,33
201103527,4,1,0,0,2,2,1,5,2,3,4,8.5775354204224,1,0,33
201103528,4,1,0,0,1,1,0,3,1,2,4,10.960253016169,3,0,33
201103529,4,1,0,0,1,1,0,5,3,3,4,9.7981825908907,1,0,33
201103530,2,0,-2,0,1,1,0,5,2,2,4,10.8505208517448,2,0,33
201103531,5,1,1,1,1,0,0,5,1,3,5,10.9455471262446,3,0,33
201103532,4,1,0,0,1,0,0,5,2,2,2,12.615931420665,3,0,33
201103533,4,1,0,0,1,0,0,5,2,3,4,9.2544529465945,1,0,33
201103534,,,,,1,0,0,5,2,9,,4.11087386417331,1,0,33
201103535,5,1,1,1,3,1,1,1,2,2,5,11.9745483707282,3,0,33
201103536,5,1,1,1,0,1,0,5,9,9,,7.89394513823596,1,0,33
201103537,4,1,0,0,2,0,1,3,2,2,4,10.5502433643197,2,0,33
201103538,5,1,1,1,1,1,0,,9,9,,10.7668304971038,2,0,33
201103539,4,1,0,0,2,2,1,5,2,2,2,10.9920017611554,3,0,33
201103540,5,1,1,1,2,0,1,3,3,2,3,11.3799803290351,3,0,33
201103541,,,,,1,0,0,4,1,9,5,9.23024103368252,1,0,33
201103542,4,1,0,0,1,0,0,5,9,9,4,9.21044036697652,1,0,33
201103543,5,1,1,1,2,0,1,5,4,2,4,10.7168514369227,2,0,33
201103544,5,1,1,1,1,1,0,3,2,2,3,9.99884318585288,1,0,33
201103545,4,1,0,0,2,1,1,1,2,3,4,9.6582900916905,1,0,33
201103546,4,1,0,0,1,0,0,4,2,5,4,11.5559945329289,3,0,33
201103547,2,0,-2,0,2,1,1,3,2,3,4,10.7789771230064,2,0,33
201103548,3,0,-1,0,1,0,0,5,4,4,2,11.5327378961399,3,0,33
201103549,4,1,0,0,3,1,1,3,2,2,3,10.8454655241463,2,0,33
201103550,4,1,0,0,1,1,0,5,3,2,4,10.0454644314317,2,0,33
201103551,5,1,1,1,1,0,0,5,1,2,2,10.8818324721456,2,0,33
201103552,4,1,0,0,2,0,1,3,2,3,4,11.2897944135779,3,0,33
201103553,4,1,0,0,1,1,0,5,1,1,3,10.837637848711,2,0,33
201103554,4,1,0,0,2,0,1,3,2,4,2,11.5218951170954,3,0,33
201103555,4,1,0,0,1,0,0,5,3,3,4,8.73568594451502,1,0,33
201103556,4,1,0,0,2,1,1,1,1,2,3,9.75620490038669,1,0,33
201103557,4,1,0,0,2,0,1,4,1,2,5,9.98049488889691,1,0,33
201103558,4,1,0,0,1,1,0,3,2,2,3,11.9381997363009,3,0,33
201103559,4,1,0,0,1,1,0,5,2,9,4,8.61268517287546,1,0,33
201103560,2,0,-2,0,1,0,0,4,2,2,5,11.35511308931,3,0,33
201103561,2,0,-2,0,1,0,0,3,2,3,3,10.4935128123445,2,0,33
201103562,5,1,1,1,1,0,0,5,2,9,5,11.0890570500601,3,0,33
201103563,5,1,1,1,1,1,0,5,1,1,4,10.430609664269,2,0,33
201103564,5,1,1,1,2,1,1,5,1,2,5,10.2050295518156,2,0,33
201103565,4,1,0,0,2,1,1,5,1,9,4,9.82827897493837,1,0,33
201103566,4,1,0,0,2,0,1,5,2,4,4,9.25636481028746,1,0,33
201103567,3,0,-1,0,1,0,0,5,2,9,5,11.1034673955921,3,0,33
201103568,5,1,1,1,2,1,1,5,2,1,5,8.47657950853094,1,0,33
201103569,4,1,0,0,1,0,0,5,1,2,4,12.3650445417366,3,0,33
201103570,3,0,-1,0,3,0,1,3,3,2,4,9.82827897493837,1,0,33
201103571,4,1,0,0,1,0,0,4,1,2,4,8.7227428743294,1,0,33
201103572,4,1,0,0,1,0,0,5,2,2,4,10.0962131326288,2,0,33
201103573,3,0,-1,0,1,1,0,5,3,9,3,12.1569926893751,3,0,33
201103574,3,0,-1,0,1,0,0,4,2,3,4,11.075985169527,3,0,33
201103575,4,1,0,0,1,1,0,4,2,2,4,7.60140233458373,1,0,33
201103576,4,1,0,0,1,1,0,1,2,2,2,11.1346036226839,3,0,33
201103577,4,1,0,0,1,1,0,3,2,9,4,11.3364317681626,3,0,33
201103578,5,1,1,1,1,0,0,4,1,2,5,10.5345199390243,2,0,33
201103579,3,0,-1,0,1,1,0,3,2,2,4,10.4122367642374,2,0,33
201103580,5,1,1,1,1,1,0,3,1,2,5,12.256282486006,3,0,33
201103581,4,1,0,0,2,2,1,5,1,3,2,7.27309259599952,1,0,33
201103582,4,1,0,0,2,1,1,3,1,3,2,9.28739400141847,1,0,33
201103583,5,1,1,1,2,0,1,2,2,2,4,14.9141231799657,3,0,33
201103584,4,1,0,0,1,1,0,5,3,9,,10.7110210341535,2,0,33
201103585,4,1,0,0,0,1,0,5,2,3,4,8.46083445774685,1,0,33
201103586,3,0,-1,0,1,1,0,5,2,3,,10.4323790021137,2,0,33
201103587,3,0,-1,0,1,1,0,3,3,2,4,10.5050949364556,2,0,33
201103588,2,0,-2,0,1,0,0,5,2,8,,6.90875477931522,1,0,33
201103589,4,1,0,0,1,0,0,3,2,2,3,13.9682754208478,3,0,33
201103590,4,1,0,0,1,0,0,5,2,9,4,10.1113550162978,2,0,33
201103591,4,1,0,0,1,0,0,5,2,3,4,9.57157490517093,1,0,33
201103592,5,1,1,1,3,1,1,3,2,3,5,10.8961330943717,2,0,33
201103593,3,0,-1,0,1,0,0,4,2,2,4,8.59618919764274,1,0,33
201103594,4,1,0,0,1,0,0,4,2,3,4,9.30027247947679,1,0,33
201103595,4,1,0,0,1,0,0,5,2,9,4,9.6678285081515,1,0,33
201103596,4,1,0,0,2,0,1,4,2,2,5,10.9675776767296,3,0,33
201103597,3,0,-1,0,1,2,0,3,2,2,4,5.86078622346587,1,0,33
201103598,5,1,1,1,1,1,0,2,1,2,4,10.9581653690581,3,0,33
201103599,5,1,1,1,1,0,0,5,2,9,3,11.3659564223216,3,0,33
201103600,5,1,1,1,1,0,0,5,2,9,4,9.63567346472181,1,0,33
201103601,4,1,0,0,1,1,0,1,1,9,4,10.8197982842103,2,0,33
201103602,5,1,1,1,2,1,1,1,1,2,4,13.8155115579638,3,0,33
201103603,4,1,0,0,1,1,0,2,2,2,4,11.2695919613592,3,0,33
201103604,4,1,0,0,1,0,0,2,2,4,4,11.4778119992664,3,0,33
201103605,4,1,0,0,1,1,0,5,2,2,4,6.92853781816467,1,0,33
201103606,4,1,0,0,2,0,1,3,3,2,3,0,1,0,33
201103607,4,1,0,0,1,0,0,5,3,3,4,10.5966597327836,2,0,33
201103608,5,1,1,1,1,1,0,5,2,2,4,9.16962253869762,1,0,33
201103609,4,1,0,0,1,0,0,4,3,3,4,10.463131911492,2,0,33
201103610,4,1,0,0,1,0,0,5,2,3,5,10.1254704305296,2,0,33
201103611,5,1,1,1,2,1,1,5,1,2,3,9.60582248203094,1,0,33
201103612,5,1,1,1,3,1,1,5,2,4,3,11.1302145064807,3,0,33
201103613,,,,,0,0,0,5,2,9,,6.68586094706836,1,0,33
201103614,4,1,0,0,1,0,0,5,2,2,5,5.70711026474888,1,0,33
201103615,4,1,0,0,1,1,0,4,2,3,5,7.10742547411071,1,0,33
201103616,4,1,0,0,1,1,0,3,2,9,3,10.6481998752953,2,0,33
201103617,4,1,0,0,2,0,1,4,3,2,4,0,1,0,33
201103618,4,1,0,0,1,0,0,3,2,2,5,10.3089859934221,2,0,33
201103619,4,1,0,0,1,0,0,5,2,9,4,8.65189889426853,1,0,33
201103620,3,0,-1,0,2,0,1,5,1,3,3,10.8036692274771,2,0,33
201103621,5,1,1,1,1,0,0,4,2,2,5,12.5466471705342,3,1,33
201103622,5,1,1,1,2,1,1,3,2,1,3,13.6876783228174,3,1,33
201103623,4,1,0,0,1,0,0,5,2,2,,9.86271763999292,1,1,33
201103624,5,1,1,1,1,0,0,5,2,3,5,10.5979089209738,2,1,33
201103625,5,1,1,1,2,0,1,3,4,1,5,0,1,1,33
201103626,4,1,0,0,1,0,0,5,2,3,5,10.2819582342453,2,1,33
201103627,5,1,1,1,2,1,1,5,2,2,4,10.3969940625317,2,1,33
201103628,4,1,0,0,1,1,0,5,1,2,3,11.7117845204031,3,1,33
201103629,5,1,1,1,1,1,0,3,3,2,4,11.1049722641249,3,1,33
201103630,4,1,0,0,0,0,0,5,2,2,4,11.3707972251202,3,1,33
201103631,2,0,-2,0,2,1,1,,2,9,4,10.0858507751287,2,1,33
201103632,4,1,0,0,3,1,1,3,1,2,4,,1,1,33
201103633,4,1,0,0,2,0,1,5,1,9,2,10.0982727807453,2,1,33
201103634,5,1,1,1,1,1,0,4,2,2,3,9.91348738711446,1,1,33
201103635,5,1,1,1,2,2,1,5,2,2,4,11.0445365314015,3,1,33
201103636,5,1,1,1,1,1,0,5,4,2,5,10.7232894102186,2,1,33
201103637,3,0,-1,0,2,1,1,3,3,2,4,10.5713425658087,2,1,33
201103638,3,0,-1,0,2,2,1,5,3,2,5,11.3498298986612,3,1,33
201103639,4,1,0,0,1,1,0,5,2,2,4,9.90353755128617,1,1,33
201103640,2,0,-2,0,3,1,1,3,2,2,4,12.2060776455177,3,1,33
201103641,4,1,0,0,2,0,1,2,2,4,3,11.002116507732,3,1,33
201103642,4,1,0,0,3,1,1,1,2,2,5,11.9260346161301,3,1,33
201103643,3,0,-1,0,2,1,1,5,2,2,3,11.4933184825968,3,1,33
201103644,3,0,-1,0,1,1,0,5,2,2,4,10.613393516911,2,1,33
201103645,4,1,0,0,3,1,1,3,3,2,2,12.0419135849878,3,1,33
201103646,4,1,0,0,1,0,0,5,3,4,5,9.92822894442457,1,1,33
201103647,4,1,0,0,2,0,1,5,3,2,4,10.4744953473105,2,1,33
201103648,5,1,1,1,1,0,0,5,2,2,4,10.5078308414206,2,1,33
201103649,4,1,0,0,1,0,0,5,2,2,4,0,1,1,33
201103650,4,1,0,0,2,2,1,5,1,3,4,11.0140448809721,3,1,33
201103651,4,1,0,0,3,1,1,5,2,2,4,12.0788426963278,3,1,33
201103652,5,1,1,1,2,1,1,5,1,3,4,11.24767002508,3,1,33
201103653,4,1,0,0,1,1,0,5,3,3,4,9.83097062169695,1,1,33
201103654,5,1,1,1,2,0,1,5,2,2,2,11.3667545287992,3,1,33
201103655,4,1,0,0,2,0,1,2,2,2,3,10.4516378623623,2,1,33
201103656,3,0,-1,0,1,0,0,3,1,9,3,11.1049722641249,3,0,33
201103657,5,1,1,1,1,0,0,5,2,2,5,9.79729335612972,1,0,33
201103658,4,1,0,0,2,0,1,5,2,3,3,10.8865206253521,2,0,33
201103659,2,0,-2,0,2,1,1,3,2,2,2,8.42090253109795,1,0,33
201103660,4,1,0,0,1,0,0,5,1,2,3,9.20923976653215,1,0,33
201103661,5,1,1,1,1,1,0,5,2,2,4,9.87822102528824,1,0,33
201103662,2,0,-2,0,1,0,0,5,2,1,5,10.930054463996,3,0,33
201103663,5,1,1,1,2,1,1,3,2,2,5,10.6230575553272,2,0,33
201103664,4,1,0,0,1,0,0,5,2,2,4,12.2220739392571,3,0,33
201103665,4,1,0,0,1,0,0,3,3,3,5,9.74132150194574,1,0,33
201103666,4,1,0,0,1,0,0,3,3,3,5,10.7789771230064,2,0,33
201103667,5,1,1,1,1,0,0,5,1,2,5,12.0247832433813,3,0,33
201103668,5,1,1,1,2,0,1,3,2,2,5,10.6041315615227,2,0,33
201103669,2,0,-2,0,1,0,0,4,3,2,2,10.3089859934221,2,0,33
201103670,4,1,0,0,2,1,1,4,2,3,5,10.7831350467114,2,0,33
201103671,3,0,-1,0,1,0,0,3,2,3,3,10.9519195511011,3,0,33
201103672,5,1,1,1,1,1,0,3,1,2,5,11.145913460274,3,0,33
201103673,4,1,0,0,3,0,1,4,2,2,4,10.9623363140874,3,0,33
201103674,4,1,0,0,1,0,0,5,1,9,4,0,1,0,33
201103675,4,1,0,0,1,0,0,5,2,3,5,11.3702603436965,3,0,33
201103676,4,1,0,0,1,1,0,5,1,2,4,10.2576944533605,2,0,33
201103677,4,1,0,0,1,1,0,5,1,2,5,10.5479958074895,2,0,33
201103678,5,1,1,1,2,1,1,3,2,1,5,10.6198627638013,2,0,33
201103679,5,1,1,1,1,1,0,5,2,2,3,11.1835990113198,3,0,33
201103680,2,0,-2,0,0,0,0,5,2,9,4,10.4173896110951,2,0,33
201103681,4,1,0,0,1,0,0,5,2,2,4,10.0788264539022,2,0,33
201103682,4,1,0,0,2,0,1,4,2,2,2,10.1792615039135,2,0,33
201103683,3,0,-1,0,1,1,0,5,3,3,3,11.3811792636574,3,0,33
201103684,4,1,0,0,1,0,0,,1,2,4,6.89060912014717,1,0,33
201103685,4,1,0,0,1,1,0,3,2,2,2,10.9357788991646,3,0,33
201103686,5,1,1,1,1,1,0,5,3,2,3,11.002116507732,3,0,33
201103687,1,0,-3,0,2,1,1,3,1,2,1,10.2621726719832,2,0,33
201103688,,,,,1,1,0,5,2,9,4,10.0179762790208,1,0,33
201103689,4,1,0,0,2,0,1,5,2,2,4,10.0858507751287,2,0,33
201103690,4,1,0,0,2,1,1,5,2,2,2,11.548746173885,3,0,33
201103691,4,1,0,0,2,1,1,5,2,2,5,11.2515736877645,3,0,33
201103692,4,1,0,0,1,0,0,5,1,1,5,7.27309259599952,1,0,33
201103693,4,1,0,0,0,0,0,5,3,2,3,10.4068238338719,2,0,33
201103694,3,0,-1,0,1,0,0,5,3,2,3,11.0852300852204,3,0,33
201103695,2,0,-2,0,1,0,0,3,2,2,4,10.8117662738001,2,0,33
201103696,4,1,0,0,1,1,0,4,2,9,4,8.73246584834988,1,0,33
201103697,3,0,-1,0,1,1,0,3,1,3,4,9.92822894442457,1,0,33
201103698,4,1,0,0,1,1,0,5,2,2,4,12.2718769180008,3,0,33
201103699,3,0,-1,0,1,0,0,5,1,2,4,11.1267318228965,3,0,33
201103700,5,1,1,1,2,0,1,1,2,2,5,11.5865794669076,3,0,33
201103701,5,1,1,1,1,1,0,5,2,9,5,11.1789888079235,3,0,33
201103702,4,1,0,0,1,1,0,5,2,3,4,11.3802859066861,3,0,33
201103703,4,1,0,0,0,2,0,4,2,3,3,11.3783697979557,3,0,33
201103704,2,0,-2,0,1,1,0,5,3,4,2,10.6589285492675,2,0,33
201103705,5,1,1,1,1,1,0,5,2,2,5,11.0528939485187,3,0,33
201103706,4,1,0,0,1,0,0,5,2,9,5,7.99665387546261,1,0,33
201103707,5,1,1,1,1,0,0,3,1,1,2,10.8435143420869,2,0,33
201103708,4,1,0,0,1,0,0,5,2,2,4,10.5393521157711,2,0,33
201103709,2,0,-2,0,1,0,0,5,2,2,4,8.63070043220983,1,0,33
201103710,3,0,-1,0,1,1,0,5,2,3,4,10.861439077041,2,0,33
201103711,5,1,1,1,1,1,0,5,3,2,5,10.4252827894907,2,0,33
201103712,4,1,0,0,1,1,0,3,2,2,5,10.1464729460639,2,0,33
201103713,5,1,1,1,2,1,1,3,1,2,5,12.0282358919552,3,0,33
201103714,5,1,1,1,1,1,0,5,1,3,4,10.6382803883147,2,0,33
201103715,5,1,1,1,1,0,0,5,1,9,5,10.1346389552519,2,0,33
201103716,4,1,0,0,2,0,1,1,1,2,3,13.0192248357773,3,1,34
201103717,4,1,0,0,2,1,1,5,2,2,4,11.314486721294,3,1,34
201103718,4,1,0,0,1,0,0,5,2,3,3,8.00670084544037,1,1,34
201103719,4,1,0,0,1,1,0,2,2,2,3,6.90875477931522,1,1,34
201103720,2,0,-2,0,2,1,1,4,2,1,2,11.591745887496,3,1,34
201103721,4,1,0,0,2,1,1,5,4,2,4,10.5284897163644,2,1,34
201103722,4,1,0,0,1,0,0,5,2,2,4,10.4913019948302,2,1,34
201103723,4,1,0,0,1,1,0,3,1,2,4,11.2638423178505,3,1,34
201103724,4,1,0,0,2,0,1,5,2,2,4,11.0349057929294,3,1,34
201103725,5,1,1,1,2,0,1,5,4,2,4,10.8911869022975,2,1,34
201103726,5,1,1,1,3,0,1,3,2,2,4,10.2036291813376,2,1,34
201103727,3,0,-1,0,1,0,0,5,2,2,3,10.3735224312936,2,1,34
201103728,2,0,-2,0,2,0,1,2,2,2,4,10.819398212192,2,1,34
201103729,4,1,0,0,2,1,1,3,2,2,4,11.2312387179186,3,1,34
201103730,5,1,1,1,2,0,1,4,2,2,4,11.7973597691275,3,1,34
201103731,5,1,1,1,3,0,1,4,2,1,4,10.8067133080808,2,1,34
201103732,4,1,0,0,1,0,0,4,2,2,2,10.8210243827072,2,1,34
201103733,4,1,0,0,2,0,1,5,2,2,4,10.4458409127064,2,1,34
201103734,4,1,0,0,1,0,0,3,3,2,3,10.9295470693558,3,1,34
201103735,4,1,0,0,2,1,1,5,2,2,3,12.1420083452654,3,1,34
201103736,4,1,0,0,1,0,0,5,2,2,4,10.5979089209738,2,1,34
201103737,5,1,1,1,2,0,1,3,4,9,3,10.2575041321691,2,1,34
201103738,5,1,1,1,2,0,1,5,1,3,4,11.2576589517652,3,1,34
201103739,4,1,0,0,1,1,0,5,2,2,2,10.7407567218572,2,1,34
201103740,4,1,0,0,1,1,0,2,3,2,3,11.3468826869459,3,1,34
201103741,5,1,1,1,2,0,1,4,3,2,3,10.749377279111,2,1,34
201103742,3,0,-1,0,0,0,0,3,2,2,3,0,1,1,34
201103743,5,1,1,1,3,0,1,5,2,1,5,10.2036291813376,2,1,34
201103744,5,1,1,1,2,1,1,5,3,1,4,10.8197982842103,2,1,34
201103745,4,1,0,0,2,0,1,5,3,2,3,10.2750855911327,2,1,34
201103746,5,1,1,1,2,0,1,2,1,1,4,10.8590182281479,2,1,34
201103747,4,1,0,0,2,1,1,5,4,2,4,11.0843094302629,3,1,34
201103748,2,0,-2,0,3,1,1,3,2,2,2,10.3735224312936,2,1,34
201103749,5,1,1,1,1,1,0,2,4,2,3,11.7519502394255,3,1,34
201103750,4,1,0,0,2,0,1,1,4,4,5,9.30574145673943,1,1,34
201103751,4,1,0,0,1,0,0,5,2,2,4,0,1,1,34
201103752,5,1,1,1,1,0,0,5,4,2,4,10.0195357508988,1,1,34
201103753,5,1,1,1,3,0,1,4,2,2,5,11.3021191676739,3,1,34
201103754,5,1,1,1,2,0,1,3,4,2,5,10.8931806282026,2,1,34
201103755,2,0,-2,0,2,0,1,5,2,1,2,11.8565222615337,3,1,34
201103756,5,1,1,1,2,0,1,3,3,2,3,9.90353755128617,1,1,34
201103757,5,1,1,1,0,0,0,3,2,2,5,10.3089859934221,2,1,34
201103758,4,1,0,0,1,0,0,3,2,2,4,10.6666504146677,2,1,34
201103759,4,1,0,0,1,0,0,5,2,2,4,9.23610557986221,1,1,34
201103760,2,0,-2,0,1,0,0,4,2,4,2,9.74102744483773,1,1,34
201103761,5,1,1,1,3,0,1,2,2,2,3,12.1371694463618,3,1,34
201103762,5,1,1,1,1,0,0,3,2,2,4,9.97119292889014,1,1,34
201103763,4,1,0,0,1,0,0,3,1,2,2,11.4226834204441,3,1,34
201103764,5,1,1,1,2,0,1,3,2,2,4,11.4616426968431,3,1,34
201103765,5,1,1,1,1,1,0,5,2,2,4,9.90353755128617,1,1,34
201103766,4,1,0,0,1,0,0,4,2,2,4,0,1,1,34
201103767,4,1,0,0,1,0,0,5,1,2,4,8.4448375292241,1,1,34
201103768,4,1,0,0,3,0,1,5,1,2,2,10.635879484422,2,1,34
201103769,4,1,0,0,3,0,1,1,2,2,4,11.2385017770766,3,1,34
201103770,4,1,0,0,3,0,1,1,1,2,3,13.4466198762175,3,1,34
201103771,4,1,0,0,2,0,1,3,2,1,4,10.6919676399149,2,1,34
201103772,3,0,-1,0,1,0,0,5,2,3,3,10.7364184143654,2,1,34
201103773,4,1,0,0,3,2,1,4,2,4,2,10.4579187181574,2,1,34
201103774,4,1,0,0,2,0,1,1,2,2,2,10.7582007086775,2,1,34
201103775,4,1,0,0,2,0,1,5,3,2,4,11.1990499876358,3,1,34
201103776,5,1,1,1,1,0,0,5,2,4,5,10.3353024359671,2,1,34
201103777,4,1,0,0,1,0,0,5,4,2,3,9.7111762641128,1,1,34
201103778,3,0,-1,0,2,1,1,5,2,3,3,10.6632221486882,2,1,34
201103779,4,1,0,0,1,1,0,1,1,2,2,10.5966597327836,2,1,34
201103780,4,1,0,0,2,0,1,5,1,3,2,11.2307349529276,3,1,34
201103781,4,1,0,0,2,0,1,5,3,2,4,11.4390336713713,3,1,34
201103782,4,1,0,0,2,0,1,5,3,2,4,9.65509029374725,1,1,34
201103783,4,1,0,0,3,0,1,5,3,3,4,9.97119292889014,1,1,34
201103784,4,1,0,0,2,0,1,4,2,2,4,10.7254895827195,2,1,34
201103785,4,1,0,0,1,1,0,4,1,2,2,10.2036291813376,2,1,34
201103786,4,1,0,0,1,0,0,5,3,2,4,6.90875477931522,1,1,34
201103787,4,1,0,0,0,1,0,3,2,2,4,11.5129354649202,3,1,34
201103788,4,1,0,0,2,1,1,5,4,2,4,10.8814564686819,2,1,34
201103789,5,1,1,1,2,1,1,5,4,2,4,10.4574014009819,2,1,34
201103790,5,1,1,1,1,0,0,5,2,3,3,9.75192913164534,1,1,34
201103791,4,1,0,0,3,0,1,3,3,2,3,11.5619767557574,3,1,34
201103792,4,1,0,0,1,0,0,3,2,2,2,10.9583782748067,3,1,34
201103793,4,1,0,0,2,0,1,5,2,2,4,10.586609649449,2,1,34
201103794,5,1,1,1,1,0,0,5,2,2,5,10.703266939812,2,1,34
201103795,5,1,1,1,1,2,0,5,2,2,5,11.1198400518696,3,1,34
201103796,5,1,1,1,2,2,1,5,3,2,5,8.5173931714189,1,1,34
201103797,4,1,0,0,3,2,1,1,2,2,4,13.0864874641658,3,1,34
201103798,4,1,0,0,2,1,1,5,2,2,4,11.7996497351258,3,1,34
201103799,4,1,0,0,1,1,0,2,2,2,4,11.6347941015148,3,1,34
201103800,5,1,1,1,3,0,1,4,4,4,5,10.6617274829448,2,1,34
201103801,4,1,0,0,1,0,0,5,2,2,5,9.7981825908907,1,1,34
201103802,4,1,0,0,2,0,1,3,3,2,4,10.5986576855473,2,1,34
201103803,5,1,1,1,1,1,0,5,2,3,4,10.4458409127064,2,1,34
201103804,4,1,0,0,3,0,1,3,2,2,4,11.6125589562357,3,1,34
201103805,4,1,0,0,3,1,1,2,2,1,4,11.3083705690923,3,1,34
201103806,4,1,0,0,1,1,0,5,2,2,4,6.39859493453521,1,1,34
201103807,5,1,1,1,3,1,1,3,2,2,5,10.9332319619054,3,1,34
201103808,5,1,1,1,2,0,1,3,2,2,4,12.6115410869661,3,1,34
201103809,4,1,0,0,3,0,1,3,2,2,4,12.3414816493391,3,1,34
201103810,4,1,0,0,1,0,0,5,2,1,3,9.85744361403472,1,1,34
201103811,4,1,0,0,1,0,0,3,2,2,4,10.3089859934221,2,1,34
201103812,4,1,0,0,2,0,1,5,2,4,4,11.5327378961399,3,1,34
201103813,4,1,0,0,3,2,1,4,2,2,4,11.0046133463685,3,1,34
201103814,5,1,1,1,2,0,1,3,2,3,4,12.2770016415179,3,1,34
201103815,4,1,0,0,2,1,1,3,2,2,4,10.7685060424327,2,1,34
201103816,4,1,0,0,3,0,1,3,3,2,4,11.8011149086874,3,1,34
201103817,5,1,1,1,3,0,1,2,2,2,4,11.5376278336106,3,1,34
201103818,5,1,1,1,1,0,0,3,2,2,4,11.6207838583324,3,1,34
201103819,3,0,-1,0,2,0,1,5,2,2,4,10.1294670786695,2,1,34
201103820,5,1,1,1,1,0,0,4,2,2,5,10.2399955028053,2,1,34
201103821,4,1,0,0,3,0,1,2,2,2,4,12.178706587467,3,1,34
201103822,4,1,0,0,3,0,1,1,3,2,3,11.4820641147813,3,1,34
201103823,4,1,0,0,3,1,1,2,1,1,4,10.2461193514727,2,1,34
201103824,5,1,1,1,2,0,1,3,3,3,3,10.2036291813376,2,1,34
201103825,4,1,0,0,2,0,1,3,3,1,3,9.78137641414116,1,1,34
201103826,2,0,-2,0,2,2,1,5,1,2,4,12.0552555697322,3,1,34
201103827,5,1,1,1,1,1,0,4,2,2,5,10.8197982842103,2,1,34
201103828,5,1,1,1,2,1,1,1,2,3,5,11.0851704121927,3,1,34
201103829,2,0,-2,0,1,1,0,4,2,2,2,3.58351893845611,1,1,34
201103830,4,1,0,0,3,0,1,4,2,2,4,10.3482388514215,2,1,34
201103831,5,1,1,1,1,0,0,3,2,2,4,9.68040649926887,1,1,34
201103832,5,1,1,1,2,0,1,1,3,2,2,7.60140233458373,1,1,34
201103833,5,1,1,1,1,0,0,3,2,3,4,10.3722716885021,2,1,34
201103834,5,1,1,1,1,0,0,3,2,2,4,10.4223111074132,2,1,34
201103835,5,1,1,1,1,0,0,3,2,2,4,9.92333919823873,1,1,34
201103836,4,1,0,0,0,1,0,4,4,3,5,10.3958234461542,2,0,34
201103837,4,1,0,0,0,1,0,5,2,2,4,8.8538082749772,1,0,34
201103838,4,1,0,0,1,0,0,5,2,3,4,7.67368812926773,1,0,34
201103839,1,0,-3,0,1,0,0,5,3,3,2,8.37770121259764,1,0,34
201103840,5,1,1,1,0,0,0,4,1,2,3,10.3372485297991,2,0,34
201103841,5,1,1,1,1,1,0,5,2,2,5,10.9453989972956,3,0,34
201103842,3,0,-1,0,1,1,0,3,2,2,3,8.91610353055373,1,0,34
201103843,4,1,0,0,1,1,0,4,2,2,4,10.1916296753985,2,0,34
201103844,4,1,0,0,0,1,0,5,2,9,,8.26898820950666,1,0,34
201103845,5,1,1,1,1,0,0,5,1,2,5,10.1811571672049,2,0,34
201103846,4,1,0,0,0,1,0,5,1,2,4,7.69666708152646,1,0,34
201103847,4,1,0,0,1,1,0,1,3,2,4,9.88098688646072,1,0,34
201103848,5,1,1,1,1,0,0,5,2,2,5,9.96368855522688,1,0,34
201103849,4,1,0,0,1,1,0,5,2,2,4,10.824565246105,2,0,34
201103850,4,1,0,0,2,0,1,3,1,2,4,10.5762024075816,2,0,34
201103851,5,1,1,1,1,0,0,3,2,2,4,8.14931284363535,1,0,34
201103852,4,1,0,0,1,0,0,4,2,9,4,11.0875311293649,3,0,34
201103853,4,1,0,0,1,0,0,5,2,2,4,8.80851861878282,1,0,34
201103854,5,1,1,1,1,0,0,3,2,2,4,8.55660619377307,1,0,34
201103855,5,1,1,1,1,0,0,5,2,2,4,9.86427883931085,1,0,34
201103856,2,0,-2,0,1,2,0,5,1,1,2,9.80648093459398,1,0,34
201103857,4,1,0,0,1,1,0,5,2,2,4,8.00670084544037,1,0,34
201103858,4,1,0,0,1,1,0,5,2,2,4,10.9215643960531,3,0,34
201103859,5,1,1,1,1,0,0,3,2,2,5,9.72531736686465,1,0,34
201103860,4,1,0,0,1,0,0,3,2,2,5,10.2904831443606,2,0,34
201103861,4,1,0,0,1,1,0,5,2,2,4,9.78137641414116,1,0,34
201103862,4,1,0,0,1,1,0,4,2,2,4,9.278092474027,1,0,34
201103863,4,1,0,0,1,1,0,5,2,2,4,10.6213046701245,2,0,34
201103864,4,1,0,0,1,1,0,5,2,2,4,9.20140053040671,1,0,34
201103865,4,1,0,0,1,1,0,5,2,2,4,9.51362508765537,1,0,34
201103866,4,1,0,0,1,1,0,5,2,3,3,8.89576660405609,1,0,34
201103867,4,1,0,0,1,0,0,5,2,2,4,8.27410200229233,1,0,34
201103868,4,1,0,0,1,1,0,5,2,2,4,9.30209879721572,1,0,34
201103869,4,1,0,0,1,1,0,5,2,2,4,8.50936261230105,1,0,34
201103870,4,1,0,0,1,0,0,4,2,4,4,10.261895993101,2,0,34
201103871,4,1,0,0,1,0,0,4,2,9,4,9.28182347359805,1,0,34
201103872,5,1,1,1,1,0,0,5,2,2,5,7.00397413672268,1,0,34
201103873,5,1,1,1,1,0,0,5,2,1,3,8.69131455164485,1,0,34
201103874,4,1,0,0,1,1,0,5,2,9,3,9.19464360097905,1,0,34
201103875,4,1,0,0,1,0,0,5,2,2,4,7.49609734517596,1,0,34
201103876,5,1,1,1,1,1,0,5,2,2,4,7.09090982207998,1,0,34
201103877,4,1,0,0,1,0,0,5,2,2,4,8.05229649953865,1,0,34
201103878,4,1,0,0,1,1,0,2,2,2,4,8.49719454490955,1,0,34
201103879,4,1,0,0,1,1,0,3,2,9,4,10.6736189221124,2,0,34
201103880,4,1,0,0,1,1,0,3,2,2,4,9.71420180194054,1,0,34
201103881,3,0,-1,0,1,0,0,5,2,3,3,6.90875477931522,1,0,34
201103882,4,1,0,0,1,1,0,3,3,9,4,8.42748727833174,1,0,34
201103883,4,1,0,0,1,0,0,5,2,2,4,8.62353322718756,1,0,34
201103884,4,1,0,0,0,1,0,3,2,2,4,8.69801362208393,1,0,34
201103885,5,1,1,1,1,0,0,5,2,2,4,8.99727090623345,1,0,34
201103886,4,1,0,0,1,0,0,5,2,9,4,8.63958779962984,1,0,34
201103887,4,1,0,0,1,0,0,5,2,2,4,10.0417830669703,2,0,34
201103888,4,1,0,0,1,0,0,3,2,2,4,9.28739400141847,1,0,34
201103889,4,1,0,0,0,1,0,5,2,2,4,10.1936846481407,2,0,34
201103890,4,1,0,0,0,2,0,5,2,2,4,8.88197518424887,1,0,34
201103891,4,1,0,0,0,1,0,5,4,3,4,8.5850387383113,1,0,34
201103892,4,1,0,0,1,2,0,2,2,2,4,11.1619358911428,3,0,34
201103893,4,1,0,0,1,1,0,5,2,3,4,9.07348918922699,1,0,34
201103894,5,1,1,1,2,0,1,5,2,2,4,10.8972253185438,2,0,34
201103895,3,0,-1,0,1,0,0,3,1,3,5,8.78737298873188,1,0,34
201103896,4,1,0,0,1,1,0,5,2,2,4,8.96966910379376,1,0,34
201103897,4,1,0,0,1,1,0,4,2,2,4,10.3559279348492,2,0,34
201103898,4,1,0,0,1,1,0,3,2,2,4,10.5966597327836,2,0,34
201103899,3,0,-1,0,1,0,0,4,2,9,4,10.7913993858086,2,0,34
201103900,4,1,0,0,1,0,0,5,2,2,4,10.4376683094997,2,0,34
201103901,4,1,0,0,1,0,0,5,1,1,4,9.63958710874915,1,0,34
201103902,4,1,0,0,1,1,0,5,2,2,4,10.2382082561185,2,0,34
201103903,4,1,0,0,1,1,0,5,2,3,4,9.41336284529417,1,0,34
201103904,4,1,0,0,1,0,0,5,2,2,4,9.24965723435313,1,0,34
201103905,4,1,0,0,1,0,0,5,2,2,5,9.24965723435313,1,0,34
201103906,4,1,0,0,1,1,0,5,2,9,4,9.39191164737943,1,0,34
201103907,4,1,0,0,0,0,0,5,2,2,4,10.4487435881066,2,0,34
201103908,5,1,1,1,1,1,0,5,1,2,5,11.0186455364637,3,0,34
201103909,4,1,0,0,1,0,0,3,2,2,4,10.3609440446439,2,0,34
201103910,4,1,0,0,1,0,0,5,2,3,5,9.69282824771042,1,0,34
201103911,2,0,-2,0,1,1,0,5,2,9,2,8.15133333790043,1,0,34
201103912,5,1,1,1,1,1,0,5,2,2,5,10.1906272415965,2,0,34
201103913,4,1,0,0,1,0,0,5,1,2,4,10.9513768337336,3,0,34
201103914,5,1,1,1,1,0,0,3,2,2,4,8.40312823512826,1,0,34
201103915,5,1,1,1,1,0,0,5,2,2,3,8.53719187792293,1,0,34
201103916,4,1,0,0,2,1,1,3,3,2,4,10.3417747410115,2,1,34
201103917,5,1,1,1,2,0,1,5,2,1,4,10.1425438223104,2,1,34
201103918,3,0,-1,0,2,1,1,5,2,2,3,10.6572828840475,2,1,34
201103919,4,1,0,0,1,0,0,4,2,2,5,10.2036291813376,2,1,34
201103920,2,0,-2,0,0,0,0,5,3,9,2,9.39274525863144,1,1,34
201103921,3,0,-1,0,1,0,0,5,3,3,4,10.3936307621069,2,1,34
201103922,5,1,1,1,1,0,0,1,4,2,4,10.463131911492,2,1,34
201103923,4,1,0,0,2,0,1,5,2,2,3,11.3959663476124,3,1,34
201103924,2,0,-2,0,1,1,0,4,2,2,4,9.69590972432601,1,1,34
201103925,4,1,0,0,2,0,1,3,2,2,3,10.9331248267007,3,1,34
201103926,5,1,1,1,0,0,0,5,2,2,5,11.1423711646924,3,1,34
201103927,5,1,1,1,1,0,0,3,2,3,3,10.2036291813376,2,1,34
201103928,4,1,0,0,1,1,0,5,4,4,4,9.86479869792102,1,1,34
201103929,4,1,0,0,1,1,0,4,2,2,4,10.4341452149305,2,1,34
201103930,5,1,1,1,2,0,1,2,2,1,1,10.3089859934221,2,1,34
201103931,4,1,0,0,2,1,1,3,2,2,2,9.63567346472181,1,1,34
201103932,1,0,-3,0,1,0,0,4,2,2,1,9.85329891095284,1,1,34
201103933,4,1,0,0,2,0,1,5,2,2,4,14.0152662326498,3,1,34
201103934,4,1,0,0,1,0,0,3,3,2,4,10.3647342011031,2,1,34
201103935,3,0,-1,0,3,0,1,3,2,3,3,10.5584394939645,2,1,34
201103936,4,1,0,0,1,0,0,4,1,2,3,11.1577185278035,3,1,34
201103937,4,1,0,0,2,0,1,2,2,2,3,11.1704492404313,3,1,34
201103938,4,1,0,0,3,1,1,4,2,1,4,11.5129354649202,3,1,34
201103939,5,1,1,1,2,0,1,3,3,2,5,0,1,1,34
201103940,4,1,0,0,1,0,0,3,3,2,3,0,1,1,34
201103941,4,1,0,0,2,0,1,5,1,2,4,10.9573969669702,3,1,34
201103942,5,1,1,1,3,1,1,2,4,1,4,11.4478641405282,3,1,34
201103943,4,1,0,0,3,0,1,3,2,5,4,10.1849377471114,2,1,34
201103944,2,0,-2,0,1,0,0,5,2,1,2,0,1,1,34
201103945,4,1,0,0,3,2,1,3,2,2,4,11.0284333831561,3,1,34
201103946,4,1,0,0,3,0,1,3,2,3,2,10.5479958074895,2,1,34
201103947,5,1,1,1,2,0,1,5,2,3,4,11.0775319363201,3,1,34
201103948,5,1,1,1,1,0,0,3,2,2,3,10.6382803883147,2,1,34
201103949,4,1,0,0,1,0,0,5,2,3,4,8.00670084544037,1,1,34
201103950,4,1,0,0,1,0,0,5,2,3,4,0,1,1,34
201103951,3,0,-1,0,2,2,1,4,1,3,3,10.5676205989022,2,0,34
201103952,4,1,0,0,0,1,0,5,2,3,4,8.8538082749772,1,0,34
201103953,4,1,0,0,1,0,0,2,2,2,4,10.0874831630491,2,0,34
201103954,3,0,-1,0,1,0,0,5,2,2,3,8.82482493917564,1,0,34
201103955,4,1,0,0,1,1,0,4,1,1,1,10.5479958074895,2,0,34
201103956,5,1,1,1,1,0,0,5,1,2,4,10.7986873479126,2,0,34
201103957,5,1,1,1,1,0,0,4,3,1,5,9.97463710712595,1,0,34
201103958,4,1,0,0,1,0,0,5,2,2,4,12.53213733965,3,0,34
201103959,4,1,0,0,1,0,0,5,2,2,4,9.98879330911523,1,0,34
201103960,4,1,0,0,1,0,0,3,2,4,4,10.1685924990071,2,0,34
201103961,4,1,0,0,1,1,0,5,2,2,4,9.32375833901174,1,0,34
201103962,3,0,-1,0,2,0,1,5,2,2,3,11.0492412014067,3,0,34
201103963,4,1,0,0,0,1,0,5,1,2,4,8.01994168767737,1,0,34
201103964,4,1,0,0,0,0,0,4,1,2,2,10.1712602419935,2,0,34
201103965,5,1,1,1,1,1,0,5,2,2,5,9.37593955262575,1,0,34
201103966,5,1,1,1,2,0,1,5,1,2,5,10.9113029701964,2,0,34
201103967,4,1,0,0,1,0,0,5,2,2,4,5.30330490805908,1,0,34
201103968,4,1,0,0,2,0,1,4,1,3,4,9.83633227734872,1,0,34
201103969,5,1,1,1,1,0,0,5,2,2,2,10.0647982524184,2,0,34
201103970,4,1,0,0,1,1,0,5,2,2,4,11.0416572865191,3,0,34
201103971,4,1,0,0,1,0,0,5,2,3,5,10.3743512854195,2,0,34
201103972,5,1,1,1,0,0,0,4,2,3,3,10.3903328148835,2,0,34
201103973,4,1,0,0,1,1,0,5,1,2,4,10.7284383766973,2,0,34
201103974,3,0,-1,0,2,0,1,5,1,3,3,9.16125516428569,1,0,34
201103975,4,1,0,0,1,0,0,5,1,2,4,9.21044036697652,1,0,34
201103976,4,1,0,0,1,0,0,5,1,2,4,9.53683442021335,1,0,34
201103977,2,0,-2,0,1,0,0,1,1,3,5,10.1246691805368,2,0,34
201103978,2,0,-2,0,1,0,0,5,2,2,3,11.4435861048916,3,0,34
201103979,4,1,0,0,1,0,0,5,1,2,4,10.2110090163142,2,0,34
201103980,5,1,1,1,1,0,0,5,1,1,3,9.25157827999243,1,0,34
201103981,3,0,-1,0,1,0,0,5,1,1,3,10.1210734228876,2,0,34
201103982,4,1,0,0,1,0,0,5,1,3,3,10.216324473528,2,0,34
201103983,5,1,1,1,1,0,0,5,1,3,5,9.42553239350277,1,0,34
201103984,4,1,0,0,1,0,0,5,2,2,4,8.70963008195129,1,0,34
201103985,4,1,0,0,1,1,0,5,1,2,4,11.518609902896,3,0,34
201103986,5,1,1,1,1,0,0,5,4,3,5,8.65712903171376,1,0,34
201103987,4,1,0,0,0,0,0,5,2,3,3,6.90875477931522,1,0,34
201103988,5,1,1,1,0,1,0,5,2,3,5,10.6250590366064,2,0,34
201103989,4,1,0,0,0,0,0,5,2,2,4,9.23999625688369,1,0,34
201103990,4,1,0,0,1,1,0,5,2,3,4,10.382849114894,2,0,34
201103991,5,1,1,1,1,0,0,5,2,2,5,11.0094176619803,3,0,34
201103992,5,1,1,1,1,1,0,5,1,3,5,10.3056472036356,2,0,34
201103993,5,1,1,1,1,0,0,5,1,2,2,10.4193305681139,2,0,34
201103994,5,1,1,1,1,1,0,5,1,1,5,10.9556272140794,3,0,34
201103995,4,1,0,0,0,1,0,5,2,2,2,10.4042998899517,2,0,34
201103996,5,1,1,1,1,0,0,5,2,3,4,9.59567079766397,1,0,34
201103997,5,1,1,1,1,0,0,5,2,2,4,9.42617729477462,1,0,34
201103998,4,1,0,0,1,0,0,4,2,2,4,10.9250567967059,3,0,34
201103999,4,1,0,0,1,0,0,3,2,3,5,10.0816755780485,2,0,34
201104000,2,0,-2,0,0,1,0,1,1,2,2,10.2146786105388,2,0,34
201104001,4,1,0,0,1,1,0,5,1,2,2,,1,0,34
201104002,3,0,-1,0,1,0,0,5,2,3,3,10.9269982966947,3,0,34
201104003,,,,,1,0,0,5,9,9,,7.9728107841214,1,0,34
201104004,4,1,0,0,1,0,0,5,1,2,4,11.4145878869042,3,0,34
201104005,4,1,0,0,1,0,0,5,2,9,4,11.6100612500699,3,0,34
201104006,4,1,0,0,1,0,0,3,1,2,4,11.2476765438786,3,0,34
201104007,5,1,1,1,1,0,0,5,2,3,5,9.14857134557855,1,0,34
201104008,5,1,1,1,2,1,1,2,1,1,5,10.9802120414462,3,0,34
201104009,4,1,0,0,1,0,0,2,2,3,4,8.9677591267695,1,0,34
201104010,3,0,-1,0,1,0,0,4,1,2,2,,1,0,34
201104011,4,1,0,0,2,0,1,5,2,2,4,9.43596085316529,1,0,34
201104012,4,1,0,0,1,1,0,5,2,2,5,9.22532750178443,1,0,34
201104013,4,1,0,0,2,0,1,3,2,3,5,10.8277662951325,2,0,34
201104014,4,1,0,0,1,0,0,5,2,2,4,10.2611969612316,2,0,34
201104015,5,1,1,1,1,1,0,5,2,2,5,9.92333919823873,1,0,34
201104016,4,1,0,0,1,0,0,5,2,2,4,9.10952506673737,1,0,34
201104017,4,1,0,0,1,1,0,2,1,3,3,10.3278647516206,2,0,34
201104018,4,1,0,0,0,0,0,5,2,9,3,6.90875477931522,1,0,34
201104019,4,1,0,0,1,1,0,5,1,3,4,8.97474461272273,1,0,34
201104020,4,1,0,0,1,1,0,5,2,2,4,8.07121853996986,1,0,34
201104021,4,1,0,0,1,0,0,5,2,2,4,9.58884529850156,1,0,34
201104022,4,1,0,0,1,0,0,5,2,2,4,11.1547356465097,3,0,34
201104023,4,1,0,0,0,1,0,5,2,2,4,9.65509029374725,1,0,34
201104024,4,1,0,0,1,0,0,5,2,3,4,10.1488230313568,2,0,34
201104025,4,1,0,0,1,0,0,5,2,9,4,8.35490952835879,1,0,34
201104026,4,1,0,0,1,1,0,3,2,2,5,10.2267027989453,2,0,34
201104027,4,1,0,0,1,0,0,4,2,2,4,10.893451809527,2,0,34
201104028,4,1,0,0,1,0,0,5,2,2,4,8.02322468471667,1,0,34
201104029,2,0,-2,0,1,1,0,5,1,2,2,9.88842467485908,1,0,34
201104030,4,1,0,0,1,0,0,5,1,2,3,10.2377389236325,2,0,34
201104031,4,1,0,0,1,0,0,5,2,9,4,9.51569044208137,1,0,34
201104032,4,1,0,0,1,0,0,2,2,3,4,11.0349057929294,3,0,34
201104033,4,1,0,0,2,0,1,3,2,2,3,10.2723232538215,2,0,34
201104034,4,1,0,0,1,0,0,5,2,3,4,9.90353755128617,1,0,34
201104035,4,1,0,0,1,1,0,5,2,2,4,10.1697289067531,2,0,34
201104036,4,1,0,0,1,0,0,4,2,2,3,10.6746443056388,2,0,34
201104037,4,1,0,0,0,0,0,5,2,3,4,6.17586727010576,1,0,34
201104038,4,1,0,0,1,0,0,5,2,9,2,8.91610353055373,1,0,34
201104039,5,1,1,1,1,1,0,5,1,2,4,10.2750855911327,2,0,34
201104040,4,1,0,0,1,2,0,4,2,2,4,10.0858507751287,2,0,34
201104041,2,0,-2,0,3,0,1,4,2,3,4,10.5358491608278,2,0,34
201104042,4,1,0,0,1,0,0,5,1,2,4,10.2770413146947,2,0,34
201104043,5,1,1,1,1,0,0,5,2,2,4,9.99360244197839,1,0,34
201104044,2,0,-2,0,1,1,0,4,2,3,,10.4984366568614,2,0,34
201104045,4,1,0,0,1,1,0,5,2,2,4,7.97349996402463,1,0,34
201104046,4,1,0,0,2,1,1,2,2,2,2,9.85749596868514,1,0,34
201104047,5,1,1,1,1,1,0,5,1,9,4,10.6554616002136,2,0,34
201104048,4,1,0,0,1,0,0,5,2,2,4,8.45553053102413,1,0,34
201104049,4,1,0,0,1,0,0,5,2,2,4,10.4020028311641,2,0,34
201104050,4,1,0,0,1,0,0,3,2,2,4,9.93721242193775,1,0,34
201104051,4,1,0,0,1,0,0,5,2,9,4,8.5173931714189,1,0,34
201104052,4,1,0,0,1,1,0,5,2,2,4,10.1085078655907,2,0,34
201104053,5,1,1,1,0,0,0,5,1,2,5,5.30330490805908,1,0,34
201104054,4,1,0,0,1,0,0,5,2,2,4,10.4062865961971,2,0,34
201104055,4,1,0,0,1,0,0,5,2,2,4,8.05547514175727,1,0,34
201104056,5,1,1,1,1,1,0,5,3,2,5,9.86271763999292,1,0,34
201104057,4,1,0,0,0,1,0,5,2,3,4,9.07119324056602,1,0,34
201104058,3,0,-1,0,1,0,0,5,2,3,3,,1,0,34
201104059,4,1,0,0,1,0,0,5,2,2,3,9.39274525863144,1,0,34
201104060,4,1,0,0,1,0,0,3,2,3,3,10.7339404515029,2,0,34
201104061,4,1,0,0,1,0,0,3,2,2,4,8.41205487329293,1,0,34
201104062,4,1,0,0,1,0,0,5,2,3,4,9.49859727917881,1,0,34
201104063,4,1,0,0,1,0,0,5,2,2,3,8.22977775008189,1,0,34
201104064,4,1,0,0,0,0,0,5,2,2,4,9.61959827832304,1,0,34
201104065,4,1,0,0,1,1,0,5,1,2,5,8.98732181285013,1,0,34
201104066,4,1,0,0,1,0,0,5,2,2,4,10.3418443557983,2,0,34
201104067,4,1,0,0,1,0,0,1,1,2,4,8.00670084544037,1,0,34
201104068,4,1,0,0,0,1,0,5,2,2,4,10.6276365736023,2,0,34
201104069,4,1,0,0,1,0,0,4,3,3,4,9.05380351415596,1,0,34
201104070,4,1,0,0,2,0,1,5,2,2,4,11.9701346044105,3,0,34
201104071,4,1,0,0,1,0,0,4,2,2,3,9.51654100145003,1,0,34
201104072,4,1,0,0,1,0,0,5,1,3,2,9.84272854669056,1,0,34
201104073,4,1,0,0,1,1,0,5,2,2,4,9.82524746720911,1,0,34
201104074,3,0,-1,0,2,0,1,1,1,2,2,10.7913993858086,2,0,34
201104075,5,1,1,1,3,0,1,2,3,2,5,11.6172944892629,3,0,34
201104076,2,0,-2,0,1,0,0,3,2,9,2,9.55044884660634,1,0,34
201104077,4,1,0,0,1,1,0,5,2,3,4,8.65014941866486,1,0,34
201104078,4,1,0,0,1,0,0,5,1,1,4,7.65964295456468,1,0,34
201104079,4,1,0,0,1,0,0,5,2,9,4,,1,0,34
201104080,4,1,0,0,1,0,0,5,1,3,5,8.00670084544037,1,0,34
201104081,4,1,0,0,1,1,0,5,2,2,4,10.6654842609765,2,0,34
201104082,5,1,1,1,1,1,0,5,3,2,5,9.78700991447743,1,0,34
201104083,3,0,-1,0,1,0,0,5,2,2,4,7.93773177526011,1,0,34
201104084,4,1,0,0,1,0,0,5,1,9,,10.5011964005493,2,0,34
201104085,4,1,0,0,1,0,0,5,3,2,3,9.48044384215367,1,0,34
201104086,4,1,0,0,1,0,0,5,2,2,4,9.2213792190914,1,0,34
201104087,4,1,0,0,1,0,0,5,2,9,4,9.60597016214819,1,0,34
201104088,5,1,1,1,1,1,0,5,1,2,5,10.1064692120264,2,0,34
201104089,4,1,0,0,0,1,0,5,1,9,,10.3308858164863,2,0,34
201104090,4,1,0,0,1,0,0,5,3,2,4,10.1302644950828,2,0,34
201104091,4,1,0,0,1,0,0,4,2,3,3,8.10651451625519,1,0,36
201104092,5,1,1,1,1,0,0,4,3,3,4,8.39412119382624,1,0,36
201104093,4,1,0,0,0,0,0,5,3,5,3,6.11146733950268,1,0,36
201104094,5,1,1,1,2,0,1,5,2,3,5,10.2036291813376,2,0,36
201104095,4,1,0,0,1,1,0,3,2,2,4,10.5334552879961,2,0,36
201104096,5,1,1,1,1,0,0,1,3,3,,8.16080392095467,1,0,36
201104097,,,,,1,0,0,5,2,3,,9.83740116740827,1,0,36
201104098,5,1,1,1,1,0,0,3,2,9,5,10.1016327159999,2,0,36
201104099,3,0,-1,0,1,0,0,4,1,2,5,11.0030531626905,3,0,36
201104100,4,1,0,0,1,1,0,3,2,3,4,8.66578559546606,1,0,36
201104101,4,1,0,0,1,0,0,5,2,,4,9.93260936610815,1,0,36
201104102,4,1,0,0,1,0,0,2,2,3,4,10.0119810459149,1,0,36
201104103,4,1,0,0,1,0,0,5,2,2,4,10.3826618321194,2,0,36
201104104,4,1,0,0,0,0,0,3,2,2,4,10.4734104190335,2,0,36
201104105,4,1,0,0,1,0,0,4,1,2,5,10.1162041977345,2,0,36
201104106,2,0,-2,0,1,0,0,5,1,9,,10.1849377471114,2,0,36
201104107,4,1,0,0,1,1,0,5,1,9,4,10.2328272702548,2,0,36
201104108,4,1,0,0,1,1,0,5,1,9,4,8.70963008195129,1,0,36
201104109,4,1,0,0,1,1,0,5,9,9,,10.7643240426439,2,0,36
201104110,3,0,-1,0,1,0,0,3,3,2,4,,1,0,36
201104111,3,0,-1,0,1,0,0,3,1,2,3,10.3630680304265,2,1,36
201104112,4,1,0,0,1,0,0,3,2,3,3,11.5569519197192,3,1,36
201104113,5,1,1,1,1,0,0,4,2,3,4,9.78700991447743,1,1,36
201104114,4,1,0,0,1,0,0,3,2,3,5,9.76410200415961,1,1,36
201104115,4,1,0,0,1,1,0,4,4,3,4,10.1425092204657,2,1,36
201104116,4,1,0,0,1,1,0,3,2,3,4,8.00670084544037,1,1,36
201104117,3,0,-1,0,1,0,0,5,2,2,4,10.1519479118341,2,1,36
201104118,5,1,1,1,1,0,0,3,4,3,5,12.2060776455177,3,1,36
201104119,4,1,0,0,1,1,0,3,2,3,3,10.0257494320691,1,1,36
201104120,5,1,1,1,1,1,0,5,2,9,5,11.4824765667107,3,1,36
201104121,4,1,0,0,0,1,0,3,2,2,5,5.70711026474888,1,1,36
201104122,5,1,1,1,1,0,0,3,2,2,5,11.1633821730969,3,1,36
201104123,3,0,-1,0,1,2,0,5,1,3,4,10.3327017388151,2,1,36
201104124,5,1,1,1,1,0,0,4,2,9,4,10.8647649446587,2,1,36
201104125,5,1,1,1,1,1,0,2,2,2,5,11.1605413024487,3,1,36
201104126,4,1,0,0,1,1,0,4,2,3,4,10.9595576179386,3,1,36
201104127,4,1,0,0,1,0,0,5,2,2,4,11.1630758361989,3,1,36
201104128,4,1,0,0,1,0,0,4,9,2,4,8.79497643168877,1,1,36
201104129,2,0,-2,0,1,0,0,2,5,3,4,11.3015775975734,3,1,36
201104130,5,1,1,1,1,0,0,4,2,2,5,10.3609440446439,2,1,36
201104131,4,1,0,0,2,0,1,4,2,2,4,11.5228856967645,3,1,36
201104132,4,1,0,0,1,0,0,3,2,2,4,10.3089859934221,2,1,36
201104133,4,1,0,0,1,0,0,3,2,2,4,12.0204717174713,3,1,36
201104134,4,1,0,0,1,0,0,5,3,2,3,5.30330490805908,1,1,36
201104135,3,0,-1,0,1,1,0,5,2,3,3,10.2341347510478,2,1,36
201104136,4,1,0,0,1,0,0,3,4,2,2,10.4133427055477,2,1,36
201104137,4,1,0,0,1,0,0,1,1,2,2,11.7027273078673,3,1,36
201104138,4,1,0,0,1,0,0,3,3,2,4,10.8850714035796,2,1,36
201104139,4,1,0,0,1,1,0,3,9,9,,9.93690495057001,1,1,36
201104140,4,1,0,0,3,1,1,3,2,2,5,11.5339136637086,3,1,36
201104141,4,1,0,0,1,0,0,4,2,2,4,10.9716267402596,3,0,36
201104142,4,1,0,0,1,0,0,5,2,1,4,9.74689222031305,1,0,36
201104143,4,1,0,0,1,0,0,4,1,2,4,9.24956108512946,1,0,36
201104144,5,1,1,1,1,0,0,5,1,2,4,9.71420180194054,1,0,36
201104145,4,1,0,0,1,0,0,5,2,2,4,9.49709701635146,1,0,36
201104146,4,1,0,0,2,0,1,4,2,2,4,10.0168608797038,1,0,36
201104147,3,0,-1,0,1,1,0,5,1,9,,8.73246584834988,1,0,36
201104148,,,,,1,1,0,5,9,9,,10.5502387611067,2,0,36
201104149,4,1,0,0,1,0,0,5,2,2,4,7.98989937494294,1,0,36
201104150,4,1,0,0,1,1,0,3,2,2,5,9.94275634145683,1,0,36
201104151,4,1,0,0,1,0,0,5,9,9,,9.23999625688369,1,0,36
201104152,4,1,0,0,0,1,0,2,9,9,,10.8585580950919,2,0,36
201104153,4,1,0,0,1,1,0,3,2,3,4,10.3417747410115,2,0,36
201104154,5,1,1,1,1,1,0,4,1,9,5,,1,0,36
201104155,5,1,1,1,0,1,0,4,2,2,5,8.38958706681109,1,0,36
201104156,5,1,1,1,1,1,0,5,1,4,4,10.5294527210131,2,0,36
201104157,4,1,0,0,2,0,1,3,2,9,4,10.641314339953,2,0,36
201104158,4,1,0,0,1,0,0,5,2,9,4,9.40927319457533,1,0,36
201104159,4,1,0,0,1,1,0,3,2,2,4,11.8751679128063,3,0,36
201104160,2,0,-2,0,1,1,0,5,2,2,3,10.6066098161182,2,0,36
201104161,4,1,0,0,1,0,0,5,1,2,4,9.52156805800298,1,0,36
201104162,4,1,0,0,3,0,1,5,2,2,4,11.328530384912,3,0,36
201104163,4,1,0,0,0,1,0,5,1,2,5,9.51051903575725,1,0,36
201104164,3,0,-1,0,1,0,0,,2,3,3,7.9728107841214,1,0,36
201104165,4,1,0,0,0,1,0,5,2,1,4,11.1546888111257,3,0,36
201104166,4,1,0,0,2,0,1,3,2,2,4,10.6829590821439,2,0,36
201104167,4,1,0,0,1,1,0,4,2,9,4,8.14351740579748,1,0,36
201104168,4,1,0,0,1,0,0,1,2,2,4,10.027959280047,1,0,36
201104169,4,1,0,0,1,1,0,5,2,3,3,9.7528605238884,1,0,36
201104170,3,0,-1,0,1,1,0,5,2,2,4,,1,0,36
201104171,3,0,-1,0,1,1,0,3,2,3,4,9.6952941881746,1,0,36
201104172,5,1,1,1,1,1,0,,9,9,5,10.3513824245105,2,0,36
201104173,5,1,1,1,1,0,0,3,2,4,4,10.3914845753621,2,0,36
201104174,,,,,2,0,1,,9,9,,10.3279373217571,2,0,36
201104175,5,1,1,1,0,2,0,5,2,2,5,8.14060704285845,1,0,36
201104176,5,1,1,1,1,1,0,5,3,9,5,10.4478871548003,2,0,36
201104177,4,1,0,0,1,0,0,4,1,3,5,10.6312405094036,2,0,36
201104178,4,1,0,0,1,0,0,5,2,3,4,8.31898612539206,1,0,36
201104179,4,1,0,0,2,0,1,5,3,2,3,11.1884987945934,3,0,36
201104180,4,1,0,0,1,1,0,5,2,3,4,11.8637083189642,3,0,36
201104181,4,1,0,0,2,0,1,4,2,9,4,11.0939820404488,3,1,36
201104182,5,1,1,1,3,0,1,4,2,2,4,9.8255800636596,1,1,36
201104183,3,0,-1,0,1,0,0,5,2,2,3,9.21044036697652,1,1,36
201104184,4,1,0,0,2,0,1,5,2,2,2,11.0640445472084,3,1,36
201104185,5,1,1,1,3,0,1,5,2,2,4,10.3346823369242,2,1,36
201104186,3,0,-1,0,2,1,1,5,1,9,3,10.4574014009819,2,1,36
201104187,4,1,0,0,2,0,1,5,1,1,5,9.63567346472181,1,1,36
201104188,2,0,-2,0,2,1,1,4,4,2,3,10.2256072829329,2,1,36
201104189,5,1,1,1,1,0,0,3,2,3,4,10.9340418701732,3,1,36
201104190,5,1,1,1,1,0,0,4,2,2,5,8.63070043220983,1,1,36
201104191,5,1,1,1,2,0,1,2,2,2,4,10.5606266741509,2,1,36
201104192,4,1,0,0,1,0,0,4,1,3,5,9.16962253869762,1,1,36
201104193,4,1,0,0,2,0,1,5,2,2,4,10.0512607968256,2,1,36
201104194,4,1,0,0,1,0,0,5,1,2,5,0,1,1,36
201104195,4,1,0,0,1,0,0,4,2,2,4,11.1693282496144,3,1,36
201104196,4,1,0,0,1,0,0,5,2,2,5,10.5078308414206,2,1,36
201104197,4,1,0,0,3,1,1,4,3,2,5,10.3890261370752,2,1,36
201104198,3,0,-1,0,1,0,0,5,1,2,3,10.6643167457829,2,1,36
201104199,4,1,0,0,2,0,1,4,2,2,4,7.60140233458373,1,1,36
201104200,5,1,1,1,2,0,1,4,3,2,5,10.977923942425,3,1,36
201104201,3,0,-1,0,1,0,0,4,4,9,3,10.3735224312936,2,1,36
201104202,5,1,1,1,3,0,1,3,4,1,4,0,1,1,36
201104203,2,0,-2,0,2,1,1,1,2,2,1,9.98511362141607,1,1,36
201104204,5,1,1,1,3,1,1,5,2,2,5,10.3735224312936,2,1,36
201104205,4,1,0,0,1,0,0,5,2,9,4,10.5050949364556,2,1,36
201104206,4,1,0,0,3,0,1,3,2,3,4,13.0434305535818,3,1,36
201104207,5,1,1,1,2,1,1,5,2,2,5,11.2789309693645,3,1,36
201104208,4,1,0,0,2,1,1,3,2,9,4,10.1510999109103,2,1,36
201104209,5,1,1,1,1,1,0,3,1,9,5,9.21044036697652,1,1,36
201104210,4,1,0,0,1,1,0,3,1,2,5,9.53827627757511,1,1,36
201104211,4,1,0,0,1,0,0,4,2,2,5,10.4103352749329,2,1,36
201104212,4,1,0,0,3,0,1,5,2,2,4,11.0778904928406,3,1,36
201104213,4,1,0,0,1,0,0,5,3,2,4,0,1,1,36
201104214,4,1,0,0,1,0,0,5,3,2,4,9.54115377038857,1,1,36
201104215,4,1,0,0,2,0,1,3,2,2,4,10.6454487065059,2,1,36
201104216,4,1,0,0,1,0,0,5,2,2,5,11.1852682615302,3,1,36
201104217,4,1,0,0,1,0,0,3,2,2,4,10.4148859028879,2,1,36
201104218,4,1,0,0,2,0,1,3,2,2,4,10.5050949364556,2,1,36
201104219,4,1,0,0,3,0,1,3,2,3,4,7.63578686139559,1,1,36
201104220,5,1,1,1,1,0,0,1,4,2,5,0,1,1,36
201104221,5,1,1,1,2,0,1,4,2,2,5,10.348205424566,2,1,36
201104222,4,1,0,0,1,0,0,4,9,2,4,9.60864658288587,1,1,36
201104223,4,1,0,0,1,0,0,3,2,2,4,9.56808474387294,1,1,36
201104224,4,1,0,0,1,0,0,2,3,2,2,10.4408119692662,2,1,36
201104225,5,1,1,1,1,0,0,3,2,3,5,10.6572828840475,2,1,36
201104226,4,1,0,0,1,1,0,3,9,9,5,10.3417747410115,2,1,36
201104227,4,1,0,0,1,0,0,3,2,1,4,10.4913019948302,2,1,36
201104228,5,1,1,1,1,0,0,3,2,2,5,7.86365126544865,1,1,36
201104229,4,1,0,0,1,0,0,4,2,4,4,9.65509029374725,1,1,36
201104230,3,0,-1,0,1,0,0,4,2,3,4,10.633708367534,2,1,36
201104231,4,1,0,0,1,0,0,4,3,3,3,0,1,0,36
201104232,3,0,-1,0,1,0,0,4,2,2,4,10.1425438223104,2,0,36
201104233,4,1,0,0,2,0,1,4,2,2,2,10.9476466803068,3,0,36
201104234,3,0,-1,0,1,0,0,4,2,3,3,0,1,0,36
201104235,4,1,0,0,1,1,0,4,2,2,3,10.3089859934221,2,0,36
201104236,5,1,1,1,3,0,1,4,1,2,5,11.5209035552051,3,0,36
201104237,5,1,1,1,1,1,0,5,9,9,5,9.93309489728879,1,0,36
201104238,5,1,1,1,1,1,0,3,9,9,5,11.1043205108256,3,0,36
201104239,4,1,0,0,1,1,0,5,9,9,,9.75412684728569,1,0,36
201104240,5,1,1,1,1,0,0,5,2,1,5,10.4341452149305,2,0,36
201104241,4,1,0,0,1,0,0,4,1,2,4,9.21044036697652,1,0,36
201104242,4,1,0,0,1,0,0,4,2,3,4,10.4919081310559,2,0,36
201104243,,,,,1,0,0,4,2,9,5,11.5150787699441,3,0,36
201104244,5,1,1,1,2,0,1,3,1,3,5,10.2887839663538,2,0,36
201104245,5,1,1,1,1,0,0,5,2,2,4,8.10802122137675,1,0,36
201104246,4,1,0,0,1,0,0,3,2,2,4,7.61628356158039,1,0,36
201104247,4,1,0,0,1,0,0,3,2,2,4,7.69666708152646,1,0,36
201104248,4,1,0,0,1,0,0,3,2,2,4,8.3478273457825,1,0,36
201104249,4,1,0,0,1,0,0,3,2,2,4,11.1885932393099,3,0,36
201104250,4,1,0,0,1,0,0,5,2,2,2,10.829550381559,2,0,36
201104251,4,1,0,0,2,1,1,2,2,2,4,10.5187002182882,2,1,36
201104252,5,1,1,1,2,1,1,5,2,4,5,10.9151066458675,3,1,36
201104253,4,1,0,0,2,0,1,3,4,3,4,10.9887611448083,3,1,36
201104254,5,1,1,1,1,0,0,5,2,9,3,10.3577745703416,2,1,36
201104255,4,1,0,0,2,0,1,3,2,2,5,10.2425670179609,2,1,36
201104256,5,1,1,1,3,0,1,5,2,9,4,10.3417747410115,2,1,36
201104257,4,1,0,0,1,1,0,3,2,2,2,12.1062578350946,3,1,36
201104258,4,1,0,0,3,1,1,3,3,2,4,11.1548352342712,3,1,36
201104259,4,1,0,0,3,1,1,3,3,2,4,10.7789771230064,2,1,36
201104260,5,1,1,1,1,0,0,5,1,3,5,9.34180713471849,1,1,36
201104261,5,1,1,1,2,0,1,4,3,2,4,9.34844877409381,1,1,36
201104262,4,1,0,0,1,0,0,3,3,3,4,0,1,1,36
201104263,4,1,0,0,0,1,0,3,1,2,4,9.21044036697652,1,1,36
201104264,4,1,0,0,0,1,0,1,2,2,4,0,1,1,36
201104265,4,1,0,0,1,0,0,5,3,2,4,10.5114308125815,2,1,36
201104266,3,0,-1,0,2,0,1,3,3,3,4,10.4193305681139,2,1,36
201104267,5,1,1,1,2,0,1,2,4,2,4,10.3089859934221,2,1,36
201104268,5,1,1,1,2,0,1,2,4,2,4,8.73246584834988,1,1,36
201104269,4,1,0,0,3,1,1,3,2,2,4,10.3766424612809,2,1,36
201104270,5,1,1,1,2,0,1,3,3,2,5,0,1,1,36
201104271,2,0,-2,0,1,0,0,3,2,2,3,7.46794233228585,1,1,36
201104272,4,1,0,0,1,0,0,5,2,9,4,10.1266711030504,2,1,36
201104273,5,1,1,1,3,0,1,3,3,1,5,10.8158706595793,2,1,36
201104274,4,1,0,0,2,1,1,2,1,4,4,11.9250417382917,3,1,36
201104275,5,1,1,1,2,0,1,5,1,2,4,11.2196410620634,3,1,36
201104276,5,1,1,1,1,1,0,4,1,2,4,10.4115393327527,2,1,37
201104277,4,1,0,0,1,0,0,5,1,2,4,10.641482799601,2,1,37
201104278,4,1,0,0,1,1,0,5,2,2,4,5.70711026474888,1,1,37
201104279,4,1,0,0,1,0,0,5,2,2,4,7.69666708152646,1,1,37
201104280,4,1,0,0,2,0,1,3,1,2,5,10.5713995539095,2,1,37
201104281,4,1,0,0,1,0,0,5,1,9,5,7.37838371299671,1,1,37
201104282,5,1,1,1,1,0,0,4,1,4,4,8.91031577632602,1,1,37
201104283,4,1,0,0,2,0,1,4,1,2,4,10.883710371704,2,1,37
201104284,4,1,0,0,1,1,0,5,2,2,4,8.07121853996986,1,1,37
201104285,4,1,0,0,1,0,0,5,2,2,4,7.55013534248843,1,1,37
201104286,3,0,-1,0,1,1,0,5,2,3,3,7.78364059622125,1,1,37
201104287,5,1,1,1,1,1,0,3,2,2,4,11.1499929250167,3,1,37
201104288,,,,,1,0,0,1,1,2,4,10.1891844527117,2,1,37
201104289,4,1,0,0,1,0,0,5,1,2,4,10.3606140090365,2,1,37
201104290,5,1,1,1,3,1,1,5,4,1,2,10.9032182916441,2,1,37
201104291,5,1,1,1,0,0,0,5,2,9,3,7.78364059622125,1,1,37
201104292,4,1,0,0,1,0,0,5,2,2,4,9.74686595140186,1,1,37
201104293,5,1,1,1,1,0,0,5,2,2,5,8.92279162396964,1,1,37
201104294,5,1,1,1,1,0,0,5,2,2,4,7.89394513823596,1,1,37
201104295,4,1,0,0,2,1,1,4,2,2,3,11.0190552818537,3,1,37
201104296,4,1,0,0,1,0,0,5,2,2,4,0,1,1,37
201104297,5,1,1,1,1,0,0,4,3,2,3,4.61512051684126,1,1,37
201104298,,,,,1,1,0,5,2,9,,6.62140435141376,1,1,37
201104299,3,0,-1,0,2,0,1,5,1,2,2,6.11146733950268,1,1,37
201104300,5,1,1,1,2,0,1,4,2,2,4,10.8155586128554,2,1,37
201104301,4,1,0,0,2,0,1,3,3,2,3,10.9295470693558,3,1,37
201104302,5,1,1,1,2,0,1,4,3,2,4,11.3640889731334,3,1,37
201104303,3,0,-1,0,2,0,1,2,2,2,4,8.69968140098951,1,1,37
201104304,2,0,-2,0,1,1,0,4,1,2,3,9.84166533889278,1,1,37
201104305,4,1,0,0,3,1,1,3,2,2,4,11.0836951890618,3,1,37
201104306,4,1,0,0,2,1,1,4,2,2,4,11.7183803018493,3,1,37
201104307,2,0,-2,0,2,1,1,3,3,3,2,12.6035089421505,3,1,37
201104308,3,0,-1,0,2,0,1,5,2,2,3,10.875167164799,2,1,37
201104309,4,1,0,0,3,0,1,4,2,2,4,10.6115479758284,2,1,37
201104310,5,1,1,1,1,1,0,4,2,1,4,9.61587214452889,1,1,37
201104311,5,1,1,1,3,1,1,5,2,1,4,10.3222307815901,2,1,37
201104312,4,1,0,0,2,0,1,4,2,2,3,10.554371881704,2,1,37
201104313,4,1,0,0,3,0,1,3,4,2,4,11.1690398167931,3,1,37
201104314,4,1,0,0,1,0,0,4,3,2,,0,1,1,37
201104315,4,1,0,0,2,1,1,5,2,2,4,11.4700284023178,3,1,37
201104316,4,1,0,0,2,0,1,5,2,2,4,11.0413365798701,3,1,37
201104317,4,1,0,0,2,2,1,5,2,2,4,10.0858507751287,2,1,37
201104318,5,1,1,1,2,0,1,4,3,1,5,9.45727857185611,1,1,37
201104319,4,1,0,0,1,1,0,5,2,2,4,9.88842467485908,1,1,37
201104320,4,1,0,0,3,2,1,3,2,2,4,10.9187363480431,3,1,37
201104321,4,1,0,0,3,1,1,4,4,2,3,11.0658724441013,3,1,37
201104322,4,1,0,0,3,1,1,3,2,2,4,10.8396005193574,2,1,37
201104323,4,1,0,0,2,1,1,5,2,2,4,10.8967578438935,2,1,37
201104324,4,1,0,0,2,1,1,5,3,2,4,11.0913462187184,3,1,37
201104325,5,1,1,1,3,0,1,1,1,1,5,11.0349057929294,3,1,37
201104326,5,1,1,1,2,0,1,5,1,2,5,10.4227871703815,2,1,37
201104327,3,0,-1,0,2,0,1,4,1,4,3,11.4773086499677,3,1,37
201104328,4,1,0,0,1,2,0,3,2,2,4,9.7981825908907,1,1,37
201104329,4,1,0,0,2,0,1,1,2,4,4,13.1711554463339,3,1,37
201104330,2,0,-2,0,2,0,1,5,2,2,5,11.0120666735714,3,1,37
201104331,5,1,1,1,2,0,1,1,2,2,4,12.315827989766,3,1,37
201104332,4,1,0,0,3,1,1,2,4,2,4,11.0929018869356,3,1,37
201104333,4,1,0,0,3,0,1,4,2,3,2,10.849356503939,2,1,37
201104334,5,1,1,1,3,0,1,4,1,2,4,10.7144399907278,2,1,37
201104335,4,1,0,0,2,1,1,4,2,2,4,10.7144399907278,2,1,37
201104336,5,1,1,1,2,0,1,5,2,4,5,9.90353755128617,1,1,37
201104337,5,1,1,1,3,1,1,3,4,1,4,12.0696857512672,3,1,37
201104338,5,1,1,1,3,1,1,3,2,2,4,8.29429960885724,1,1,37
201104339,4,1,0,0,2,0,1,3,2,3,3,12.2060776455177,3,1,37
201104340,3,0,-1,0,1,1,0,5,2,2,2,11.2470882549276,3,1,37
201104341,5,1,1,1,3,0,1,2,1,1,5,10.883710371704,2,1,37
201104342,4,1,0,0,2,0,1,5,3,3,4,11.0219188082362,3,1,37
201104343,3,0,-1,0,2,0,1,4,1,2,3,9.83633227734872,1,1,37
201104344,2,0,-2,0,2,2,1,5,1,2,3,10.7609677436924,2,1,37
201104345,5,1,1,1,2,0,1,1,4,3,3,0,1,1,37
201104346,5,1,1,1,2,0,1,3,2,2,5,11.6706212819378,3,1,37
201104347,2,0,-2,0,1,1,0,5,4,1,2,6.90875477931522,1,1,37
201104348,4,1,0,0,3,1,1,5,2,4,4,11.5129354649202,3,1,37
201104349,5,1,1,1,3,0,1,3,2,4,4,10.7789771230064,2,1,37
201104350,2,0,-2,0,3,2,1,3,4,4,3,10.5966597327836,2,1,37
201104351,5,1,1,1,3,1,1,5,2,1,5,10.3089859934221,2,1,37
201104352,5,1,1,1,3,1,1,4,3,2,4,11.2158796895655,3,1,37
201104353,3,0,-1,0,3,0,1,3,2,3,3,11.1714346563565,3,1,37
201104354,4,1,0,0,3,2,1,5,4,2,3,8.5173931714189,1,1,37
201104355,3,0,-1,0,1,0,0,4,2,3,3,10.5472081164337,2,1,37
201104356,5,1,1,1,3,1,1,1,2,2,5,10.6874119271541,2,1,37
201104357,4,1,0,0,3,1,1,3,3,2,4,11.5129354649202,3,1,37
201104358,4,1,0,0,2,0,1,2,3,2,4,10.9331248267007,3,1,37
201104359,2,0,-2,0,1,0,0,4,2,1,2,10.1266711030504,2,1,37
201104360,4,1,0,0,3,0,1,4,2,2,4,11.2797442039854,3,1,37
201104361,5,1,1,1,2,0,1,4,2,1,3,10.4574014009819,2,1,37
201104362,5,1,1,1,3,1,1,4,2,2,4,11.5228856967645,3,1,37
201104363,4,1,0,0,2,0,1,4,2,4,4,0,1,1,37
201104364,5,1,1,1,3,1,1,4,2,2,5,11.2252567257629,3,1,37
201104365,5,1,1,1,2,1,1,5,2,2,3,10.5966597327836,2,1,37
201104366,4,1,0,0,2,0,1,3,2,2,5,11.3367966932387,3,1,37
201104367,4,1,0,0,3,0,1,3,2,2,2,0,1,1,37
201104368,2,0,-2,0,2,0,1,4,2,2,3,8.00670084544037,1,1,37
201104369,4,1,0,0,3,0,1,2,2,2,3,11.5898957653227,3,1,37
201104370,5,1,1,1,1,0,0,4,2,2,3,10.3859445655017,2,1,37
201104371,4,1,0,0,3,0,1,4,2,2,4,11.2590520509908,3,1,37
201104372,3,0,-1,0,1,2,0,5,4,2,4,11.2347644852225,3,1,37
201104373,5,1,1,1,3,2,1,3,2,1,5,10.8197982842103,2,1,37
201104374,2,0,-2,0,2,0,1,4,4,2,4,10.9437819318797,3,1,37
201104375,5,1,1,1,3,1,1,2,2,2,5,10.5358491608278,2,1,37
201104376,5,1,1,1,3,0,1,3,2,2,4,11.4186257744496,3,1,37
201104377,5,1,1,1,1,1,0,3,1,2,5,9.90353755128617,1,1,37
201104378,2,0,-2,0,2,0,1,3,1,3,2,9.96415923206886,1,1,37
201104379,4,1,0,0,2,0,1,4,3,3,3,10.8197982842103,2,1,37
201104380,2,0,-2,0,2,0,1,5,2,2,2,10.3488767521703,2,1,37
201104381,4,1,0,0,1,0,0,4,2,3,4,9.90353755128617,1,1,37
201104382,5,1,1,1,1,1,0,5,3,3,4,9.29109052166129,1,1,37
201104383,3,0,-1,0,1,0,0,5,1,2,4,9.39274525863144,1,1,37
201104384,4,1,0,0,1,0,0,2,1,1,4,8.8538082749772,1,1,37
201104385,4,1,0,0,1,0,0,5,2,2,5,9.80923181661041,1,1,37
201104386,4,1,0,0,1,0,0,5,3,2,3,9.90353755128617,1,1,37
201104387,3,0,-1,0,1,0,0,5,2,2,4,9.7981825908907,1,1,37
201104388,4,1,0,0,1,1,0,5,2,2,4,7.31388683163346,1,1,37
201104389,4,1,0,0,1,0,0,5,2,3,4,9.62911649414402,1,1,37
201104390,4,1,0,0,1,0,0,1,3,2,4,0,1,1,37
201104391,4,1,0,0,3,0,1,5,3,2,3,9.7981825908907,1,1,37
201104392,3,0,-1,0,2,0,1,4,2,2,3,10.6730400642985,2,1,37
201104393,5,1,1,1,2,0,1,5,2,1,5,7.90137735379262,1,1,37
201104394,4,1,0,0,3,1,1,5,3,2,4,0,1,1,37
201104395,4,1,0,0,1,1,0,5,2,2,4,10.228140212352,2,1,37
201104396,2,0,-2,0,1,1,0,4,2,3,2,9.16910162395959,1,1,37
201104397,4,1,0,0,1,0,0,5,1,2,4,10.4516378623623,2,1,37
201104398,4,1,0,0,1,0,0,5,2,2,4,10.8789422812096,2,1,37
201104399,4,1,0,0,3,1,1,5,4,2,4,10.7995959850478,2,1,37
201104400,5,1,1,1,1,0,0,1,1,2,5,11.9015902344,3,1,37
201104401,5,1,1,1,1,0,0,5,4,2,5,0,1,1,37
201104402,4,1,0,0,3,1,1,3,2,3,4,10.4042931430198,2,1,37
201104403,2,0,-2,0,2,0,1,2,2,2,4,9.89952561284539,1,1,37
201104404,5,1,1,1,3,0,1,5,2,2,5,11.2216502783416,3,1,37
201104405,4,1,0,0,2,0,1,4,1,1,4,8.5850387383113,1,1,37
201104406,4,1,0,0,3,0,1,2,2,2,5,10.7676636001428,2,1,37
201104407,4,1,0,0,2,0,1,4,2,3,4,11.1890180221768,3,1,37
201104408,5,1,1,1,3,0,1,2,2,2,5,11.1386828229908,3,1,37
201104409,4,1,0,0,2,0,1,5,2,2,2,11.0905837446056,3,1,37
201104410,5,1,1,1,2,0,1,5,2,2,4,10.8967578438935,2,1,37
201104411,5,1,1,1,3,0,1,2,2,2,4,10.9114637209448,3,1,37
201104412,4,1,0,0,3,0,1,4,2,3,4,10.5966597327836,2,1,37
201104413,3,0,-1,0,2,2,1,3,2,3,4,10.8614191435694,2,1,37
201104414,5,1,1,1,1,0,0,2,3,2,5,12.2060776455177,3,1,37
201104415,5,1,1,1,2,1,1,3,1,2,5,10.463131911492,2,1,37
201104416,5,1,1,1,2,1,1,3,2,3,5,11.060384472475,3,1,37
201104417,4,1,0,0,2,0,1,3,2,2,4,10.8761775212594,2,1,37
201104418,4,1,0,0,2,2,1,4,2,2,4,9.80923181661041,1,1,37
201104419,5,1,1,1,3,0,1,3,1,2,5,11.6339565533211,3,1,37
201104420,5,1,1,1,1,1,0,2,1,2,4,11.3847846953661,3,1,37
201104421,5,1,1,1,2,1,1,5,2,3,5,10.6643167457829,2,1,37
201104422,4,1,0,0,2,1,1,3,1,3,4,10.3287879671451,2,1,37
201104423,4,1,0,0,2,0,1,5,2,2,4,9.39274525863144,1,1,37
201104424,5,1,1,1,2,1,1,2,2,3,5,11.1490964199386,3,1,37
201104425,4,1,0,0,1,0,0,5,2,2,5,9.71007190987867,1,1,37
201104426,5,1,1,1,3,1,1,1,2,2,4,11.5302839312664,3,1,37
201104427,4,1,0,0,3,0,1,2,4,3,5,11.7685052282074,3,1,37
201104428,4,1,0,0,2,0,1,5,2,3,4,11.5683696325515,3,1,37
201104429,5,1,1,1,3,0,1,2,2,2,5,11.3771171965158,3,1,37
201104430,4,1,0,0,2,0,1,4,1,2,4,10.6543374432244,2,1,37
201104431,3,0,-1,0,1,2,0,,1,9,3,10.9234977511586,3,1,37
201104432,5,1,1,1,2,0,1,4,2,2,5,11.571769679272,3,1,37
201104433,4,1,0,0,1,0,0,4,2,2,5,11.080618310894,3,1,37
201104434,1,0,-3,0,0,0,0,4,2,4,2,9.61587214452889,1,1,37
201104435,5,1,1,1,1,0,0,5,3,2,5,10.8742854089089,2,1,37
201104436,5,1,1,1,3,0,1,3,2,2,2,10.7188744894694,2,1,37
201104437,5,1,1,1,3,1,1,3,2,2,3,11.0202835116379,3,1,37
201104438,4,1,0,0,1,1,0,2,3,1,5,11.1272776899325,3,1,37
201104439,5,1,1,1,0,0,0,5,1,2,5,0,1,1,37
201104440,5,1,1,1,1,1,0,5,2,2,5,10.4223111074132,2,1,37
201104441,4,1,0,0,3,2,1,2,3,2,4,11.7509261011876,3,1,37
201104442,4,1,0,0,3,0,1,3,2,2,4,13.3632698301287,3,1,37
201104443,4,1,0,0,2,0,1,2,3,2,5,10.9595576179386,3,1,37
201104444,5,1,1,1,2,0,1,3,2,2,4,9.21044036697652,1,1,37
201104445,4,1,0,0,2,0,1,3,1,2,4,9.33264649636015,1,1,37
201104446,5,1,1,1,0,1,0,5,1,1,5,0,1,1,37
201104447,4,1,0,0,3,0,1,3,2,2,4,11.2551370901326,3,1,37
201104448,4,1,0,0,3,0,1,3,2,2,4,10.6262178068877,2,1,37
201104449,5,1,1,1,2,0,1,3,3,3,5,11.4773086499677,3,1,37
201104450,4,1,0,0,1,0,0,1,2,2,4,9.76428295481558,1,1,37
201104451,4,1,0,0,2,0,1,1,2,2,5,10.5283826585798,2,1,37
201104452,4,1,0,0,1,1,0,4,2,2,5,10.7598799807922,2,1,37
201104453,4,1,0,0,2,1,1,5,2,2,4,10.8056996438007,2,1,37
201104454,4,1,0,0,2,0,1,1,2,3,4,11.7652471635618,3,1,37
201104455,4,1,0,0,1,1,0,5,1,2,4,10.6990867849895,2,1,37
201104456,5,1,1,1,1,1,0,1,4,2,5,11.6336968089601,3,1,37
201104457,4,1,0,0,0,0,0,2,2,2,5,10.2935344079159,2,1,37
201104458,2,0,-2,0,3,1,1,4,4,3,3,11.1982284186668,3,1,37
201104459,3,0,-1,0,3,0,1,2,3,4,5,11.7717218335989,3,1,37
201104460,4,1,0,0,3,0,1,4,3,2,2,11.8018642474311,3,1,37
201104461,2,0,-2,0,2,0,1,1,2,3,3,7.60140233458373,1,1,37
201104462,4,1,0,0,3,1,1,3,3,4,3,11.5991123354811,3,1,37
201104463,4,1,0,0,3,1,1,4,3,3,2,9.83097062169695,1,1,37
201104464,,,,,2,1,1,5,1,9,5,11.5628673466108,3,1,37
201104465,5,1,1,1,1,1,0,4,2,1,4,10.1811571672049,2,1,37
201104466,5,1,1,1,3,1,1,3,1,2,4,10.4042931430198,2,1,37
201104467,4,1,0,0,3,1,1,3,2,2,3,11.117227502621,3,1,37
201104468,3,0,-1,0,1,1,0,3,2,3,4,11.2810060178839,3,1,37
201104469,5,1,1,1,2,1,1,5,2,2,3,11.310209345721,3,1,37
201104470,3,0,-1,0,3,1,1,2,2,2,5,11.6716968146483,3,1,37
201104471,4,1,0,0,3,0,1,5,2,2,4,11.1450595637767,3,1,37
201104472,4,1,0,0,2,0,1,5,2,3,3,9.30574145673943,1,1,37
201104473,4,1,0,0,1,0,0,4,2,1,4,10.4273189752345,2,1,37
201104474,4,1,0,0,1,1,0,1,1,2,5,11.0974251724089,3,1,37
201104475,4,1,0,0,1,0,0,3,2,2,4,5.52545293913178,1,1,37
201104476,2,0,-2,0,1,0,0,5,2,3,3,0,1,1,37
201104477,4,1,0,0,1,1,0,5,2,2,4,9.16962253869762,1,1,37
201104478,5,1,1,1,1,1,0,5,1,1,5,9.80399865403539,1,1,37
201104479,4,1,0,0,1,0,0,5,2,3,4,9.66656196374813,1,1,37
201104480,5,1,1,1,1,0,0,5,1,9,5,0,1,1,37
201104481,4,1,0,0,1,1,0,5,3,2,4,8.81299223196997,1,1,37
201104482,4,1,0,0,2,0,1,2,2,2,4,10.8511197806887,2,1,37
201104483,5,1,1,1,1,0,0,5,2,2,5,8.88474872645118,1,1,37
201104484,4,1,0,0,1,2,0,5,2,2,4,7.56060116276856,1,1,37
201104485,4,1,0,0,1,0,0,5,2,2,3,10.4329615301442,2,1,37
201104486,4,1,0,0,1,0,0,3,2,2,4,9.40927319457533,1,1,37
201104487,4,1,0,0,1,1,0,5,1,3,4,8.57941653459637,1,1,37
201104488,5,1,1,1,3,0,1,4,2,2,5,9.47278155656217,1,1,37
201104489,2,0,-2,0,1,0,0,5,3,4,3,0,1,1,37
201104490,4,1,0,0,1,1,0,4,2,2,4,10.8507624205021,2,1,37
201104491,3,0,-1,0,1,2,0,1,4,4,4,10.4308925538438,2,1,37
201104492,4,1,0,0,0,0,0,5,1,1,2,8.88197518424887,1,1,37
201104493,5,1,1,1,1,0,0,5,1,2,5,9.35018926709258,1,1,37
201104494,4,1,0,0,2,1,1,3,2,3,4,10.0858507751287,2,1,37
201104495,5,1,1,1,1,0,0,4,2,2,5,0,1,1,37
201104496,4,1,0,0,1,0,0,5,2,2,4,0,1,1,37
201104497,5,1,1,1,2,0,1,2,2,2,5,11.2861406242323,3,0,37
201104498,3,0,-1,0,1,2,0,5,2,9,4,0,1,0,37
201104499,4,1,0,0,1,0,0,2,2,2,4,9.39607277189222,1,0,37
201104500,4,1,0,0,2,1,1,3,2,2,4,11.3789510277874,3,0,37
201104501,4,1,0,0,1,1,0,4,2,2,4,12.1090715369112,3,0,37
201104502,4,1,0,0,1,1,0,5,2,2,4,7.27309259599952,1,0,37
201104503,4,1,0,0,1,0,0,3,1,3,4,8.79497643168877,1,0,37
201104504,5,1,1,1,1,0,0,5,1,2,5,7.69666708152646,1,0,37
201104505,4,1,0,0,1,0,0,5,1,2,2,9.15809926013049,1,0,37
201104506,4,1,0,0,1,0,0,5,1,2,4,9.50211406233122,1,0,37
201104507,4,1,0,0,1,0,0,3,2,2,5,10.8704904099519,2,0,37
201104508,5,1,1,1,2,0,1,5,3,2,5,9.55470991405776,1,0,37
201104509,5,1,1,1,1,0,0,5,1,3,3,9.28739400141847,1,0,37
201104510,5,1,1,1,1,1,0,4,2,3,4,9.61520530001231,1,0,37
201104511,4,1,0,0,1,0,0,3,2,3,4,9.08828572596888,1,0,37
201104512,5,1,1,1,2,0,1,1,2,3,3,8.54398573176051,1,0,37
201104513,5,1,1,1,1,0,0,5,1,2,5,11.5413899945633,3,0,37
201104514,5,1,1,1,2,0,1,5,1,2,5,9.90553545415343,1,0,37
201104515,4,1,0,0,1,1,0,5,2,2,5,9.89071788977096,1,0,37
201104516,4,1,0,0,1,0,0,3,1,2,4,10.457676700897,2,0,37
201104517,5,1,1,1,0,0,0,1,2,1,5,11.1571215701295,3,1,37
201104518,4,1,0,0,1,0,0,1,2,2,3,9.82070359105721,1,1,37
201104519,5,1,1,1,1,2,0,1,1,2,5,7.60140233458373,1,1,37
201104520,5,1,1,1,1,0,0,4,3,3,5,10.7927150437879,2,1,37
201104521,5,1,1,1,2,0,1,4,2,1,5,10.3238741133213,2,1,37
201104522,4,1,0,0,3,0,1,5,2,2,4,10.7579241570616,2,1,37
201104523,4,1,0,0,2,0,1,5,2,2,4,10.5966597327836,2,1,37
201104524,4,1,0,0,2,1,1,4,2,2,4,0,1,1,37
201104525,4,1,0,0,1,0,0,4,2,2,5,9.94275634145683,1,1,37
201104526,5,1,1,1,1,0,0,5,1,2,4,9.13356731317027,1,1,37
201104527,5,1,1,1,2,1,1,3,2,2,5,10.5050949364556,2,1,37
201104528,4,1,0,0,3,1,1,5,2,2,4,11.7437276142117,3,1,37
201104529,3,0,-1,0,3,0,1,3,2,2,3,10.7768433821885,2,1,37
201104530,5,1,1,1,2,0,1,3,2,2,4,10.5726237631346,2,1,37
201104531,4,1,0,0,1,2,0,3,2,2,4,8.00670084544037,1,1,37
201104532,3,0,-1,0,2,0,1,2,2,2,4,11.10437058844,3,1,37
201104533,4,1,0,0,2,0,1,4,2,2,4,10.7814739512526,2,1,37
201104534,4,1,0,0,3,1,1,3,2,2,4,12.6946557278288,3,1,37
201104535,5,1,1,1,2,0,1,3,3,3,4,9.7981825908907,1,1,37
201104536,4,1,0,0,3,1,1,3,4,2,3,5.30330490805908,1,1,37
201104537,5,1,1,1,2,0,1,4,1,2,5,9.74806105920482,1,1,37
201104538,4,1,0,0,2,1,1,5,2,2,4,10.3417747410115,2,1,37
201104539,3,0,-1,0,1,1,0,5,3,2,3,11.0867626290829,3,1,37
201104540,2,0,-2,0,3,1,1,5,2,4,2,10.3417747410115,2,1,37
201104541,4,1,0,0,0,0,0,5,2,1,5,10.6454487065059,2,1,37
201104542,5,1,1,1,1,2,0,4,4,5,3,8.69968140098951,1,1,37
201104543,5,1,1,1,2,0,1,3,2,1,5,11.0054442424546,3,1,37
201104544,4,1,0,0,2,0,1,4,2,3,4,11.164799587687,3,1,37
201104545,3,0,-1,0,2,1,1,3,2,3,3,10.8197982842103,2,1,37
201104546,4,1,0,0,2,0,1,1,3,4,4,9.34145634983372,1,1,37
201104547,4,1,0,0,1,0,0,2,1,1,2,11.5997211611503,3,0,37
201104548,4,1,0,0,1,1,0,5,2,2,4,10.5944256542521,2,0,37
201104549,2,0,-2,0,0,1,0,5,2,2,2,5.70711026474888,1,0,37
201104550,3,0,-1,0,1,0,0,5,2,2,4,5.30330490805908,1,0,37
201104551,2,0,-2,0,1,0,0,5,1,2,1,10.0715482367781,2,0,37
201104552,4,1,0,0,2,0,1,4,1,2,4,8.7579408766788,1,0,37
201104553,4,1,0,0,1,0,0,4,2,2,4,10.7812852814117,2,0,37
201104554,4,1,0,0,1,0,0,5,1,3,4,8.90530866118929,1,0,37
201104555,4,1,0,0,1,0,0,5,2,2,3,5.52942908751142,1,0,37
201104556,5,1,1,1,1,0,0,5,2,2,5,9.22038970782918,1,0,37
201104557,5,1,1,1,1,1,0,3,1,1,5,9.15175741454389,1,0,37
201104558,3,0,-1,0,1,1,0,5,2,2,3,10.6342567381068,2,0,37
201104559,4,1,0,0,1,1,0,3,2,3,3,8.48694014824522,1,0,37
201104560,3,0,-1,0,1,1,0,3,2,3,4,9.51347739898282,1,0,37
201104561,4,1,0,0,1,0,0,5,1,1,,9.02232262263735,1,0,37
201104562,4,1,0,0,0,0,0,5,1,9,3,6.21660610108487,1,0,37
201104563,4,1,0,0,1,0,0,5,2,2,4,8.35490952835879,1,0,37
201104564,4,1,0,0,1,0,0,5,2,3,4,9.9085248440534,1,0,37
201104565,4,1,0,0,2,0,1,3,2,2,4,9.21542741102474,1,0,37
201104566,4,1,0,0,1,0,0,3,3,1,3,10.5847139622004,2,0,37
201104567,5,1,1,1,1,0,0,5,2,2,5,9.75851958228352,1,0,37
201104568,4,1,0,0,1,0,0,2,2,2,4,8.78737298873188,1,0,37
201104569,4,1,0,0,0,1,0,5,1,2,3,4.39444915467244,1,0,37
201104570,2,0,-2,0,1,0,0,5,2,2,4,10.0476597621634,2,0,37
201104571,4,1,0,0,1,0,0,4,1,2,5,11.2036776180414,3,0,37
201104572,5,1,1,1,1,1,0,5,9,2,3,10.0328700672538,2,0,37
201104573,4,1,0,0,1,1,0,5,2,2,4,8.82482493917564,1,0,37
201104574,4,1,0,0,1,1,0,5,2,3,4,9.77571099759397,1,0,37
201104575,4,1,0,0,2,2,1,3,2,2,4,9.6310881036155,1,0,37
201104576,4,1,0,0,1,1,0,4,2,2,4,8.53522955390234,1,0,37
201104577,4,1,0,0,1,0,0,5,1,3,4,8.15507488781144,1,0,37
201104578,4,1,0,0,2,1,1,5,1,1,4,10.3457163689495,2,0,37
201104579,5,1,1,1,1,0,0,5,2,2,4,8.72078688348573,1,0,37
201104580,2,0,-2,0,2,0,1,5,2,2,2,7.55538194424027,1,0,37
201104581,5,1,1,1,1,0,0,5,2,3,5,10.6028348087799,2,0,37
201104582,4,1,0,0,1,0,0,3,2,2,4,10.7443608013752,2,0,37
201104583,3,0,-1,0,2,0,1,,1,2,4,10.5845874551854,2,0,37
201104584,5,1,1,1,1,0,0,5,1,2,5,10.2255132347033,2,0,37
201104585,4,1,0,0,1,1,0,3,2,3,5,10.2089849848579,2,0,37
201104586,,,,,1,1,0,5,1,9,,10.005837349118,1,0,37
201104587,5,1,1,1,1,0,0,5,3,3,5,6.56667242980324,1,0,37
201104588,5,1,1,1,2,0,1,3,1,2,2,10.6334601895866,2,0,37
201104589,5,1,1,1,2,0,1,5,1,1,5,9.59158109119348,1,0,37
201104590,4,1,0,0,1,0,0,5,2,9,4,9.96932210845767,1,0,37
201104591,4,1,0,0,2,0,1,3,2,2,2,10.1937899194846,2,0,37
201104592,3,0,-1,0,1,0,0,2,2,2,4,10.1512284375116,2,0,37
201104593,4,1,0,0,1,0,0,1,2,2,4,9.60245002503719,1,0,37
201104594,4,1,0,0,2,0,1,5,1,2,4,9.20743615882879,1,0,37
201104595,4,1,0,0,1,0,0,5,9,9,,8.74129628222515,1,0,37
201104596,3,0,-1,0,1,0,0,5,2,2,4,10.279374722803,2,0,37
201104597,3,0,-1,0,1,0,0,3,2,2,3,3.58351893845611,1,0,37
201104598,4,1,0,0,1,0,0,5,9,9,,10.011713957607,1,0,37
201104599,4,1,0,0,1,1,0,5,2,2,4,9.63567346472181,1,0,37
201104600,4,1,0,0,1,0,0,4,2,2,4,9.61853508465521,1,0,37
201104601,4,1,0,0,1,1,0,5,2,2,4,8.35490952835879,1,0,37
201104602,3,0,-1,0,2,1,1,4,2,2,4,8.75636755980298,1,0,37
201104603,3,0,-1,0,1,1,0,5,2,3,3,11.1239524783065,3,0,37
201104604,4,1,0,0,2,1,1,4,2,2,4,9.90153564881088,1,0,37
201104605,4,1,0,0,1,0,0,5,2,9,4,10.8845074123812,2,0,37
201104606,4,1,0,0,2,0,1,5,2,9,4,8.66922734727174,1,0,37
201104607,5,1,1,1,1,0,0,5,2,1,3,9.44659756243577,1,0,37
201104608,4,1,0,0,2,0,1,3,2,3,5,10.7938654276247,2,1,37
201104609,4,1,0,0,1,0,0,5,2,2,5,10.7995959850478,2,1,37
201104610,4,1,0,0,3,0,1,4,2,2,4,5.77144112313002,1,1,37
201104611,4,1,0,0,1,1,0,3,2,2,5,10.6689786502192,2,1,37
201104612,5,1,1,1,2,0,1,5,3,2,5,10.3735224312936,2,1,37
201104613,3,0,-1,0,3,1,1,2,1,2,4,10.7621703577899,2,1,37
201104614,4,1,0,0,2,0,1,3,2,3,5,11.6018608232536,3,1,37
201104615,3,0,-1,0,3,0,1,3,2,2,5,10.5891316552749,2,1,37
201104616,5,1,1,1,3,0,1,3,2,1,5,11.4574233258086,3,1,37
201104617,5,1,1,1,2,1,1,5,1,2,5,10.0879318547111,2,1,37
201104618,4,1,0,0,2,0,1,5,2,1,2,10.3590435657849,2,1,37
201104619,4,1,0,0,1,1,0,2,3,2,5,7.82444593087762,1,1,37
201104620,5,1,1,1,1,0,0,2,1,2,5,11.092869425057,3,1,37
201104621,5,1,1,1,2,0,1,4,2,2,4,0,1,1,37
201104622,4,1,0,0,1,1,0,1,2,2,3,11.2960248856897,3,1,37
201104623,4,1,0,0,1,0,0,2,1,4,4,8.58876938990546,1,1,37
201104624,5,1,1,1,2,1,1,1,5,2,2,7.65964295456468,1,1,37
201104625,4,1,0,0,2,1,1,2,4,2,5,12.9177986656478,3,1,37
201104626,5,1,1,1,3,0,1,4,2,2,5,10.6179313418852,2,1,37
201104627,4,1,0,0,2,2,1,5,2,2,4,10.4913019948302,2,1,37
201104628,4,1,0,0,1,0,0,3,2,2,4,10.6882334886235,2,1,37
201104629,5,1,1,1,1,0,0,5,2,1,5,10.9429754565875,3,1,37
201104630,4,1,0,0,2,0,1,4,2,1,4,11.1079752242951,3,1,37
201104631,5,1,1,1,2,0,1,3,2,3,5,11.2064138915812,3,1,37
201104632,4,1,0,0,2,1,1,3,2,2,5,10.4659848990766,2,1,37
201104633,4,1,0,0,3,2,1,5,1,4,4,11.2708666425429,3,1,37
201104634,4,1,0,0,3,2,1,3,2,2,4,13.1123150617508,3,1,37
201104635,3,0,-1,0,1,0,0,3,2,2,4,9.7981825908907,1,1,37
201104636,5,1,1,1,3,0,1,4,1,2,5,10.716659698194,2,1,37
201104637,5,1,1,1,2,1,1,5,1,1,4,11.1154434073529,3,1,37
201104638,4,1,0,0,3,0,1,3,2,4,4,10.6213517356329,2,1,37
201104639,5,1,1,1,3,0,1,5,2,2,5,10.6842105341018,2,1,37
201104640,3,0,-1,0,1,1,0,4,2,2,4,10.5023515257749,2,1,37
201104641,5,1,1,1,2,1,1,3,4,2,5,10.9168505471978,3,1,37
201104642,4,1,0,0,2,0,1,2,2,2,4,10.9699381543958,3,1,37
201104643,2,0,-2,0,3,1,1,3,2,2,4,10.802245479118,2,1,37
201104644,4,1,0,0,2,1,1,5,3,3,5,11.3046828413449,3,1,37
201104645,4,1,0,0,2,0,1,4,2,3,4,11.265245851311,3,1,37
201104646,5,1,1,1,2,0,1,2,2,1,5,10.0859341015182,2,1,37
201104647,5,1,1,1,1,0,0,5,2,2,5,10.3089859934221,2,1,37
201104648,5,1,1,1,2,1,1,3,1,2,5,10.7385899207234,2,1,37
201104649,5,1,1,1,2,1,1,1,2,4,4,0,1,1,37
201104650,5,1,1,1,3,1,1,3,2,2,3,11.6952553550628,3,1,37
201104651,5,1,1,1,3,1,1,3,2,2,5,10.922352923114,3,1,37
201104652,4,1,0,0,3,0,1,3,2,2,4,11.2810060178839,3,1,37
201104653,5,1,1,1,3,0,1,5,2,1,5,10.9331248267007,3,1,37
201104654,4,1,0,0,2,0,1,3,2,2,3,10.1266711030504,2,1,37
201104655,4,1,0,0,2,0,1,3,2,2,5,9.39274525863144,1,1,37
201104656,3,0,-1,0,1,0,0,5,3,3,3,10.8678253153818,2,1,37
201104657,4,1,0,0,2,0,1,5,2,2,4,10.5187002182882,2,1,37
201104658,2,0,-2,0,3,0,1,2,3,4,4,10.5281149639643,2,1,37
201104659,4,1,0,0,2,1,1,5,2,2,5,10.5050949364556,2,1,37
201104660,4,1,0,0,2,2,1,1,2,4,2,12.0810818210618,3,1,37
201104661,4,1,0,0,2,0,1,4,2,2,4,10.8407762754059,2,1,37
201104662,5,1,1,1,1,1,0,5,1,1,5,0,1,1,37
201104663,5,1,1,1,2,0,1,5,2,2,5,10.9682155307592,3,1,37
201104664,4,1,0,0,1,0,0,5,1,2,2,11.6082447356423,3,1,37
201104665,5,1,1,1,2,0,1,5,3,4,5,11.3241954175951,3,1,37
201104666,2,0,-2,0,1,0,0,5,2,2,2,7.78364059622125,1,1,37
201104667,5,1,1,1,3,0,1,4,2,1,4,11.237316880419,3,1,37
201104668,5,1,1,1,2,2,1,3,1,4,4,10.2421359909402,2,1,37
201104669,5,1,1,1,1,0,0,1,2,2,5,10.0506567757527,2,1,37
201104670,4,1,0,0,2,0,1,5,2,2,5,10.6213517356329,2,1,37
201104671,4,1,0,0,1,0,0,3,2,3,4,7.39079852173568,1,1,37
201104672,4,1,0,0,3,0,1,5,1,2,5,10.6213517356329,2,1,37
201104673,3,0,-1,0,1,0,0,4,2,2,5,9.65380750221735,1,1,37
201104674,5,1,1,1,3,1,1,3,2,2,5,9.39274525863144,1,1,37
201104675,5,1,1,1,1,0,0,3,1,2,5,11.0860232304372,3,1,37
201104676,5,1,1,1,3,0,1,3,2,2,5,10.6406755416717,2,1,37
201104677,4,1,0,0,3,0,1,3,2,4,4,11.4710716883458,3,1,37
201104678,5,1,1,1,2,0,1,3,2,2,5,7.62119516280985,1,1,37
201104679,3,0,-1,0,1,1,0,5,3,2,3,9.86271763999292,1,1,37
201104680,5,1,1,1,1,0,0,3,4,4,4,9.21044036697652,1,1,37
201104681,4,1,0,0,3,0,1,4,3,1,4,7.17088847851251,1,1,37
201104682,5,1,1,1,1,0,0,5,1,1,5,9.43675855582405,1,1,37
201104683,5,1,1,1,1,2,0,3,2,2,4,9.94083150567655,1,1,37
201104684,5,1,1,1,1,1,0,5,1,1,5,6.49375383985169,1,1,37
201104685,5,1,1,1,2,0,1,3,2,2,5,10.3189359942532,2,1,37
201104686,5,1,1,1,2,0,1,1,2,1,5,0,1,1,37
201104687,4,1,0,0,2,0,1,3,2,2,4,10.4829339785799,2,1,37
201104688,5,1,1,1,3,2,1,4,2,2,4,11.7970587479108,3,1,37
201104689,4,1,0,0,1,0,0,5,4,2,5,9.7981825908907,1,1,37
201104690,5,1,1,1,2,2,1,5,1,1,5,11.4267154713326,3,1,37
201104691,5,1,1,1,0,1,0,5,2,2,4,10.0638097741619,2,1,37
201104692,5,1,1,1,1,1,0,1,2,3,5,9.99893408668014,1,1,37
201104693,4,1,0,0,2,0,1,5,4,3,5,0,1,1,37
201104694,5,1,1,1,2,0,1,1,5,2,5,10.6508620977927,2,1,37
201104695,2,0,-2,0,2,1,1,3,1,4,4,8.59433940059289,1,1,37
201104696,5,1,1,1,2,0,1,2,3,1,4,,1,1,37
201104697,3,0,-1,0,3,1,1,4,3,2,4,10.5582298589306,2,1,37
201104698,4,1,0,0,1,0,0,5,3,2,4,7.88269220628903,1,1,37
201104699,4,1,0,0,2,0,1,5,1,2,4,9.75707353408059,1,1,37
201104700,4,1,0,0,1,0,0,3,2,3,4,10.3255147489433,2,1,37
201104701,4,1,0,0,1,0,0,3,2,2,5,8.8538082749772,1,1,37
201104702,5,1,1,1,1,0,0,5,2,3,5,8.74129628222515,1,1,37
201104703,4,1,0,0,2,0,1,3,1,2,4,10.7108781784539,2,1,37
201104704,4,1,0,0,2,0,1,3,2,2,4,11.0847877851342,3,1,37
201104705,4,1,0,0,1,0,0,5,2,2,5,11.320686896768,3,1,37
201104706,3,0,-1,0,0,1,0,5,2,2,4,8.77043908654689,1,1,37
201104707,5,1,1,1,1,0,0,5,2,3,5,9.82121075935409,1,1,37
201104708,5,1,1,1,1,0,0,5,1,2,5,10.848408864725,2,1,37
201104709,4,1,0,0,1,1,0,5,1,3,4,8.48899945704546,1,1,37
201104710,4,1,0,0,2,0,1,5,4,2,4,10.0795814241587,2,1,37
201104711,3,0,-1,0,2,1,1,3,2,2,4,10.7472129679051,2,1,37
201104712,5,1,1,1,2,2,1,2,2,2,5,10.8556856720097,2,1,37
201104713,5,1,1,1,0,1,0,5,2,3,5,8.73246584834988,1,1,37
201104714,4,1,0,0,1,1,0,3,1,2,5,8.18896686364888,1,1,37
201104715,5,1,1,1,1,0,0,5,1,4,5,10.3812733222239,2,1,37
201104716,5,1,1,1,1,0,0,5,1,2,4,5.86078622346587,1,1,37
201104717,5,1,1,1,1,2,0,4,2,4,5,6.4150969591716,1,1,37
201104718,5,1,1,1,1,1,0,1,2,2,5,7.93773177526011,1,1,37
201104719,4,1,0,0,1,1,0,5,1,2,4,8.35725915349991,1,1,37
201104720,3,0,-1,0,0,1,0,5,4,4,5,10.9336173026449,3,1,37
201104721,4,1,0,0,1,0,0,3,2,2,4,10.3728972554425,2,1,37
201104722,5,1,1,1,0,1,0,5,4,4,5,10.5557058196115,2,1,37
201104723,5,1,1,1,1,1,0,5,2,2,4,9.82016028994637,1,0,41
201104724,4,1,0,0,1,1,0,5,2,2,4,10.2306667422457,2,0,41
201104725,3,0,-1,0,1,1,0,5,1,9,4,10.5700754697287,2,0,41
201104726,4,1,0,0,1,0,0,3,2,3,5,10.4024698039948,2,0,41
201104727,4,1,0,0,1,0,0,5,2,2,4,9.9257870600309,1,0,41
201104728,4,1,0,0,1,1,0,5,2,3,4,0,1,0,41
201104729,4,1,0,0,1,1,0,4,2,2,4,9.91348738711446,1,0,41
201104730,4,1,0,0,1,1,0,4,2,2,4,10.1811571672049,2,0,41
201104731,5,1,1,1,1,0,0,4,2,2,5,10.4846131931023,2,0,41
201104732,4,1,0,0,1,0,0,3,2,2,5,10.3896413134965,2,0,41
201104733,4,1,0,0,1,0,0,4,2,9,2,9.53827627757511,1,0,41
201104734,,,,,1,0,0,3,2,2,4,0,1,0,41
201104735,4,1,0,0,1,1,0,5,2,9,4,10.6478267723575,2,0,41
201104736,3,0,-1,0,2,0,1,4,2,2,3,9.70196412272263,1,0,41
201104737,4,1,0,0,1,1,0,4,2,2,5,9.05028898382796,1,0,41
201104738,5,1,1,1,0,1,0,5,1,1,5,9.27246974344173,1,0,41
201104739,5,1,1,1,1,0,0,,2,9,4,9.43755562266045,1,0,41
201104740,4,1,0,0,1,0,0,5,2,9,4,10.0424432086727,2,0,41
201104741,5,1,1,1,2,0,1,1,1,2,3,11.6919164816677,3,0,41
201104742,5,1,1,1,1,1,0,1,1,3,5,10.1105423715008,2,0,41
201104743,4,1,0,0,0,2,0,5,1,2,4,9.4955944993533,1,0,41
201104744,5,1,1,1,1,1,0,1,1,4,5,10.9931298480224,3,0,41
201104745,3,0,-1,0,1,0,0,3,1,2,3,9.4955944993533,1,0,41
201104746,4,1,0,0,1,0,0,4,2,3,3,9.80592984894132,1,0,41
201104747,4,1,0,0,1,1,0,5,2,2,4,9.95232533461943,1,0,41
201104748,4,1,0,0,1,1,0,5,2,9,4,7.22329567956231,1,0,41
201104749,2,0,-2,0,3,0,1,5,1,2,4,10.421119957515,2,0,41
201104750,4,1,0,0,1,0,0,5,2,9,4,9.02273291627642,1,0,41
201104751,,,,,1,1,0,4,2,9,4,9.48196927910572,1,0,41
201104752,4,1,0,0,1,0,0,4,2,9,4,9.99611231164195,1,0,41
201104753,4,1,0,0,1,0,0,5,2,9,4,9.62317823441376,1,0,41
201104754,,,,,1,0,0,5,1,3,4,10.5427327759467,2,0,41
201104755,4,1,0,0,1,0,0,3,1,3,4,10.5374418982833,2,0,41
201104756,,,,,1,0,0,5,1,9,,8.17385745477362,1,0,41
201104757,5,1,1,1,1,0,0,3,2,3,2,10.5067822501207,2,0,41
201104758,5,1,1,1,1,1,0,5,1,2,4,8.18896686364888,1,0,41
201104759,4,1,0,0,1,0,0,4,2,3,4,9.2687036152731,1,0,41
201104760,4,1,0,0,1,0,0,4,2,3,2,8.8538082749772,1,0,41
201104761,4,1,0,0,0,1,0,,2,2,3,9.83030847574857,1,0,41
201104762,4,1,0,0,1,0,0,5,1,2,4,8.79497643168877,1,0,41
201104763,5,1,1,1,1,1,0,4,2,3,5,10.1743034560006,2,0,41
201104764,4,1,0,0,1,1,0,1,2,3,5,8.98732181285013,1,0,41
201104765,4,1,0,0,1,0,0,5,1,2,4,7.60638738977265,1,0,41
201104766,4,1,0,0,1,0,0,4,3,2,5,9.65361494147989,1,0,41
201104767,4,1,0,0,1,0,0,4,2,2,4,9.90859907578897,1,0,41
201104768,5,1,1,1,1,0,0,4,1,2,5,8.9201217518724,1,0,41
201104769,4,1,0,0,1,1,0,4,2,2,4,9.91774991062993,1,0,41
201104770,5,1,1,1,1,0,0,4,2,3,5,9.78700991447743,1,0,41
201104771,4,1,0,0,1,0,0,5,2,9,4,10.0159676636201,1,0,41
201104772,3,0,-1,0,2,0,1,3,1,3,3,8.07121853996986,1,0,41
201104773,4,1,0,0,1,0,0,3,2,3,4,10.9992688194118,3,0,41
201104774,4,1,0,0,1,0,0,5,1,1,2,10.3194354791356,2,0,41
201104775,4,1,0,0,1,0,0,3,2,2,4,10.1581685298485,2,0,41
201104776,5,1,1,1,1,0,0,1,1,2,5,9.90342905473141,1,0,41
201104777,,,,,1,1,0,5,2,2,,8.08671792030391,1,0,41
201104778,5,1,1,1,2,1,1,3,1,1,5,9.89701666140582,1,0,41
201104779,4,1,0,0,3,1,1,3,2,9,3,7.60140233458373,1,0,41
201104780,5,1,1,1,1,0,0,3,2,3,5,9.47902319892404,1,0,41
201104781,3,0,-1,0,1,0,0,5,2,3,,8.26898820950666,1,0,41
201104782,3,0,-1,0,1,0,0,3,2,2,4,9.76140542060167,1,0,41
201104783,5,1,1,1,1,2,0,4,2,9,5,8.83360848269089,1,0,41
201104784,5,1,1,1,2,1,1,3,2,3,5,9.64646444300723,1,0,41
201104785,5,1,1,1,1,1,0,4,1,3,4,8.53719187792293,1,0,41
201104786,4,1,0,0,1,0,0,3,3,2,5,9.83633227734872,1,0,41
201104787,5,1,1,1,1,0,0,5,3,2,3,10.2963711753747,2,0,41
201104788,4,1,0,0,0,1,0,5,2,3,5,9.25540933534376,1,0,41
201104789,4,1,0,0,1,0,0,2,3,9,,8.5173931714189,1,0,41
201104790,3,0,-1,0,1,0,0,4,2,2,4,9.25922576970599,1,0,41
201104791,5,1,1,1,1,0,0,4,2,2,5,10.0345596736298,2,0,41
201104792,4,1,0,0,1,0,0,4,2,2,4,9.92509681511272,1,0,41
201104793,4,1,0,0,1,0,0,2,4,9,4,8.34307787116938,1,0,41
201104794,4,1,0,0,1,0,0,5,2,9,4,8.146419323098,1,0,41
201104795,5,1,1,1,1,0,0,,2,9,4,8.86799089818209,1,0,41
201104796,5,1,1,1,2,0,1,3,2,2,3,9.32821229257107,1,0,41
201104797,5,1,1,1,1,0,0,4,2,2,,8.56807640173081,1,0,41
201104798,5,1,1,1,0,0,0,5,2,9,,7.31388683163346,1,0,41
201104799,4,1,0,0,1,1,0,5,2,2,5,8.45553053102413,1,0,41
201104800,4,1,0,0,0,1,0,5,2,2,3,10.6759310084121,2,0,41
201104801,3,0,-1,0,1,0,0,3,1,3,5,10.2110090163142,2,0,41
201104802,4,1,0,0,1,1,0,2,2,3,4,10.4027768884838,2,0,41
201104803,5,1,1,1,1,1,0,5,2,2,4,10.7099410967254,2,1,41
201104804,4,1,0,0,1,0,0,4,2,2,4,9.94755228369823,1,1,41
201104805,4,1,0,0,2,0,1,5,1,3,4,9.86271763999292,1,1,41
201104806,5,1,1,1,1,0,0,5,2,2,4,8.79497643168877,1,1,41
201104807,5,1,1,1,2,0,1,3,2,2,4,10.7010172706892,2,1,41
201104808,5,1,1,1,2,0,1,2,2,2,5,10.5178508519085,2,1,41
201104809,4,1,0,0,2,1,1,5,2,2,3,9.48044384215367,1,1,41
201104810,3,0,-1,0,2,1,1,5,3,2,4,11.0400638806587,3,1,41
201104811,4,1,0,0,2,1,1,4,2,2,4,9.90353755128617,1,1,41
201104812,4,1,0,0,2,1,1,5,1,2,3,10.2681653877435,2,1,41
201104813,5,1,1,1,3,1,1,4,2,2,4,10.1266711030504,2,1,41
201104814,3,0,-1,0,1,1,0,5,2,9,,10.1925475814197,2,1,41
201104815,5,1,1,1,2,0,1,5,2,3,4,10.580856216943,2,1,41
201104816,5,1,1,1,3,0,1,4,2,2,5,11.1844352867906,3,1,41
201104817,5,1,1,1,1,0,0,4,2,2,5,9.88333586432528,1,1,41
201104818,4,1,0,0,2,0,1,4,2,2,5,8.69968140098951,1,1,41
201104819,3,0,-1,0,1,0,0,5,1,9,2,10.3189359942532,2,1,41
201104820,4,1,0,0,1,1,0,2,2,9,4,10.8197982842103,2,1,41
201104821,4,1,0,0,3,1,1,2,3,2,4,11.2225865328572,3,1,41
201104822,4,1,0,0,2,1,1,5,2,2,4,10.4645594227262,2,1,41
201104823,4,1,0,0,2,0,1,3,2,2,3,10.0470253059262,2,1,41
201104824,4,1,0,0,1,1,0,5,2,2,4,9.08902512885094,1,1,41
201104825,4,1,0,0,1,1,0,5,2,3,4,10.1266711030504,2,1,41
201104826,4,1,0,0,3,0,1,1,3,2,3,,1,1,41
201104827,5,1,1,1,0,0,0,3,1,3,5,11.0744360065397,3,1,41
201104828,4,1,0,0,2,0,1,5,2,2,4,9.85224688834253,1,1,41
201104829,5,1,1,1,3,0,1,3,3,3,4,10.633472802314,2,1,41
201104830,4,1,0,0,1,1,0,5,3,2,3,9.65188022422134,1,1,41
201104831,4,1,0,0,3,1,1,3,4,2,4,10.5453677541517,2,1,41
201104832,4,1,0,0,1,0,0,4,4,4,5,0,1,1,41
201104833,4,1,0,0,1,0,0,3,2,2,4,0,1,1,41
201104834,5,1,1,1,2,2,1,3,4,2,5,5.30330490805908,1,1,41
201104835,4,1,0,0,2,1,1,2,2,2,4,10.3255147489433,2,1,41
201104836,5,1,1,1,3,1,1,3,1,9,,9.65509029374725,1,1,41
201104837,4,1,0,0,2,0,1,1,3,2,4,11.1562648066437,3,1,41
201104838,5,1,1,1,1,1,0,1,4,9,5,9.69898173460629,1,1,41
201104839,2,0,-2,0,2,1,1,3,3,4,4,9.21044036697652,1,1,41
201104840,4,1,0,0,1,0,0,4,2,4,4,9.6678285081515,1,1,41
201104841,4,1,0,0,0,1,0,5,2,2,2,8.61450137388324,1,1,41
201104842,4,1,0,0,0,0,0,5,2,2,4,10.7254895827195,2,1,41
201104843,5,1,1,1,3,0,1,3,2,1,4,10.7349975993945,2,1,41
201104844,4,1,0,0,2,0,1,5,2,2,3,10.8752685715892,2,1,41
201104845,4,1,0,0,2,0,1,3,2,2,4,9.39274525863144,1,1,41
201104846,5,1,1,1,2,0,1,3,2,2,5,0,1,1,41
201104847,4,1,0,0,1,0,0,1,2,2,4,9.90353755128617,1,1,41
201104848,5,1,1,1,1,1,0,1,4,2,4,10.2716694547277,2,1,41
201104849,4,1,0,0,2,0,1,4,2,2,4,9.74102744483773,1,1,41
201104850,4,1,0,0,1,0,0,5,2,3,4,0,1,1,41
201104851,2,0,-2,0,1,0,0,4,3,2,4,6.68586094706836,1,1,41
201104852,5,1,1,1,3,1,1,1,4,2,4,9.26121717827742,1,1,41
201104853,5,1,1,1,2,0,1,1,2,2,5,9.47278155656217,1,1,41
201104854,4,1,0,0,1,0,0,3,2,9,4,10.236417809461,2,1,41
201104855,4,1,0,0,3,1,1,3,1,2,4,10.2414230038507,2,1,41
201104856,5,1,1,1,1,1,0,1,2,2,4,9.7981825908907,1,1,41
201104857,4,1,0,0,2,1,1,3,1,2,4,10.1286690258759,2,1,41
201104858,4,1,0,0,3,1,1,4,2,2,3,10.3287879671451,2,1,41
201104859,5,1,1,1,1,0,0,3,3,3,5,11.1650101459277,3,1,41
201104860,3,0,-1,0,2,1,1,1,2,2,4,11.6952553550628,3,1,41
201104861,2,0,-2,0,3,0,1,3,2,2,2,11.0578656191101,3,1,41
201104862,5,1,1,1,3,1,1,2,3,1,5,10.2667755817451,2,1,41
201104863,5,1,1,1,2,0,1,4,2,3,5,11.1381010978686,3,1,41
201104864,4,1,0,0,1,0,0,3,2,2,4,9.25789958910893,1,1,41
201104865,5,1,1,1,0,1,0,4,1,2,5,9.45052485151069,1,1,41
201104866,4,1,0,0,2,0,1,5,2,3,4,8.52734152246805,1,1,41
201104867,4,1,0,0,1,1,0,3,2,2,4,8.62712325078843,1,1,41
201104868,5,1,1,1,1,0,0,5,2,2,5,8.93866287366612,1,1,41
201104869,4,1,0,0,1,1,0,5,2,3,4,10.3148021854332,2,1,41
201104870,5,1,1,1,2,0,1,3,2,2,4,11.0124364681038,3,1,41
201104871,5,1,1,1,1,0,0,4,3,2,4,10.5735363154101,2,1,41
201104872,3,0,-1,0,1,0,0,4,2,2,4,9.72621323696369,1,1,41
201104873,5,1,1,1,1,0,0,5,3,3,5,9.97212702825282,1,1,41
201104874,4,1,0,0,1,0,0,5,2,3,5,10.3411293923395,2,1,41
201104875,5,1,1,1,1,0,0,5,2,3,5,9.71782040549108,1,1,41
201104876,5,1,1,1,1,0,0,5,4,3,5,8.08363720314155,1,1,41
201104877,4,1,0,0,1,1,0,5,2,2,3,7.84815308619953,1,1,41
201104878,5,1,1,1,1,0,0,3,2,2,4,9.91842542490033,1,1,41
201104879,4,1,0,0,1,1,0,4,2,2,5,9.94994165690801,1,1,41
201104880,4,1,0,0,1,1,0,5,9,9,4,8.8538082749772,1,1,41
201104881,5,1,1,1,1,0,0,5,2,2,5,9.60001479417802,1,1,41
201104882,1,0,-3,0,1,0,0,5,2,2,2,9.88842467485908,1,1,41
201104883,4,1,0,0,1,0,0,4,2,2,4,10.4058071020082,2,1,41
201104884,4,1,0,0,2,0,1,4,2,3,2,10.085434039,2,1,41
201104885,3,0,-1,0,2,0,1,4,2,2,3,12.0718610216008,3,1,41
201104886,4,1,0,0,1,1,0,3,2,2,4,10.3951609374575,2,1,41
201104887,4,1,0,0,1,0,0,3,2,2,4,9.38857023586688,1,1,41
201104888,5,1,1,1,3,0,1,4,4,2,5,0,1,1,41
201104889,5,1,1,1,2,0,1,5,2,2,5,10.6919676399149,2,1,41
201104890,5,1,1,1,1,0,0,1,3,2,5,9.99611231164195,1,1,41
201104891,2,0,-2,0,1,1,0,1,3,2,3,10.2616546638891,2,1,41
201104892,4,1,0,0,2,1,1,2,3,2,4,11.1049722641249,3,1,41
201104893,5,1,1,1,3,1,1,3,3,2,5,10.5840812670245,2,1,41
201104894,4,1,0,0,1,1,0,3,1,2,4,11.5473365534766,3,1,41
201104895,5,1,1,1,2,0,1,3,2,2,4,10.4316716425983,2,1,41
201104896,5,1,1,1,1,1,0,2,1,2,4,9.79506680358171,1,1,41
201104897,5,1,1,1,1,0,0,3,1,4,5,10.3134223442095,2,1,41
201104898,5,1,1,1,1,1,0,5,2,9,5,10.4416204317572,2,1,41
201104899,5,1,1,1,1,0,0,2,1,3,5,9.5819728915479,1,1,41
201104900,5,1,1,1,1,0,0,5,2,9,5,10.3541577852,2,1,41
201104901,3,0,-1,0,2,0,1,3,2,3,5,11.4186257744496,3,1,41
201104902,5,1,1,1,3,0,1,3,3,2,5,13.1460818571447,3,1,41
201104903,2,0,-2,0,3,0,1,2,2,3,3,11.184438107928,3,1,41
201104904,5,1,1,1,3,0,1,3,2,1,5,11.0588109327883,3,1,41
201104905,5,1,1,1,2,0,1,2,2,1,5,11.6112583445385,3,1,41
201104906,4,1,0,0,3,1,1,4,3,2,4,10.751520856704,2,1,41
201104907,4,1,0,0,3,0,1,3,2,2,4,10.7789771230064,2,1,41
201104908,4,1,0,0,2,1,1,5,2,3,3,10.7789771230064,2,1,41
201104909,5,1,1,1,1,0,0,3,1,2,3,11.8635893788121,3,1,41
201104910,5,1,1,1,2,0,1,5,2,2,4,9.53365499705667,1,1,41
201104911,4,1,0,0,3,0,1,5,2,2,5,11.5540770051843,3,1,41
201104912,5,1,1,1,2,0,1,1,3,2,4,10.4996005680829,2,1,41
201104913,4,1,0,0,3,1,1,2,5,2,4,11.3992079040609,3,1,41
201104914,4,1,0,0,2,0,1,3,2,2,4,10.4330720605586,2,1,41
201104915,4,1,0,0,2,1,1,5,2,2,5,8.57941653459637,1,1,41
201104916,4,1,0,0,3,1,1,5,2,2,3,10.9473092101881,3,1,41
201104917,5,1,1,1,2,0,1,1,1,2,4,13.0017786707304,3,1,41
201104918,3,0,-1,0,1,0,0,5,2,2,4,10.1856657859116,2,0,41
201104919,3,0,-1,0,1,0,0,5,2,3,3,11.2832111546736,3,0,41
201104920,4,1,0,0,1,1,0,1,2,2,4,8.99230873254815,1,0,41
201104921,4,1,0,0,1,0,0,2,2,2,4,9.78593364101943,1,0,41
201104922,4,1,0,0,1,0,0,4,4,5,4,11.0269712995894,3,0,41
201104923,4,1,0,0,1,1,0,5,1,2,4,9.97585472466203,1,0,41
201104924,3,0,-1,0,1,1,0,4,3,9,4,9.50718038221273,1,0,41
201104925,4,1,0,0,1,1,0,5,1,4,4,11.4131161793507,3,0,41
201104926,4,1,0,0,2,1,1,4,3,3,2,10.576559568665,2,0,41
201104927,4,1,0,0,1,0,0,5,2,2,4,9.21840774305394,1,0,41
201104928,4,1,0,0,1,0,0,5,2,2,4,10.2566413043479,2,0,41
201104929,4,1,0,0,2,0,1,1,1,2,3,8.38617292897783,1,0,41
201104930,,,,,1,0,0,5,1,9,,6.96696713861398,1,0,41
201104931,,,,,0,1,0,5,1,9,,8.68352082537894,1,0,41
201104932,3,0,-1,0,0,1,0,4,2,4,3,7.56060116276856,1,0,41
201104933,4,1,0,0,1,0,0,3,1,2,3,10.5802766664833,2,0,41
201104934,4,1,0,0,1,1,0,4,2,2,4,10.702610928325,2,0,41
201104935,4,1,0,0,1,1,0,4,2,9,4,10.2761195035491,2,0,41
201104936,4,1,0,0,1,1,0,3,4,2,4,10.1620368569809,2,0,41
201104937,4,1,0,0,2,0,1,5,2,2,3,10.8442562398171,2,0,41
201104938,2,0,-2,0,1,0,0,1,1,1,3,9.93468279572072,1,0,41
201104939,5,1,1,1,1,0,0,5,2,2,5,10.8357643548216,2,0,41
201104940,3,0,-1,0,1,0,0,5,2,9,3,5.25227342804663,1,0,41
201104941,4,1,0,0,1,1,0,4,2,3,4,8.01994168767737,1,0,41
201104942,4,1,0,0,2,1,1,5,2,2,4,9.51786061509523,1,0,41
201104943,5,1,1,1,1,1,0,5,1,2,,9.01808968410434,1,0,41
201104944,4,1,0,0,1,0,0,5,2,2,4,7.50163445788341,1,0,41
201104945,4,1,0,0,1,0,0,1,2,2,4,7.68294316987829,1,0,41
201104946,5,1,1,1,1,0,0,2,2,3,5,9.87984162342675,1,0,41
201104947,4,1,0,0,1,0,0,3,1,2,4,8.64135583403666,1,0,41
201104948,2,0,-2,0,1,0,0,5,3,2,4,8.05547514175727,1,0,41
201104949,4,1,0,0,1,0,0,4,2,2,4,10.74162212941,2,0,41
201104950,3,0,-1,0,1,0,0,4,2,9,3,9.15915233520675,1,0,41
201104951,4,1,0,0,1,1,0,4,2,9,4,6.39859493453521,1,0,41
201104952,4,1,0,0,2,1,1,1,2,2,4,8.85523562320697,1,0,41
201104953,4,1,0,0,1,0,0,5,3,4,4,10.230191320254,2,0,41
201104954,4,1,0,0,1,0,0,5,2,2,4,8.64664125860312,1,0,41
201104955,4,1,0,0,2,0,1,4,1,2,4,10.0795814241587,2,0,41
201104956,2,0,-2,0,1,0,0,5,1,4,2,8.22174772834662,1,0,41
201104957,4,1,0,0,2,0,1,5,2,2,4,10.1320255899114,2,0,41
201104958,4,1,0,0,1,0,0,5,1,2,4,8.69968140098951,1,0,41
201104959,2,0,-2,0,1,1,0,3,2,2,2,9.82984311476067,1,0,41
201104960,5,1,1,1,1,0,0,5,3,2,5,11.0840930492607,3,0,41
201104961,4,1,0,0,1,1,0,5,2,3,3,9.05321861620397,1,0,41
201104962,4,1,0,0,1,0,0,5,1,9,3,9.60245002503719,1,0,41
201104963,4,1,0,0,1,0,0,5,2,3,4,10.2124784703092,2,0,41
201104964,5,1,1,1,1,1,0,5,3,9,4,10.1764872918763,2,0,41
201104965,,,,,1,0,0,,2,9,,9.88347475862524,1,0,41
201104966,,,,,1,0,0,5,2,9,,,1,0,41
201104967,4,1,0,0,1,0,0,2,1,2,4,9.56388040721943,1,0,41
201104968,4,1,0,0,1,0,0,2,2,2,4,10.1655056032324,2,0,41
201104969,4,1,0,0,2,0,1,5,2,3,4,9.61529597530883,1,0,41
201104970,4,1,0,0,1,1,0,5,2,1,,8.15363748638528,1,0,41
201104971,5,1,1,1,1,0,0,5,1,2,4,10.0020198086004,1,0,41
201104972,4,1,0,0,1,0,0,4,2,2,4,8.63070043220983,1,0,41
201104973,,,,,1,0,0,5,2,9,,8.3165447179294,1,0,41
201104974,5,1,1,1,1,0,0,5,1,4,5,10.2218321867947,2,0,41
201104975,4,1,0,0,1,0,0,3,2,2,4,9.18307194482199,1,0,41
201104976,4,1,0,0,1,0,0,5,2,9,4,9.0217190130337,1,0,41
201104977,3,0,-1,0,1,1,0,5,2,2,4,10.2317419633467,2,0,41
201104978,3,0,-1,0,1,0,0,5,2,9,,7.64060382639363,1,0,41
201104979,4,1,0,0,1,0,0,3,2,2,4,9.66972532207378,1,0,41
201104980,5,1,1,1,1,0,0,2,3,1,5,9.85858742952359,1,0,41
201104981,4,1,0,0,1,1,0,4,3,2,5,9.95849643556693,1,0,41
201104982,4,1,0,0,2,1,1,3,3,2,2,9.75748293271228,1,0,41
201104983,4,1,0,0,1,0,0,3,1,2,4,10.0213150316493,1,0,41
201104984,4,1,0,0,1,0,0,3,2,2,4,5.70711026474888,1,0,41
201104985,3,0,-1,0,1,0,0,5,2,9,4,10.0385897079369,2,0,41
201104986,4,1,0,0,1,0,0,3,2,9,,10.17318237965,2,0,41
201104987,4,1,0,0,1,0,0,2,2,2,4,9.83222396877158,1,0,41
201104988,4,1,0,0,2,0,1,1,2,3,4,10.5878714474259,2,0,41
201104989,4,1,0,0,1,0,0,5,2,3,4,8.16080392095467,1,0,41
201104990,5,1,1,1,1,0,0,5,1,9,5,8.59637398929068,1,0,41
201104991,,,,,1,0,0,5,2,9,,9.14782646658694,1,0,41
201104992,4,1,0,0,1,1,0,5,1,3,3,8.51338595307328,1,0,41
201104993,5,1,1,1,2,1,1,4,3,2,2,8.96928740011841,1,0,41
201104994,4,1,0,0,1,0,0,5,2,2,5,9.61420419871737,1,0,41
201104995,5,1,1,1,1,0,0,5,1,9,4,10.9158115691885,3,0,41
201104996,4,1,0,0,1,0,0,5,1,9,4,8.48694014824522,1,0,41
201104997,4,1,0,0,1,0,0,1,1,9,4,10.1844329217726,2,0,41
201104998,4,1,0,0,2,0,1,1,2,2,5,11.8159960249574,3,1,41
201104999,1,0,-3,0,2,0,1,1,2,2,1,11.9588989184159,3,1,41
201105000,4,1,0,0,3,0,1,3,2,3,4,10.2292237926068,2,1,41
201105001,5,1,1,1,3,1,1,3,3,3,3,10.8803276092743,2,1,41
201105002,5,1,1,1,0,1,0,3,2,1,2,5.70711026474888,1,1,41
201105003,4,1,0,0,2,1,1,5,2,2,4,10.4356500121277,2,1,41
201105004,5,1,1,1,0,1,0,5,4,9,4,10.8942016755642,2,1,41
201105005,4,1,0,0,1,0,0,3,2,2,4,10.5700418737972,2,1,41
201105006,4,1,0,0,1,1,0,3,2,2,4,9.75794141390479,1,1,41
201105007,2,0,-2,0,3,1,1,2,2,2,4,8.8538082749772,1,1,41
201105008,4,1,0,0,3,1,1,3,3,4,5,7.34018683532012,1,1,41
201105009,2,0,-2,0,2,1,1,4,3,2,4,10.4962893981472,2,1,41
201105010,4,1,0,0,2,2,1,5,1,3,4,9.31569088758401,1,1,41
201105011,2,0,-2,0,2,0,1,2,2,2,3,10.8317266179261,2,1,41
201105012,3,0,-1,0,2,0,1,2,1,2,4,10.0647982524184,2,1,41
201105013,4,1,0,0,2,0,1,4,1,2,4,11.0898206886824,3,1,41
201105014,5,1,1,1,0,0,0,,4,3,4,10.1620368569809,2,1,41
201105015,4,1,0,0,1,1,0,5,2,2,5,10.9446582300986,3,1,41
201105016,5,1,1,1,2,1,1,5,2,2,4,10.1543157298037,2,1,41
201105017,4,1,0,0,1,1,0,5,1,3,4,10.6643167457829,2,1,41
201105018,4,1,0,0,2,2,1,3,3,2,4,10.5128278044415,2,1,41
201105019,4,1,0,0,1,1,0,3,2,3,4,9.80123331849737,1,1,41
201105020,4,1,0,0,3,0,1,4,2,2,5,9.60918360377546,1,1,41
201105021,5,1,1,1,1,1,0,3,2,2,4,10.117832509494,2,1,41
201105022,4,1,0,0,2,1,1,3,2,2,3,10.2405606130908,2,1,41
201105023,5,1,1,1,3,1,1,3,1,2,4,10.4659848990766,2,1,41
201105024,4,1,0,0,3,2,1,,4,2,5,12.2788629642455,3,1,41
201105025,2,0,-2,0,1,0,0,3,3,9,3,9.88842467485908,1,1,41
201105026,4,1,0,0,1,0,0,2,2,2,5,7.60140233458373,1,1,41
201105027,4,1,0,0,2,1,1,4,2,2,1,11.4101615751597,3,1,41
201105028,4,1,0,0,2,0,1,5,1,2,4,10.7955060834346,2,1,41
201105029,5,1,1,1,0,0,0,4,2,2,5,9.90433719149071,1,1,41
201105030,5,1,1,1,2,1,1,3,5,1,5,9.98049488889691,1,1,41
201105031,4,1,0,0,3,2,1,3,2,2,4,10.6339546023282,2,1,41
201105032,5,1,1,1,2,0,1,3,4,1,5,10.522745967684,2,1,41
201105033,5,1,1,1,2,1,1,3,1,4,5,11.0483630056739,3,1,41
201105034,4,1,0,0,2,0,1,3,2,2,4,10.9415710481294,3,1,41
201105035,4,1,0,0,2,0,1,3,2,2,4,10.4602707610752,2,1,41
201105036,5,1,1,1,2,0,1,4,2,1,5,10.9673876161941,3,1,41
201105037,4,1,0,0,2,0,1,4,2,2,5,10.0367501590409,2,1,41
201105038,4,1,0,0,2,0,1,4,2,3,4,9.7391742751881,1,1,41
201105039,5,1,1,1,3,0,1,3,2,2,4,10.4913019948302,2,1,41
201105040,4,1,0,0,2,1,1,5,2,2,4,11.1913556338511,3,1,41
201105041,2,0,-2,0,3,0,1,4,2,3,4,10.9296222499941,3,1,41
201105042,4,1,0,0,1,0,0,1,1,2,4,11.397644374961,3,1,41
201105043,4,1,0,0,2,0,1,4,2,2,2,10.1939532471145,2,1,41
201105044,5,1,1,1,2,1,1,2,3,3,5,11.1640911315249,3,1,41
201105045,5,1,1,1,1,1,0,5,2,9,4,5.70711026474888,1,1,41
201105046,4,1,0,0,1,0,0,4,2,2,4,10.4602707610752,2,1,41
201105047,5,1,1,1,2,0,1,5,4,3,5,10.3713326037277,2,1,41
201105048,5,1,1,1,1,1,0,5,1,2,5,10.5158891254514,2,1,41
201105049,5,1,1,1,0,1,0,5,2,3,5,10.2681653877435,2,1,41
201105050,4,1,0,0,3,1,1,5,4,2,5,9.87513951702064,1,1,41
201105051,4,1,0,0,2,0,1,5,2,2,4,10.6874119271541,2,1,41
201105052,5,1,1,1,0,0,0,5,3,4,4,9.7291936874294,1,1,41
201105053,2,0,-2,0,3,0,1,5,1,2,2,10.6791589746007,2,1,41
201105054,5,1,1,1,3,1,1,4,2,2,5,10.3063158539898,2,1,41
201105055,4,1,0,0,1,0,0,1,2,2,4,10.3156303153975,2,1,41
201105056,4,1,0,0,1,1,0,5,2,3,4,0,1,1,41
201105057,2,0,-2,0,2,2,1,5,2,2,2,9.39274525863144,1,1,41
201105058,,,,,0,1,0,3,1,9,,10.7085343495003,2,0,41
201105059,3,0,-1,0,1,0,0,5,3,3,5,9.65509029374725,1,0,41
201105060,4,1,0,0,2,2,1,3,3,2,4,9.44628168152025,1,0,41
201105061,5,1,1,1,0,0,0,3,3,2,5,9.76428295481558,1,0,41
201105062,5,1,1,1,1,0,0,3,2,2,5,10.4605830914173,2,0,41
201105063,4,1,0,0,0,1,0,5,3,3,3,8.56997537685521,1,0,41
201105064,4,1,0,0,1,1,0,3,1,2,4,9.1559897772261,1,0,41
201105065,3,0,-1,0,1,0,0,5,3,3,3,9.86635665419792,1,0,41
201105066,4,1,0,0,1,1,0,5,1,3,,10.2813362058501,2,0,41
201105067,5,1,1,1,1,1,0,5,4,4,3,9.42189705403847,1,0,41
201105068,3,0,-1,0,0,1,0,2,1,2,4,9.0916694422585,1,0,41
201105069,4,1,0,0,1,1,0,5,3,2,5,9.65361494147989,1,0,41
201105070,4,1,0,0,0,1,0,1,2,3,5,8.78889830934488,1,0,41
201105071,4,1,0,0,1,1,0,1,1,2,4,10.013306493535,1,0,41
201105072,5,1,1,1,0,1,0,3,1,2,5,10.6041315615227,2,0,41
201105073,3,0,-1,0,1,0,0,4,2,3,,10.4914239458117,2,0,41
201105074,4,1,0,0,1,1,0,5,2,3,3,9.24425859017964,1,0,41
201105075,3,0,-1,0,1,0,0,5,1,9,,9.24580403625175,1,0,41
201105076,4,1,0,0,1,0,0,5,2,2,3,7.78447323573647,1,0,41
201105077,4,1,0,0,1,1,0,4,4,9,4,9.09279480812114,1,0,41
201105078,5,1,1,1,1,1,0,5,5,2,5,11.0397327560111,3,0,41
201105079,4,1,0,0,1,1,0,5,1,2,5,10.4070166210695,2,0,41
201105080,4,1,0,0,1,0,0,5,3,2,5,10.3356270480585,2,0,41
201105081,2,0,-2,0,1,0,0,5,2,2,4,9.50606501607115,1,0,41
201105082,4,1,0,0,1,1,0,5,3,2,4,10.702622259173,2,0,41
201105083,4,1,0,0,1,1,0,5,1,2,2,10.6662101692343,2,0,41
201105084,4,1,0,0,1,1,0,5,1,2,5,8.1318247850072,1,0,41
201105085,2,0,-2,0,1,0,0,5,4,9,5,7.31388683163346,1,0,41
201105086,3,0,-1,0,2,0,1,3,1,3,5,10.9686987030939,3,0,41
201105087,4,1,0,0,1,0,0,4,2,9,3,10.0874994117346,2,0,41
201105088,5,1,1,1,0,0,0,3,2,9,5,9.74368047572794,1,0,41
201105089,4,1,0,0,1,0,0,4,2,9,4,9.13680146864131,1,0,41
201105090,4,1,0,0,1,0,0,3,1,2,5,10.0546120901298,2,0,41
201105091,2,0,-2,0,1,0,0,3,3,3,3,10.8751421810809,2,0,41
201105092,2,0,-2,0,1,0,0,,2,2,3,10.6190081569216,2,0,41
201105093,4,1,0,0,1,0,0,5,2,2,5,10.216325544869,2,0,41
201105094,4,1,0,0,1,0,0,4,2,2,3,9.25779631313248,1,0,41
201105095,5,1,1,1,2,0,1,3,2,4,5,10.2415111799941,2,0,41
201105096,3,0,-1,0,1,1,0,3,2,2,4,10.3202552121484,2,0,41
201105097,4,1,0,0,1,0,0,5,1,,4,7.77863014732581,1,0,41
201105098,4,1,0,0,2,0,1,1,2,2,5,10.0203949445118,1,0,41
201105099,4,1,0,0,1,0,0,5,1,3,4,9.60325333254388,1,0,41
201105100,4,1,0,0,1,0,0,1,2,2,5,9.62251624577579,1,0,41
201105101,4,1,0,0,1,0,0,4,2,3,5,9.54973690011464,1,0,41
201105102,5,1,1,1,0,1,0,3,2,2,5,10.9917722810059,3,0,41
201105103,4,1,0,0,0,1,0,5,2,3,5,10.5306198101135,2,0,41
201105104,4,1,0,0,1,1,0,5,2,3,4,9.00834657938471,1,0,41
201105105,,,,,1,0,0,3,3,9,4,8.8408696240914,1,0,41
201105106,4,1,0,0,1,1,0,3,2,3,4,10.8839088854457,2,0,41
201105107,4,1,0,0,1,0,0,4,2,2,5,9.29016767183574,1,0,41
201105108,5,1,1,1,1,1,0,5,2,2,5,10.6631907185157,2,0,41
201105109,5,1,1,1,1,1,0,5,2,9,5,10.032364379457,1,0,41
201105110,4,1,0,0,1,0,0,3,2,9,4,10.3285807041763,2,0,41
201105111,5,1,1,1,1,0,0,4,2,2,3,8.98732181285013,1,0,41
201105112,4,1,0,0,1,0,0,1,2,4,2,12.3292897785875,3,0,41
201105113,5,1,1,1,1,0,0,5,1,1,5,10.3587693315056,2,0,41
201105114,4,1,0,0,0,1,0,3,2,2,4,9.03610602536485,1,0,41
201105115,5,1,1,1,1,1,0,5,1,9,5,10.148346346397,2,0,41
201105116,5,1,1,1,1,0,0,5,2,2,5,9.75967491717028,1,0,41
201105117,4,1,0,0,1,0,0,5,2,2,4,9.44153145486969,1,0,41
201105118,5,1,1,1,0,1,0,5,3,2,5,9.89973050365842,1,0,41
201105119,4,1,0,0,1,0,0,5,2,2,5,10.4166493515684,2,0,41
201105120,4,1,0,0,1,0,0,5,2,1,4,8.75004942158424,1,0,41
201105121,4,1,0,0,1,1,0,5,2,2,4,9.51273862826364,1,0,41
201105122,5,1,1,1,1,1,0,4,2,3,5,10.9375172913196,3,0,41
201105123,4,1,0,0,1,1,0,5,2,3,3,9.89763579639058,1,0,41
201105124,5,1,1,1,1,0,0,5,2,3,5,9.14323856843545,1,0,41
201105125,4,1,0,0,1,0,0,3,2,3,5,9.42553239350277,1,0,41
201105126,4,1,0,0,1,0,0,5,1,3,4,10.6656889829077,2,0,41
201105127,4,1,0,0,1,1,0,3,3,3,4,10.8197982842103,2,0,41
201105128,5,1,1,1,2,0,1,1,1,4,5,10.6418709704947,2,0,41
201105129,5,1,1,1,1,0,0,5,2,9,5,10.1802639873886,2,0,41
201105130,4,1,0,0,2,0,1,4,2,2,4,9.76428295481558,1,0,41
201105131,4,1,0,0,1,1,0,4,2,3,5,9.00220857828241,1,0,41
201105132,4,1,0,0,1,0,0,3,2,3,2,9.91856414766792,1,0,41
201105133,5,1,1,1,1,0,0,4,2,2,5,10.477879349863,2,0,41
201105134,4,1,0,0,1,0,0,3,2,1,3,9.38437770918244,1,0,41
201105135,4,1,0,0,0,1,0,5,2,2,4,8.56997537685521,1,0,41
201105136,4,1,0,0,1,0,0,3,2,9,4,9.51051903575725,1,0,41
201105137,5,1,1,1,1,0,0,5,2,2,5,9.39805361745842,1,0,41
201105138,,,,,1,0,0,3,2,9,4,8.30671904320269,1,0,41
201105139,5,1,1,1,2,0,1,3,2,2,5,8.82187986268384,1,0,41
201105140,4,1,0,0,1,0,0,2,2,2,4,7.15539630189673,1,0,41
201105141,4,1,0,0,0,1,0,5,2,2,4,7.82444593087762,1,0,41
201105142,4,1,0,0,1,0,0,5,2,4,4,8.93866287366612,1,0,41
201105143,4,1,0,0,1,0,0,5,2,2,4,7.78364059622125,1,0,41
201105144,5,1,1,1,1,0,0,5,1,3,5,10.9321700074677,3,0,41
201105145,5,1,1,1,1,1,0,3,1,3,5,9.50084346161467,1,0,41
201105146,5,1,1,1,1,0,0,3,2,1,5,10.2681653877435,2,0,41
201105147,2,0,-2,0,1,1,0,3,4,9,4,9.14857134557855,1,0,41
201105148,5,1,1,1,1,0,0,4,2,9,5,10.5347561087943,2,0,41
201105149,4,1,0,0,1,0,0,5,2,9,4,7.62608275807238,1,0,41
201105150,4,1,0,0,0,1,0,5,2,2,4,0,1,0,41
201105151,4,1,0,0,1,1,0,5,2,2,5,9.43276225670169,1,0,41
201105152,5,1,1,1,1,2,0,3,2,2,5,10.2453235869451,2,0,41
201105153,4,1,0,0,1,0,0,5,2,9,4,9.99823471876441,1,0,41
201105154,5,1,1,1,1,0,0,5,2,3,4,7.55538194424027,1,0,41
201105155,5,1,1,1,1,0,0,4,1,9,5,10.8121694102068,2,0,41
201105156,5,1,1,1,1,0,0,,1,2,5,10.7428047681963,2,0,41
201105157,4,1,0,0,1,0,0,5,2,9,4,10.4254261586749,2,0,41
201105158,4,1,0,0,1,1,0,2,2,1,5,10.1472543961471,2,0,41
201105159,4,1,0,0,1,1,0,4,2,2,4,10.0858507751287,2,0,41
201105160,4,1,0,0,1,1,0,5,2,2,5,10.4227452217892,2,0,41
201105161,4,1,0,0,1,0,0,3,2,3,4,9.71842223507111,1,0,41
201105162,,,,,1,0,0,5,1,2,,8.55852705490922,1,0,41
201105163,4,1,0,0,1,1,0,5,2,2,4,10.3724281169286,2,0,41
201105164,4,1,0,0,0,1,0,5,2,3,4,9.09616332691378,1,0,41
201105165,5,1,1,1,1,0,0,2,4,2,5,9.23610557986221,1,0,41
201105166,4,1,0,0,0,1,0,5,2,3,4,7.10742547411071,1,0,41
201105167,5,1,1,1,1,0,0,3,4,2,5,8.4142741374084,1,0,41
201105168,3,0,-1,0,1,0,0,3,2,2,4,9.12706745278236,1,0,41
201105169,5,1,1,1,1,1,0,3,2,2,5,10.2072544121735,2,0,41
201105170,4,1,0,0,1,0,0,3,2,3,5,9.10509096125709,1,0,41
201105171,4,1,0,0,1,0,0,3,2,9,4,8.8538082749772,1,0,41
201105172,4,1,0,0,1,0,0,5,2,2,4,9.85749596868514,1,0,41
201105173,4,1,0,0,1,0,0,4,2,2,4,10.0213150316493,1,0,41
201105174,5,1,1,1,1,0,0,3,1,9,5,9.33441468707811,1,0,41
201105175,4,1,0,0,1,0,0,3,2,2,4,9.30755782269154,1,0,41
201105176,2,0,-2,0,1,0,0,3,3,4,5,8.28928832300032,1,0,41
201105177,4,1,0,0,1,1,0,,2,2,4,10.043510330456,2,0,41
201105178,2,0,-2,0,2,0,1,3,2,3,4,10.5966597327836,2,1,41
201105179,4,1,0,0,2,1,1,2,2,3,4,10.0605340354754,2,1,41
201105180,5,1,1,1,3,0,1,4,2,2,4,10.2853769241156,2,1,41
201105181,4,1,0,0,3,0,1,3,1,2,4,11.4186257744496,3,1,41
201105182,4,1,0,0,2,0,1,5,9,2,3,10.6353516384701,2,1,41
201105183,,,,,1,0,0,5,2,9,,9.03610602536485,1,1,41
201105184,4,1,0,0,2,1,1,5,1,2,4,11.4963197564543,3,1,41
201105185,2,0,-2,0,2,0,1,2,2,4,2,11.1633821730969,3,1,41
201105186,5,1,1,1,3,0,1,2,2,2,5,13.8474945723399,3,1,41
201105187,4,1,0,0,2,0,1,4,2,2,4,11.7191344322175,3,1,41
201105188,4,1,0,0,1,0,0,5,3,3,4,11.2502741593104,3,1,41
201105189,5,1,1,1,2,0,1,5,3,2,5,10.3859445655017,2,1,41
201105190,1,0,-3,0,3,0,1,4,1,2,2,10.6805392053183,2,1,41
201105191,5,1,1,1,2,1,1,3,2,1,4,10.1604913213384,2,1,41
201105192,2,0,-2,0,1,0,0,3,2,2,2,10.9022979219587,2,1,41
201105193,4,1,0,0,2,1,1,3,2,3,4,10.3975814788703,2,1,41
201105194,5,1,1,1,1,0,0,3,1,2,4,10.7472290967206,2,1,41
201105195,4,1,0,0,1,1,0,4,2,2,4,9.61587214452889,1,1,41
201105196,1,0,-3,0,1,0,0,5,2,2,2,13.2815656691847,3,1,41
201105197,5,1,1,1,3,0,1,2,2,2,4,10.6001535348452,2,1,41
201105198,4,1,0,0,3,1,1,2,2,3,4,11.2619095635543,3,1,41
201105199,4,1,0,0,1,0,0,3,2,2,4,11.6361829329845,3,1,41
201105200,4,1,0,0,2,0,1,3,2,2,4,10.4688297702736,2,1,41
201105201,5,1,1,1,2,0,1,5,2,2,5,11.3197965623782,3,1,41
201105202,3,0,-1,0,2,0,1,5,2,3,3,10.9977240051414,3,1,41
201105203,5,1,1,1,3,0,1,2,3,2,4,10.4223111074132,2,1,41
201105204,5,1,1,1,1,0,0,2,1,2,4,9.47278155656217,1,1,41
201105205,4,1,0,0,1,0,0,5,2,2,3,9.98280692174038,1,1,41
201105206,2,0,-2,0,2,1,1,5,1,4,2,7.09090982207998,1,1,41
201105207,5,1,1,1,2,0,1,2,2,2,5,10.6090819441478,2,1,41
201105208,2,0,-2,0,1,1,0,3,2,2,2,11.3695139059952,3,1,41
201105209,4,1,0,0,1,0,0,5,2,2,2,10.8221953609259,2,1,41
201105210,4,1,0,0,2,2,1,3,3,3,3,10.0690443629974,2,1,41
201105211,4,1,0,0,2,0,1,3,2,3,4,10.6213517356329,2,1,41
201105212,4,1,0,0,2,0,1,3,2,2,4,10.0011132313206,1,1,41
201105213,5,1,1,1,1,0,0,1,4,2,5,9.98280692174038,1,1,41
201105214,4,1,0,0,2,0,1,2,2,3,2,9.90702737372005,1,1,41
201105215,3,0,-1,0,1,0,0,5,2,2,4,9.62251624577579,1,1,41
201105216,5,1,1,1,0,0,0,5,1,2,5,10.0690443629974,2,1,41
201105217,2,0,-2,0,2,0,1,5,1,4,4,10.2840108503401,2,1,41
201105218,4,1,0,0,1,1,0,5,2,2,4,11.1119274737966,3,1,41
201105219,1,0,-3,0,0,0,0,5,2,2,1,11.060384472475,3,1,41
201105220,4,1,0,0,1,0,0,5,3,2,4,6.21660610108487,1,1,41
201105221,4,1,0,0,0,1,0,4,1,9,,9.61853508465521,1,1,41
201105222,5,1,1,1,3,0,1,5,3,2,4,10.6503585771626,2,1,41
201105223,4,1,0,0,2,0,1,4,2,2,4,7.74109909003537,1,1,41
201105224,4,1,0,0,1,0,0,5,2,2,4,9.52112843314244,1,1,41
201105225,3,0,-1,0,1,0,0,5,9,9,2,10.3514053248997,2,1,41
201105226,4,1,0,0,1,1,0,3,1,1,2,7.93773177526011,1,1,41
201105227,2,0,-2,0,3,1,1,3,2,2,3,10.6159715656522,2,1,41
201105228,2,0,-2,0,3,1,1,4,2,2,3,10.7969803757343,2,1,41
201105229,2,0,-2,0,1,0,0,5,1,2,2,11.0717333321035,3,1,41
201105230,3,0,-1,0,0,0,0,3,3,2,4,9.48804786328076,1,1,41
201105231,4,1,0,0,3,0,1,2,3,2,4,10.7579241570616,2,1,41
201105232,4,1,0,0,1,0,0,5,2,2,5,11.4200271633105,3,1,41
201105233,5,1,1,1,2,0,1,3,2,2,2,10.5605152062897,2,1,41
201105234,5,1,1,1,1,1,0,5,2,2,5,10.5760906688941,2,1,41
201105235,5,1,1,1,2,0,1,4,2,2,4,8.5173931714189,1,1,41
201105236,4,1,0,0,1,0,0,3,1,1,4,9.28514259945167,1,1,41
201105237,5,1,1,1,3,0,1,5,2,2,5,9.36742958721896,1,1,41
201105238,4,1,0,0,2,0,1,3,2,3,4,10.0732725203259,2,1,41
201105239,3,0,-1,0,0,1,0,5,2,2,4,7.52886925664225,1,0,41
201105240,4,1,0,0,1,0,0,5,1,2,4,9.98664086197933,1,0,41
201105241,3,0,-1,0,1,0,0,5,2,3,4,8.0959035329611,1,0,41
201105242,3,0,-1,0,1,1,0,3,2,3,4,8.91744473247151,1,0,41
201105243,5,1,1,1,1,0,0,5,1,3,5,9.21542741102474,1,0,41
201105244,3,0,-1,0,1,0,0,5,2,3,3,8.42090253109795,1,0,41
201105245,5,1,1,1,1,0,0,5,1,3,5,8.8538082749772,1,0,41
201105246,2,0,-2,0,1,1,0,5,2,2,2,10.1658902778025,2,0,41
201105247,5,1,1,1,1,0,0,5,2,9,4,7.62608275807238,1,0,41
201105248,4,1,0,0,1,0,0,4,1,9,2,8.3091845276863,1,0,41
201105249,4,1,0,0,2,1,1,3,2,2,3,11.4411965716206,3,0,41
201105250,5,1,1,1,1,2,0,5,1,2,4,9.94755228369823,1,0,41
201105251,4,1,0,0,1,2,0,5,2,2,3,10.349498992173,2,0,41
201105252,2,0,-2,0,1,0,0,3,1,9,2,9.29660980712836,1,0,41
201105253,4,1,0,0,1,0,0,5,1,9,,10.0354364436654,2,0,41
201105254,5,1,1,1,1,0,0,5,1,2,5,9.86372497385023,1,0,41
201105255,4,1,0,0,1,0,0,,1,2,5,9.50308461002023,1,0,41
201105256,3,0,-1,0,1,0,0,4,2,2,3,10.8572474645248,2,0,41
201105257,3,0,-1,0,1,0,0,3,1,3,2,10.9828158762545,3,0,41
201105258,4,1,0,0,1,0,0,3,1,2,2,10.4451139254548,2,0,41
201105259,4,1,0,0,3,1,1,4,3,1,3,10.6919676399149,2,1,41
201105260,5,1,1,1,1,0,0,4,2,1,5,10.3089859934221,2,1,41
201105261,2,0,-2,0,1,1,0,2,1,4,4,10.646495752267,2,1,41
201105262,4,1,0,0,1,0,0,2,2,2,3,11.3427980687695,3,1,41
201105263,4,1,0,0,3,0,1,4,2,3,4,9.85756805409933,1,1,41
201105264,5,1,1,1,3,0,1,3,3,2,4,10.469965456492,2,1,41
201105265,5,1,1,1,2,0,1,2,2,2,5,10.9151066458675,3,1,41
201105266,4,1,0,0,2,1,1,3,2,2,4,11.4013344690062,3,1,41
201105267,5,1,1,1,3,0,1,2,2,2,4,10.8257802366059,2,1,41
201105268,1,0,-3,0,1,0,0,3,2,3,1,11.141876276228,3,1,41
201105269,5,1,1,1,2,0,1,3,2,2,3,12.0100638443108,3,1,41
201105270,4,1,0,0,2,0,1,4,1,2,4,10.6965026922443,2,1,41
201105271,2,0,-2,0,2,0,1,5,2,2,1,9.16962253869762,1,1,41
201105272,2,0,-2,0,2,0,1,3,1,2,2,10.4913019948302,2,1,41
201105273,2,0,-2,0,1,1,0,3,1,2,2,11.4362711767806,3,1,41
201105274,4,1,0,0,3,1,1,3,4,9,2,10.6699084287665,2,1,41
201105275,5,1,1,1,1,0,0,,2,9,5,10.8112425837458,2,1,41
201105276,4,1,0,0,1,0,0,5,3,2,4,9.99520036045933,1,1,41
201105277,4,1,0,0,1,1,0,3,4,2,4,10.7893396952697,2,1,41
201105278,4,1,0,0,2,0,1,1,2,2,4,9.24965723435313,1,1,41
201105279,2,0,-2,0,1,0,0,3,3,4,2,5.70711026474888,1,1,41
201105280,5,1,1,1,1,0,0,3,1,2,5,10.0605340354754,2,1,41
201105281,5,1,1,1,2,0,1,3,2,1,5,10.9733745248501,3,1,41
201105282,5,1,1,1,1,0,0,3,2,2,5,10.8471595810773,2,1,41
201105283,4,1,0,0,1,0,0,3,3,2,4,10.8743826147012,2,1,41
201105284,3,0,-1,0,2,0,1,5,3,2,2,8.69968140098951,1,1,41
201105285,2,0,-2,0,1,0,0,4,3,2,4,9.78218278329863,1,1,41
201105286,5,1,1,1,1,0,0,5,3,9,2,10.1674274980429,2,1,41
201105287,4,1,0,0,3,0,1,2,2,2,4,10.3089859934221,2,1,41
201105288,5,1,1,1,1,0,0,4,4,1,5,10.0301642553626,1,1,41
201105289,4,1,0,0,1,0,0,5,1,2,4,9.34127988318554,1,0,41
201105290,4,1,0,0,1,0,0,5,1,2,4,7.51806418123308,1,0,41
201105291,3,0,-1,0,1,0,0,2,2,3,3,10.0748752847516,2,0,41
201105292,4,1,0,0,1,1,0,5,3,2,4,9.25922576970599,1,0,41
201105293,4,1,0,0,1,0,0,,2,2,4,9.62779992493271,1,0,41
201105294,4,1,0,0,1,0,0,4,2,9,,8.05547514175727,1,0,41
201105295,4,1,0,0,1,0,0,5,2,9,4,9.27246974344173,1,0,41
201105296,3,0,-1,0,1,1,0,4,2,9,4,9.9256762708027,1,0,41
201105297,4,1,0,0,1,0,0,4,2,9,4,9.52838698898501,1,0,41
201105298,4,1,0,0,1,1,0,5,2,2,4,8.57187075270693,1,0,41
201105299,3,0,-1,0,1,1,0,5,1,4,5,9.85644835453034,1,0,41
201105300,4,1,0,0,2,0,1,5,4,2,4,9.27340906344317,1,0,41
201105301,5,1,1,1,1,1,0,5,1,1,4,9.59528743287386,1,0,41
201105302,4,1,0,0,1,1,0,4,1,2,5,9.386056829718,1,0,41
201105303,5,1,1,1,1,1,0,3,2,2,5,7.80994708647679,1,0,41
201105304,4,1,0,0,1,0,0,5,2,9,4,7.27655640271871,1,0,41
201105305,4,1,0,0,1,0,0,5,2,2,5,8.34545542816193,1,0,41
201105306,4,1,0,0,1,0,0,1,2,2,4,9.48044384215367,1,0,41
201105307,4,1,0,0,1,0,0,3,2,2,4,9.5456172795208,1,0,41
201105308,2,0,-2,0,1,0,0,5,2,2,4,10.0303341639208,1,0,41
201105309,5,1,1,1,1,0,0,5,1,2,5,8.49719454490955,1,0,41
201105310,5,1,1,1,1,0,0,5,2,2,5,9.74689222031305,1,0,41
201105311,5,1,1,1,1,0,0,5,3,9,5,8.08978917578932,1,0,41
201105312,,,,,2,0,1,1,2,9,,9.61048444742444,1,0,41
201105313,4,1,0,0,1,1,0,3,2,2,4,7.49609734517596,1,0,41
201105314,2,0,-2,0,1,0,0,3,3,9,2,8.56044423341055,1,0,41
201105315,,,,,0,1,0,5,9,9,,,1,0,41
201105316,1,0,-3,0,1,0,0,1,1,9,2,8.46400336290212,1,0,41
201105317,2,0,-2,0,0,1,0,1,4,9,2,7.46794233228585,1,0,41
201105318,3,0,-1,0,0,1,0,5,2,9,2,8.02322468471667,1,0,41
201105319,5,1,1,1,1,0,0,5,2,9,5,9.28831941329277,1,0,41
201105320,1,0,-3,0,0,1,0,,3,9,1,8.96347429402666,1,0,41
201105321,4,1,0,0,1,1,0,3,2,2,5,9.74102744483773,1,0,41
201105322,5,1,1,1,2,1,1,4,2,2,2,9.91447694733573,1,0,41
201105323,5,1,1,1,1,0,0,1,1,3,5,13.3050198780983,3,0,41
201105324,4,1,0,0,1,0,0,2,1,3,5,9.98011361280391,1,0,41
201105325,4,1,0,0,1,0,0,1,3,9,3,9.89888851660171,1,0,41
201105326,4,1,0,0,1,0,0,3,2,9,,8.98732181285013,1,0,41
201105327,4,1,0,0,1,0,0,5,2,3,5,9.88842467485908,1,0,41
201105328,4,1,0,0,1,1,0,5,2,4,4,9.34583234141334,1,0,41
201105329,4,1,0,0,1,0,0,5,2,3,4,6.68586094706836,1,0,41
201105330,4,1,0,0,0,1,0,1,2,2,4,9.2282785171072,1,0,41
201105331,5,1,1,1,1,0,0,3,1,2,5,7.90137735379262,1,0,41
201105332,4,1,0,0,1,0,0,1,2,2,4,9.62278245150356,1,0,41
201105333,5,1,1,1,0,1,0,3,1,2,5,6.78105762593618,1,0,41
201105334,5,1,1,1,1,0,0,5,2,2,5,8.83506493503108,1,0,41
201105335,4,1,0,0,0,1,0,5,1,2,4,9.69898173460629,1,0,41
201105336,2,0,-2,0,1,0,0,1,2,2,4,9.86906441415732,1,0,41
201105337,2,0,-2,0,0,1,0,5,2,9,,8.81001204797317,1,0,41
201105338,,,,,0,1,0,5,9,9,,0,1,0,41
201105339,3,0,-1,0,1,0,0,5,3,9,3,8.0106915391303,1,0,41
201105340,4,1,0,0,1,1,0,5,1,2,5,8.70383871969025,1,0,41
201105341,4,1,0,0,1,1,0,5,2,9,4,8.77043908654689,1,0,41
201105342,4,1,0,0,1,0,0,5,2,9,4,8.07121853996986,1,0,41
201105343,,,,,0,0,0,,2,9,,0,1,0,41
201105344,,,,,1,0,0,,2,9,4,6.55250788703459,1,0,41
201105345,,,,,1,0,0,,2,9,,7.49609734517596,1,0,41
201105346,4,1,0,0,0,1,0,3,1,9,4,8.146419323098,1,0,41
201105347,4,1,0,0,1,0,0,1,2,2,4,9.24965723435313,1,0,41
201105348,4,1,0,0,0,0,0,1,1,2,4,9.28739400141847,1,0,41
201105349,4,1,0,0,2,1,1,4,2,2,4,9.08262063037381,1,0,41
201105350,5,1,1,1,1,1,0,4,1,2,5,9.62911649414402,1,0,41
201105351,4,1,0,0,1,0,0,4,2,9,4,9.56878375131088,1,0,41
201105352,4,1,0,0,1,0,0,5,2,9,4,9.48539302802782,1,0,41
201105353,4,1,0,0,0,1,0,1,1,9,4,8.97474461272273,1,0,41
201105354,3,0,-1,0,1,0,0,4,3,9,3,8.96712165623092,1,0,41
201105355,5,1,1,1,1,0,0,5,1,9,,8.2534880283459,1,0,41
201105356,4,1,0,0,1,0,0,5,1,9,5,9.38437770918244,1,0,41
201105357,5,1,1,1,1,0,0,4,2,9,5,9.24965723435313,1,0,41
201105358,4,1,0,0,1,1,0,4,2,9,4,9.91289318061022,1,0,41
201105359,4,1,0,0,1,1,0,4,1,2,4,9.02797881438221,1,0,41
201105360,4,1,0,0,2,1,1,3,2,2,4,9.90353755128617,1,0,41
201105361,4,1,0,0,1,0,0,1,2,2,4,10.1748408168525,2,0,41
201105362,4,1,0,0,1,1,0,5,2,2,4,8.86092472971904,1,0,41
201105363,4,1,0,0,1,0,0,5,2,2,4,9.16649297219591,1,0,41
201105364,4,1,0,0,1,0,0,5,2,2,4,9.46826216608092,1,0,41
201105365,3,0,-1,0,1,1,0,3,1,2,4,9.75504554717585,1,0,41
201105366,4,1,0,0,1,0,0,5,2,2,3,8.67607551647643,1,0,41
201105367,4,1,0,0,1,0,0,5,2,2,4,11.1808279266374,3,0,41
201105368,3,0,-1,0,1,1,0,3,2,2,4,9.72474758201042,1,0,41
201105369,5,1,1,1,3,1,1,3,2,1,4,10.3344904444321,2,1,42
201105370,5,1,1,1,3,0,1,4,3,2,3,10.8044906942887,2,1,42
201105371,4,1,0,0,1,0,0,4,1,3,4,11.4209536519261,3,1,42
201105372,5,1,1,1,3,2,1,4,4,4,2,11.0728844399222,3,1,42
201105373,5,1,1,1,2,1,1,5,2,2,3,11.3217770659733,3,1,42
201105374,5,1,1,1,3,1,1,2,2,1,4,11.314486721294,3,1,42
201105375,4,1,0,0,2,1,1,1,1,1,4,11.9494177546519,3,1,42
201105376,5,1,1,1,1,0,0,5,2,5,5,9.03610602536485,1,1,42
201105377,5,1,1,1,3,1,1,3,2,1,4,10.9169231437966,3,1,42
201105378,4,1,0,0,2,0,1,5,2,9,4,9.23024103368252,1,1,42
201105379,5,1,1,1,2,1,1,2,2,2,5,11.6690827017435,3,1,42
201105380,4,1,0,0,2,0,1,5,1,2,,9.8730798901147,1,1,42
201105381,4,1,0,0,0,1,0,5,1,2,4,11.2092586054865,3,1,42
201105382,5,1,1,1,0,1,0,3,1,2,5,7.74975340627444,1,1,42
201105383,4,1,0,0,2,0,1,2,1,2,4,10.5713425658087,2,1,42
201105384,4,1,0,0,2,0,1,3,2,2,4,9.57346465966318,1,1,42
201105385,5,1,1,1,1,0,0,4,5,5,5,10.0257494320691,1,1,42
201105386,5,1,1,1,1,0,0,3,2,2,4,11.2233864611548,3,1,42
201105387,5,1,1,1,3,1,1,3,2,2,4,0,1,1,42
201105388,4,1,0,0,3,1,1,5,3,2,4,11.2772157895969,3,1,42
201105389,5,1,1,1,2,0,1,3,4,2,4,11.8775755229785,3,1,42
201105390,5,1,1,1,2,0,1,5,4,2,4,8.61268517287546,1,1,42
201105391,4,1,0,0,2,0,1,4,2,2,4,11.2847819345676,3,1,42
201105392,4,1,0,0,0,1,0,4,4,4,5,10.5548408919741,2,1,42
201105393,3,0,-1,0,1,0,0,4,2,2,3,0,1,1,42
201105394,5,1,1,1,2,1,1,3,2,2,4,8.72599438101457,1,1,42
201105395,4,1,0,0,2,0,1,5,1,9,3,10.2646872443463,2,1,42
201105396,4,1,0,0,1,0,0,3,2,3,5,10.9161125135607,3,1,42
201105397,4,1,0,0,0,0,0,5,1,3,5,0,1,1,42
201105398,4,1,0,0,2,0,1,1,1,2,5,11.3560494080076,3,1,42
201105399,4,1,0,0,1,0,0,1,2,9,4,11.1305388626045,3,1,42
201105400,4,1,0,0,3,0,1,4,3,3,3,11.2371851385275,3,1,42
201105401,4,1,0,0,3,0,1,3,4,3,4,10.1961944792357,2,1,42
201105402,4,1,0,0,1,0,0,4,2,3,3,9.03318544513359,1,1,42
201105403,5,1,1,1,2,0,1,5,2,2,3,10.5305216396365,2,1,42
201105404,4,1,0,0,2,0,1,5,3,3,2,10.8538592340557,2,1,42
201105405,3,0,-1,0,2,1,1,5,1,2,2,10.6115479758284,2,1,42
201105406,4,1,0,0,2,1,1,1,2,2,4,10.9078074765836,2,1,42
201105407,4,1,0,0,1,0,0,5,2,2,3,11.1819726557469,3,1,42
201105408,5,1,1,1,3,0,1,3,2,2,4,10.348205424566,2,1,42
201105409,5,1,1,1,2,1,1,2,2,2,2,11.4721138870624,3,1,42
201105410,4,1,0,0,3,1,1,3,2,2,4,11.5079229733474,3,1,42
201105411,4,1,0,0,1,0,0,1,1,2,5,10.043292972227,2,1,42
201105412,4,1,0,0,2,1,1,5,3,2,3,10.9595576179386,3,1,42
201105413,4,1,0,0,3,1,1,3,2,3,3,11.8762063229842,3,1,42
201105414,2,0,-2,0,3,1,1,5,1,2,2,11.3963124672087,3,1,42
201105415,5,1,1,1,2,1,1,5,2,2,5,10.3433862929622,2,1,42
201105416,5,1,1,1,1,0,0,5,1,2,5,11.1588618407094,3,1,42
201105417,5,1,1,1,2,0,1,2,3,2,5,10.8967578438935,2,1,42
201105418,4,1,0,0,2,0,1,5,1,3,3,10.7472290967206,2,1,42
201105419,5,1,1,1,2,0,1,5,1,2,1,10.8532324026692,2,1,42
201105420,4,1,0,0,1,0,0,3,1,3,4,9.65509029374725,1,1,42
201105421,5,1,1,1,1,0,0,4,1,3,5,12.2063369855893,3,1,42
201105422,5,1,1,1,1,0,0,3,2,2,4,10.4913019948302,2,1,42
201105423,3,0,-1,0,1,2,0,5,2,2,2,8.10198073185319,1,1,42
201105424,5,1,1,1,2,0,1,3,2,3,4,9.21044036697652,1,1,42
201105425,5,1,1,1,1,0,0,5,3,3,4,10.5050949364556,2,1,42
201105426,4,1,0,0,1,0,0,3,2,9,4,11.0202180441179,3,1,42
201105427,5,1,1,1,2,0,1,3,3,2,4,9.85224688834253,1,1,42
201105428,4,1,0,0,2,0,1,5,2,2,3,10.7522862392449,2,1,42
201105429,4,1,0,0,1,0,0,3,2,2,2,5.30330490805908,1,1,42
201105430,5,1,1,1,1,0,0,5,1,3,5,10.2420494708803,2,1,42
201105431,4,1,0,0,0,1,0,4,2,3,2,11.8954698896938,3,1,42
201105432,4,1,0,0,2,0,1,3,1,2,3,11.2439236581762,3,1,42
201105433,4,1,0,0,2,0,1,5,3,2,4,7.82444593087762,1,1,42
201105434,4,1,0,0,1,0,0,2,3,3,5,10.4464289312666,2,1,42
201105435,5,1,1,1,1,0,0,3,3,3,4,9.39274525863144,1,1,42
201105436,4,1,0,0,2,0,1,4,1,2,2,10.2757749848383,2,1,42
201105437,5,1,1,1,3,0,1,2,2,1,4,12.0719925309567,3,1,42
201105438,5,1,1,1,3,0,1,3,2,2,5,9.99884318585288,1,1,42
201105439,4,1,0,0,2,0,1,4,3,2,4,10.5182548186476,2,1,42
201105440,4,1,0,0,2,0,1,3,1,2,4,9.28739400141847,1,1,42
201105441,4,1,0,0,2,0,1,3,2,3,4,9.80734473126021,1,1,42
201105442,4,1,0,0,3,1,1,1,2,2,4,10.9343277644227,3,1,42
201105443,5,1,1,1,1,0,0,1,3,2,4,9.61052489564042,1,1,42
201105444,4,1,0,0,1,0,0,1,2,2,4,10.4103352749329,2,1,42
201105445,5,1,1,1,2,0,1,4,4,2,4,0,1,1,42
201105446,5,1,1,1,1,0,0,5,2,2,5,11.2960414808428,3,1,42
201105447,4,1,0,0,2,0,1,5,2,3,4,11.7373055015214,3,1,42
201105448,4,1,0,0,2,0,1,3,2,3,4,10.8197982842103,2,1,42
201105449,4,1,0,0,1,0,0,4,3,3,4,10.2137991352357,2,1,42
201105450,5,1,1,1,2,0,1,1,3,2,5,7.34665516317654,1,1,42
201105451,4,1,0,0,3,1,1,1,2,2,4,11.2746809661208,3,1,42
201105452,4,1,0,0,1,0,0,5,2,2,4,9.92333919823873,1,1,42
201105453,5,1,1,1,2,0,1,5,4,1,4,9.99884318585288,1,1,42
201105454,4,1,0,0,1,0,0,5,1,3,4,10.586609649449,2,1,42
201105455,5,1,1,1,1,0,0,3,1,2,5,9.8255800636596,1,1,42
201105456,4,1,0,0,0,0,0,5,2,3,4,11.0349057929294,3,1,42
201105457,4,1,0,0,2,0,1,4,3,2,4,10.534785924769,2,1,42
201105458,4,1,0,0,1,0,0,5,2,2,4,10.0605340354754,2,1,42
201105459,4,1,0,0,1,0,0,5,2,2,5,10.7916086574428,2,1,42
201105460,5,1,1,1,2,0,1,5,2,1,4,11.2219178690899,3,1,42
201105461,4,1,0,0,2,0,1,3,2,3,2,11.0405349894719,3,1,42
201105462,5,1,1,1,2,1,1,5,2,2,4,9.90353755128617,1,1,42
201105463,5,1,1,1,3,0,1,3,3,2,2,8.5173931714189,1,1,42
201105464,5,1,1,1,1,0,0,5,1,2,5,8.88889466937159,1,1,42
201105465,5,1,1,1,1,0,0,3,2,2,3,5.70711026474888,1,1,42
201105466,5,1,1,1,2,1,1,4,2,2,4,10.849356503939,2,1,42
201105467,2,0,-2,0,2,1,1,4,1,2,5,6.55250788703459,1,1,42
201105468,5,1,1,1,1,1,0,5,3,2,3,7.62119516280985,1,1,42
201105469,4,1,0,0,0,1,0,5,3,2,4,9.01808968410434,1,0,42
201105470,3,0,-1,0,1,1,0,4,1,2,4,8.80026465131034,1,0,42
201105471,4,1,0,0,1,1,0,5,1,2,3,9.40104337279805,1,0,42
201105472,3,0,-1,0,1,0,0,,1,2,2,8.34307787116938,1,0,42
201105473,4,1,0,0,1,1,0,5,2,2,4,9.07119324056602,1,0,42
201105474,4,1,0,0,1,0,0,2,1,2,3,10.3991394161264,2,0,42
201105475,4,1,0,0,0,1,0,5,2,9,4,8.79497643168877,1,0,42
201105476,4,1,0,0,1,1,0,5,2,2,4,9.16440114003474,1,0,42
201105477,5,1,1,1,1,0,0,5,3,4,5,9.08148374985118,1,0,42
201105478,5,1,1,1,1,0,0,5,3,9,4,8.8394216076206,1,0,42
201105479,4,1,0,0,1,0,0,5,2,3,4,10.0557686286001,2,0,42
201105480,4,1,0,0,1,0,0,3,2,9,5,9.72516844399918,1,0,42
201105481,4,1,0,0,1,1,0,3,2,2,4,6.47850964220857,1,0,42
201105482,3,0,-1,0,3,1,1,1,1,4,1,11.4786031351247,3,0,42
201105483,2,0,-2,0,1,0,0,3,3,9,2,9.39012420626616,1,0,42
201105484,5,1,1,1,1,1,0,5,2,2,5,7.95892649305011,1,0,42
201105485,4,1,0,0,1,1,0,4,1,2,5,10.6270703504588,2,0,42
201105486,,,,,1,0,0,5,5,4,5,8.47657950853094,1,0,42
201105487,4,1,0,0,1,0,0,5,2,1,3,10.4167335261409,2,0,42
201105488,4,1,0,0,0,1,0,3,1,2,5,9.92822894442457,1,0,42
201105489,5,1,1,1,1,1,0,5,1,2,5,10.3477245551448,2,1,42
201105490,4,1,0,0,2,0,1,5,2,2,5,10.1234661005072,2,1,42
201105491,,,,,1,0,0,,2,9,,9.69898173460629,1,1,42
201105492,5,1,1,1,1,1,0,5,2,3,5,7.74109909003537,1,1,42
201105493,5,1,1,1,1,0,0,4,2,2,3,9.49031784004241,1,1,42
201105494,2,0,-2,0,1,0,0,2,2,2,2,9.86197898204449,1,1,42
201105495,4,1,0,0,2,0,1,5,1,2,4,10.1720250311402,2,1,42
201105496,4,1,0,0,2,0,1,3,2,2,3,10.2646872443463,2,1,42
201105497,5,1,1,1,1,0,0,3,5,3,5,9.95232533461943,1,1,42
201105498,5,1,1,1,1,0,0,3,1,2,4,10.6782377612977,2,1,42
201105499,5,1,1,1,1,0,0,5,2,2,5,11.6289380454064,3,1,42
201105500,5,1,1,1,1,0,0,5,2,3,3,10.4985483692721,2,1,42
201105501,4,1,0,0,2,1,1,5,1,2,4,9.7914939755752,1,1,42
201105502,4,1,0,0,3,0,1,4,1,2,5,9.79834825806681,1,1,42
201105503,5,1,1,1,1,1,0,5,1,2,5,8.52047919284508,1,1,42
201105504,3,0,-1,0,1,1,0,5,1,1,4,9.61587214452889,1,1,42
201105505,5,1,1,1,1,0,0,5,3,2,5,9.5078490052457,1,1,42
201105506,2,0,-2,0,2,0,1,3,2,4,2,11.7035540890075,3,1,42
201105507,5,1,1,1,1,0,0,5,1,2,4,9.39274525863144,1,1,42
201105508,2,0,-2,0,2,0,1,1,9,2,,11.1124628236349,3,1,42
201105509,5,1,1,1,1,0,0,,9,9,,9.65509029374725,1,1,42
201105510,5,1,1,1,1,0,0,5,3,4,4,7.90137735379262,1,1,42
201105511,3,0,-1,0,1,0,0,,2,2,3,10.1905819523422,2,1,42
201105512,3,0,-1,0,2,0,1,1,2,2,2,10.1941028189653,2,1,42
201105513,5,1,1,1,3,1,1,2,1,2,5,10.4479254556739,2,1,42
201105514,4,1,0,0,1,1,0,5,2,2,4,9.75260561309303,1,0,42
201105515,4,1,0,0,1,1,0,3,1,2,4,9.88432683245467,1,0,42
201105516,4,1,0,0,1,1,0,1,1,2,4,9.07119324056602,1,0,42
201105517,4,1,0,0,1,0,0,3,2,3,4,8.22040309993373,1,0,42
201105518,5,1,1,1,1,0,0,,2,2,4,8.26962886556035,1,0,42
201105519,3,0,-1,0,1,1,0,5,1,2,4,9.35452729228868,1,0,42
201105520,4,1,0,0,1,1,0,5,2,3,4,10.5842106066509,2,0,42
201105521,4,1,0,0,1,0,0,3,2,2,5,9.99884318585288,1,0,42
201105522,,,,,1,1,0,,2,9,,7.49609734517596,1,0,42
201105523,4,1,0,0,1,0,0,3,4,2,5,6.90875477931522,1,0,42
201105524,5,1,1,1,1,0,0,5,3,2,5,10.2791390512026,2,0,42
201105525,4,1,0,0,1,0,0,5,2,2,4,8.98919482332465,1,0,42
201105526,4,1,0,0,1,0,0,5,9,1,5,9.99656797555214,1,0,42
201105527,2,0,-2,0,0,0,0,1,2,9,,8.63070043220983,1,0,42
201105528,3,0,-1,0,1,0,0,5,1,4,3,10.236194338201,2,0,42
201105529,5,1,1,1,1,0,0,,2,9,,8.86092472971904,1,0,42
201105530,4,1,0,0,1,1,0,3,2,2,4,9.01201137703641,1,0,42
201105531,4,1,0,0,1,1,0,5,1,3,4,9.86340299762897,1,0,42
201105532,4,1,0,0,2,1,1,4,2,3,4,10.3686053642227,2,0,42
201105533,4,1,0,0,1,1,0,3,2,2,4,9.01808968410434,1,0,42
201105534,5,1,1,1,1,0,0,4,2,2,5,9.66972532207378,1,0,42
201105535,4,1,0,0,1,0,0,1,2,2,2,11.1563916941018,3,0,42
201105536,4,1,0,0,1,0,0,,2,2,4,7.78364059622125,1,0,42
201105537,,,,,1,0,0,,1,9,,7.17088847851251,1,0,42
201105538,2,0,-2,0,1,0,0,3,2,3,2,10.0562515570878,2,0,42
201105539,5,1,1,1,1,2,0,3,1,2,4,11.0989391543184,3,0,42
201105540,,,,,1,0,0,4,2,9,2,11.0697740658807,3,0,42
201105541,5,1,1,1,1,1,0,5,3,1,4,9.99838855773085,1,0,42
201105542,5,1,1,1,0,1,0,5,2,2,5,8.89850220964664,1,0,42
201105543,4,1,0,0,1,1,0,5,1,4,3,9.44311737225863,1,0,42
201105544,4,1,0,0,1,0,0,4,2,2,4,5.01727983681492,1,0,42
201105545,4,1,0,0,1,0,0,3,1,2,5,10.9881868359842,3,0,42
201105546,4,1,0,0,1,0,0,4,1,2,4,9.69898173460629,1,0,42
201105547,3,0,-1,0,1,0,0,4,2,1,5,8.95169916830882,1,0,42
201105548,5,1,1,1,0,0,0,4,2,9,5,7.9728107841214,1,0,42
201105549,4,1,0,0,1,0,0,5,2,2,,8.68287710705717,1,0,42
201105550,4,1,0,0,1,0,0,,2,2,,8.43620003220671,1,0,42
201105551,5,1,1,1,1,0,0,5,1,2,5,9.21542741102474,1,0,42
201105552,5,1,1,1,1,0,0,5,1,9,5,8.37147353706683,1,0,42
201105553,2,0,-2,0,1,0,0,4,2,9,3,8.75636755980298,1,0,42
201105554,5,1,1,1,1,0,0,5,9,3,5,12.2060776455177,3,1,42
201105555,5,1,1,1,1,0,0,5,1,3,5,5.30330490805908,1,1,42
201105556,4,1,0,0,3,0,1,2,4,2,3,9.25922576970599,1,1,42
201105557,4,1,0,0,1,0,0,5,9,9,,9.39274525863144,1,1,42
201105558,2,0,-2,0,1,0,0,5,2,2,2,10.9310545021228,3,1,42
201105559,,,,,1,0,0,5,2,9,,9.54688403461792,1,1,42
201105560,5,1,1,1,3,1,1,3,2,2,4,0,1,1,42
201105561,5,1,1,1,3,0,1,1,2,2,4,11.5710372263133,3,1,42
201105562,5,1,1,1,2,0,1,3,5,3,4,7.15539630189673,1,1,42
201105563,4,1,0,0,1,1,0,1,1,2,4,9.92333919823873,1,1,42
201105564,5,1,1,1,1,0,0,1,1,2,4,8.53719187792293,1,1,42
201105565,5,1,1,1,1,0,0,3,1,2,4,9.57505292759738,1,1,42
201105566,5,1,1,1,1,0,0,3,1,5,5,10.7254895827195,2,1,42
201105567,5,1,1,1,1,1,0,5,2,2,5,10.6179607857874,2,1,42
201105568,2,0,-2,0,2,0,1,5,1,2,5,9.92333919823873,1,1,42
201105569,4,1,0,0,1,0,0,4,2,2,4,11.0112030079315,3,1,42
201105570,5,1,1,1,0,2,0,3,4,5,2,8.50734485536142,1,1,42
201105571,5,1,1,1,1,0,0,5,1,2,4,10.0096927113824,1,1,42
201105572,4,1,0,0,0,1,0,3,2,2,5,10.703266939812,2,1,42
201105573,4,1,0,0,3,1,1,4,4,2,4,10.463131911492,2,1,42
201105574,4,1,0,0,2,0,1,5,1,2,4,10.5240909216204,2,1,42
201105575,2,0,-2,0,1,0,0,5,2,2,2,10.0422489945777,2,1,42
201105576,5,1,1,1,2,1,1,3,1,2,4,10.7973077012829,2,1,42
201105577,4,1,0,0,1,0,0,5,1,2,3,10.0568068042335,2,1,42
201105578,5,1,1,1,2,0,1,2,2,2,5,9.48804786328076,1,1,42
201105579,4,1,0,0,1,1,0,3,2,1,5,10.0317405000742,1,0,42
201105580,5,1,1,1,1,1,0,3,1,3,5,10.8767880717545,2,0,42
201105581,4,1,0,0,2,1,1,3,1,2,4,12.7770550169707,3,0,42
201105582,3,0,-1,0,1,1,0,4,2,9,5,11.0582964138617,3,0,42
201105583,4,1,0,0,1,0,0,3,1,2,5,10.1411702864582,2,0,42
201105584,3,0,-1,0,1,0,0,1,4,1,3,9.25922576970599,1,0,42
201105585,4,1,0,0,1,1,0,5,1,2,5,9.97119292889014,1,0,42
201105586,4,1,0,0,0,1,0,5,2,3,4,7.09090982207998,1,0,42
201105587,,,,,1,0,0,5,2,3,,9.70509758756311,1,0,42
201105588,5,1,1,1,1,0,0,5,1,5,5,10.1418842588805,2,0,42
201105589,4,1,0,0,1,0,0,4,2,2,4,10.6811191243721,2,0,42
201105590,4,1,0,0,1,0,0,2,1,2,3,10.9224288580524,3,0,42
201105591,3,0,-1,0,1,0,0,3,2,2,4,8.63070043220983,1,0,42
201105592,,,,,0,0,0,4,1,9,,10.3955248461514,2,0,42
201105593,5,1,1,1,0,0,0,5,3,2,3,9.40104337279805,1,0,42
201105594,3,0,-1,0,1,1,0,3,2,2,4,10.0748736392525,2,0,42
201105595,2,0,-2,0,1,0,0,5,5,3,4,9.43356392009056,1,0,42
201105596,5,1,1,1,1,1,0,4,1,5,5,10.8178515074922,2,0,42
201105597,4,1,0,0,1,1,0,3,3,9,4,11.6483388355627,3,0,42
201105598,4,1,0,0,1,0,0,2,5,2,3,9.21343557688349,1,0,42
201105599,5,1,1,1,0,1,0,5,2,5,5,5.70711026474888,1,1,42
201105600,4,1,0,0,2,0,1,5,3,3,3,10.8501475894164,2,1,42
201105601,2,0,-2,0,1,0,0,3,3,2,3,11.0003489603482,3,1,42
201105602,4,1,0,0,1,0,0,5,2,2,4,0,1,1,42
201105603,5,1,1,1,2,0,1,5,1,3,5,9.35884658027541,1,1,42
201105604,5,1,1,1,3,2,1,4,3,2,5,10.5047549907323,2,1,42
201105605,2,0,-2,0,2,0,1,4,3,3,3,10.729875458481,2,1,42
201105606,3,0,-1,0,1,0,0,4,2,3,4,10.1091810617417,2,1,42
201105607,2,0,-2,0,1,0,0,5,2,2,2,9.14857134557855,1,1,42
201105608,2,0,-2,0,1,0,0,5,1,9,,9.96425334085869,1,1,42
201105609,5,1,1,1,1,0,0,5,2,2,5,8.19174002127746,1,1,42
201105610,5,1,1,1,3,0,1,3,3,2,5,7.74109909003537,1,1,42
201105611,2,0,-2,0,1,1,0,4,2,2,5,10.1346389552519,2,1,42
201105612,4,1,0,0,1,0,0,5,1,4,4,8.66578559546606,1,1,42
201105613,4,1,0,0,0,1,0,5,2,2,5,10.104190083429,2,1,42
201105614,5,1,1,1,2,0,1,5,2,3,3,5.73009978297357,1,1,42
201105615,5,1,1,1,1,1,0,5,1,4,4,10.392588903828,2,1,42
201105616,5,1,1,1,0,0,0,5,2,2,5,9.50457592339781,1,1,42
201105617,5,1,1,1,1,1,0,5,3,2,2,9.57505292759738,1,1,42
201105618,4,1,0,0,1,1,0,3,2,2,4,9.40927319457533,1,1,42
201105619,4,1,0,0,1,0,0,3,2,2,3,8.48694014824522,1,1,42
201105620,4,1,0,0,1,0,0,3,3,2,4,9.7291936874294,1,1,42
201105621,5,1,1,1,1,1,0,3,1,2,5,10.271631475578,2,1,42
201105622,5,1,1,1,2,1,1,3,2,2,4,10.0630651096551,2,1,42
201105623,4,1,0,0,1,0,0,5,2,2,4,0,1,1,42
201105624,3,0,-1,0,1,0,0,3,1,3,5,10.2985599103235,2,0,42
201105625,4,1,0,0,0,0,0,3,2,2,4,8.15075647027555,1,0,42
201105626,4,1,0,0,1,0,0,3,3,3,1,9.71721821349408,1,0,42
201105627,4,1,0,0,1,0,0,4,1,2,4,10.5023515257749,2,0,42
201105628,2,0,-2,0,1,0,0,5,1,9,5,9.02653771890043,1,0,42
201105629,4,1,0,0,1,1,0,3,2,2,3,10.1412535171231,2,0,42
201105630,3,0,-1,0,1,0,0,5,1,2,5,8.92279162396964,1,0,42
201105631,5,1,1,1,1,1,0,3,2,2,4,9.9647237520067,1,0,42
201105632,,,,,0,0,0,5,2,9,3,7.55013534248843,1,0,42
201105633,3,0,-1,0,1,0,0,5,2,2,4,9.63225191487266,1,0,42
201105634,4,1,0,0,0,1,0,3,1,2,4,9.73160344493889,1,0,42
201105635,3,0,-1,0,1,1,0,5,1,3,4,8.55852705490922,1,0,42
201105636,5,1,1,1,1,1,0,1,3,2,4,8.42310226801664,1,0,42
201105637,2,0,-2,0,2,0,1,5,1,4,4,8.61268517287546,1,0,42
201105638,,,,,1,1,0,5,4,9,,10.168018938253,2,0,42
201105639,5,1,1,1,1,0,0,4,3,2,4,9.57713394943608,1,0,42
201105640,4,1,0,0,1,2,0,4,2,2,3,7.03966034986208,1,0,42
201105641,4,1,0,0,1,0,0,5,1,2,4,10.7623558835229,2,0,42
201105642,4,1,0,0,1,0,0,3,1,3,4,10.4048706102646,2,0,42
201105643,4,1,0,0,0,1,0,4,2,2,4,7.55013534248843,1,0,42
201105644,4,1,0,0,1,1,0,4,2,2,4,9.67098786879789,1,1,42
201105645,5,1,1,1,1,0,0,3,4,2,4,10.7893396952697,2,1,42
201105646,5,1,1,1,3,0,1,2,4,2,4,11.5592459152387,3,1,42
201105647,4,1,0,0,3,0,1,2,4,2,4,10.2610066908238,2,1,42
201105648,4,1,0,0,1,0,0,5,2,9,5,10.8188036690019,2,1,42
201105649,4,1,0,0,3,2,1,3,2,2,3,10.3195958207428,2,1,42
201105650,5,1,1,1,1,0,0,5,2,2,5,10.5402754828362,2,1,42
201105651,5,1,1,1,1,0,0,5,3,2,4,0,1,1,42
201105652,5,1,1,1,1,0,0,1,2,1,4,10.3255147489433,2,1,42
201105653,5,1,1,1,3,1,1,3,3,2,5,10.8277662951325,2,1,42
201105654,4,1,0,0,1,0,0,5,4,2,3,10.4458409127064,2,1,42
201105655,2,0,-2,0,2,1,1,3,2,2,3,7.60140233458373,1,1,42
201105656,4,1,0,0,1,0,0,5,1,2,3,10.2510159798788,2,1,42
201105657,4,1,0,0,1,1,0,5,1,2,4,7.82444593087762,1,1,42
201105658,4,1,0,0,2,0,1,4,2,3,3,10.6689786502192,2,1,42
201105659,4,1,0,0,3,0,1,5,3,2,4,11.038287111966,3,1,42
201105660,4,1,0,0,1,0,0,5,2,3,3,4.61512051684126,1,1,42
201105661,4,1,0,0,1,1,0,5,2,1,5,10.3089859934221,2,1,42
201105662,2,0,-2,0,3,0,1,2,3,2,4,10.5606966262904,2,1,42
201105663,4,1,0,0,3,1,1,5,2,2,3,10.6041315615227,2,1,42
201105664,4,1,0,0,1,0,0,3,2,3,4,11.1844352867906,3,1,42
201105665,4,1,0,0,1,0,0,3,2,3,5,10.6822972271192,2,1,42
201105666,4,1,0,0,3,1,1,4,2,4,4,10.2399955028053,2,1,42
201105667,3,0,-1,0,1,0,0,5,2,3,4,,1,1,42
201105668,4,1,0,0,1,0,0,5,2,2,4,11.7180398379975,3,1,42
201105669,5,1,1,1,2,1,1,1,4,1,4,10.4223111074132,2,1,42
201105670,4,1,0,0,1,0,0,1,3,3,4,9.08262063037381,1,1,42
201105671,4,1,0,0,3,1,1,4,1,3,4,10.7010172706892,2,1,42
201105672,4,1,0,0,1,1,0,3,2,2,4,10.5529050730277,2,1,42
201105673,4,1,0,0,3,0,1,3,2,2,5,10.8559366209636,2,1,42
201105674,5,1,1,1,2,0,1,3,2,2,4,10.385327110016,2,1,42
201105675,4,1,0,0,1,0,0,5,2,2,3,10.4157421548258,2,1,42
201105676,4,1,0,0,1,0,0,5,2,2,4,10.9024820636747,2,1,42
201105677,4,1,0,0,2,0,1,5,4,3,5,12.0076278043487,3,1,42
201105678,4,1,0,0,1,0,0,4,3,4,4,9.90353755128617,1,1,42
201105679,2,0,-2,0,0,1,0,3,1,2,4,10.4645594227262,2,1,42
201105680,5,1,1,1,1,0,0,5,2,2,5,11.0113580880474,3,1,42
201105681,5,1,1,1,2,0,1,3,2,3,5,8.33591109419695,1,1,42
201105682,4,1,0,0,1,1,0,5,2,2,4,10.216508370253,2,1,42
201105683,4,1,0,0,2,0,1,4,2,4,4,9.65509029374725,1,1,42
201105684,4,1,0,0,1,0,0,3,3,1,2,8.5173931714189,1,1,42
201105685,4,1,0,0,3,0,1,2,2,2,4,12.0106719281964,3,1,42
201105686,4,1,0,0,2,1,1,4,1,2,4,10.2328272702548,2,1,42
201105687,4,1,0,0,0,1,0,5,2,9,4,10.4186423854883,2,1,42
201105688,4,1,0,0,0,1,0,5,3,9,4,8.18618599422608,1,1,42
201105689,4,1,0,0,1,0,0,5,2,9,5,10.5855990634758,2,1,42
201105690,4,1,0,0,3,1,1,3,2,2,4,11.0044470842726,3,1,42
201105691,5,1,1,1,0,1,0,5,3,2,5,10.463131911492,2,1,42
201105692,4,1,0,0,2,0,1,3,2,2,4,11.6351519472128,3,1,42
201105693,4,1,0,0,2,0,1,5,2,2,3,9.98049488889691,1,1,42
201105694,5,1,1,1,1,0,0,4,2,2,3,10.9300594316915,3,0,42
201105695,5,1,1,1,1,1,0,3,2,2,5,9.29660980712836,1,0,42
201105696,4,1,0,0,2,0,1,3,3,3,3,9.67161854490356,1,0,42
201105697,4,1,0,0,1,1,0,5,2,2,4,9.2687036152731,1,0,42
201105698,4,1,0,0,1,0,0,3,2,3,3,10.651870042445,2,0,42
201105699,1,0,-3,0,2,1,1,5,1,3,5,10.7289998208514,2,0,42
201105700,4,1,0,0,1,2,0,5,2,3,4,10.4741066439821,2,0,42
201105701,4,1,0,0,1,1,0,5,2,3,3,9.90363754128725,1,0,42
201105702,3,0,-1,0,1,1,0,5,2,3,4,10.2970620645788,2,0,42
201105703,4,1,0,0,1,1,0,5,2,2,4,10.8277472291088,2,0,42
201105704,4,1,0,0,1,1,0,5,1,2,5,9.75272280064639,1,0,42
201105705,5,1,1,1,1,1,0,1,2,2,5,12.9662497722992,3,0,42
201105706,3,0,-1,0,2,0,1,4,1,2,3,9.57227147806062,1,0,42
201105707,4,1,0,0,1,0,0,2,2,2,4,9.90802723257816,1,0,42
201105708,4,1,0,0,2,1,1,5,2,4,4,10.9314370493904,3,0,42
201105709,4,1,0,0,0,0,0,2,2,2,4,11.4334600906077,3,0,42
201105710,3,0,-1,0,1,0,0,5,2,2,5,10.3797527869509,2,0,42
201105711,5,1,1,1,2,0,1,5,2,1,4,11.2485029666043,3,0,42
201105712,4,1,0,0,1,0,0,5,2,2,3,10.4271474170876,2,0,42
201105713,5,1,1,1,1,1,0,5,3,3,5,9.64218772135847,1,0,42
201105714,4,1,0,0,1,0,0,3,1,2,5,10.6184206864179,2,1,42
201105715,5,1,1,1,1,1,0,5,1,2,4,9.50308461002023,1,1,42
201105716,2,0,-2,0,2,0,1,5,2,2,1,9.90584054379841,1,1,42
201105717,5,1,1,1,1,0,0,5,2,2,5,9.55895290182487,1,1,42
201105718,4,1,0,0,1,0,0,3,1,3,5,11.445192513736,3,1,42
201105719,4,1,0,0,2,0,1,3,2,3,5,10.7862946949452,2,1,42
201105720,2,0,-2,0,2,0,1,3,2,2,2,10.6689786502192,2,1,42
201105721,3,0,-1,0,0,1,0,5,4,3,3,9.79261185619019,1,1,42
201105722,5,1,1,1,1,0,0,5,2,5,5,10.4318653412211,2,1,42
201105723,4,1,0,0,1,0,0,5,2,4,3,9.09952053687094,1,1,42
201105724,4,1,0,0,1,1,0,3,2,3,5,9.99154421635641,1,1,42
201105725,4,1,0,0,1,0,0,4,1,1,4,10.5920154870372,2,1,42
201105726,4,1,0,0,1,1,0,2,1,2,5,10.6601023685402,2,1,42
201105727,4,1,0,0,0,1,0,5,2,2,4,10.7133983256858,2,1,42
201105728,5,1,1,1,1,1,0,4,2,9,5,10.2703289723612,2,1,42
201105729,5,1,1,1,1,0,0,4,2,2,4,8.9452022639593,1,1,42
201105730,3,0,-1,0,1,1,0,5,1,2,4,8.64312074801403,1,1,42
201105731,2,0,-2,0,0,1,0,5,1,2,5,8.69131455164485,1,1,42
201105732,4,1,0,0,1,0,0,5,1,3,3,10.4058071020082,2,1,42
201105733,5,1,1,1,1,0,0,5,3,2,5,9.8914655773088,1,1,42
201105734,4,1,0,0,3,2,1,3,1,2,2,10.8522648354446,2,1,42
201105735,4,1,0,0,1,0,0,5,2,2,4,10.0389358567112,2,1,42
201105736,4,1,0,0,1,0,0,3,2,2,4,9.52522410185311,1,1,42
201105737,5,1,1,1,1,0,0,,3,3,5,10.6259750648727,2,1,42
201105738,4,1,0,0,0,1,0,5,2,2,,10.3790809983565,2,1,42
201105739,4,1,0,0,1,0,0,3,1,2,3,10.4843335197589,2,1,42
201105740,4,1,0,0,1,0,0,4,1,1,5,9.47278155656217,1,1,42
201105741,5,1,1,1,1,0,0,5,1,2,4,0,1,1,42
201105742,4,1,0,0,2,0,1,5,2,2,3,10.6189097916098,2,1,42
201105743,4,1,0,0,2,1,1,2,2,2,4,10.526775414924,2,1,42
201105744,4,1,0,0,2,0,1,5,3,2,4,9.40269476447051,1,1,42
201105745,2,0,-2,0,2,0,1,3,1,3,4,9.65509029374725,1,1,42
201105746,5,1,1,1,2,0,1,5,2,2,5,9.23024103368252,1,1,42
201105747,5,1,1,1,2,0,1,3,3,3,5,10.3735224312936,2,1,42
201105748,2,0,-2,0,3,0,1,3,2,2,4,10.5374418982833,2,1,42
201105749,2,0,-2,0,2,0,1,5,2,2,2,11.3493565358864,3,1,42
201105750,4,1,0,0,2,0,1,4,2,3,5,10.3977273258771,2,1,42
201105751,4,1,0,0,1,0,0,5,2,2,5,10.7843661095591,2,1,42
201105752,4,1,0,0,1,0,0,4,2,1,4,10.5132802977009,2,1,42
201105753,4,1,0,0,1,0,0,5,3,2,4,9.94755228369823,1,1,42
201105754,4,1,0,0,1,1,0,2,2,2,4,10.3385438248217,2,1,42
201105755,4,1,0,0,2,0,1,5,2,2,3,10.9508442379923,3,1,42
201105756,4,1,0,0,1,1,0,3,1,2,4,9.8255800636596,1,1,42
201105757,4,1,0,0,1,0,0,5,4,4,2,10.5869126261978,2,1,42
201105758,5,1,1,1,1,0,0,3,3,2,4,10.348205424566,2,1,42
201105759,2,0,-2,0,1,0,0,5,2,2,1,9.91050234437797,1,1,42
201105760,4,1,0,0,1,0,0,3,2,2,5,10.4317410882144,2,1,42
201105761,4,1,0,0,2,0,1,5,2,2,2,9.18512512283512,1,1,42
201105762,4,1,0,0,3,0,1,3,3,4,1,10.2219776466299,2,1,42
201105763,4,1,0,0,1,1,0,3,2,2,4,9.60784051043005,1,1,42
201105764,4,1,0,0,2,0,1,4,2,2,5,10.2750855911327,2,1,42
201105765,4,1,0,0,1,0,0,3,2,9,4,5.30330490805908,1,1,42
201105766,5,1,1,1,2,0,1,3,2,2,5,10.7450762897063,2,1,42
201105767,4,1,0,0,3,0,1,5,2,2,2,9.47278155656217,1,1,42
201105768,5,1,1,1,2,1,1,3,2,2,4,10.8735251912275,2,1,42
201105769,5,1,1,1,1,0,0,5,1,2,5,7.60140233458373,1,1,42
201105770,4,1,0,0,1,0,0,5,2,2,4,10.4702491766324,2,1,42
201105771,3,0,-1,0,1,0,0,5,2,3,5,9.39274525863144,1,1,42
201105772,4,1,0,0,2,0,1,3,2,2,5,10.4256770342639,2,1,42
201105773,4,1,0,0,1,0,0,4,2,2,4,10.4474837733956,2,1,42
201105774,,,,,1,0,0,3,4,9,3,0,1,1,42
201105775,4,1,0,0,2,0,1,5,1,1,4,11.0594197437403,3,1,42
201105776,4,1,0,0,1,0,0,3,2,3,3,9.31479047333265,1,1,42
201105777,5,1,1,1,2,0,1,5,2,3,2,10.5240909216204,2,1,42
201105778,4,1,0,0,2,0,1,2,2,2,4,11.1811125443582,3,1,42
201105779,5,1,1,1,3,0,1,1,4,2,4,8.8538082749772,1,1,42
201105780,2,0,-2,0,2,1,1,5,1,4,4,10.8590182281479,2,1,42
201105781,5,1,1,1,1,0,0,4,1,1,2,8.98732181285013,1,1,42
201105782,4,1,0,0,2,0,1,5,4,3,5,9.25922576970599,1,1,42
201105783,5,1,1,1,1,0,0,5,2,2,5,9.03610602536485,1,1,42
201105784,4,1,0,0,3,0,1,2,3,2,4,11.52979241483,3,1,42
201105785,5,1,1,1,1,0,0,4,2,4,5,10.3045497528891,2,1,42
201105786,4,1,0,0,1,0,0,4,3,2,4,0,1,1,42
201105787,5,1,1,1,1,0,0,4,4,3,5,10.1266711030504,2,1,42
201105788,3,0,-1,0,0,1,0,4,2,3,4,9.7981825908907,1,1,42
201105789,4,1,0,0,1,0,0,4,2,2,4,0,1,0,42
201105790,4,1,0,0,1,0,0,5,1,3,3,10.3867930652199,2,0,42
201105791,5,1,1,1,1,0,0,2,1,3,5,10.8887631558652,2,0,42
201105792,2,0,-2,0,3,0,1,5,3,2,1,11.1049722641249,3,0,42
201105793,4,1,0,0,1,1,0,5,2,3,4,9.72022555366512,1,0,42
201105794,5,1,1,1,1,0,0,3,1,1,4,9.10509096125709,1,0,42
201105795,5,1,1,1,2,1,1,3,3,2,5,10.1444819195126,2,0,42
201105796,4,1,0,0,0,0,0,5,2,9,5,9.23024103368252,1,0,42
201105797,4,1,0,0,1,0,0,4,2,3,3,9.08262063037381,1,0,42
201105798,4,1,0,0,1,0,0,4,1,3,4,9.43516251366895,1,0,42
201105799,5,1,1,1,3,0,1,3,2,2,5,10.4154025046435,2,0,42
201105800,4,1,0,0,1,0,0,3,2,2,4,9.55059117510075,1,0,42
201105801,5,1,1,1,1,0,0,5,2,9,4,9.71661565864336,1,0,42
201105802,3,0,-1,0,1,0,0,4,3,9,4,6.68586094706836,1,0,42
201105803,3,0,-1,0,2,0,1,4,2,4,2,10.2032587560852,2,0,42
201105804,4,1,0,0,1,0,0,3,3,2,4,9.94994165690801,1,0,42
201105805,4,1,0,0,0,1,0,5,1,2,4,10.3932844742459,2,0,42
201105806,4,1,0,0,1,0,0,4,2,2,4,9.71721821349408,1,0,42
201105807,5,1,1,1,2,0,1,5,1,1,5,10.1623453761381,2,0,42
201105808,4,1,0,0,1,0,0,5,1,2,4,10.2132123883635,2,0,42
201105809,4,1,0,0,1,1,0,4,4,2,5,10.5339213162753,2,0,42
201105810,3,0,-1,0,1,0,0,5,1,3,3,8.46821300919452,1,0,42
201105811,4,1,0,0,1,0,0,3,2,2,5,10.6745285891697,2,0,42
201105812,4,1,0,0,1,1,0,4,2,2,3,8.87919392811032,1,0,42
201105813,4,1,0,0,0,1,0,5,2,3,4,9.46195475526609,1,0,42
201105814,4,1,0,0,1,0,0,3,1,2,4,10.2856575119015,2,0,42
201105815,3,0,-1,0,1,0,0,4,2,3,2,10.1266711030504,2,0,42
201105816,4,1,0,0,1,0,0,5,1,3,4,11.2146676661463,3,0,42
201105817,5,1,1,1,1,0,0,5,1,2,4,10.1313115397516,2,0,42
201105818,5,1,1,1,1,1,0,1,1,2,5,9.97687087603471,1,0,42
201105819,2,0,-2,0,2,0,1,3,1,2,4,10.4495064090235,2,0,42
201105820,5,1,1,1,1,1,0,4,3,3,5,10.8407762754059,2,0,42
201105821,5,1,1,1,3,0,1,3,2,2,5,10.9187363480431,3,0,42
201105822,5,1,1,1,1,0,0,4,2,2,5,11.1526870364984,3,0,42
201105823,4,1,0,0,1,0,0,5,2,2,2,9.07061842880105,1,0,42
201105824,4,1,0,0,0,1,0,3,2,4,2,8.60538720215215,1,0,42
201105825,4,1,0,0,0,1,0,5,1,2,5,8.64839687703158,1,0,42
201105826,4,1,0,0,1,0,0,3,2,3,4,10.8704904099519,2,0,42
201105827,4,1,0,0,0,1,0,5,2,2,5,9.53971605897709,1,0,42
201105828,5,1,1,1,1,1,0,5,2,3,5,10.6229497902441,2,0,42
201105829,4,1,0,0,2,0,1,1,4,2,4,12.0591082180446,3,0,42
201105830,4,1,0,0,2,0,1,5,2,2,3,11.2017081827956,3,0,42
201105831,2,0,-2,0,1,0,0,3,1,2,4,10.3859445655017,2,0,42
201105832,4,1,0,0,1,0,0,3,1,2,2,10.9585051804402,3,0,42
201105833,4,1,0,0,1,1,0,5,2,2,4,10.899647852096,2,0,42
201105834,4,1,0,0,1,0,0,4,1,4,4,10.0376250114654,2,0,42
201105835,4,1,0,0,1,1,0,4,2,2,4,11.4618607628745,3,0,42
201105836,5,1,1,1,1,1,0,4,2,2,4,10.6900982159069,2,0,42
201105837,4,1,0,0,1,0,0,5,2,2,3,10.9305706924675,3,0,42
201105838,3,0,-1,0,2,0,1,5,2,3,5,7.34665516317654,1,0,42
201105839,4,1,0,0,2,0,1,3,1,2,2,11.1248948330358,3,0,42
201105840,3,0,-1,0,1,0,0,2,1,2,3,11.1100399175577,3,0,42
201105841,2,0,-2,0,1,1,0,4,2,3,4,9.35962207469194,1,0,42
201105842,5,1,1,1,1,0,0,5,2,2,4,10.0411167875242,2,0,42
201105843,5,1,1,1,1,0,0,5,2,9,5,9.9085248440534,1,0,42
201105844,4,1,0,0,1,0,0,3,1,2,3,10.34660576453,2,0,42
201105845,5,1,1,1,1,1,0,2,3,2,3,10.3933244458636,2,0,42
201105846,2,0,-2,0,1,1,0,5,2,2,,10.6348675034667,2,0,42
201105847,5,1,1,1,1,0,0,3,2,3,5,10.76374399953,2,0,42
201105848,4,1,0,0,1,1,0,5,1,2,4,10.2679917675892,2,0,42
201105849,3,0,-1,0,1,0,0,4,2,3,3,9.34145634983372,1,0,42
201105850,3,0,-1,0,1,0,0,2,2,2,4,10.9101855554858,2,0,42
201105851,4,1,0,0,0,0,0,3,2,3,2,10.1581685298485,2,0,42
201105852,3,0,-1,0,1,0,0,5,2,3,3,9.77571099759397,1,0,42
201105853,4,1,0,0,1,0,0,5,2,2,5,10.7194797616102,2,0,42
201105854,3,0,-1,0,1,0,0,3,1,2,4,9.57296756607425,1,0,42
201105855,4,1,0,0,1,0,0,5,1,2,4,10.6808922239635,2,0,42
201105856,4,1,0,0,1,0,0,3,2,2,4,10.2576944533605,2,0,42
201105857,4,1,0,0,1,0,0,3,3,5,4,,1,0,42
201105858,5,1,1,1,0,0,0,4,2,4,5,10.7975531251516,2,0,42
201105859,2,0,-2,0,1,1,0,4,2,9,4,10.534785924769,2,0,42
201105860,4,1,0,0,1,1,0,5,2,3,4,7.80832305039106,1,0,42
201105861,4,1,0,0,1,0,0,5,2,2,4,9.48804786328076,1,0,42
201105862,3,0,-1,0,1,0,0,4,2,4,4,9.41654120256008,1,0,42
201105863,5,1,1,1,1,1,0,1,2,1,4,9.66147968357552,1,0,42
201105864,2,0,-2,0,1,0,0,2,1,2,4,9.55400099583723,1,0,42
201105865,4,1,0,0,1,0,0,2,2,4,4,10.1042133334839,2,0,42
201105866,5,1,1,1,1,0,0,3,4,2,5,9.99428757686257,1,0,42
201105867,4,1,0,0,1,0,0,4,2,2,2,10.5584394939645,2,0,42
201105868,3,0,-1,0,1,0,0,3,2,2,1,11.0332918660502,3,0,42
201105869,3,0,-1,0,1,0,0,4,2,9,,10.1658902778025,2,0,42
201105870,3,0,-1,0,1,0,0,5,2,9,,6.68586094706836,1,0,42
201105871,3,0,-1,0,1,0,0,5,2,2,4,9.11613957657736,1,0,42
201105872,5,1,1,1,1,1,0,5,1,3,5,7.31388683163346,1,0,42
201105873,4,1,0,0,3,1,1,2,2,2,4,10.9810634531381,3,0,42
201105874,4,1,0,0,1,1,0,5,2,2,,9.46506010672514,1,0,42
201105875,4,1,0,0,2,1,1,5,1,2,3,10.0605340354754,2,0,42
201105876,4,1,0,0,1,0,0,2,1,2,4,8.77353938355817,1,0,42
201105877,2,0,-2,0,1,0,0,4,2,2,4,11.1702379534817,3,0,42
201105878,5,1,1,1,1,0,0,3,2,4,5,10.5220679718205,2,0,42
201105879,4,1,0,0,2,0,1,5,1,2,4,9.28461261635077,1,0,42
201105880,5,1,1,1,1,0,0,3,2,3,3,8.90313563303554,1,0,42
201105881,3,0,-1,0,1,0,0,4,1,3,3,7.95717732345948,1,0,42
201105882,5,1,1,1,1,0,0,5,2,2,4,8.04590874227078,1,0,42
201105883,4,1,0,0,1,0,0,5,1,2,4,9.34057884889991,1,0,42
201105884,4,1,0,0,1,0,0,5,1,2,5,8.54303634234079,1,0,42
201105885,2,0,-2,0,1,0,0,3,2,2,3,9.78700991447743,1,0,42
201105886,3,0,-1,0,1,1,0,3,2,2,4,10.8827718627381,2,0,42
201105887,4,1,0,0,1,0,0,5,1,3,4,7.88269220628903,1,0,42
201105888,2,0,-2,0,1,1,0,3,3,2,4,11.1407162001129,3,0,42
201105889,4,1,0,0,1,0,0,5,2,2,3,8.34307787116938,1,0,42
201105890,5,1,1,1,1,0,0,5,2,9,5,10.0491506121981,2,0,42
201105891,5,1,1,1,1,1,0,5,2,2,5,6.21660610108487,1,0,42
201105892,3,0,-1,0,1,0,0,5,3,2,4,5.19849703126583,1,0,42
201105893,5,1,1,1,1,1,0,5,2,2,5,9.83686686519423,1,0,42
201105894,4,1,0,0,1,1,0,3,2,2,4,8.99603266932437,1,0,42
201105895,3,0,-1,0,0,1,0,5,2,3,3,9.70571235724504,1,0,42
201105896,2,0,-2,0,1,0,0,3,2,2,4,8.36660283278374,1,0,42
201105897,2,0,-2,0,2,0,1,3,2,3,,11.1028286705817,3,0,42
201105898,4,1,0,0,1,1,0,5,1,2,4,10.4401655962388,2,0,42
201105899,4,1,0,0,1,0,0,5,2,3,3,9.89902762181404,1,0,42
201105900,4,1,0,0,1,0,0,3,2,2,4,10.5743278125172,2,0,42
201105901,3,0,-1,0,1,0,0,5,1,3,3,8.34307787116938,1,0,42
201105902,4,1,0,0,2,0,1,3,2,2,4,11.034883048582,3,0,42
201105903,4,1,0,0,1,0,0,5,2,3,4,9.25922576970599,1,0,42
201105904,5,1,1,1,0,1,0,5,1,3,3,9.68470945873156,1,0,42
201105905,5,1,1,1,2,1,1,2,2,2,4,,1,0,42
201105906,4,1,0,0,1,0,0,5,1,2,4,9.90353755128617,1,0,42
201105907,5,1,1,1,1,0,0,5,2,3,3,10.6306928415265,2,0,42
201105908,3,0,-1,0,2,1,1,5,2,4,3,10.2702464817622,2,0,42
201105909,5,1,1,1,1,1,0,5,2,4,5,9.93433884818329,1,0,42
201105910,4,1,0,0,1,1,0,5,1,1,2,11.0851369194452,3,0,42
201105911,4,1,0,0,1,0,0,3,1,2,3,10.1811571672049,2,0,42
201105912,4,1,0,0,1,0,0,4,3,3,5,7.93773177526011,1,0,42
201105913,4,1,0,0,1,1,0,5,5,1,5,10.7235995321936,2,0,42
201105914,5,1,1,1,1,0,0,3,3,3,5,9.10509096125709,1,0,42
201105915,2,0,-2,0,1,1,0,5,2,3,5,10.0467650472398,2,0,42
201105916,3,0,-1,0,1,1,0,3,1,2,4,10.066575353399,2,0,42
201105917,5,1,1,1,1,2,0,5,1,2,5,10.0389358567112,2,0,42
201105918,5,1,1,1,1,1,0,5,1,3,5,10.3893408615128,2,0,42
201105919,5,1,1,1,1,0,0,2,1,2,1,10.3614929766562,2,0,42
201105920,4,1,0,0,1,0,0,4,2,2,4,9.01505514879037,1,0,42
201105921,4,1,0,0,1,1,0,5,2,2,4,9.58884529850156,1,0,42
201105922,4,1,0,0,1,0,0,5,1,9,,8.53719187792293,1,0,42
201105923,4,1,0,0,1,0,0,4,2,2,4,10.3885645062793,2,0,42
201105924,5,1,1,1,1,0,0,1,1,2,5,9.38016753118845,1,0,42
201105925,4,1,0,0,1,0,0,4,2,2,5,8.80101783354071,1,0,42
201105926,4,1,0,0,1,0,0,5,1,1,2,10.2646872443463,2,0,42
201105927,5,1,1,1,1,0,0,5,1,3,5,10.442200679789,2,0,42
201105928,4,1,0,0,1,1,0,3,1,1,4,10.2256245489155,2,0,42
201105929,4,1,0,0,1,1,0,,2,9,,6.47850964220857,1,0,42
201105930,3,0,-1,0,1,0,0,2,2,2,,9.52888081808486,1,0,42
201105931,3,0,-1,0,1,0,0,,2,9,,7.09090982207998,1,0,42
201105932,5,1,1,1,1,0,0,5,1,2,4,10.1318489515503,2,0,42
201105933,4,1,0,0,1,1,0,3,2,3,4,10.1162170655015,2,0,42
201105934,4,1,0,0,1,0,0,3,3,2,4,10.8474129065069,2,0,42
201105935,4,1,0,0,1,0,0,5,1,3,3,10.7453734172261,2,0,42
201105936,4,1,0,0,1,0,0,5,2,2,4,9.17481681590714,1,0,42
201105937,3,0,-1,0,1,0,0,5,5,1,5,8.90937040519747,1,0,42
201105938,4,1,0,0,1,0,0,,3,3,4,9.65509029374725,1,0,42
201105939,2,0,-2,0,1,1,0,5,2,2,2,8.58876938990546,1,0,42
201105940,4,1,0,0,1,1,0,5,5,4,4,,1,0,42
201105941,4,1,0,0,1,0,0,4,2,2,4,10.1445103139376,2,0,42
201105942,4,1,0,0,0,0,0,,2,9,,0,1,0,42
201105943,5,1,1,1,1,1,0,5,2,2,5,9.8255800636596,1,0,42
201105944,4,1,0,0,1,0,0,2,1,2,5,10.8584985718908,2,0,42
201105945,4,1,0,0,1,0,0,3,2,2,2,10.7750947584787,2,0,42
201105946,5,1,1,1,1,0,0,5,5,3,5,10.558454915523,2,0,42
201105947,4,1,0,0,1,0,0,5,1,2,4,9.47278155656217,1,0,42
201105948,4,1,0,0,1,0,0,3,2,2,4,8.49719454490955,1,0,42
201105949,5,1,1,1,1,0,0,3,1,3,5,9.47278155656217,1,0,42
201105950,5,1,1,1,1,0,0,5,2,4,5,10.1269941629364,2,0,42
201105951,5,1,1,1,1,0,0,5,2,2,4,8.96966910379376,1,0,42
201105952,2,0,-2,0,1,0,0,5,1,4,2,8.21093973337902,1,0,42
201105953,5,1,1,1,1,0,0,5,2,5,4,8.38958706681109,1,0,42
201105954,,,,,1,1,0,4,2,9,4,9.37763288975038,1,0,42
201105955,4,1,0,0,1,0,0,3,2,2,2,11.1673177358936,3,0,42
201105956,5,1,1,1,1,0,0,1,1,1,5,10.3129778818939,2,0,42
201105957,4,1,0,0,1,0,0,4,2,9,,8.30671904320269,1,0,42
201105958,4,1,0,0,0,0,0,,2,9,,7.74109909003537,1,0,42
201105959,5,1,1,1,1,0,0,4,4,2,4,9.64478158832086,1,0,42
201105960,5,1,1,1,0,1,0,3,3,2,5,9.90403740134156,1,0,42
201105961,4,1,0,0,1,0,0,,2,9,2,10.181357408864,2,0,42
201105962,2,0,-2,0,1,1,0,3,1,2,4,6.82546003625531,1,0,42
201105963,4,1,0,0,1,0,0,3,2,2,4,9.07119324056602,1,0,42
201105964,3,0,-1,0,1,0,0,5,1,3,3,8.56312212330464,1,0,42
201105965,4,1,0,0,1,0,0,3,3,2,3,8.43315919580623,1,0,42
201105966,5,1,1,1,0,1,0,4,2,2,4,10.6575495701489,2,0,42
201105967,5,1,1,1,1,0,0,1,1,2,5,10.1697289067531,2,0,42
201105968,4,1,0,0,0,0,0,5,1,3,5,,1,0,42
201105969,5,1,1,1,0,1,0,5,2,2,4,10.6128615430922,2,0,42
201105970,5,1,1,1,1,1,0,1,1,3,5,9.70509758756311,1,0,42
201105971,4,1,0,0,1,0,0,1,1,2,4,9.2975267336551,1,0,42
201105972,5,1,1,1,1,0,0,5,2,2,4,8.34307787116938,1,0,42
201105973,5,1,1,1,3,0,1,2,2,3,5,10.9487949305745,3,0,42
201105974,3,0,-1,0,1,0,0,3,1,2,3,9.51263686023533,1,0,42
201105975,4,1,0,0,1,1,0,5,1,9,4,9.11173476822206,1,0,42
201105976,4,1,0,0,0,1,0,3,2,3,4,10.8986319200332,2,0,42
201105977,3,0,-1,0,0,0,0,5,1,3,3,10.9055529464623,2,0,42
201105978,4,1,0,0,2,0,1,5,2,9,4,7.40306109109009,1,0,42
201105979,3,0,-1,0,2,0,1,4,2,2,3,8.66922734727174,1,0,42
201105980,4,1,0,0,1,1,0,1,3,2,2,10.4846022698302,2,0,42
201105981,,,,,1,0,0,,2,9,,6.11146733950268,1,0,42
201105982,4,1,0,0,1,0,0,2,2,2,4,10.6213175323761,2,0,42
201105983,4,1,0,0,1,0,0,5,2,1,1,9.8116799619669,1,0,42
201105984,4,1,0,0,1,1,0,5,2,2,4,8.74049672993181,1,0,42
201105985,5,1,1,1,1,0,0,3,1,1,4,8.29429960885724,1,0,42
201105986,3,0,-1,0,1,0,0,3,4,9,5,9.87822102528824,1,0,42
201105987,4,1,0,0,1,0,0,4,1,2,,8.21635833238616,1,0,42
201105988,4,1,0,0,1,1,0,2,2,2,3,11.3398101503829,3,0,42
201105989,5,1,1,1,2,0,1,4,2,1,5,11.4718070398,3,1,43
201105990,5,1,1,1,3,1,1,3,4,2,5,11.6945681455465,3,1,43
201105991,3,0,-1,0,2,0,1,1,5,1,3,10.8277662951325,2,1,43
201105992,4,1,0,0,2,1,1,3,2,2,4,10.6563269350501,2,1,43
201105993,4,1,0,0,1,0,0,3,2,3,3,6.68586094706836,1,1,43
201105994,3,0,-1,0,1,1,0,4,1,2,2,9.91348738711446,1,1,43
201105995,4,1,0,0,2,0,1,3,1,2,4,9.51789859843275,1,1,43
201105996,5,1,1,1,1,1,0,5,1,2,3,10.4257019445708,2,1,43
201105997,4,1,0,0,2,1,1,5,2,2,2,10.4968420217417,2,1,43
201105998,4,1,0,0,1,0,0,3,2,1,3,9.12706745278236,1,1,43
201105999,5,1,1,1,2,1,1,4,2,2,5,10.1999187396202,2,1,43
201106000,4,1,0,0,2,0,1,4,4,1,4,10.5840812670245,2,1,43
201106001,3,0,-1,0,0,0,0,3,2,3,3,10.5119207151551,2,1,43
201106002,5,1,1,1,2,0,1,2,2,1,5,6.90875477931522,1,1,43
201106003,4,1,0,0,2,0,1,2,2,2,2,10.5453677541517,2,1,43
201106004,5,1,1,1,0,0,0,5,4,9,5,9.39274525863144,1,1,43
201106005,5,1,1,1,1,0,0,5,2,2,5,10.2330517058555,2,1,43
201106006,4,1,0,0,1,0,0,2,2,3,5,9.43356392009056,1,1,43
201106007,5,1,1,1,2,1,1,4,2,2,5,12.1261366899709,3,1,43
201106008,4,1,0,0,1,1,0,5,3,2,5,11.0369946169175,3,1,43
201106009,4,1,0,0,2,0,1,2,3,3,4,10.6525660054169,2,1,43
201106010,5,1,1,1,2,0,1,5,4,2,5,12.3510427410305,3,1,43
201106011,4,1,0,0,0,0,0,4,2,2,5,0,1,1,43
201106012,4,1,0,0,2,0,1,4,2,3,4,9.47278155656217,1,1,43
201106013,5,1,1,1,2,0,1,3,4,2,5,10.3255147489433,2,1,43
201106014,4,1,0,0,1,0,0,5,2,2,4,9.64865981695529,1,1,43
201106015,4,1,0,0,1,0,0,2,2,2,5,11.5278239296322,3,1,43
201106016,4,1,0,0,2,0,1,5,2,2,4,9.69590972432601,1,1,43
201106017,4,1,0,0,2,0,1,5,2,2,4,10.1346389552519,2,1,43
201106018,5,1,1,1,1,0,0,5,4,2,5,9.84166533889278,1,1,43
201106019,5,1,1,1,2,1,1,3,2,2,5,10.6863438513707,2,1,43
201106020,4,1,0,0,2,1,1,3,2,2,2,9.51613246360028,1,1,43
201106021,3,0,-1,0,1,0,0,5,2,3,3,10.3490063601015,2,1,43
201106022,5,1,1,1,1,1,0,5,2,2,4,9.91150532412971,1,1,43
201106023,2,0,-2,0,2,0,1,1,2,2,3,10.2399955028053,2,1,43
201106024,5,1,1,1,2,0,1,5,2,2,5,10.3417747410115,2,1,43
201106025,2,0,-2,0,1,1,0,3,2,2,4,9.39274525863144,1,1,43
201106026,5,1,1,1,3,1,1,2,3,1,4,10.6643167457829,2,1,43
201106027,5,1,1,1,1,0,0,4,2,1,2,9.83633227734872,1,1,43
201106028,4,1,0,0,2,0,1,4,2,2,2,10.4103352749329,2,1,43
201106029,5,1,1,1,1,0,0,5,2,2,3,0,1,1,43
201106030,5,1,1,1,1,1,0,5,2,2,5,9.87822102528824,1,1,43
201106031,5,1,1,1,2,1,1,4,2,2,5,11.0933371072628,3,1,43
201106032,4,1,0,0,2,1,1,5,2,2,4,8.90937040519747,1,1,43
201106033,4,1,0,0,1,1,0,2,1,3,4,9.82016028994637,1,1,43
201106034,5,1,1,1,3,0,1,3,2,2,5,7.17088847851251,1,1,43
201106035,4,1,0,0,2,1,1,5,2,2,4,10.5132802977009,2,1,43
201106036,4,1,0,0,3,1,1,3,2,3,3,10.3089859934221,2,1,43
201106037,5,1,1,1,1,1,0,5,3,2,5,9.21044036697652,1,1,43
201106038,4,1,0,0,2,1,1,2,3,2,3,11.3408112913847,3,1,43
201106039,5,1,1,1,1,0,0,3,2,2,5,7.60140233458373,1,1,43
201106040,4,1,0,0,2,0,1,5,2,3,4,10.1313784890386,2,1,43
201106041,4,1,0,0,2,1,1,1,2,2,4,9.37593955262575,1,1,43
201106042,5,1,1,1,3,1,1,3,2,2,4,10.5170301618486,2,1,43
201106043,4,1,0,0,1,0,0,5,2,2,3,10.0858507751287,2,1,43
201106044,5,1,1,1,1,0,0,4,2,2,5,10.9902919247787,3,1,43
201106045,5,1,1,1,2,0,1,2,3,2,5,10.7885392948818,2,1,43
201106046,3,0,-1,0,1,0,0,3,2,9,3,10.7752691622399,2,1,43
201106047,5,1,1,1,2,0,1,2,2,2,5,10.3182757321051,2,1,43
201106048,3,0,-1,0,2,0,1,1,2,3,5,11.1704492404313,3,1,43
201106049,4,1,0,0,2,0,1,2,2,2,5,10.6970123076229,2,1,43
201106050,5,1,1,1,1,0,0,5,5,1,5,10.0951817155767,2,1,43
201106051,5,1,1,1,2,0,1,2,2,1,5,8.81001204797317,1,1,43
201106052,5,1,1,1,2,1,1,4,2,2,5,10.2328272702548,2,1,43
201106053,4,1,0,0,1,0,0,5,3,3,4,9.98049488889691,1,1,43
201106054,5,1,1,1,2,0,1,3,2,2,5,10.5718890771067,2,1,43
201106055,2,0,-2,0,2,0,1,3,1,3,3,11.0187109789462,3,1,43
201106056,4,1,0,0,2,0,1,3,2,2,5,10.9349089166639,3,1,43
201106057,4,1,0,0,1,0,0,3,2,9,4,9.57505292759738,1,1,43
201106058,4,1,0,0,1,1,0,4,2,2,4,10.6643167457829,2,1,43
201106059,4,1,0,0,1,1,0,4,2,2,4,10.2681653877435,2,1,43
201106060,5,1,1,1,1,0,0,4,1,3,5,9.38437770918244,1,1,43
201106061,5,1,1,1,2,1,1,5,2,2,5,10.8077259458861,2,1,43
201106062,4,1,0,0,3,0,1,2,4,3,3,10.8127738102574,2,1,43
201106063,5,1,1,1,3,1,1,3,2,2,5,10.9556544259613,3,1,43
201106064,4,1,0,0,1,1,0,4,2,2,4,10.4042931430198,2,1,43
201106065,3,0,-1,0,3,1,1,1,2,2,4,9.6678285081515,1,1,43
201106066,5,1,1,1,3,1,1,1,2,4,5,10.1960065167423,2,1,43
201106067,5,1,1,1,1,2,0,4,2,2,5,10.6118204073739,2,1,43
201106068,5,1,1,1,1,0,0,5,2,3,5,11.5540217468703,3,1,43
201106069,4,1,0,0,1,1,0,5,2,9,4,0,1,1,43
201106070,5,1,1,1,0,1,0,5,2,2,5,9.44153145486969,1,1,43
201106071,4,1,0,0,0,1,0,5,3,2,5,10.4133427055477,2,1,43
201106072,4,1,0,0,1,0,0,5,2,2,2,10.6574710971994,2,1,43
201106073,5,1,1,1,0,0,0,5,4,9,5,9.95232533461943,1,1,43
201106074,4,1,0,0,2,0,1,3,2,2,4,10.4857311049596,2,1,43
201106075,4,1,0,0,2,1,1,2,2,4,4,11.3217770659733,3,1,43
201106076,4,1,0,0,1,1,0,3,1,2,3,10.9078074765836,2,1,43
201106077,5,1,1,1,1,0,0,5,2,1,3,8.47135865507244,1,1,43
201106078,5,1,1,1,1,1,0,5,1,2,5,10.6282401350114,2,1,43
201106079,2,0,-2,0,2,1,1,1,3,2,3,10.7144399907278,2,1,43
201106080,3,0,-1,0,2,0,1,5,3,3,4,11.5278239296322,3,1,43
201106081,5,1,1,1,3,1,1,2,2,1,5,12.1756185926714,3,1,43
201106082,2,0,-2,0,1,0,0,3,2,2,4,11.5327378961399,3,1,43
201106083,5,1,1,1,3,0,1,2,2,2,5,12.254867571593,3,1,43
201106084,5,1,1,1,3,0,1,3,3,2,4,11.6417671279833,3,1,43
201106085,5,1,1,1,1,2,0,2,4,1,4,10.8628569307754,2,1,43
201106086,5,1,1,1,2,1,1,3,2,2,4,11.1124628236349,3,1,43
201106087,5,1,1,1,2,1,1,1,5,2,5,10.4311997914585,2,1,43
201106088,4,1,0,0,2,1,1,3,2,3,4,11.0974251724089,3,1,43
201106089,4,1,0,0,2,0,1,3,2,2,4,10.5606188788917,2,1,43
201106090,5,1,1,1,2,0,1,2,3,2,5,10.1773622402567,2,1,43
201106091,4,1,0,0,2,1,1,5,2,2,4,11.9103431752908,3,1,43
201106092,5,1,1,1,1,1,0,4,4,2,5,11.4353646877784,3,1,43
201106093,4,1,0,0,3,1,1,5,4,2,4,10.7210843862827,2,1,43
201106094,4,1,0,0,3,0,1,5,2,2,2,12.9650577467829,3,1,43
201106095,5,1,1,1,1,1,0,5,2,2,5,7.86365126544865,1,1,43
201106096,4,1,0,0,1,1,0,5,4,2,5,10.7748018387628,2,1,43
201106097,5,1,1,1,1,2,0,5,2,2,5,9.78700991447743,1,1,43
201106098,5,1,1,1,1,1,0,5,2,2,5,7.37838371299671,1,1,43
201106099,5,1,1,1,2,1,1,3,2,3,5,9.97212702825282,1,1,43
201106100,5,1,1,1,2,0,1,3,1,2,5,11.0974251724089,3,1,43
201106101,4,1,0,0,2,0,1,2,2,2,4,10.8023206897495,2,1,43
201106102,4,1,0,0,2,0,1,2,3,2,4,9.51051903575725,1,1,43
201106103,4,1,0,0,2,0,1,3,2,4,4,10.8612692551161,2,1,43
201106104,5,1,1,1,2,0,1,3,2,3,5,10.4913019948302,2,1,43
201106105,5,1,1,1,1,0,0,1,2,2,5,10.1581685298485,2,1,43
201106106,5,1,1,1,2,1,1,3,4,2,3,,1,1,43
201106107,4,1,0,0,1,1,0,5,3,3,4,,1,1,43
201106108,4,1,0,0,1,0,0,3,4,2,5,10.6406755416717,2,1,43
201106109,5,1,1,1,1,0,0,5,2,2,4,8.50416889859185,1,0,43
201106110,3,0,-1,0,1,0,0,4,2,3,5,9.53249633228804,1,0,43
201106111,5,1,1,1,0,1,0,5,2,2,5,7.60140233458373,1,0,43
201106112,2,0,-2,0,1,1,0,5,1,2,4,8.74193546409414,1,0,43
201106113,4,1,0,0,1,1,0,3,2,2,4,8.41205487329293,1,0,43
201106114,3,0,-1,0,1,0,0,5,3,3,4,9.91595945403145,1,0,43
201106115,4,1,0,0,2,1,1,5,1,2,4,11.7158744721989,3,0,43
201106116,5,1,1,1,1,1,0,3,2,2,5,11.48925757717,3,0,43
201106117,4,1,0,0,3,0,1,3,2,2,4,10.9543266597326,3,0,43
201106118,5,1,1,1,2,1,1,3,2,2,3,10.6021445262697,2,0,43
201106119,4,1,0,0,2,1,1,5,2,2,4,10.2474672517903,2,0,43
201106120,4,1,0,0,1,0,0,5,3,3,4,10.6572828840475,2,0,43
201106121,5,1,1,1,1,1,0,5,2,3,5,9.7981825908907,1,0,43
201106122,4,1,0,0,1,1,0,5,3,2,3,9.22038970782918,1,0,43
201106123,4,1,0,0,3,1,1,4,3,2,4,11.0913462187184,3,0,43
201106124,3,0,-1,0,1,0,0,3,2,2,5,10.3233047735418,2,0,43
201106125,5,1,1,1,1,0,0,3,2,3,4,9.93309489728879,1,0,43
201106126,4,1,0,0,1,1,0,3,3,3,3,10.7133605260405,2,0,43
201106127,4,1,0,0,0,0,0,5,2,3,4,7.43897159239586,1,0,43
201106128,2,0,-2,0,2,2,1,3,1,2,1,10.1562287402893,2,0,43
201106129,5,1,1,1,2,0,1,5,2,2,5,10.5240909216204,2,1,43
201106130,5,1,1,1,3,1,1,5,4,3,5,10.655870155127,2,1,43
201106131,4,1,0,0,1,0,0,3,2,2,4,10.5995509845108,2,1,43
201106132,4,1,0,0,1,1,0,5,2,2,4,10.5558387799034,2,1,43
201106133,5,1,1,1,2,0,1,5,2,2,5,9.10509096125709,1,1,43
201106134,2,0,-2,0,1,1,0,4,2,4,2,9.92822894442457,1,1,43
201106135,5,1,1,1,1,0,0,3,3,2,5,9.51789859843275,1,1,43
201106136,5,1,1,1,1,0,0,3,2,2,5,7.60165217843263,1,1,43
201106137,4,1,0,0,1,1,0,4,2,2,5,11.2670377141754,3,1,43
201106138,4,1,0,0,1,0,0,5,1,2,5,10.528284477353,2,1,43
201106139,4,1,0,0,1,1,0,5,2,2,3,9.63567346472181,1,1,43
201106140,2,0,-2,0,1,0,0,3,2,2,2,10.3089859934221,2,1,43
201106141,5,1,1,1,2,0,1,2,2,2,4,10.0837653556208,2,1,43
201106142,4,1,0,0,1,1,0,3,2,2,4,10.1266711030504,2,1,43
201106143,4,1,0,0,2,0,1,3,2,2,5,9.01201137703641,1,1,43
201106144,4,1,0,0,1,0,0,5,2,2,3,8.07121853996986,1,1,43
201106145,4,1,0,0,1,1,0,5,2,3,4,10.7828332050373,2,1,43
201106146,4,1,0,0,1,0,0,2,3,1,5,9.23024103368252,1,1,43
201106147,4,1,0,0,1,0,0,5,3,2,4,7.93056585423397,1,1,43
201106148,5,1,1,1,3,0,1,2,3,2,4,10.814383760093,2,1,43
201106149,3,0,-1,0,1,0,0,5,1,2,3,10.0686076468508,2,1,43
201106150,4,1,0,0,1,0,0,4,2,2,3,11.3022167792574,3,1,43
201106151,4,1,0,0,2,1,1,5,2,2,4,10.5961596202478,2,1,43
201106152,4,1,0,0,1,0,0,5,3,2,5,10.7057159550523,2,1,43
201106153,4,1,0,0,3,1,1,5,2,2,4,9.13248693277132,1,1,43
201106154,5,1,1,1,1,1,0,5,2,2,5,10.9268268276725,3,1,43
201106155,4,1,0,0,1,0,0,3,2,2,4,,1,0,43
201106156,5,1,1,1,0,1,0,4,2,2,4,10.1151125979594,2,0,43
201106157,5,1,1,1,0,1,0,5,1,2,5,10.734708770783,2,0,43
201106158,5,1,1,1,0,1,0,1,2,2,4,11.654173259442,3,0,43
201106159,4,1,0,0,1,1,0,5,2,2,4,10.1601045639079,2,0,43
201106160,4,1,0,0,2,1,1,3,2,2,5,10.6805392053183,2,0,43
201106161,5,1,1,1,0,1,0,5,1,3,5,10.1248513961096,2,0,43
201106162,4,1,0,0,1,0,0,5,2,3,4,8.25608813381491,1,0,43
201106163,5,1,1,1,1,0,0,5,4,3,5,9.8730798901147,1,0,43
201106164,5,1,1,1,1,0,0,5,3,2,5,10.4204893767498,2,0,43
201106165,4,1,0,0,1,0,0,5,2,3,3,10.1488827824667,2,0,43
201106166,4,1,0,0,1,0,0,5,2,4,4,10.3494865511666,2,0,43
201106167,5,1,1,1,1,1,0,2,2,2,5,9.65188022422134,1,0,43
201106168,4,1,0,0,0,0,0,5,2,9,,8.18896686364888,1,0,43
201106169,4,1,0,0,1,0,0,5,2,2,3,10.4237980523133,2,0,43
201106170,4,1,0,0,1,0,0,5,2,2,4,10.5456589253109,2,0,43
201106171,4,1,0,0,0,0,0,5,2,4,4,12.6963720402634,3,0,43
201106172,4,1,0,0,2,1,1,1,2,2,5,11.195698607887,3,0,43
201106173,5,1,1,1,1,0,0,5,1,3,5,12.1029152567606,3,0,43
201106174,5,1,1,1,1,0,0,1,2,2,4,11.1579011668943,3,0,43
201106175,3,0,-1,0,1,0,0,5,2,3,4,11.2509761144141,3,0,43
201106176,1,0,-3,0,1,0,0,5,4,3,4,10.5640960050482,2,0,43
201106177,3,0,-1,0,0,1,0,3,2,2,3,8.86799089818209,1,0,43
201106178,2,0,-2,0,1,1,0,5,2,3,2,9.88766300218916,1,0,43
201106179,3,0,-1,0,1,0,0,5,2,2,4,9.9480306152868,1,0,43
201106180,3,0,-1,0,1,0,0,5,2,4,4,6.21660610108487,1,0,43
201106181,4,1,0,0,1,0,0,3,2,3,5,8.96200720958831,1,0,43
201106182,5,1,1,1,1,1,0,5,2,2,4,11.1657905838607,3,0,43
201106183,4,1,0,0,0,0,0,5,2,4,4,10.3682165531668,2,0,43
201106184,4,1,0,0,1,1,0,2,2,2,5,10.7382860240385,2,0,43
201106185,4,1,0,0,1,0,0,4,2,2,3,10.0711606763243,2,0,43
201106186,4,1,0,0,1,1,0,4,2,2,4,10.521036317851,2,0,43
201106187,4,1,0,0,1,1,0,4,2,2,4,10.8150672046802,2,0,43
201106188,5,1,1,1,0,1,0,4,2,3,5,10.1590143420129,2,0,43
201106189,3,0,-1,0,1,0,0,5,1,2,4,10.2146786105388,2,0,43
201106190,5,1,1,1,1,1,0,1,2,1,5,9.24965723435313,1,0,43
201106191,4,1,0,0,2,0,1,4,3,2,4,8.20001364817543,1,0,43
201106192,4,1,0,0,1,0,0,5,4,3,5,10.4225212725238,2,0,43
201106193,4,1,0,0,1,1,0,4,3,2,4,8.97221007835365,1,0,43
201106194,5,1,1,1,1,1,0,5,2,3,5,10.0301642553626,1,0,43
201106195,5,1,1,1,1,1,0,5,2,2,5,10.9344151259844,3,1,43
201106196,4,1,0,0,1,1,0,5,2,2,3,10.9474782345199,3,1,43
201106197,5,1,1,1,2,1,1,5,2,2,4,11.1005983514376,3,1,43
201106198,5,1,1,1,1,1,0,5,2,2,4,9.55184283476513,1,1,43
201106199,4,1,0,0,1,1,0,1,2,2,2,10.5453677541517,2,1,43
201106200,4,1,0,0,1,1,0,5,3,2,4,10.6643167457829,2,1,43
201106201,5,1,1,1,1,0,0,4,2,2,5,7.78364059622125,1,1,43
201106202,4,1,0,0,1,1,0,3,2,2,5,8.72599438101457,1,1,43
201106203,4,1,0,0,1,0,0,5,4,3,3,9.60245002503719,1,1,43
201106204,5,1,1,1,1,0,0,4,2,2,5,9.61587214452889,1,1,43
201106205,4,1,0,0,1,0,0,5,1,9,5,10.392098241731,2,1,43
201106206,5,1,1,1,1,0,0,4,2,2,5,9.32414013771363,1,1,43
201106207,5,1,1,1,2,0,1,3,2,2,4,9.32375833901174,1,1,43
201106208,4,1,0,0,1,0,0,5,2,2,2,11.0613884606727,3,1,43
201106209,5,1,1,1,2,1,1,5,4,2,4,9.76428295481558,1,1,43
201106210,5,1,1,1,1,0,0,4,2,2,4,9.3737589650147,1,1,43
201106211,3,0,-1,0,2,0,1,3,1,2,2,12.6224809907368,3,1,43
201106212,4,1,0,0,3,0,1,5,2,2,4,11.5473365534766,3,1,43
201106213,2,0,-2,0,1,0,0,4,1,4,2,10.176601523625,2,1,43
201106214,4,1,0,0,3,1,1,3,2,2,4,9.90353755128617,1,1,43
201106215,4,1,0,0,1,1,0,4,2,2,3,9.84551472167071,1,1,43
201106216,4,1,0,0,1,1,0,3,2,3,4,11.121075221291,3,1,43
201106217,4,1,0,0,1,1,0,4,2,2,4,7.49609734517596,1,1,43
201106218,5,1,1,1,1,1,0,2,5,2,5,9.63760232624333,1,1,43
201106219,4,1,0,0,1,0,0,2,2,2,4,10.7117729548692,2,1,43
201106220,5,1,1,1,2,0,1,5,2,2,4,10.7748734220462,2,1,43
201106221,4,1,0,0,1,1,0,5,2,2,4,10.2041105291207,2,1,43
201106222,4,1,0,0,1,1,0,5,1,2,4,9.60245002503719,1,1,43
201106223,4,1,0,0,2,1,1,3,3,3,2,10.0315900753216,1,1,43
201106224,4,1,0,0,2,0,1,4,3,2,4,10.4801290063332,2,1,43
201106225,5,1,1,1,1,0,0,5,2,4,5,7.82444593087762,1,1,43
201106226,5,1,1,1,3,1,1,5,2,4,5,10.4843335197589,2,1,43
201106227,5,1,1,1,1,0,0,4,2,2,4,10.3258425533126,2,1,43
201106228,5,1,1,1,1,0,0,4,2,2,4,10.568775236217,2,1,43
201106229,5,1,1,1,2,0,1,3,2,2,5,12.1007176854125,3,1,43
201106230,4,1,0,0,1,1,0,5,1,2,4,9.19532825185568,1,1,43
201106231,4,1,0,0,1,0,0,4,2,2,5,10.9490681946524,3,1,43
201106232,4,1,0,0,3,0,1,2,2,2,4,11.0509058782636,3,1,43
201106233,4,1,0,0,1,0,0,4,2,2,5,7.60140233458373,1,1,43
201106234,4,1,0,0,1,0,0,4,2,2,4,10.5116541052389,2,1,43
201106235,4,1,0,0,1,0,0,2,4,2,5,0,1,1,43
201106236,4,1,0,0,1,0,0,4,2,9,4,10.0497932551257,2,1,43
201106237,4,1,0,0,1,1,0,5,2,2,5,9.90353755128617,1,1,43
201106238,4,1,0,0,1,1,0,3,2,4,3,10.3090526556446,2,1,43
201106239,3,0,-1,0,2,1,1,5,2,2,4,9.94275634145683,1,1,43
201106240,3,0,-1,0,3,1,1,4,2,4,4,11.0035951419555,3,1,43
201106241,4,1,0,0,1,1,0,5,2,2,4,10.6201315090075,2,1,43
201106242,5,1,1,1,1,0,0,5,2,2,5,10.5319148413452,2,1,43
201106243,4,1,0,0,2,0,1,4,2,2,4,9.57505292759738,1,1,43
201106244,5,1,1,1,2,0,1,2,4,2,5,7.31388683163346,1,1,43
201106245,2,0,-2,0,1,1,0,4,2,2,4,10.6871835957987,2,1,43
201106246,4,1,0,0,1,0,0,3,2,2,4,10.6501991964258,2,1,43
201106247,5,1,1,1,2,1,1,4,2,2,4,9.14857134557855,1,1,43
201106248,5,1,1,1,1,1,0,5,2,2,5,10.8089847747442,2,1,43
201106249,5,1,1,1,2,1,1,3,2,2,4,9.56106766364501,1,1,43
201106250,5,1,1,1,3,1,1,3,2,3,5,10.0816755780485,2,1,43
201106251,5,1,1,1,2,0,1,3,2,2,5,11.2644769261024,3,1,43
201106252,4,1,0,0,2,1,1,5,2,2,5,9.92333919823873,1,1,43
201106253,2,0,-2,0,1,0,0,5,2,9,2,11.1973108442921,3,1,43
201106254,5,1,1,1,2,0,1,3,2,2,5,10.8137803326066,2,1,43
201106255,4,1,0,0,1,1,0,5,3,2,4,9.21044036697652,1,1,43
201106256,5,1,1,1,2,1,1,1,2,4,4,10.5966597327836,2,1,43
201106257,5,1,1,1,3,1,1,3,4,2,4,10.6310603141111,2,1,43
201106258,5,1,1,1,1,1,0,2,2,2,4,9.6678285081515,1,1,43
201106259,4,1,0,0,2,1,1,5,2,2,4,10.6323452173277,2,1,43
201106260,4,1,0,0,2,1,1,4,2,2,5,10.4532550044167,2,1,43
201106261,5,1,1,1,1,1,0,4,2,2,5,10.5374418982833,2,1,43
201106262,4,1,0,0,2,0,1,3,2,3,4,7.62119516280985,1,1,43
201106263,3,0,-1,0,3,1,1,4,3,2,3,11.6136844096208,3,1,43
201106264,4,1,0,0,2,0,1,5,2,2,4,11.5119349745966,3,1,43
201106265,4,1,0,0,2,0,1,5,2,2,2,11.3157054756343,3,1,43
201106266,5,1,1,1,2,0,1,4,2,2,4,9.56998150811715,1,1,43
201106267,4,1,0,0,1,0,0,5,2,2,4,9.30574145673943,1,1,43
201106268,4,1,0,0,1,1,0,5,2,2,4,10.3797527869509,2,1,43
201106269,4,1,0,0,1,0,0,3,2,2,5,8.18896686364888,1,1,43
201106270,4,1,0,0,1,0,0,5,2,9,4,9.39274525863144,1,1,43
201106271,5,1,1,1,1,0,0,4,2,2,4,9.92813881518624,1,1,43
201106272,5,1,1,1,2,0,1,2,2,2,4,10.9379251427641,3,1,43
201106273,5,1,1,1,2,0,1,3,2,2,5,10.9612952076444,3,1,43
201106274,4,1,0,0,1,0,0,5,2,2,4,9.7981825908907,1,1,43
201106275,4,1,0,0,1,0,0,5,2,9,4,9.33719541351483,1,1,43
201106276,4,1,0,0,1,1,0,5,2,2,4,10.5610334618531,2,1,43
201106277,5,1,1,1,2,0,1,3,2,2,4,10.0982727807453,2,1,43
201106278,4,1,0,0,3,0,1,3,2,2,4,10.3577745703416,2,1,43
201106279,4,1,0,0,2,0,1,4,2,3,4,7.80425138352811,1,1,43
201106280,4,1,0,0,1,0,0,4,2,2,4,9.57505292759738,1,1,43
201106281,5,1,1,1,2,0,1,5,3,3,5,10.3158364002291,2,1,43
201106282,5,1,1,1,1,0,0,5,2,2,4,9.53213397405673,1,1,43
201106283,5,1,1,1,1,1,0,3,2,2,5,9.39938924951956,1,1,43
201106284,4,1,0,0,1,1,0,3,2,2,2,9.55456817061316,1,1,43
201106285,5,1,1,1,1,1,0,5,1,2,5,10.8566305098134,2,1,43
201106286,4,1,0,0,3,1,1,3,2,2,4,10.8029189931227,2,1,43
201106287,5,1,1,1,1,1,0,5,2,2,4,10.1397788237908,2,1,43
201106288,5,1,1,1,2,1,1,3,2,2,5,11.7667117575508,3,1,43
201106289,4,1,0,0,1,1,0,5,2,3,4,10.2868736592171,2,1,43
201106290,4,1,0,0,2,1,1,5,2,2,4,10.0239780308708,1,1,43
201106291,4,1,0,0,0,1,0,5,2,2,4,7.2868764117507,1,1,43
201106292,4,1,0,0,2,1,1,5,2,2,4,10.3797527869509,2,1,43
201106293,4,1,0,0,2,1,1,3,2,2,4,12.6031728653067,3,1,43
201106294,3,0,-1,0,3,1,1,3,3,2,4,11.2021520570951,3,1,43
201106295,4,1,0,0,1,0,0,5,3,3,4,9.68040649926887,1,1,43
201106296,4,1,0,0,1,0,0,3,2,2,5,10.9930165250102,3,1,43
201106297,4,1,0,0,2,0,1,5,5,2,3,9.21044036697652,1,1,43
201106298,3,0,-1,0,1,0,0,5,2,3,3,9.10609035060238,1,1,43
201106299,4,1,0,0,1,0,0,3,2,2,4,9.83318777971348,1,1,43
201106300,5,1,1,1,1,0,0,4,2,1,3,10.448817066067,2,0,43
201106301,4,1,0,0,1,1,0,3,1,2,4,10.7463340582746,2,0,43
201106302,4,1,0,0,1,0,0,3,2,3,4,8.37355374121463,1,0,43
201106303,4,1,0,0,1,1,0,2,1,2,4,9.46506010672514,1,0,43
201106304,5,1,1,1,2,0,1,4,2,1,3,12.7840081691041,3,0,43
201106305,5,1,1,1,1,0,0,5,2,1,5,10.9703836020403,3,0,43
201106306,4,1,0,0,1,1,0,3,2,2,5,10.2099512952784,2,0,43
201106307,4,1,0,0,1,0,0,2,2,2,5,10.5253919132878,2,0,43
201106308,4,1,0,0,0,1,0,3,1,3,5,9.65509029374725,1,0,43
201106309,4,1,0,0,1,2,0,3,1,3,4,11.3646139539663,3,0,43
201106310,4,1,0,0,1,1,0,3,1,1,4,8.20275638165564,1,0,43
201106311,5,1,1,1,1,0,0,5,1,3,5,4.61512051684126,1,0,43
201106312,4,1,0,0,1,1,0,5,2,2,5,10.6752694488121,2,0,43
201106313,3,0,-1,0,1,0,0,5,1,3,3,8.29429960885724,1,0,43
201106314,4,1,0,0,0,1,0,3,1,2,5,10.9418512717181,3,0,43
201106315,5,1,1,1,0,1,0,5,1,3,4,10.372842350731,2,0,43
201106316,4,1,0,0,0,0,0,3,1,2,5,10.7270385715608,2,0,43
201106317,4,1,0,0,1,0,0,4,1,2,3,11.7865432378234,3,0,43
201106318,5,1,1,1,1,1,0,4,1,2,5,8.47866024169945,1,0,43
201106319,5,1,1,1,1,1,0,5,1,9,,6.90875477931522,1,0,43
201106320,4,1,0,0,1,0,0,5,1,2,4,10.9854822573615,3,0,43
201106321,5,1,1,1,1,1,0,4,1,2,5,10.1487056581686,2,0,43
201106322,4,1,0,0,1,1,0,5,2,2,4,11.1264715405346,3,0,43
201106323,4,1,0,0,0,0,0,4,2,2,5,9.34583234141334,1,0,43
201106324,4,1,0,0,1,0,0,4,1,2,3,9.7161333532141,1,0,43
201106325,4,1,0,0,2,1,1,4,2,2,4,9.15915233520675,1,0,43
201106326,4,1,0,0,1,0,0,5,1,2,4,9.39024233725137,1,0,43
201106327,5,1,1,1,2,0,1,3,2,2,5,10.738842052663,2,0,43
201106328,4,1,0,0,1,1,0,3,1,2,4,10.8855847513647,2,0,43
201106329,4,1,0,0,1,0,0,5,1,2,4,10.3076518149112,2,0,43
201106330,4,1,0,0,0,1,0,4,2,2,4,8.31164394850298,1,0,43
201106331,4,1,0,0,1,1,0,4,1,1,5,11.097722708859,3,0,43
201106332,4,1,0,0,0,0,0,4,2,2,4,10.9372969795762,3,0,43
201106333,5,1,1,1,1,0,0,5,2,2,5,9.7109170132658,1,0,43
201106334,4,1,0,0,1,0,0,5,1,3,5,7.9728107841214,1,0,43
201106335,4,1,0,0,1,0,0,3,2,3,5,10.4496966840258,2,0,43
201106336,5,1,1,1,1,1,0,4,2,3,5,11.7691246102388,3,0,43
201106337,4,1,0,0,1,1,0,5,2,2,4,10.5002654672675,2,0,43
201106338,5,1,1,1,1,0,0,4,2,3,4,10.9253719135201,3,0,43
201106339,4,1,0,0,0,1,0,5,3,3,3,0,1,0,43
201106340,2,0,-2,0,1,1,0,1,2,1,2,9.42553239350277,1,0,43
201106341,4,1,0,0,2,0,1,5,1,9,4,7.69666708152646,1,0,43
201106342,1,0,-3,0,3,1,1,5,1,2,4,10.9539013964656,3,0,43
201106343,3,0,-1,0,1,0,0,5,1,4,3,7.45066079621154,1,0,43
201106344,3,0,-1,0,0,0,0,5,2,2,4,8.78124833323686,1,0,43
201106345,4,1,0,0,1,2,0,3,3,3,4,10.8855109409171,2,0,43
201106346,5,1,1,1,1,0,0,1,2,3,5,9.83332973099489,1,0,43
201106347,5,1,1,1,0,1,0,1,4,2,5,9.33055958704182,1,0,43
201106348,5,1,1,1,1,0,0,5,2,2,5,8.76201995356159,1,0,43
201106349,4,1,0,0,0,1,0,2,1,2,4,,1,0,43
201106350,4,1,0,0,1,1,0,4,1,2,4,9.59838800604728,1,0,43
201106351,5,1,1,1,1,0,0,5,1,1,5,10.1999187396202,2,0,43
201106352,5,1,1,1,2,0,1,3,2,2,4,10.2957323224734,2,0,43
201106353,5,1,1,1,0,0,0,5,1,9,5,8.86799089818209,1,0,43
201106354,5,1,1,1,1,1,0,5,1,4,5,9.84365782344898,1,0,43
201106355,4,1,0,0,0,1,0,3,2,2,4,10.9781735592565,3,0,43
201106356,5,1,1,1,2,1,1,4,2,2,5,9.57921064961479,1,0,43
201106357,5,1,1,1,1,0,0,5,1,1,2,11.6696289550315,3,0,43
201106358,3,0,-1,0,1,1,0,5,1,3,5,10.6598553390457,2,0,43
201106359,5,1,1,1,0,1,0,5,2,2,5,10.4497223604599,2,0,43
201106360,2,0,-2,0,0,0,0,3,3,4,2,9.96932210845767,1,0,43
201106361,4,1,0,0,1,0,0,1,2,2,4,10.0820938830826,2,0,43
201106362,4,1,0,0,1,1,0,1,1,3,5,10.1206532721638,2,0,43
201106363,3,0,-1,0,1,0,0,5,3,1,3,9.63895994386671,1,0,43
201106364,5,1,1,1,1,0,0,5,1,4,5,9.61919971315236,1,0,43
201106365,4,1,0,0,1,0,0,4,1,2,4,7.19368581839511,1,0,43
201106366,1,0,-3,0,0,0,0,4,2,2,5,10.655835915833,2,0,43
201106367,4,1,0,0,1,0,0,5,2,2,4,10.7359371609432,2,0,43
201106368,4,1,0,0,1,0,0,3,1,1,4,14.0463531951088,3,0,43
201106369,4,1,0,0,1,1,0,5,2,2,4,10.6729479588317,2,0,43
201106370,5,1,1,1,1,1,0,4,2,3,4,9.62251624577579,1,0,43
201106371,5,1,1,1,1,1,0,5,1,1,5,11.0151345708835,3,0,43
201106372,3,0,-1,0,0,1,0,3,3,3,3,6.21660610108487,1,0,43
201106373,5,1,1,1,0,0,0,3,1,3,5,10.4658208500525,2,0,43
201106374,4,1,0,0,1,0,0,3,1,1,4,9.77712404750866,1,0,43
201106375,5,1,1,1,2,1,1,5,1,1,5,7.35946763825562,1,0,43
201106376,5,1,1,1,1,1,0,5,1,2,5,10.3539578932108,2,0,43
201106377,5,1,1,1,1,0,0,5,2,3,5,10.7345321666153,2,0,43
201106378,4,1,0,0,1,0,0,3,3,9,4,9.03931477492408,1,0,43
201106379,5,1,1,1,1,1,0,5,1,2,4,7.28000825288419,1,0,43
201106380,4,1,0,0,3,1,1,4,1,1,4,11.7400690056497,3,1,43
201106381,4,1,0,0,1,0,0,5,2,2,4,11.6742021231684,3,1,43
201106382,4,1,0,0,2,0,1,4,2,2,4,10.5941566652205,2,1,43
201106383,5,1,1,1,1,0,0,5,5,2,5,10.0123867994921,1,1,43
201106384,4,1,0,0,2,0,1,1,2,2,5,8.5173931714189,1,1,43
201106385,5,1,1,1,3,0,1,3,2,1,5,11.3794055008518,3,1,43
201106386,4,1,0,0,2,0,1,5,3,1,,10.3437726792889,2,1,43
201106387,1,0,-3,0,1,2,0,3,1,1,1,11.4969772467613,3,1,43
201106388,4,1,0,0,2,0,1,3,1,2,5,10.6478267723575,2,1,43
201106389,4,1,0,0,3,1,1,4,2,2,3,10.7667150034677,2,1,43
201106390,3,0,-1,0,1,0,0,5,2,3,,9.76576300591624,1,1,43
201106391,4,1,0,0,3,1,1,4,2,2,4,11.0015330139213,3,1,43
201106392,4,1,0,0,3,0,1,3,2,2,5,10.6213517356329,2,1,43
201106393,4,1,0,0,2,0,1,5,2,2,5,10.1658902778025,2,1,43
201106394,5,1,1,1,0,0,0,5,2,2,5,9.47278155656217,1,1,43
201106395,5,1,1,1,1,1,0,3,2,3,4,10.4487435881066,2,1,43
201106396,4,1,0,0,1,1,0,5,2,9,3,9.60109785121207,1,1,43
201106397,4,1,0,0,1,0,0,4,3,2,3,12.2087450090838,3,1,43
201106398,4,1,0,0,3,2,1,5,3,2,4,10.9455471262446,3,1,43
201106399,4,1,0,0,3,1,1,3,1,2,5,10.8723897096815,2,1,43
201106400,2,0,-2,0,3,0,1,1,2,2,4,9.91348738711446,1,1,43
201106401,5,1,1,1,2,0,1,5,5,2,3,10.4487435881066,2,1,43
201106402,5,1,1,1,2,1,1,5,1,2,5,10.7911936075545,2,1,43
201106403,3,0,-1,0,2,0,1,3,2,3,3,10.1202507928861,2,1,43
201106404,5,1,1,1,1,1,0,5,1,1,5,11.2012994267055,3,1,43
201106405,5,1,1,1,2,1,1,1,2,2,4,11.9560041260503,3,1,43
201106406,2,0,-2,0,1,0,0,3,2,2,4,10.6066098161182,2,1,43
201106407,5,1,1,1,1,1,0,5,1,4,5,10.9778242249921,3,1,43
201106408,1,0,-3,0,2,1,1,3,3,4,1,10.1856921509795,2,1,43
201106409,4,1,0,0,1,0,0,1,1,3,4,9.46970012742337,1,1,43
201106410,4,1,0,0,2,1,1,3,2,2,4,13.5881518854956,3,1,43
201106411,3,0,-1,0,1,0,0,3,2,3,4,5.52545293913178,1,1,43
201106412,4,1,0,0,2,0,1,5,3,3,4,9.69282824771042,1,1,43
201106413,4,1,0,0,0,1,0,5,2,2,4,9.43356392009056,1,1,43
201106414,4,1,0,0,1,0,0,3,3,2,4,9.39274525863144,1,1,43
201106415,4,1,0,0,1,0,0,5,2,3,5,10.4913575472996,2,1,43
201106416,5,1,1,1,2,0,1,5,3,2,4,7.21597500265147,1,1,43
201106417,4,1,0,0,1,0,0,5,2,9,5,9.45336497888354,1,1,43
201106418,5,1,1,1,2,0,1,5,2,2,5,10.9625454213354,3,1,43
201106419,2,0,-2,0,1,0,0,5,2,2,2,9.96180362935896,1,1,43
201106420,3,0,-1,0,2,0,1,2,2,2,4,10.8636949853829,2,1,43
201106421,3,0,-1,0,2,1,1,3,2,2,4,10.1581685298485,2,1,43
201106422,5,1,1,1,2,1,1,3,2,4,5,11.6531307872988,3,1,43
201106423,5,1,1,1,2,0,1,5,3,1,5,9.23024103368252,1,1,43
201106424,3,0,-1,0,1,0,0,3,2,2,4,7.60140233458373,1,1,43
201106425,2,0,-2,0,1,0,0,3,2,1,4,10.2328272702548,2,1,43
201106426,4,1,0,0,1,0,0,5,2,2,4,10.6454487065059,2,1,43
201106427,3,0,-1,0,1,0,0,3,2,2,3,11.2772157895969,3,1,43
201106428,4,1,0,0,1,1,0,,2,2,5,10.5454318951435,2,1,43
201106429,4,1,0,0,1,0,0,5,1,2,4,7.00397413672268,1,1,43
201106430,5,1,1,1,1,0,0,1,2,2,4,5.70711026474888,1,1,43
201106431,4,1,0,0,0,1,0,3,2,2,4,10.6269456795907,2,1,43
201106432,5,1,1,1,1,1,0,5,2,2,4,9.82576257514374,1,1,43
201106433,4,1,0,0,1,0,0,3,1,2,2,10.1347420274466,2,1,43
201106434,4,1,0,0,3,0,1,4,2,4,5,10.4688297702736,2,1,43
201106435,4,1,0,0,2,0,1,5,4,3,4,11.5457410939119,3,1,43
201106436,1,0,-3,0,2,1,1,3,2,3,1,10.9878487754344,3,1,43
201106437,3,0,-1,0,1,0,0,5,2,4,4,9.82720028436401,1,1,43
201106438,2,0,-2,0,2,1,1,4,2,2,4,10.608420090273,2,1,43
201106439,5,1,1,1,1,0,0,5,2,4,5,9.65188022422134,1,1,43
201106440,,,,,0,0,0,5,2,3,4,7.82444593087762,1,1,43
201106441,4,1,0,0,0,0,0,3,1,4,3,11.5738041721513,3,1,43
201106442,4,1,0,0,0,1,0,3,2,5,4,9.04793908261736,1,1,43
201106443,5,1,1,1,1,0,0,4,4,3,5,10.3951609374575,2,1,43
201106444,3,0,-1,0,1,1,0,5,2,3,2,0,1,1,43
201106445,2,0,-2,0,2,1,1,5,2,9,1,9.51051903575725,1,1,43
201106446,5,1,1,1,3,1,1,5,2,2,5,10.4688297702736,2,1,43
201106447,4,1,0,0,1,0,0,5,1,2,5,10.4872427730826,2,1,43
201106448,5,1,1,1,1,0,0,5,2,2,5,10.8728295209929,2,1,43
201106449,5,1,1,1,0,0,0,3,2,2,5,9.14857134557855,1,1,43
201106450,3,0,-1,0,1,0,0,5,1,1,3,9.90353755128617,1,1,43
201106451,4,1,0,0,3,1,1,3,2,2,2,11.1295998654934,3,1,43
201106452,2,0,-2,0,1,0,0,5,4,2,1,0,1,1,43
201106453,5,1,1,1,1,0,0,1,2,2,5,9.01808968410434,1,1,43
201106454,4,1,0,0,1,1,0,5,2,2,4,10.4011146609611,2,1,43
201106455,4,1,0,0,1,1,0,5,5,3,4,0,1,1,43
201106456,4,1,0,0,0,1,0,5,2,2,4,9.92822894442457,1,1,43
201106457,3,0,-1,0,1,1,0,4,1,2,4,4.94875989037817,1,1,43
201106458,5,1,1,1,1,2,0,4,1,2,4,0,1,1,43
201106459,2,0,-2,0,1,0,0,3,1,2,4,9.57505292759738,1,1,43
201106460,1,0,-3,0,1,0,0,5,1,9,4,9.9080306350598,1,0,43
201106461,4,1,0,0,1,0,0,5,2,3,2,7.26961674960817,1,0,43
201106462,4,1,0,0,1,1,0,1,1,3,5,10.0266339573578,1,0,43
201106463,5,1,1,1,1,0,0,5,1,2,5,8.63248423575097,1,0,43
201106464,4,1,0,0,1,2,0,5,1,9,4,8.86517041965177,1,0,43
201106465,2,0,-2,0,1,0,0,5,2,2,5,9.00773447187952,1,0,43
201106466,4,1,0,0,0,0,0,5,1,1,5,10.5511380311227,2,0,43
201106467,4,1,0,0,1,1,0,2,2,2,5,9.58635065420791,1,0,43
201106468,4,1,0,0,2,1,1,2,2,2,5,10.1306629649637,2,0,43
201106469,3,0,-1,0,1,1,0,4,2,3,4,10.0173071887356,1,0,43
201106470,4,1,0,0,1,0,0,3,2,2,4,7.10742547411071,1,0,43
201106471,5,1,1,1,1,0,0,5,3,2,5,9.77656285896246,1,0,43
201106472,4,1,0,0,0,0,0,3,1,2,5,9.6678285081515,1,0,43
201106473,2,0,-2,0,1,0,0,5,2,2,2,8.52734152246805,1,0,43
201106474,4,1,0,0,3,0,1,3,2,3,4,9.42553239350277,1,0,43
201106475,3,0,-1,0,1,0,0,5,2,9,4,4.51085950651685,1,0,43
201106476,5,1,1,1,1,0,0,5,3,2,5,11.0528120162538,3,0,43
201106477,2,0,-2,0,1,0,0,5,1,9,4,6.96696713861398,1,0,43
201106478,3,0,-1,0,1,0,0,5,2,3,,8.67436786578824,1,0,43
201106479,3,0,-1,0,1,0,0,5,1,1,,9.14857134557855,1,0,43
201106480,4,1,0,0,1,0,0,4,2,2,4,10.705534680693,2,1,44
201106481,4,1,0,0,3,0,1,3,2,2,5,10.0359588008867,2,1,44
201106482,4,1,0,0,3,1,1,3,3,4,4,14.9141231799657,3,1,44
201106483,4,1,0,0,2,0,1,4,3,2,4,11.1272776899325,3,1,44
201106484,5,1,1,1,1,0,0,5,2,4,5,8.29429960885724,1,1,44
201106485,4,1,0,0,1,0,0,3,2,2,4,11.0340633398525,3,1,44
201106486,4,1,0,0,1,0,0,3,2,2,5,6.21660610108487,1,1,44
201106487,4,1,0,0,1,0,0,4,2,2,4,10.8396005193574,2,1,44
201106488,2,0,-2,0,1,1,0,3,4,3,2,8.98732181285013,1,1,44
201106489,4,1,0,0,3,0,1,2,2,2,2,11.1562648066437,3,1,44
201106490,4,1,0,0,3,2,1,5,2,2,4,12.4287285779776,3,1,44
201106491,4,1,0,0,1,0,0,4,2,4,4,0,1,1,44
201106492,2,0,-2,0,2,1,1,4,4,1,2,0,1,1,44
201106493,5,1,1,1,2,0,1,3,3,2,4,10.6041315615227,2,1,44
201106494,4,1,0,0,1,0,0,5,3,3,4,8.90937040519747,1,1,44
201106495,4,1,0,0,2,1,1,3,1,2,5,9.97585472466203,1,1,44
201106496,4,1,0,0,2,0,1,3,2,2,4,10.7144399907278,2,1,44
201106497,3,0,-1,0,1,1,0,1,2,3,3,9.90353755128617,1,1,44
201106498,5,1,1,1,2,0,1,3,2,2,5,9.95232533461943,1,1,44
201106499,5,1,1,1,2,0,1,3,2,3,5,11.3880536129202,3,1,44
201106500,4,1,0,0,1,1,0,3,3,3,2,12.6473472063351,3,1,44
201106501,4,1,0,0,3,0,1,3,2,2,4,12.4143888124762,3,1,44
201106502,4,1,0,0,2,0,1,4,2,3,3,0,1,1,44
201106503,5,1,1,1,1,0,0,3,2,2,5,10.3890261370752,2,1,44
201106504,4,1,0,0,3,1,1,3,3,2,4,10.2750855911327,2,1,44
201106505,4,1,0,0,2,0,1,4,2,2,4,9.69282824771042,1,1,44
201106506,4,1,0,0,3,0,1,3,4,2,4,11.7473605883604,3,1,44
201106507,4,1,0,0,1,1,0,3,3,2,4,0,1,1,44
201106508,4,1,0,0,1,0,0,5,2,2,4,11.4397300810888,3,1,44
201106509,5,1,1,1,1,1,0,5,2,3,5,8.90937040519747,1,1,44
201106510,5,1,1,1,2,1,1,2,5,1,4,8.98732181285013,1,1,44
201106511,4,1,0,0,1,0,0,4,3,2,2,0,1,1,44
201106512,5,1,1,1,0,0,0,4,9,3,5,10.9802120414462,3,1,44
201106513,3,0,-1,0,1,1,0,3,3,2,2,9.21044036697652,1,1,44
201106514,3,0,-1,0,1,1,0,4,4,3,3,11.8528590034758,3,1,44
201106515,4,1,0,0,1,0,0,3,4,2,3,13.1844006480213,3,1,44
201106516,5,1,1,1,3,1,1,3,2,1,5,8.00670084544037,1,1,44
201106517,5,1,1,1,3,0,1,3,4,2,3,12.9839308509641,3,1,44
201106518,5,1,1,1,1,0,0,3,5,2,5,5.70711026474888,1,1,44
201106519,5,1,1,1,3,0,1,4,4,1,3,7.31388683163346,1,1,44
201106520,5,1,1,1,3,1,1,4,2,2,5,12.8180124821576,3,1,44
201106521,4,1,0,0,2,0,1,3,4,2,4,10.335042670404,2,1,44
201106522,4,1,0,0,2,1,1,2,3,2,4,11.7943454715497,3,1,44
201106523,4,1,0,0,3,0,1,3,4,2,4,10.8197982842103,2,1,44
201106524,5,1,1,1,2,0,1,3,4,1,5,12.4292201968364,3,1,44
201106525,4,1,0,0,3,0,1,3,2,2,4,12.345838935722,3,1,44
201106526,4,1,0,0,3,0,1,3,3,2,4,12.1926641679555,3,1,44
201106527,4,1,0,0,2,0,1,5,2,2,4,11.3083705690923,3,1,44
201106528,4,1,0,0,3,1,1,4,2,2,3,10.2036291813376,2,1,44
201106529,4,1,0,0,3,0,1,5,2,2,4,11.4886430182503,3,1,44
201106530,5,1,1,1,2,0,1,3,2,2,2,11.4978219793929,3,1,44
201106531,4,1,0,0,2,0,1,4,2,3,4,14.0046190314472,3,1,44
201106532,5,1,1,1,2,0,1,1,2,4,3,12.394185667596,3,1,44
201106533,4,1,0,0,2,1,1,4,2,2,4,12.6443308022626,3,1,44
201106534,5,1,1,1,2,1,1,5,4,2,4,10.3735224312936,2,1,44
201106535,5,1,1,1,1,0,0,4,4,2,4,12.6619171305305,3,1,44
201106536,5,1,1,1,3,0,1,3,4,5,4,12.2123274185899,3,1,44
201106537,2,0,-2,0,2,0,1,5,2,2,2,11.7264593030395,3,1,44
201106538,4,1,0,0,3,2,1,5,2,2,4,10.8036692274771,2,1,44
201106539,5,1,1,1,1,0,0,3,5,1,5,10.4913019948302,2,1,44
201106540,3,0,-1,0,2,0,1,3,3,2,4,10.3089859934221,2,1,44
201106541,4,1,0,0,3,2,1,3,2,2,3,12.1909640838494,3,1,44
201106542,5,1,1,1,2,0,1,3,2,1,5,12.172864818689,3,1,44
201106543,4,1,0,0,3,2,1,3,2,2,2,11.5617251529038,3,1,44
201106544,4,1,0,0,3,0,1,3,2,2,4,12.2307701361574,3,1,44
201106545,4,1,0,0,1,0,0,3,4,2,1,12.6443372538339,3,1,44
201106546,3,0,-1,0,3,0,1,4,3,2,3,12.665081680119,3,1,44
201106547,3,0,-1,0,3,0,1,5,3,3,3,0,1,1,44
201106548,2,0,-2,0,2,0,1,4,2,4,1,11.8838060295962,3,1,44
201106549,4,1,0,0,3,0,1,3,3,2,3,11.7718299049879,3,1,44
201106550,2,0,-2,0,2,2,1,5,2,2,2,11.2644769261024,3,1,44
201106551,5,1,1,1,2,0,1,3,3,1,5,12.0376599110475,3,1,44
201106552,4,1,0,0,3,0,1,3,2,2,4,10.0123867994921,1,1,44
201106553,4,1,0,0,3,0,1,2,2,2,4,12.1442025609469,3,1,44
201106554,4,1,0,0,2,0,1,3,3,2,4,12.3553586548689,3,1,44
201106555,5,1,1,1,1,0,0,3,4,2,4,14.9141231799657,3,1,44
201106556,5,1,1,1,2,2,1,1,2,2,5,13.2339065410444,3,1,44
201106557,4,1,0,0,3,2,1,4,2,2,2,9.10509096125709,1,1,44
201106558,4,1,0,0,2,1,1,5,2,3,4,14.9141231799657,3,1,44
201106559,4,1,0,0,3,1,1,2,3,2,2,13.7375500975751,3,1,44
201106560,5,1,1,1,3,0,1,2,2,2,5,9.33706112475534,1,1,44
201106561,4,1,0,0,1,0,0,3,1,2,4,13.3985085930109,3,1,44
201106562,5,1,1,1,3,1,1,2,4,2,4,8.5173931714189,1,1,44
201106563,4,1,0,0,3,0,1,5,2,2,4,12.4780101705304,3,1,44
201106564,4,1,0,0,1,0,0,3,2,2,4,11.2922912626048,3,1,44
201106565,4,1,0,0,3,0,1,3,2,2,4,12.5665438744519,3,1,44
201106566,5,1,1,1,3,0,1,3,1,2,4,10.3089859934221,2,1,44
201106567,3,0,-1,0,1,0,0,3,2,2,3,12.6698098064115,3,1,44
201106568,2,0,-2,0,3,1,1,1,2,4,2,12.1756185926714,3,1,44
201106569,4,1,0,0,2,2,1,4,2,2,2,11.6835201972134,3,1,44
201106570,5,1,1,1,3,1,1,5,4,2,3,11.9576176964675,3,1,44
201106571,4,1,0,0,2,0,1,3,2,2,4,12.1007176854125,3,1,44
201106572,5,1,1,1,2,0,1,5,3,1,2,11.9022679661933,3,1,44
201106573,2,0,-2,0,3,0,1,5,2,4,2,12.0126960817029,3,1,44
201106574,4,1,0,0,2,2,1,3,4,3,4,12.3282947030234,3,1,44
201106575,5,1,1,1,3,1,1,3,2,3,4,11.4937528391814,3,1,44
201106576,3,0,-1,0,0,0,0,5,4,2,3,0,1,1,44
201106577,2,0,-2,0,2,0,1,1,2,9,3,12.5879313009627,3,1,44
201106578,4,1,0,0,2,1,1,3,2,2,3,12.2452981663642,3,1,44
201106579,2,0,-2,0,3,0,1,4,3,3,2,11.3736748918235,3,1,44
201106580,5,1,1,1,1,0,0,,2,2,4,9.39274525863144,1,1,44
201106581,5,1,1,1,3,0,1,3,2,1,4,11.9633703121871,3,1,44
201106582,4,1,0,0,2,0,1,5,3,2,4,12.2258801747751,3,1,44
201106583,5,1,1,1,2,0,1,4,4,2,3,,1,1,44
201106584,2,0,-2,0,2,0,1,3,2,3,2,10.8197982842103,2,1,44
201106585,5,1,1,1,3,0,1,1,3,2,4,12.4854112579201,3,1,44
201106586,4,1,0,0,2,2,1,3,2,2,3,11.7468981687815,3,1,44
201106587,4,1,0,0,2,1,1,3,2,2,4,11.8775755229785,3,1,44
201106588,2,0,-2,0,3,0,1,3,1,2,2,8.8538082749772,1,1,44
201106589,4,1,0,0,2,1,1,3,2,2,4,11.8775755229785,3,1,44
201106590,5,1,1,1,3,0,1,5,2,2,4,10.7789771230064,2,1,44
201106591,2,0,-2,0,3,2,1,3,4,2,2,14.8082817525523,3,1,44
201106592,4,1,0,0,2,1,1,5,2,2,3,11.7296564999789,3,1,44
201106593,4,1,0,0,3,0,1,4,4,2,4,12.0494246834209,3,1,44
201106594,4,1,0,0,3,0,1,2,2,2,3,11.3095967957791,3,1,44
201106595,5,1,1,1,3,0,1,1,4,2,3,12.0015116147394,3,1,44
201106596,4,1,0,0,1,0,0,2,2,3,3,12.2160279268661,3,1,44
201106597,4,1,0,0,3,2,1,3,3,2,3,8.41205487329293,1,1,44
201106598,2,0,-2,0,3,2,1,2,3,2,2,13.4008890325202,3,1,44
201106599,4,1,0,0,3,0,1,3,4,2,3,11.1633821730969,3,1,44
201106600,4,1,0,0,3,1,1,3,4,2,3,13.3096741340827,3,1,44
201106601,4,1,0,0,1,0,0,4,2,1,2,8.29429960885724,1,1,44
201106602,5,1,1,1,2,1,1,3,2,2,4,11.1968576353238,3,1,44
201106603,4,1,0,0,2,0,1,2,3,2,3,8.41205487329293,1,1,44
201106604,5,1,1,1,3,0,1,3,4,2,4,11.9829353441964,3,1,44
201106605,5,1,1,1,2,0,1,3,2,2,2,11.8292022828771,3,1,44
201106606,4,1,0,0,3,0,1,4,2,2,2,13.3563297501282,3,1,44
201106607,4,1,0,0,2,0,1,3,3,2,4,12.5172307371641,3,1,44
201106608,4,1,0,0,1,1,0,3,3,2,3,11.5954358945427,3,1,44
201106609,4,1,0,0,3,0,1,2,2,2,4,12.4211880573971,3,1,44
201106610,5,1,1,1,3,0,1,3,3,2,3,12.4568352549204,3,1,44
201106611,5,1,1,1,3,0,1,1,2,2,4,12.0552555697322,3,1,44
201106612,4,1,0,0,3,0,1,3,2,2,4,11.9891658551274,3,1,44
201106613,4,1,0,0,3,0,1,3,2,2,4,0,1,1,44
201106614,4,1,0,0,3,1,1,3,3,2,4,9.90353755128617,1,1,44
201106615,2,0,-2,0,3,1,1,3,2,2,2,12.1657765543652,3,1,44
201106616,5,1,1,1,2,0,1,2,1,2,5,7.78364059622125,1,1,44
201106617,2,0,-2,0,3,0,1,3,2,2,2,11.7558794866871,3,1,44
201106618,5,1,1,1,3,2,1,2,2,1,4,11.9183972397228,3,1,44
201106619,4,1,0,0,2,0,1,3,3,2,4,11.995357787035,3,1,44
201106620,5,1,1,1,2,1,1,3,2,2,4,13.3754555578803,3,1,44
201106621,5,1,1,1,3,0,1,2,4,3,3,12.3480104798042,3,1,44
201106622,5,1,1,1,1,1,0,2,1,1,5,10.7583973561584,2,1,44
201106623,5,1,1,1,3,0,1,3,2,2,2,12.1007176854125,3,1,44
201106624,5,1,1,1,3,0,1,3,3,2,2,11.3609507493481,3,1,44
201106625,2,0,-2,0,2,0,1,4,3,3,2,10.0562515570878,2,1,44
201106626,5,1,1,1,2,0,1,5,2,2,5,10.5966597327836,2,1,44
201106627,4,1,0,0,2,0,1,3,2,2,3,13.4386343644329,3,1,44
201106628,4,1,0,0,3,1,1,4,2,2,4,10.0858507751287,2,1,44
201106629,4,1,0,0,1,0,0,3,1,4,2,13.9421440899545,3,1,44
201106630,4,1,0,0,3,0,1,1,2,2,3,9.74102744483773,1,1,44
201106631,4,1,0,0,2,0,1,3,2,2,4,11.5991123354811,3,1,44
201106632,4,1,0,0,3,1,1,4,3,3,5,10.2819582342453,2,1,44
201106633,4,1,0,0,2,0,1,3,2,3,4,8.00670084544037,1,1,44
201106634,5,1,1,1,1,0,0,1,2,5,5,9.99884318585288,1,1,44
201106635,5,1,1,1,1,0,0,3,2,2,3,10.8512963311268,2,1,44
201106636,5,1,1,1,1,0,0,3,4,2,4,13.3179318056838,3,1,44
201106637,4,1,0,0,1,0,0,5,2,2,5,8.5173931714189,1,1,44
201106638,3,0,-1,0,2,0,1,5,4,9,,12.683572618568,3,1,44
201106639,4,1,0,0,3,0,1,1,4,2,4,11.7597933553712,3,1,44
201106640,4,1,0,0,1,1,0,4,2,2,2,11.5935925930374,3,1,44
201106641,5,1,1,1,2,0,1,3,3,4,4,0,1,1,44
201106642,4,1,0,0,2,0,1,3,4,2,3,11.9891658551274,3,1,44
201106643,5,1,1,1,2,0,1,5,3,1,5,11.7199477644028,3,1,44
201106644,5,1,1,1,3,1,1,3,4,1,2,8.5173931714189,1,1,44
201106645,3,0,-1,0,3,0,1,3,2,2,5,0,1,1,44
201106646,4,1,0,0,2,0,1,2,2,2,4,7.82444593087762,1,1,44
201106647,5,1,1,1,3,0,1,3,2,1,4,13.4048333906429,3,1,44
201106648,5,1,1,1,1,0,0,3,3,3,5,10.4913019948302,2,1,44
201106649,5,1,1,1,3,0,1,3,4,2,3,14.8347191847256,3,1,44
201106650,2,0,-2,0,2,0,1,3,2,3,2,12.4292201968364,3,1,44
201106651,5,1,1,1,3,2,1,2,1,2,4,12.2060776455177,3,1,44
201106652,4,1,0,0,2,1,1,2,3,2,3,12.6115410869661,3,1,44
201106653,4,1,0,0,3,0,1,3,2,2,4,10.4913019948302,2,1,44
201106654,4,1,0,0,1,0,0,4,1,3,1,12.8479291632781,3,1,44
201106655,4,1,0,0,2,0,1,2,2,2,2,12.3999974567751,3,1,44
201106656,4,1,0,0,1,0,0,3,2,1,4,8.5173931714189,1,1,44
201106657,2,0,-2,0,3,0,1,2,2,4,1,14.5136457775476,3,1,44
201106658,4,1,0,0,1,0,0,3,2,2,2,12.0006600304728,3,1,44
201106659,5,1,1,1,3,0,1,1,2,2,4,11.5434643692791,3,1,44
201106660,4,1,0,0,1,0,0,4,2,2,3,11.5129354649202,3,1,44
201106661,4,1,0,0,2,0,1,5,4,3,2,11.4075760603618,3,1,44
201106662,5,1,1,1,2,0,1,3,4,1,3,14.234221550717,3,1,44
201106663,2,0,-2,0,3,2,1,3,4,2,2,11.6952553550628,3,1,44
201106664,2,0,-2,0,2,0,1,3,4,4,3,0,1,1,44
201106665,5,1,1,1,2,0,1,2,5,2,4,9.93309489728879,1,1,44
201106666,4,1,0,0,2,0,1,4,2,2,3,12.0834585842385,3,1,44
201106667,4,1,0,0,1,0,0,4,2,3,3,11.2252567257629,3,1,44
201106668,5,1,1,1,3,0,1,3,3,2,4,12.9165005106417,3,1,44
201106669,5,1,1,1,3,0,1,3,2,2,4,9.9085248440534,1,1,44
201106670,4,1,0,0,3,0,1,3,2,2,4,12.7152999927324,3,1,44
201106671,4,1,0,0,3,0,1,3,4,2,3,11.7360770162524,3,1,44
201106672,5,1,1,1,2,0,1,3,2,2,3,12.3779271129743,3,0,44
201106673,5,1,1,1,3,1,1,1,2,1,5,13.3063518774095,3,0,44
201106674,5,1,1,1,3,0,1,1,2,1,5,11.0186455364637,3,0,44
201106675,5,1,1,1,2,1,1,2,3,2,2,12.5567330382639,3,0,44
201106676,4,1,0,0,1,1,0,3,2,3,2,11.7304613225187,3,0,44
201106677,5,1,1,1,2,1,1,3,2,1,4,9.39274525863144,1,0,44
201106678,4,1,0,0,3,1,1,4,3,2,3,11.6994133306336,3,0,44
201106679,4,1,0,0,2,0,1,4,2,1,2,11.6699377607519,3,0,44
201106680,4,1,0,0,2,0,1,2,2,2,4,10.4913019948302,2,0,44
201106681,4,1,0,0,3,2,1,3,3,2,4,12.2807208288864,3,0,44
201106682,5,1,1,1,1,0,0,3,5,1,4,0,1,0,44
201106683,5,1,1,1,2,1,1,3,4,2,3,12.799678457418,3,0,44
201106684,4,1,0,0,3,0,1,2,2,2,4,11.6413274747747,3,0,44
201106685,5,1,1,1,2,1,1,3,5,1,3,11.7360770162524,3,0,44
201106686,5,1,1,1,3,1,1,2,4,1,2,13.7119273508464,3,0,44
201106687,4,1,0,0,1,0,0,3,2,3,2,11.7117845204031,3,0,44
201106688,5,1,1,1,3,0,1,3,4,2,5,12.9116448152214,3,0,44
201106689,5,1,1,1,1,0,0,1,2,2,4,11.6526961029598,3,0,44
201106690,4,1,0,0,3,0,1,3,2,3,4,13.0432937898458,3,0,44
201106691,5,1,1,1,1,1,0,1,3,1,5,11.5228856967645,3,0,44
201106692,4,1,0,0,3,2,1,5,4,2,4,12.2060776455177,3,0,44
201106693,5,1,1,1,3,0,1,3,3,1,4,5.30330490805908,1,0,44
201106694,4,1,0,0,3,2,1,1,1,2,4,11.8465436326085,3,0,44
201106695,5,1,1,1,3,0,1,3,1,2,5,9.28739400141847,1,0,44
201106696,3,0,-1,0,3,0,1,4,4,2,4,13.8078825384575,3,0,44
201106697,5,1,1,1,2,0,1,3,4,2,2,0,1,0,44
201106698,5,1,1,1,0,1,0,3,2,1,5,10.7789771230064,2,0,44
201106699,5,1,1,1,2,0,1,2,2,3,4,12.8479291632781,3,0,44
201106700,2,0,-2,0,2,0,1,4,2,2,3,12.4008208375406,3,0,44
201106701,4,1,0,0,3,0,1,3,3,2,3,11.8656998114601,3,0,44
201106702,5,1,1,1,3,1,1,2,3,1,4,12.1858750402405,3,0,44
201106703,5,1,1,1,2,1,1,3,4,2,5,12.2190431634986,3,0,44
201106704,4,1,0,0,3,0,1,3,3,2,3,12.373707715235,3,0,44
201106705,5,1,1,1,3,0,1,4,5,1,3,13.720101473269,3,0,44
201106706,5,1,1,1,2,1,1,3,2,1,4,13.3066846001996,3,0,44
201106707,5,1,1,1,2,0,1,2,3,3,2,12.9287810555132,3,0,44
201106708,5,1,1,1,3,1,1,3,2,2,4,13.4518124377295,3,0,44
201106709,4,1,0,0,3,1,1,3,2,2,3,12.2476991163726,3,0,44
201106710,4,1,0,0,3,0,1,3,2,2,3,13.458837042596,3,0,44
201106711,4,1,0,0,3,0,1,3,2,3,4,12.4715129433831,3,0,44
201106712,5,1,1,1,3,0,1,3,2,2,4,9.74102744483773,1,0,44
201106713,5,1,1,1,3,0,1,3,2,2,5,11.6172944892629,3,0,44
201106714,5,1,1,1,3,1,1,3,4,3,5,0,1,0,44
201106715,4,1,0,0,3,1,1,5,2,2,3,10.6919676399149,2,0,44
201106716,4,1,0,0,2,0,1,4,2,3,3,11.7981119259726,3,0,44
201106717,5,1,1,1,2,1,1,2,2,2,3,0,1,0,44
201106718,5,1,1,1,2,0,1,3,2,2,2,8.5173931714189,1,0,44
201106719,5,1,1,1,2,0,1,3,2,2,2,11.1872091752005,3,0,44
201106720,5,1,1,1,1,0,0,2,4,2,5,12.9263509265654,3,0,44
201106721,4,1,0,0,2,0,1,5,2,4,2,9.21044036697652,1,0,44
201106722,4,1,0,0,1,1,0,4,3,2,4,10.9418209847994,3,0,44
201106723,3,0,-1,0,2,0,1,5,2,3,3,10.7222229924768,2,0,44
201106724,4,1,0,0,2,0,1,1,1,2,4,5.30330490805908,1,0,44
201106725,5,1,1,1,1,0,0,5,2,2,4,7.09090982207998,1,0,44
201106726,5,1,1,1,1,0,0,4,1,2,5,11.0266772921841,3,0,44
201106727,2,0,-2,0,1,0,0,5,1,2,3,10.1658902778025,2,0,44
201106728,4,1,0,0,0,0,0,5,2,2,4,0,1,0,44
201106729,4,1,0,0,1,1,0,3,3,2,4,9.91842542490033,1,0,44
201106730,4,1,0,0,1,0,0,3,2,3,5,9.86052296482237,1,0,44
201106731,4,1,0,0,1,1,0,4,2,3,5,10.8899133470984,2,0,44
201106732,2,0,-2,0,2,0,1,3,2,2,4,10.8703928250591,2,0,44
201106733,4,1,0,0,1,0,0,1,3,2,2,7.650168700845,1,0,44
201106734,2,0,-2,0,2,1,1,3,1,2,2,10.8780660602808,2,0,44
201106735,4,1,0,0,1,0,0,5,2,2,3,9.40927319457533,1,0,44
201106736,5,1,1,1,1,1,0,3,3,3,4,0,1,0,44
201106737,5,1,1,1,0,0,0,3,2,2,5,10.3089859934221,2,0,44
201106738,2,0,-2,0,2,0,1,3,1,2,2,8.88197518424887,1,0,44
201106739,4,1,0,0,0,0,0,5,2,5,,9.23122084955554,1,0,44
201106740,5,1,1,1,1,0,0,1,1,3,2,0,1,0,44
201106741,5,1,1,1,1,1,0,5,3,2,4,0,1,0,44
201106742,4,1,0,0,1,0,0,4,2,2,4,9.8255800636596,1,1,44
201106743,4,1,0,0,1,0,0,4,2,3,4,11.7025215398478,3,1,44
201106744,4,1,0,0,1,0,0,4,2,2,4,5.70711026474888,1,1,44
201106745,5,1,1,1,1,0,0,5,3,2,4,9.68040649926887,1,1,44
201106746,4,1,0,0,1,0,0,5,1,2,4,10.6128493403004,2,1,44
201106747,4,1,0,0,1,0,0,5,2,2,3,10.8590182281479,2,1,44
201106748,2,0,-2,0,1,1,0,5,2,2,2,11.9996694394697,3,1,44
201106749,4,1,0,0,2,1,1,1,2,3,4,9.29028064050878,1,1,44
201106750,4,1,0,0,1,0,0,4,2,2,4,9.67539427149601,1,1,44
201106751,4,1,0,0,1,0,0,5,4,2,4,7.60140233458373,1,1,44
201106752,,,,,0,0,0,4,1,3,,,1,1,44
201106753,3,0,-1,0,1,1,0,5,2,3,3,9.35884658027541,1,1,44
201106754,4,1,0,0,1,0,0,2,1,3,4,10.5453272527526,2,1,44
201106755,3,0,-1,0,1,1,0,3,2,3,5,8.89576660405609,1,1,44
201106756,5,1,1,1,1,0,0,5,3,3,3,10.3882622871795,2,1,44
201106757,4,1,0,0,1,0,0,5,2,3,4,10.5240027144561,2,1,44
201106758,5,1,1,1,0,1,0,5,3,3,3,9.93066488054092,1,1,44
201106759,4,1,0,0,1,1,0,2,2,2,4,12.1356555460261,3,1,44
201106760,4,1,0,0,0,1,0,3,3,2,3,10.3089859934221,2,1,44
201106761,4,1,0,0,1,0,0,4,2,3,5,9.21044036697652,1,1,44
201106762,5,1,1,1,1,0,0,3,3,3,5,10.4311997914585,2,1,44
201106763,4,1,0,0,1,1,0,4,2,2,4,10.4470522165857,2,1,44
201106764,4,1,0,0,1,1,0,5,2,2,3,10.6450449887999,2,1,44
201106765,4,1,0,0,1,1,0,3,2,2,4,8.86799089818209,1,1,44
201106766,4,1,0,0,1,0,0,4,2,2,5,9.93017816778917,1,1,44
201106767,4,1,0,0,1,1,0,4,4,3,4,11.3513511259711,3,1,44
201106768,4,1,0,0,2,0,1,3,2,3,4,11.4598610306715,3,1,44
201106769,4,1,0,0,1,0,0,5,2,2,4,7.37838371299671,1,1,44
201106770,4,1,0,0,1,0,0,3,2,3,3,10.1735528569597,2,1,44
201106771,5,1,1,1,1,0,0,5,1,3,5,6.90875477931522,1,1,44
201106772,4,1,0,0,1,0,0,5,2,3,5,9.56106766364501,1,1,44
201106773,1,0,-3,0,2,0,1,5,4,1,3,10.3059966030998,2,1,44
201106774,4,1,0,0,1,0,0,5,3,3,4,10.6942377369148,2,1,44
201106775,4,1,0,0,2,0,1,3,1,3,5,0,1,1,44
201106776,4,1,0,0,1,0,0,3,2,2,5,8.69968140098951,1,1,44
201106777,4,1,0,0,1,0,0,5,3,3,4,8.38958706681109,1,1,44
201106778,5,1,1,1,2,0,1,1,2,2,5,10.8197982842103,2,1,44
201106779,4,1,0,0,1,0,0,3,2,4,4,9.90353755128617,1,1,44
201106780,1,0,-3,0,0,1,0,3,1,5,2,10.7206900705645,2,1,44
201106781,4,1,0,0,1,0,0,5,2,2,4,11.1569285277401,3,1,44
201106782,4,1,0,0,1,0,0,5,2,2,5,9.00589589809446,1,1,44
201106783,4,1,0,0,1,0,0,3,2,2,4,9.96427254752151,1,1,44
201106784,5,1,1,1,1,2,0,3,2,2,5,11.3619815650072,3,1,44
201106785,4,1,0,0,1,0,0,3,2,3,3,9.47278155656217,1,1,44
201106786,5,1,1,1,1,1,0,5,2,4,2,9.16962253869762,1,1,44
201106787,5,1,1,1,2,0,1,4,3,3,5,8.00670084544037,1,1,44
201106788,4,1,0,0,2,0,1,3,1,2,5,10.8780660602808,2,1,44
201106789,4,1,0,0,2,0,1,5,2,2,4,10.6262178068877,2,1,44
201106790,5,1,1,1,1,0,0,5,2,2,5,0,1,1,44
201106791,4,1,0,0,2,0,1,3,3,3,3,10.703266939812,2,1,44
201106792,5,1,1,1,1,1,0,3,2,2,5,9.5819728915479,1,1,44
201106793,2,0,-2,0,1,1,0,5,1,3,4,10.2215369405554,2,1,44
201106794,3,0,-1,0,0,0,0,3,4,4,2,7.24494154633701,1,1,44
201106795,4,1,0,0,1,0,0,5,3,3,4,0,1,1,44
201106796,5,1,1,1,2,0,1,4,4,2,5,10.9682155307592,3,1,44
201106797,5,1,1,1,2,0,1,4,1,2,4,9.52083524249312,1,1,44
201106798,5,1,1,1,3,0,1,5,3,2,4,12.5324795524986,3,1,44
201106799,4,1,0,0,1,0,0,1,3,2,4,12.4431230467788,3,1,44
201106800,5,1,1,1,2,0,1,3,2,2,5,12.4577103548835,3,1,44
201106801,5,1,1,1,3,0,1,3,2,1,4,11.6082447356423,3,1,44
201106802,4,1,0,0,2,0,1,3,2,2,4,13.1325532835175,3,1,44
201106803,5,1,1,1,3,1,1,2,2,2,5,12.2175910532387,3,1,44
201106804,5,1,1,1,2,0,1,4,2,2,4,10.4913019948302,2,1,44
201106805,4,1,0,0,0,0,0,3,2,2,3,0,1,1,44
201106806,4,1,0,0,3,0,1,4,2,2,5,9.8934877204578,1,1,44
201106807,2,0,-2,0,2,1,1,4,2,2,2,12.5857461154655,3,1,44
201106808,5,1,1,1,2,0,1,5,2,2,4,10.8435143420869,2,1,44
201106809,5,1,1,1,2,0,1,3,4,3,5,6.90875477931522,1,1,44
201106810,5,1,1,1,1,0,0,3,4,3,5,10.3088652870357,2,1,44
201106811,4,1,0,0,3,1,1,4,4,2,3,11.8465436326085,3,1,44
201106812,3,0,-1,0,2,0,1,4,2,2,3,11.1705900736006,3,1,44
201106813,4,1,0,0,3,0,1,3,2,3,4,11.2644769261024,3,1,44
201106814,5,1,1,1,2,1,1,3,2,3,5,10.4996005680829,2,1,44
201106815,4,1,0,0,2,0,1,4,2,2,4,12.4761035995298,3,1,44
201106816,5,1,1,1,1,0,0,5,2,2,4,9.39274525863144,1,1,44
201106817,2,0,-2,0,1,0,0,5,2,3,4,9.71041039230655,1,1,44
201106818,5,1,1,1,2,0,1,3,3,2,4,7.80425138352811,1,1,44
201106819,4,1,0,0,3,1,1,3,2,3,4,11.3794055008518,3,1,44
201106820,5,1,1,1,3,1,1,5,2,2,5,11.2897944135779,3,1,44
201106821,4,1,0,0,1,0,0,5,2,2,4,11.2546662631916,3,1,44
201106822,2,0,-2,0,2,0,1,4,3,1,2,10.2399955028053,2,1,44
201106823,5,1,1,1,2,0,1,4,2,2,5,10.6454487065059,2,1,44
201106824,4,1,0,0,2,1,1,3,2,2,4,10.5713425658087,2,1,44
201106825,4,1,0,0,2,2,1,3,2,2,4,11.2947818929007,3,1,44
201106826,5,1,1,1,3,0,1,2,2,2,3,11.0821425488778,3,1,44
201106827,4,1,0,0,3,1,1,3,4,2,4,11.5852554288322,3,1,44
201106828,5,1,1,1,2,0,1,4,3,2,4,12.5468249951001,3,1,44
201106829,5,1,1,1,1,1,0,1,4,2,4,10.3089859934221,2,1,44
201106830,4,1,0,0,3,2,1,4,2,2,4,12.3884816984962,3,1,44
201106831,5,1,1,1,2,1,1,3,3,2,2,11.5981944916153,3,1,44
201106832,5,1,1,1,2,0,1,4,2,2,4,10.8590182281479,2,1,44
201106833,4,1,0,0,2,1,1,4,3,1,3,10.3577745703416,2,1,44
201106834,5,1,1,1,2,0,1,4,2,2,5,9.74120388947868,1,1,44
201106835,4,1,0,0,3,0,1,4,3,2,4,11.6082447356423,3,1,44
201106836,3,0,-1,0,1,0,0,3,2,3,4,6.90875477931522,1,1,44
201106837,2,0,-2,0,2,0,1,4,2,2,3,6.62140565176413,1,1,44
201106838,5,1,1,1,3,2,1,5,4,2,3,13.3605941421795,3,1,44
201106839,5,1,1,1,1,0,0,5,4,4,5,10.5713425658087,2,1,44
201106840,5,1,1,1,2,1,1,3,3,2,4,11.3450519679759,3,1,44
201106841,5,1,1,1,2,0,1,5,1,2,5,11.0821579333748,3,1,44
201106842,5,1,1,1,2,0,1,3,2,2,5,11.4176710882964,3,1,44
201106843,5,1,1,1,1,1,0,5,2,4,4,9.42553239350277,1,1,44
201106844,4,1,0,0,2,1,1,3,2,1,5,11.4426210194603,3,1,44
201106845,5,1,1,1,2,1,1,5,1,3,3,6.21660610108487,1,1,44
201106846,1,0,-3,0,1,1,0,3,3,2,1,9.58925614485081,1,1,44
201106847,4,1,0,0,1,1,0,4,3,2,2,10.534785924769,2,1,44
201106848,5,1,1,1,2,0,1,5,4,2,3,9.80923181661041,1,1,44
201106849,4,1,0,0,1,1,0,4,2,3,2,0,1,1,44
201106850,4,1,0,0,3,0,1,3,2,3,3,10.9853096718968,3,1,44
201106851,5,1,1,1,2,1,1,5,3,2,3,10.1999187396202,2,1,44
201106852,2,0,-2,0,1,2,0,5,1,4,2,9.82016028994637,1,1,44
201106853,5,1,1,1,1,0,0,4,3,2,3,10.8590182281479,2,1,44
201106854,5,1,1,1,3,0,1,2,2,2,5,10.1266711030504,2,1,44
201106855,5,1,1,1,1,1,0,3,2,2,4,10.8867076950922,2,1,44
201106856,4,1,0,0,1,0,0,3,2,2,4,10.8818324721456,2,1,44
201106857,5,1,1,1,1,1,0,4,2,2,5,10.539642872481,2,1,44
201106858,5,1,1,1,2,0,1,3,2,2,5,11.0170048739244,3,1,44
201106859,2,0,-2,0,2,2,1,4,2,2,4,11.4417709395957,3,1,44
201106860,4,1,0,0,2,1,1,5,1,2,4,10.4258760676666,2,1,44
201106861,5,1,1,1,2,1,1,3,1,2,5,,1,1,44
201106862,5,1,1,1,2,1,1,3,5,1,4,12.9810785760678,3,1,44
201106863,5,1,1,1,1,0,0,5,2,2,5,10.0941492336051,2,1,44
201106864,4,1,0,0,1,0,0,4,3,3,2,10.6819175336245,2,1,44
201106865,3,0,-1,0,3,0,1,3,3,3,2,10.6896923778471,2,1,44
201106866,5,1,1,1,2,0,1,3,2,2,4,7.60140233458373,1,1,44
201106867,5,1,1,1,3,2,1,4,2,3,5,10.5541627167426,2,1,44
201106868,4,1,0,0,2,0,1,4,3,2,4,5.30330490805908,1,1,44
201106869,5,1,1,1,1,0,0,4,2,2,5,10.1064692120264,2,1,44
201106870,5,1,1,1,3,2,1,2,4,1,5,11.8255513379742,3,1,44
201106871,4,1,0,0,2,0,1,2,3,2,5,8.62353322718756,1,1,44
201106872,5,1,1,1,3,1,1,3,1,1,5,11.7766810687684,3,1,44
201106873,4,1,0,0,2,0,1,4,1,4,3,11.9831680305122,3,1,44
201106874,4,1,0,0,1,0,0,4,2,2,4,9.39274525863144,1,1,44
201106875,5,1,1,1,1,0,0,3,4,2,4,9.7981825908907,1,1,44
201106876,5,1,1,1,1,0,0,5,3,3,5,9.57505292759738,1,1,44
201106877,4,1,0,0,2,1,1,5,2,2,2,10.703266939812,2,1,44
201106878,5,1,1,1,3,1,1,3,2,2,4,10.205848855957,2,1,44
201106879,2,0,-2,0,1,1,0,5,2,2,2,11.2947818929007,3,1,44
201106880,4,1,0,0,3,0,1,4,2,2,4,11.4927329616823,3,1,44
201106881,5,1,1,1,1,0,0,5,4,2,5,10.7210843862827,2,1,44
201106882,4,1,0,0,2,1,1,3,2,2,4,10.1658902778025,2,1,44
201106883,5,1,1,1,1,0,0,5,2,2,5,9.24965723435313,1,1,44
201106884,4,1,0,0,3,1,1,4,2,2,4,0,1,1,44
201106885,4,1,0,0,1,1,0,3,2,2,4,10.9130318052862,3,1,44
201106886,4,1,0,0,1,0,0,5,2,2,4,0,1,1,44
201106887,4,1,0,0,2,0,1,2,2,2,4,0,1,1,44
201106888,4,1,0,0,2,0,1,2,3,2,4,9.90353755128617,1,1,44
201106889,5,1,1,1,2,0,1,5,3,3,3,10.8369190540901,2,1,44
201106890,4,1,0,0,3,1,1,5,3,3,3,12.6015372902786,3,1,44
201106891,4,1,0,0,2,2,1,5,3,2,3,11.6068776208046,3,1,44
201106892,4,1,0,0,2,0,1,4,2,3,4,11.2977022228469,3,1,44
201106893,4,1,0,0,2,1,1,3,2,2,4,12.5317763952713,3,1,44
201106894,4,1,0,0,2,1,1,4,2,4,3,10.8941619328475,2,1,44
201106895,2,0,-2,0,1,0,0,5,3,2,1,9.48804786328076,1,1,44
201106896,5,1,1,1,2,0,1,1,3,2,4,12.0776766157578,3,1,44
201106897,2,0,-2,0,1,0,0,5,2,3,2,10.3584092693569,2,1,44
201106898,4,1,0,0,3,0,1,3,4,2,4,11.6367435861408,3,1,44
201106899,4,1,0,0,2,0,1,5,2,2,5,10.5224377395522,2,1,44
201106900,4,1,0,0,1,1,0,4,2,2,4,11.0928293516144,3,1,44
201106901,3,0,-1,0,2,1,1,3,3,2,4,11.2984985978961,3,1,44
201106902,5,1,1,1,0,1,0,4,2,2,4,10.882490651839,2,1,44
201106903,5,1,1,1,3,2,1,5,2,4,5,6.21660610108487,1,1,44
201106904,4,1,0,0,3,0,1,4,2,3,4,11.1316796867401,3,1,44
201106905,4,1,0,0,2,1,1,4,3,2,4,9.21044036697652,1,1,44
201106906,4,1,0,0,3,0,1,3,2,2,4,10.4516378623623,2,1,44
201106907,4,1,0,0,2,1,1,4,1,2,4,11.3173200356795,3,1,44
201106908,4,1,0,0,0,0,0,3,3,3,5,10.9138331311591,3,1,44
201106909,5,1,1,1,1,0,0,2,2,2,4,11.2161873012971,3,1,44
201106910,4,1,0,0,2,0,1,5,2,2,4,10.0858507751287,2,1,44
201106911,4,1,0,0,3,1,1,1,2,2,4,11.3169227464204,3,1,44
201106912,4,1,0,0,2,2,1,5,2,2,4,12.5740124025463,3,1,44
201106913,4,1,0,0,2,0,1,3,2,2,4,7.31388683163346,1,1,44
201106914,4,1,0,0,2,0,1,3,3,3,3,9.8288178841991,1,1,44
201106915,4,1,0,0,1,0,0,,3,9,4,9.21243817005833,1,1,44
201106916,4,1,0,0,1,0,0,5,2,2,3,11.5758345342719,3,1,44
201106917,5,1,1,1,3,0,1,1,4,2,5,11.6154910785254,3,1,44
201106918,5,1,1,1,1,1,0,5,3,2,4,10.7568597836641,2,1,44
201106919,4,1,0,0,0,1,0,5,3,3,4,8.19450550976564,1,1,44
201106920,5,1,1,1,1,0,0,3,5,1,5,10.6066098161182,2,1,44
201106921,5,1,1,1,1,0,0,3,3,2,2,11.1250346300586,3,1,44
201106922,4,1,0,0,1,0,0,5,2,2,4,11.0108653481122,3,1,44
201106923,4,1,0,0,2,0,1,4,3,3,4,10.9187363480431,3,1,44
201106924,4,1,0,0,1,0,0,5,2,3,4,8.26384813136891,1,1,44
201106925,2,0,-2,0,3,0,1,3,2,3,4,11.0269712995894,3,1,44
201106926,5,1,1,1,3,0,1,3,2,4,2,9.32375833901174,1,1,44
201106927,4,1,0,0,1,1,0,4,2,2,2,10.8727265328244,2,1,44
201106928,5,1,1,1,3,1,1,4,2,5,2,10.9520513857182,3,1,44
201106929,4,1,0,0,2,1,1,3,2,3,4,12.0204717174713,3,1,44
201106930,3,0,-1,0,1,0,0,5,3,1,2,9.45571497213171,1,1,44
201106931,4,1,0,0,1,0,0,5,2,2,4,9.76537425040649,1,1,44
201106932,4,1,0,0,1,0,0,4,2,2,4,8.18896686364888,1,1,44
201106933,4,1,0,0,1,0,0,5,2,3,3,8.87738195465477,1,1,44
201106934,5,1,1,1,1,0,0,5,2,3,4,9.23999625688369,1,1,44
201106935,5,1,1,1,0,1,0,5,2,2,3,9.77571099759397,1,1,44
201106936,5,1,1,1,0,0,0,5,9,9,5,10.1658902778025,2,1,44
201106937,5,1,1,1,1,1,0,3,3,2,5,10.038737974595,2,1,44
201106938,4,1,0,0,1,1,0,3,3,2,4,10.4968482801818,2,1,44
201106939,5,1,1,1,2,1,1,4,3,3,4,9.88842467485908,1,1,44
201106940,,,,,1,1,0,,9,9,,8.96584549475094,1,1,44
201106941,5,1,1,1,1,1,0,,9,9,5,7.09090982207998,1,1,44
201106942,,,,,0,0,0,,9,9,,11.1844352867906,3,1,44
201106943,4,1,0,0,0,1,0,4,2,3,4,9.47278155656217,1,1,44
201106944,4,1,0,0,1,0,0,3,2,2,4,11.1619627465907,3,1,44
201106945,4,1,0,0,2,0,1,3,4,3,4,10.2429712935494,2,1,44
201106946,4,1,0,0,1,1,0,5,2,2,3,10.0581434618563,2,1,44
201106947,5,1,1,1,1,1,0,5,2,4,5,10.9841472710278,3,1,44
201106948,4,1,0,0,0,1,0,4,4,2,5,10.9151066458675,3,1,44
201106949,5,1,1,1,2,0,1,3,1,3,5,10.0647982524184,2,1,44
201106950,5,1,1,1,1,1,0,2,2,2,5,10.1082898644565,2,1,44
201106951,5,1,1,1,2,0,1,2,2,2,5,7.60140233458373,1,1,44
201106952,4,1,0,0,1,1,0,3,2,2,4,10.4923637929061,2,1,44
201106953,5,1,1,1,1,0,0,4,2,2,5,10.4423819810023,2,1,44
201106954,4,1,0,0,1,0,0,4,2,2,4,11.3018980595663,3,1,44
201106955,5,1,1,1,1,0,0,2,9,9,5,0,1,1,44
201106956,4,1,0,0,1,0,0,4,2,3,2,10.463131911492,2,1,44
201106957,5,1,1,1,1,0,0,5,3,1,3,9.03610602536485,1,1,44
201106958,4,1,0,0,1,0,0,5,3,2,3,0,1,1,44
201106959,3,0,-1,0,1,1,0,5,3,3,3,10.9883357576491,3,1,44
201106960,4,1,0,0,1,1,0,3,1,3,4,9.57505292759738,1,1,44
201106961,5,1,1,1,1,0,0,1,2,3,5,10.0213150316493,1,1,44
201106962,5,1,1,1,1,0,0,,9,9,5,0,1,0,44
201106963,4,1,0,0,1,1,0,3,2,3,4,10.9649137391171,3,0,44
201106964,4,1,0,0,1,1,0,5,3,2,4,8.37178304275709,1,0,44
201106965,4,1,0,0,1,0,0,5,3,2,3,0,1,0,44
201106966,5,1,1,1,1,1,0,5,3,3,2,10.8780660602808,2,0,44
201106967,4,1,0,0,1,1,0,3,2,2,4,10.0451162975461,2,0,44
201106968,4,1,0,0,1,1,0,5,2,2,4,6.55250788703459,1,0,44
201106969,5,1,1,1,1,1,0,4,2,2,5,10.4931933816085,2,0,44
201106970,4,1,0,0,1,1,0,5,3,2,4,8.45553053102413,1,0,44
201106971,,,,,1,0,0,,9,9,,10.0371052329417,2,0,44
201106972,,,,,1,0,0,,9,9,,9.07119324056602,1,0,44
201106973,3,0,-1,0,0,1,0,5,3,3,4,9.02413126845503,1,0,44
201106974,4,1,0,0,1,1,0,3,2,2,4,9.46039845583127,1,0,44
201106975,5,1,1,1,1,1,0,1,2,1,5,10.7020951070491,2,0,44
201106976,5,1,1,1,2,0,1,,9,2,5,9.90468819865952,1,0,44
201106977,4,1,0,0,1,0,0,5,1,3,4,9.73867186987184,1,0,44
201106978,5,1,1,1,1,1,0,5,2,2,5,11.2358667641556,3,0,44
201106979,5,1,1,1,2,0,1,4,9,9,5,10.3828534684838,2,0,44
201106980,5,1,1,1,1,0,0,,9,9,5,0,1,0,44
201106981,5,1,1,1,1,0,0,3,9,9,5,10.7245621470588,2,0,44
201106982,3,0,-1,0,1,0,0,5,3,3,3,5.70711026474888,1,0,44
201106983,4,1,0,0,2,1,1,3,2,3,3,10.9886937126213,3,0,44
201106984,,,,,0,0,0,,9,9,,7.09090982207998,1,0,44
201106985,4,1,0,0,1,0,0,3,1,9,4,9.61587214452889,1,0,44
201106986,,,,,0,0,0,,9,9,,5.99396142730657,1,0,44
201106987,4,1,0,0,1,1,0,5,2,2,2,10.8523821272385,2,0,44
201106988,4,1,0,0,1,0,0,5,2,3,4,11.1194489864475,3,0,44
201106989,4,1,0,0,1,0,0,1,2,1,3,11.1859770449906,3,0,44
201106990,4,1,0,0,1,1,0,3,2,2,5,5.70711026474888,1,0,44
201106991,4,1,0,0,1,0,0,5,2,2,4,9.13787720024247,1,0,44
201106992,4,1,0,0,0,1,0,5,3,3,3,0,1,0,44
201106993,4,1,0,0,1,0,0,3,2,2,4,7.31388683163346,1,0,44
201106994,4,1,0,0,1,1,0,4,2,2,4,8.99974278983049,1,0,44
201106995,4,1,0,0,1,0,0,4,2,2,4,9.87245714457635,1,0,44
201106996,4,1,0,0,1,0,0,4,2,2,4,10.5464407520053,2,0,44
201106997,4,1,0,0,2,1,1,3,2,2,4,8.5173931714189,1,0,44
201106998,4,1,0,0,1,1,0,3,2,2,4,9.86187657090337,1,0,44
201106999,,,,,1,0,0,,9,9,,8.17779668327778,1,0,44
201107000,3,0,-1,0,2,0,1,3,2,2,3,10.9870031237248,3,0,44
201107001,3,0,-1,0,1,0,0,5,3,3,3,9.50793334941886,1,0,44
201107002,5,1,1,1,1,1,0,3,3,3,5,10.8640952892604,2,0,44
201107003,5,1,1,1,1,0,0,3,2,2,5,10.2580165530062,2,0,44
201107004,5,1,1,1,1,0,0,,9,9,5,10.043292972227,2,0,44
201107005,,,,,1,0,0,,9,9,,10.2938728632092,2,0,44
201107006,4,1,0,0,1,0,0,3,1,2,4,9.8843557002201,1,0,44
201107007,5,1,1,1,1,1,0,5,2,3,5,9.53430615650521,1,0,44
201107008,5,1,1,1,1,0,0,,9,9,5,10.4913019948302,2,0,44
201107009,4,1,0,0,1,1,0,1,2,2,5,9.75909741657673,1,0,44
201107010,4,1,0,0,1,1,0,5,3,3,4,10.4545237839635,2,0,44
201107011,4,1,0,0,1,1,0,3,3,3,4,10.1008803495942,2,0,44
201107012,4,1,0,0,1,0,0,3,2,3,4,9.7981825908907,1,0,44
201107013,,,,,1,0,0,,9,9,,10.2252449115708,2,0,44
201107014,4,1,0,0,2,0,1,3,4,3,3,10.8874190442895,2,0,44
201107015,5,1,1,1,1,0,0,5,2,2,4,11.0176143481998,3,0,44
201107016,5,1,1,1,2,1,1,5,2,2,5,9.52522410185311,1,0,44
201107017,5,1,1,1,1,1,0,5,2,2,4,9.98049488889691,1,0,44
201107018,4,1,0,0,1,0,0,4,1,4,4,9.01201137703641,1,0,44
201107019,5,1,1,1,1,0,0,,9,9,5,9.40927319457533,1,0,44
201107020,5,1,1,1,1,1,0,5,3,3,5,10.8004119619193,2,0,44
201107021,4,1,0,0,1,0,0,5,4,3,4,9.68040649926887,1,0,44
201107022,5,1,1,1,1,0,0,4,2,2,3,11.5399012922119,3,0,44
201107023,5,1,1,1,1,1,0,3,2,2,5,9.95664817464718,1,0,44
201107024,5,1,1,1,1,1,0,3,4,1,4,10.994134149677,3,0,44
201107025,4,1,0,0,1,1,0,3,3,3,4,,1,0,44
201107026,4,1,0,0,1,1,0,5,2,2,4,7.21597500265147,1,0,44
201107027,4,1,0,0,0,1,0,5,2,2,4,5.30330490805908,1,0,44
201107028,5,1,1,1,0,1,0,5,3,2,,9.41906040262467,1,0,44
201107029,4,1,0,0,0,1,0,5,3,3,4,8.8538082749772,1,0,44
201107030,4,1,0,0,1,1,0,3,2,3,4,9.39274525863144,1,0,44
201107031,3,0,-1,0,0,1,0,5,3,3,3,0,1,0,44
201107032,5,1,1,1,1,0,0,3,2,3,4,8.29429960885724,1,0,44
201107033,4,1,0,0,1,1,0,5,2,2,4,8.07121853996986,1,0,44
201107034,4,1,0,0,1,0,0,5,2,2,5,9.10052550596898,1,0,44
201107035,5,1,1,1,1,0,0,5,4,2,5,9.04793908261736,1,0,44
201107036,5,1,1,1,1,0,0,,9,9,5,0,1,0,44
201107037,5,1,1,1,2,0,1,2,1,2,5,9.63043133227967,1,0,44
201107038,4,1,0,0,1,0,0,4,9,2,4,9.25922576970599,1,0,44
201107039,5,1,1,1,1,0,0,,9,9,5,8.71948076085107,1,0,44
201107040,5,1,1,1,1,0,0,4,2,1,5,12.6036611897932,3,0,44
201107041,5,1,1,1,1,1,0,4,3,3,5,10.770649176087,2,0,44
201107042,,,,,1,0,0,,9,1,,9.56808474387294,1,0,44
201107043,5,1,1,1,1,0,0,5,2,3,5,9.13248693277132,1,0,44
201107044,4,1,0,0,1,1,0,4,2,2,4,9.61587214452889,1,0,44
201107045,4,1,0,0,1,0,0,5,2,2,5,9.72681003812726,1,0,44
201107046,5,1,1,1,2,0,1,2,2,3,5,9.67325644372002,1,0,44
201107047,4,1,0,0,1,0,0,4,2,2,4,0,1,0,44
201107048,4,1,0,0,0,1,0,5,2,2,4,9.90353755128617,1,0,44
201107049,4,1,0,0,1,1,0,4,3,3,3,7.90875473878325,1,0,44
201107050,4,1,0,0,1,1,0,5,9,9,5,10.2846941204975,2,0,44
201107051,5,1,1,1,1,0,0,,9,9,5,6.84587987526405,1,0,44
201107052,5,1,1,1,1,0,0,5,2,3,5,8.99727090623345,1,0,44
201107053,4,1,0,0,1,0,0,4,2,2,4,10.5050949364556,2,0,44
201107054,4,1,0,0,1,1,0,3,2,3,5,0,1,0,44
201107055,4,1,0,0,1,1,0,3,2,3,4,6.90875477931522,1,0,44
201107056,4,1,0,0,0,0,0,,9,9,4,,1,0,44
201107057,5,1,1,1,1,0,0,,9,9,5,0,1,0,44
201107058,4,1,0,0,0,0,0,,9,9,,,1,0,44
201107059,5,1,1,1,1,0,0,3,2,4,2,9.47278155656217,1,0,44
201107060,5,1,1,1,1,0,0,5,2,3,3,0,1,0,44
201107061,5,1,1,1,1,0,0,3,2,3,5,10.8741236002324,2,0,44
201107062,4,1,0,0,1,1,0,3,2,3,4,10.6896923778471,2,1,44
201107063,5,1,1,1,1,1,0,4,2,2,4,11.9848085768814,3,1,44
201107064,4,1,0,0,1,1,0,5,2,2,4,6.90875477931522,1,1,44
201107065,4,1,0,0,1,1,0,3,3,2,4,9.36652564356362,1,1,44
201107066,5,1,1,1,1,1,0,2,2,2,5,10.8197982842103,2,1,44
201107067,5,1,1,1,1,1,0,3,2,2,4,9.61587214452889,1,1,44
201107068,5,1,1,1,1,1,0,5,2,2,5,10.9591115343665,3,1,44
201107069,5,1,1,1,1,0,0,3,2,2,5,,1,1,44
201107070,5,1,1,1,1,0,0,,9,3,,8.98732181285013,1,1,44
201107071,4,1,0,0,2,1,1,5,4,1,4,9.54688403461792,1,1,44
201107072,5,1,1,1,1,0,0,,9,9,4,9.75733680274054,1,1,44
201107073,4,1,0,0,1,1,0,5,2,2,5,8.29429960885724,1,1,44
201107074,5,1,1,1,2,1,1,4,1,2,5,0,1,1,44
201107075,4,1,0,0,1,1,0,3,2,2,4,9.84675039646202,1,1,44
201107076,5,1,1,1,1,1,0,3,2,3,4,8.5173931714189,1,1,44
201107077,4,1,0,0,1,0,0,4,2,2,4,9.79660961012677,1,1,44
201107078,5,1,1,1,1,0,0,3,1,2,5,9.62779992493271,1,1,44
201107079,2,0,-2,0,1,1,0,1,9,9,5,11.5129354649202,3,1,44
201107080,5,1,1,1,1,1,0,3,3,2,5,4.39444915467244,1,1,44
201107081,5,1,1,1,2,1,1,3,2,3,5,0,1,1,44
201107082,5,1,1,1,1,1,0,3,1,1,5,0,1,1,44
201107083,4,1,0,0,3,1,1,1,2,2,4,10.7383318771676,2,1,44
201107084,5,1,1,1,0,0,0,5,4,3,5,5.88887795833288,1,1,44
201107085,5,1,1,1,1,0,0,5,4,2,4,10.1487009201595,2,1,44
201107086,5,1,1,1,0,0,0,,9,9,5,0,1,1,44
201107087,4,1,0,0,0,1,0,3,2,2,4,6.82546003625531,1,0,44
201107088,5,1,1,1,1,1,0,3,2,2,,6.06610809010375,1,0,44
201107089,5,1,1,1,0,1,0,3,1,2,5,6.55250788703459,1,0,44
201107090,4,1,0,0,1,1,0,1,2,2,4,8.59433940059289,1,0,44
201107091,3,0,-1,0,0,1,0,4,2,3,3,10.7791970649378,2,0,44
201107092,4,1,0,0,1,0,0,5,2,2,4,9.17998425196128,1,0,44
201107093,4,1,0,0,2,1,1,4,2,2,5,11.1680172925643,3,0,44
201107094,5,1,1,1,1,0,0,,9,9,5,0,1,0,44
201107095,4,1,0,0,1,0,0,,9,9,4,6.55250788703459,1,0,44
201107096,5,1,1,1,1,0,0,,2,9,5,10.5478762578777,2,0,44
201107097,4,1,0,0,1,0,0,5,2,2,4,9.19023970026918,1,0,44
201107098,3,0,-1,0,1,0,0,5,4,2,3,0,1,0,44
201107099,5,1,1,1,0,0,0,5,2,2,4,7.74802852443238,1,0,44
201107100,,,,,0,0,0,,9,9,,9.43228320271387,1,0,44
201107101,5,1,1,1,0,1,0,3,9,9,5,10.3353349019184,2,0,44
201107102,5,1,1,1,1,0,0,5,4,4,5,9.21044036697652,1,0,44
201107103,4,1,0,0,1,1,0,5,2,2,4,7.76684053708551,1,0,44
201107104,4,1,0,0,1,1,0,3,2,2,5,10.2421557579484,2,0,44
201107105,5,1,1,1,1,1,0,5,3,3,5,10.9919856486192,3,0,44
201107106,4,1,0,0,1,0,0,5,2,2,5,9.94275634145683,1,0,44
201107107,5,1,1,1,1,0,0,3,2,2,5,12.5895574256223,3,1,44
201107108,5,1,1,1,1,1,0,3,3,2,4,10.0142124043806,1,1,44
201107109,5,1,1,1,1,1,0,5,9,9,5,10.3418296772464,2,1,44
201107110,5,1,1,1,1,1,0,5,2,9,5,10.8445353766291,2,1,44
201107111,5,1,1,1,2,2,1,2,2,1,5,11.3339791431567,3,1,44
201107112,5,1,1,1,1,0,0,1,2,3,5,8.90937040519747,1,1,44
201107113,2,0,-2,0,1,0,0,3,4,1,2,12.043559598368,3,1,44
201107114,5,1,1,1,1,0,0,3,2,3,3,10.4885204292416,2,1,44
201107115,5,1,1,1,1,0,0,3,2,4,5,0,1,1,44
201107116,5,1,1,1,1,1,0,3,2,2,5,10.7757590454751,2,1,44
201107117,3,0,-1,0,1,1,0,2,2,3,2,10.1266711030504,2,1,44
201107118,4,1,0,0,1,1,0,3,2,2,2,9.8730798901147,1,1,44
201107119,5,1,1,1,2,0,1,5,2,2,4,11.0433907257784,3,1,44
201107120,4,1,0,0,1,0,0,,2,3,3,0,1,1,44
201107121,4,1,0,0,1,1,0,5,1,2,4,10.0244211754318,1,1,44
201107122,4,1,0,0,2,0,1,1,2,2,4,10.5496749630453,2,1,44
201107123,5,1,1,1,2,0,1,2,2,2,5,10.6651228417951,2,1,44
201107124,5,1,1,1,1,0,0,3,9,3,,7.31388683163346,1,1,44
201107125,4,1,0,0,2,1,1,5,2,2,4,10.9746992032416,3,1,44
201107126,5,1,1,1,2,0,1,3,2,1,4,11.4571320106931,3,1,44
201107127,4,1,0,0,2,0,1,3,3,2,4,12.568849543995,3,1,44
201107128,5,1,1,1,2,1,1,3,1,2,5,10.4559856590547,2,1,44
201107129,4,1,0,0,1,0,0,,4,9,,9.22335530905368,1,1,44
201107130,5,1,1,1,3,0,1,4,2,1,5,10.7055115592815,2,1,44
201107131,4,1,0,0,1,0,0,3,2,3,4,10.3120914144945,2,1,44
201107132,4,1,0,0,1,1,0,5,4,3,4,10.8301480817305,2,1,44
201107133,5,1,1,1,1,0,0,3,2,1,4,9.12706745278236,1,1,44
201107134,5,1,1,1,2,0,1,4,2,2,4,12.3327097017402,3,1,44
201107135,4,1,0,0,1,2,0,5,2,2,4,9.16335358075185,1,1,44
201107136,4,1,0,0,2,1,1,3,2,2,4,11.8947875333545,3,1,44
201107137,2,0,-2,0,3,2,1,2,2,2,4,12.6653737968732,3,1,44
201107138,5,1,1,1,2,2,1,2,1,2,5,14.2462541232825,3,1,44
201107139,4,1,0,0,2,0,1,,2,9,4,10.6258686570243,2,1,44
201107140,4,1,0,0,1,0,0,5,2,3,5,11.005701809861,3,1,44
201107141,4,1,0,0,0,2,0,,9,9,4,9.38773313553338,1,1,44
201107142,5,1,1,1,1,0,0,2,2,2,5,9.69035621134864,1,1,44
201107143,4,1,0,0,1,0,0,1,2,2,4,11.5558029455309,3,1,44
201107144,5,1,1,1,1,1,0,3,4,3,4,11.3314155786826,3,1,44
201107145,,,,,1,0,0,,9,9,,7.40913644392013,1,1,44
201107146,5,1,1,1,3,0,1,3,3,2,5,9.7256145627415,1,1,44
201107147,5,1,1,1,1,0,0,2,2,2,5,10.0605340354754,2,1,44
201107148,3,0,-1,0,1,0,0,4,2,3,4,9.09840271873532,1,1,44
201107149,5,1,1,1,2,1,1,4,3,2,4,11.4089950893689,3,1,44
201107150,5,1,1,1,1,1,0,5,3,2,3,8.36660283278374,1,1,44
201107151,4,1,0,0,2,0,1,3,2,2,5,7.74109909003537,1,1,44
201107152,5,1,1,1,0,1,0,5,2,2,5,11.4344340534144,3,1,44
201107153,,,,,1,0,0,,9,9,,10.7151739064194,2,1,44
201107154,5,1,1,1,2,0,1,3,2,2,5,11.0186455364637,3,1,44
201107155,5,1,1,1,3,1,1,4,1,2,5,,1,1,44
201107156,4,1,0,0,2,0,1,5,4,3,3,11.6947977672186,3,1,44
201107157,5,1,1,1,1,0,0,3,3,2,5,9.48804786328076,1,1,44
201107158,4,1,0,0,2,0,1,5,4,2,4,12.2248011667692,3,1,44
201107159,5,1,1,1,1,2,0,5,2,2,4,10.9692543050237,3,1,44
201107160,4,1,0,0,1,1,0,1,2,2,4,10.8428340397878,2,1,44
201107161,4,1,0,0,2,0,1,2,3,2,2,9.10509096125709,1,1,44
201107162,3,0,-1,0,2,0,1,5,2,2,2,10.3766424612809,2,1,44
201107163,4,1,0,0,0,1,0,3,2,2,4,8.55660619377307,1,1,44
201107164,,,,,1,0,0,,9,9,,10.8277662951325,2,1,44
201107165,5,1,1,1,2,2,1,3,3,2,5,11.1876178896737,3,1,44
201107166,4,1,0,0,2,1,1,2,2,2,4,10.3203766756153,2,1,44
201107167,5,1,1,1,2,1,1,3,2,2,4,6.80350525760834,1,1,44
201107168,5,1,1,1,1,0,0,3,2,2,5,11.0349057929294,3,1,44
201107169,5,1,1,1,1,0,0,3,1,2,5,10.772182422403,2,1,44
201107170,4,1,0,0,1,0,0,5,4,3,2,5.86078622346587,1,1,44
201107171,5,1,1,1,2,1,1,2,4,2,3,12.5707690346086,3,1,44
201107172,4,1,0,0,2,0,1,1,2,2,4,11.9158768956033,3,1,44
201107173,4,1,0,0,1,1,0,3,2,2,4,12.3615768731838,3,1,44
201107174,4,1,0,0,1,0,0,4,1,3,5,9.39274525863144,1,1,44
201107175,5,1,1,1,1,1,0,4,3,3,4,10.1346389552519,2,1,44
201107176,4,1,0,0,1,0,0,4,3,2,4,11.7357060754294,3,1,44
201107177,4,1,0,0,2,0,1,2,2,2,4,11.59451466851,3,0,44
201107178,4,1,0,0,1,1,0,3,2,2,4,6.93342302573072,1,0,44
201107179,4,1,0,0,2,0,1,4,2,2,3,10.7337823575857,2,0,44
201107180,1,0,-3,0,3,0,1,2,1,1,2,10.5187002182882,2,0,44
201107181,5,1,1,1,2,1,1,3,2,2,5,9.84166533889278,1,0,44
201107182,5,1,1,1,2,1,1,3,1,3,5,8.65712903171376,1,0,44
201107183,5,1,1,1,0,0,0,3,3,3,5,11.5278239296322,3,0,44
201107184,3,0,-1,0,1,1,0,5,2,3,5,10.4288371903182,2,0,44
201107185,2,0,-2,0,1,0,0,3,2,2,3,10.5200506209133,2,0,44
201107186,,,,,1,1,0,,9,9,,7.70345904786718,1,0,44
201107187,5,1,1,1,0,1,0,3,2,3,5,11.4283825161762,3,0,44
201107188,5,1,1,1,1,0,0,3,2,4,4,9.04793908261736,1,0,44
201107189,3,0,-1,0,1,1,0,3,2,2,3,10.4591240048358,2,0,44
201107190,2,0,-2,0,0,1,0,5,2,2,3,10.254179634797,2,0,44
201107191,2,0,-2,0,2,1,1,3,2,2,3,10.0541034208433,2,0,44
201107192,5,1,1,1,2,0,1,3,2,2,5,10.8708999546963,2,0,44
201107193,2,0,-2,0,2,1,1,3,2,2,4,9.09391890895893,1,0,44
201107194,5,1,1,1,1,1,0,5,2,3,3,9.58128304604592,1,0,44
201107195,4,1,0,0,2,1,1,3,2,2,5,10.9785070402659,3,0,44
201107196,4,1,0,0,1,0,0,1,4,3,3,9.99428757686257,1,0,44
201107197,5,1,1,1,1,2,0,5,2,2,5,9.10509096125709,1,0,44
201107198,5,1,1,1,1,1,0,3,1,3,5,10.1924562968705,2,0,44
201107199,3,0,-1,0,1,0,0,5,2,3,4,7.00397413672268,1,0,44
201107200,4,1,0,0,1,0,0,5,2,2,4,7.46794233228585,1,0,44
201107201,4,1,0,0,2,1,1,3,2,2,4,10.3281341800602,2,0,44
201107202,5,1,1,1,1,1,0,3,1,2,5,10.6572828840475,2,0,44
201107203,5,1,1,1,3,0,1,4,1,2,5,11.033291613631,3,0,44
201107204,5,1,1,1,1,1,0,4,4,1,5,10.749377279111,2,0,44
201107205,5,1,1,1,3,0,1,3,2,2,4,10.1145990076265,2,0,44
201107206,4,1,0,0,1,0,0,5,2,9,4,10.774151470942,2,0,44
201107207,5,1,1,1,2,0,1,3,2,2,4,10.2292237926068,2,0,44
201107208,4,1,0,0,1,0,0,1,2,2,4,12.3566498050756,3,0,44
201107209,,,,,1,0,0,,9,9,,10.4047104201941,2,0,44
201107210,4,1,0,0,1,1,0,5,1,3,3,11.5054740217949,3,0,44
201107211,5,1,1,1,1,0,0,5,5,1,5,8.97474461272273,1,0,44
201107212,5,1,1,1,1,1,0,5,2,2,2,10.8174084473133,2,0,44
201107213,4,1,0,0,0,1,0,3,3,3,4,6.31173480915292,1,0,44
201107214,5,1,1,1,1,1,0,3,2,2,3,10.5321228782696,2,0,44
201107215,5,1,1,1,3,0,1,2,4,1,5,11.2490380410842,3,0,44
201107216,5,1,1,1,1,0,0,5,1,2,4,6.11146733950268,1,0,44
201107217,4,1,0,0,1,0,0,1,1,3,4,8.63070043220983,1,0,45
201107218,4,1,0,0,3,0,1,2,2,3,4,10.7706090484022,2,0,45
201107219,5,1,1,1,1,0,0,5,2,2,4,11.4435861048916,3,0,45
201107220,4,1,0,0,3,0,1,3,2,4,4,10.5571399823979,2,0,45
201107221,5,1,1,1,2,0,1,3,2,2,5,8.76639427704974,1,0,45
201107222,3,0,-1,0,1,0,0,1,1,2,4,9.99884318585288,1,0,45
201107223,5,1,1,1,1,0,0,3,2,2,4,10.0858507751287,2,0,45
201107224,5,1,1,1,3,1,1,4,1,2,5,10.0438571567148,2,0,45
201107225,5,1,1,1,1,1,0,5,2,1,5,10.4326735876341,2,0,45
201107226,4,1,0,0,3,0,1,4,3,2,4,10.6965026922443,2,0,45
201107227,4,1,0,0,2,1,1,3,1,3,5,9.53971605897709,1,0,45
201107228,4,1,0,0,2,0,1,2,2,2,3,12.376578841717,3,0,45
201107229,5,1,1,1,0,0,0,5,2,2,5,0,1,0,45
201107230,5,1,1,1,2,1,1,4,3,2,4,10.4795670665022,2,0,45
201107231,4,1,0,0,1,0,0,2,2,4,3,10.9151066458675,3,0,45
201107232,2,0,-2,0,2,0,1,3,2,2,4,9.47278155656217,1,0,45
201107233,4,1,0,0,2,1,1,2,2,2,4,10.4913019948302,2,0,45
201107234,3,0,-1,0,0,1,0,5,3,3,3,10.5078308414206,2,0,45
201107235,5,1,1,1,1,0,0,5,1,2,5,10.8197982842103,2,0,45
201107236,3,0,-1,0,1,0,0,1,2,1,3,5.99396142730657,1,0,45
201107237,4,1,0,0,0,0,0,3,1,3,4,9.39690292302739,1,0,45
201107238,4,1,0,0,0,0,0,4,3,3,4,9.36589433571307,1,0,45
201107239,4,1,0,0,1,0,0,3,2,2,5,10.3831136215355,2,0,45
201107240,5,1,1,1,1,0,0,,2,9,5,11.1584053405965,3,0,45
201107241,4,1,0,0,2,0,1,5,1,2,4,8.5850387383113,1,0,45
201107242,4,1,0,0,1,0,0,,1,2,5,10.2975883305652,2,0,45
201107243,4,1,0,0,0,1,0,1,2,1,5,10.081191776383,2,0,45
201107244,5,1,1,1,1,1,0,5,3,4,4,9.77172602135387,1,0,45
201107245,5,1,1,1,1,0,0,1,2,2,4,8.18896686364888,1,0,45
201107246,5,1,1,1,1,1,0,1,1,1,5,9.7981825908907,1,0,45
201107247,5,1,1,1,1,0,0,3,1,1,5,7.43897159239586,1,0,45
201107248,3,0,-1,0,0,0,0,3,2,4,3,9.22038970782918,1,0,45
201107249,5,1,1,1,1,1,0,3,2,2,5,9.68663666084494,1,0,45
201107250,4,1,0,0,1,0,0,1,1,2,4,9.79734895647446,1,0,45
201107251,3,0,-1,0,1,0,0,5,1,2,5,10.0133075435302,1,0,45
201107252,4,1,0,0,1,1,0,4,1,2,3,10.2702464817622,2,0,45
201107253,4,1,0,0,1,1,0,3,3,2,3,10.6582235957652,2,0,45
201107254,4,1,0,0,1,0,0,5,2,2,4,9.78284880747812,1,0,45
201107255,5,1,1,1,0,1,0,5,2,1,5,10.0416965744009,2,0,45
201107256,4,1,0,0,0,0,0,1,1,2,4,11.1872091752005,3,0,45
201107257,3,0,-1,0,1,1,0,3,2,3,4,0,1,0,45
201107258,4,1,0,0,1,0,0,5,2,2,4,0,1,0,45
201107259,5,1,1,1,1,1,0,3,2,1,5,9.83419106353347,1,0,45
201107260,4,1,0,0,2,0,1,1,2,2,5,,1,0,45
201107261,4,1,0,0,2,1,1,2,1,2,2,10.175078352088,2,0,45
201107262,4,1,0,0,1,1,0,5,2,4,4,10.5136435667763,2,0,45
201107263,2,0,-2,0,2,0,1,5,1,1,3,10.6791199482067,2,0,45
201107264,4,1,0,0,1,0,0,3,2,3,4,8.764209507142,1,0,45
201107265,5,1,1,1,1,1,0,5,2,9,5,9.62251624577579,1,0,45
201107266,4,1,0,0,1,0,0,5,1,2,4,8.10409905614358,1,0,45
201107267,5,1,1,1,0,0,0,1,1,1,2,10.3498066546526,2,0,45
201107268,5,1,1,1,1,0,0,3,2,1,4,8.98732181285013,1,0,45
201107269,4,1,0,0,1,0,0,2,1,2,5,8.65886634973238,1,0,45
201107270,5,1,1,1,1,1,0,2,3,2,5,9.7291936874294,1,0,45
201107271,4,1,0,0,2,0,1,3,3,2,4,0,1,0,45
201107272,4,1,0,0,1,1,0,3,2,3,5,8.6485369879181,1,0,45
201107273,4,1,0,0,1,0,0,5,1,1,4,7.86365126544865,1,0,45
201107274,4,1,0,0,1,0,0,1,1,2,4,9.90353755128617,1,0,45
201107275,5,1,1,1,1,0,0,5,2,9,5,0,1,0,45
201107276,5,1,1,1,1,0,0,4,2,3,5,8.99974278983049,1,0,45
201107277,4,1,0,0,1,0,0,1,1,1,5,11.4492785462371,3,0,45
201107278,4,1,0,0,2,1,1,3,3,3,5,9.51789859843275,1,0,45
201107279,4,1,0,0,1,1,0,3,2,2,5,9.9060343068027,1,0,45
201107280,3,0,-1,0,1,1,0,3,9,2,4,6.31173480915292,1,0,45
201107281,4,1,0,0,1,1,0,3,1,9,4,8.55737498104907,1,0,45
201107282,4,1,0,0,1,0,0,3,1,2,5,9.87513951702064,1,0,45
201107283,4,1,0,0,1,1,0,3,2,2,4,10.1338450208685,2,0,45
201107284,5,1,1,1,1,1,0,3,1,2,5,0,1,0,45
201107285,2,0,-2,0,1,0,0,5,2,2,2,10.0950330393512,2,0,45
201107286,2,0,-2,0,0,1,0,2,1,4,4,0,1,0,45
201107287,4,1,0,0,0,1,0,5,1,3,3,10.1105423715008,2,0,45
201107288,4,1,0,0,1,0,0,5,1,1,4,7.31388683163346,1,0,45
201107289,5,1,1,1,3,0,1,3,3,3,5,0,1,0,45
201107290,4,1,0,0,0,0,0,4,1,2,4,8.89918494333876,1,0,45
201107291,5,1,1,1,2,0,1,3,1,5,4,10.1830492437551,2,0,45
201107292,5,1,1,1,1,1,0,3,2,2,5,10.5132802977009,2,0,45
201107293,5,1,1,1,1,0,0,5,2,2,5,8.90937040519747,1,0,45
201107294,4,1,0,0,1,0,0,5,2,3,5,10.1210555895172,2,0,45
201107295,3,0,-1,0,1,1,0,5,4,5,3,8.17498453294309,1,0,45
201107296,4,1,0,0,1,0,0,5,2,9,5,9.77786763861148,1,0,45
201107297,4,1,0,0,2,0,1,5,2,2,3,10.6694436475539,2,1,50
201107298,4,1,0,0,1,0,0,3,1,9,4,9.26360359002379,1,1,50
201107299,3,0,-1,0,1,0,0,5,2,2,4,0,1,1,50
201107300,4,1,0,0,2,1,1,5,2,2,3,9.38101098602928,1,1,50
201107301,3,0,-1,0,1,1,0,5,1,2,3,9.61587214452889,1,1,50
201107302,5,1,1,1,1,1,0,3,2,3,5,9.91990209380422,1,1,50
201107303,4,1,0,0,2,0,1,2,2,2,4,6.39859493453521,1,1,50
201107304,5,1,1,1,2,1,1,4,1,2,5,10.5165357738404,2,1,50
201107305,3,0,-1,0,1,1,0,5,1,2,3,9.49333648243725,1,1,50
201107306,4,1,0,0,1,0,0,5,2,2,4,9.53249633228804,1,1,50
201107307,5,1,1,1,1,0,0,5,1,2,3,10.1761874922521,2,1,50
201107308,5,1,1,1,1,2,0,4,1,9,4,9.83761480838542,1,1,50
201107309,4,1,0,0,1,0,0,3,2,3,3,10.5966597327836,2,1,50
201107310,3,0,-1,0,1,0,0,5,1,3,4,9.92235837328638,1,1,50
201107311,3,0,-1,0,1,1,0,3,2,2,4,9.84749904232727,1,1,50
201107312,5,1,1,1,1,1,0,4,2,1,2,7.74109909003537,1,1,50
201107313,2,0,-2,0,1,0,0,5,2,2,1,10.5361147933003,2,1,50
201107314,4,1,0,0,1,0,0,4,2,9,5,9.95418066685165,1,1,50
201107315,4,1,0,0,1,0,0,4,2,2,3,9.61587214452889,1,1,50
201107316,4,1,0,0,1,1,0,3,1,2,4,9.79261185619019,1,1,50
201107317,5,1,1,1,1,1,0,3,2,2,5,8.17498453294309,1,1,50
201107318,5,1,1,1,1,0,0,5,1,1,,9.19532825185568,1,1,50
201107319,5,1,1,1,1,0,0,5,1,3,4,8.01661485188158,1,1,50
201107320,5,1,1,1,1,0,0,4,1,2,1,10.5813095008837,2,1,50
201107321,5,1,1,1,1,0,0,5,1,4,4,9.18204377282107,1,1,50
201107322,2,0,-2,0,1,0,0,5,2,2,3,8.04910772132641,1,1,50
201107323,3,0,-1,0,2,0,1,3,1,2,1,10.3189359942532,2,1,50
201107324,4,1,0,0,2,1,1,2,2,2,3,8.87780039388258,1,1,50
201107325,2,0,-2,0,1,1,0,1,1,2,2,7.32712329225929,1,1,50
201107326,5,1,1,1,1,0,0,3,2,1,5,10.0381734542397,2,1,50
201107327,5,1,1,1,1,0,0,5,1,1,4,0,1,1,50
201107328,5,1,1,1,1,0,0,4,2,3,3,10.2731243482455,2,1,50
201107329,4,1,0,0,2,1,1,4,2,2,4,8.80402490241318,1,1,50
201107330,4,1,0,0,0,0,0,2,2,4,4,0,1,1,50
201107331,3,0,-1,0,1,0,0,4,2,3,3,9.79261185619019,1,1,50
201107332,4,1,0,0,1,1,0,3,4,2,5,9.88991262560764,1,1,50
201107333,2,0,-2,0,1,1,0,1,1,4,4,11.2253254724831,3,1,50
201107334,4,1,0,0,1,1,0,3,2,9,1,10.7318346548264,2,1,50
201107335,5,1,1,1,1,0,0,1,2,3,5,10.113788995837,2,1,50
201107336,4,1,0,0,1,1,0,1,1,2,4,11.3669989983991,3,1,50
201107337,4,1,0,0,1,0,0,4,5,2,3,,1,1,50
201107338,5,1,1,1,1,1,0,5,2,2,5,10.8152484307223,2,1,50
201107339,5,1,1,1,1,1,0,5,2,4,5,11.3515136429909,3,1,50
201107340,4,1,0,0,1,1,0,5,2,2,4,8.51418868239594,1,1,50
201107341,3,0,-1,0,1,1,0,1,1,2,4,8.81001204797317,1,1,50
201107342,4,1,0,0,2,0,1,5,2,2,5,9.91184142873095,1,1,50
201107343,5,1,1,1,1,1,0,5,2,2,3,9.21319634838403,1,1,50
201107344,3,0,-1,0,0,1,0,4,1,3,5,8.7340771925593,1,1,50
201107345,2,0,-2,0,1,0,0,3,1,1,5,10.7581368958617,2,1,50
201107346,3,0,-1,0,1,0,0,5,1,2,3,0,1,1,50
201107347,4,1,0,0,1,1,0,5,2,2,4,8.74846362994206,1,0,50
201107348,3,0,-1,0,1,0,0,3,1,2,3,10.5434154486667,2,0,50
201107349,5,1,1,1,1,0,0,2,2,1,5,9.19735644441789,1,0,50
201107350,3,0,-1,0,1,0,0,3,2,2,3,9.70035639990456,1,0,50
201107351,4,1,0,0,1,0,0,4,2,2,4,9.44628168152025,1,0,50
201107352,4,1,0,0,1,0,0,5,1,2,3,9.48577272199905,1,0,50
201107353,4,1,0,0,1,0,0,5,1,2,4,8.61993026886735,1,0,50
201107354,4,1,0,0,1,0,0,5,2,3,4,7.66902828858968,1,0,50
201107355,4,1,0,0,1,0,0,5,2,3,4,10.1178859449232,2,0,50
201107356,4,1,0,0,1,0,0,5,2,2,4,10.0017511968229,1,0,50
201107357,5,1,1,1,1,1,0,2,2,1,4,9.32910070769702,1,0,50
201107358,4,1,0,0,1,1,0,3,2,2,5,9.26586968176866,1,0,50
201107359,5,1,1,1,1,1,0,5,2,2,4,8.34307787116938,1,0,50
201107360,2,0,-2,0,1,1,0,5,2,2,4,6.90875477931522,1,0,50
201107361,4,1,0,0,1,1,0,5,2,3,4,9.10175243155928,1,0,50
201107362,4,1,0,0,1,0,0,5,1,2,4,9.3273230874618,1,0,50
201107363,3,0,-1,0,1,0,0,5,1,2,4,9.86635665419792,1,0,50
201107364,5,1,1,1,1,0,0,3,2,2,5,8.43620003220671,1,0,50
201107365,4,1,0,0,1,0,0,3,2,2,5,7.90507284949867,1,0,50
201107366,4,1,0,0,1,0,0,5,1,2,3,8.9632882756103,1,0,50
201107367,4,1,0,0,1,0,0,5,2,9,3,7.21597500265147,1,0,50
201107368,4,1,0,0,1,0,0,5,2,2,3,7.87131120332341,1,0,50
201107369,4,1,0,0,1,1,0,2,2,2,3,10.4400101623893,2,0,50
201107370,4,1,0,0,1,0,0,5,1,2,4,10.4215819291694,2,0,50
201107371,4,1,0,0,1,0,0,5,2,2,4,11.3266630908458,3,0,50
201107372,4,1,0,0,1,0,0,2,1,1,4,1.6094379124341,1,0,50
201107373,4,1,0,0,1,0,0,5,1,2,4,10.3557090119861,2,0,50
201107374,4,1,0,0,1,0,0,5,1,2,3,7.14755927118945,1,0,50
201107375,4,1,0,0,0,2,0,4,2,2,4,11.0977281522176,3,0,50
201107376,5,1,1,1,1,0,0,2,2,2,4,7.98989937494294,1,0,50
201107377,4,1,0,0,1,1,0,2,2,1,5,8.85808422219916,1,0,50
201107378,4,1,0,0,0,1,0,5,3,3,,8.42090253109795,1,0,50
201107379,4,1,0,0,1,0,0,5,2,3,4,8.41869794466714,1,0,50
201107380,4,1,0,0,1,1,0,5,2,2,4,9.36486241141235,1,0,50
201107381,3,0,-1,0,0,1,0,5,2,3,5,11.0182917399299,3,0,50
201107382,4,1,0,0,1,1,0,5,3,3,4,8.5850387383113,1,0,50
201107383,3,0,-1,0,0,1,0,5,2,3,4,7.89020821310996,1,0,50
201107384,4,1,0,0,1,1,0,5,1,3,,9.70143256605178,1,0,50
201107385,4,1,0,0,0,0,0,5,2,3,4,9.56668526145293,1,0,50
201107386,4,1,0,0,1,1,0,5,2,3,4,10.6553988016268,2,0,50
201107387,4,1,0,0,1,1,0,3,2,9,4,6.58063913728495,1,1,50
201107388,3,0,-1,0,1,0,0,5,2,3,4,8.86375719160424,1,1,50
201107389,3,0,-1,0,1,1,0,5,3,3,3,9.36486241141235,1,1,50
201107390,3,0,-1,0,2,0,1,5,2,2,4,11.312044747455,3,1,50
201107391,2,0,-2,0,1,1,0,5,1,3,2,9.59158109119348,1,1,50
201107392,3,0,-1,0,1,0,0,5,2,2,2,9.52522410185311,1,1,50
201107393,4,1,0,0,1,0,0,5,2,2,4,9.47278155656217,1,1,50
201107394,4,1,0,0,1,1,0,5,3,3,4,9.11723775371386,1,1,50
201107395,4,1,0,0,2,1,1,3,2,3,4,8.99230873254815,1,1,50
201107396,3,0,-1,0,1,0,0,5,2,2,3,9.7291936874294,1,1,50
201107397,4,1,0,0,1,0,0,5,2,2,4,9.49934656739009,1,1,50
201107398,4,1,0,0,1,0,0,5,2,2,4,9.91891789019149,1,1,50
201107399,4,1,0,0,1,0,0,5,2,3,3,8.39638057119949,1,1,50
201107400,4,1,0,0,1,1,0,3,3,3,4,9.51054514748673,1,1,50
201107401,4,1,0,0,1,1,0,4,2,2,4,9.76829764247444,1,1,50
201107402,4,1,0,0,1,0,0,3,2,2,4,11.3322545451252,3,1,50
201107403,4,1,0,0,1,0,0,5,2,2,4,9.49408972140025,1,1,50
201107404,4,1,0,0,1,1,0,5,2,3,4,8.10802122137675,1,1,50
201107405,4,1,0,0,1,0,0,5,1,2,3,8.65712903171376,1,1,50
201107406,4,1,0,0,1,0,0,5,2,2,4,8.4252971767117,1,1,50
201107407,4,1,0,0,1,0,0,5,2,2,4,10.4470642382933,2,0,50
201107408,4,1,0,0,1,0,0,3,2,3,5,10.4237980523133,2,0,50
201107409,4,1,0,0,1,0,0,2,2,2,5,10.7545323464458,2,0,50
201107410,4,1,0,0,1,0,0,2,2,2,4,6.55250788703459,1,0,50
201107411,5,1,1,1,1,0,0,2,2,1,4,6.90875477931522,1,0,50
201107412,3,0,-1,0,1,0,0,5,2,2,4,8.57565076098781,1,0,50
201107413,5,1,1,1,0,1,0,5,2,2,4,8.98732181285013,1,0,50
201107414,5,1,1,1,1,1,0,5,2,2,4,10.9318140024989,3,0,50
201107415,3,0,-1,0,1,1,0,3,2,2,4,9.4955944993533,1,0,50
201107416,4,1,0,0,1,1,0,5,2,2,3,9.97573844424003,1,0,50
201107417,4,1,0,0,1,1,0,5,2,2,3,8.94910546953925,1,0,50
201107418,4,1,0,0,2,1,1,5,3,2,4,11.3446178463821,3,0,50
201107419,4,1,0,0,2,0,1,2,2,3,2,11.6036889606171,3,0,50
201107420,2,0,-2,0,0,2,0,5,2,3,3,9.47662003816753,1,0,50
201107421,2,0,-2,0,3,0,1,5,2,3,3,10.0459848807647,2,0,50
201107422,4,1,0,0,1,0,0,5,2,3,5,8.49719454490955,1,0,50
201107423,4,1,0,0,1,0,0,5,2,3,4,10.4935102139976,2,0,50
201107424,4,1,0,0,1,0,0,3,2,2,5,10.6572828840475,2,0,50
201107425,3,0,-1,0,1,0,0,5,2,3,4,10.4963999473002,2,0,50
201107426,4,1,0,0,1,0,0,5,2,3,4,10.1064692120264,2,0,50
201107427,4,1,0,0,1,0,0,5,2,3,4,9.3379417165699,1,0,50
201107428,4,1,0,0,1,1,0,3,1,3,4,8.36520683441836,1,0,50
201107429,4,1,0,0,2,0,1,3,1,3,4,10.8056996438007,2,0,50
201107430,4,1,0,0,2,0,1,5,1,3,4,10.4482851629972,2,0,50
201107431,4,1,0,0,1,0,0,1,1,9,,10.649250902099,2,0,50
201107432,4,1,0,0,1,1,0,5,2,2,4,8.80402490241318,1,0,50
201107433,,,,,1,1,0,5,2,9,,7.26612877955645,1,0,50
201107434,,,,,1,0,0,5,2,9,4,10.2098642455187,2,0,50
201107435,4,1,0,0,1,1,0,4,2,2,4,8.64839687703158,1,0,50
201107436,4,1,0,0,1,0,0,5,2,3,4,9.41706970976834,1,0,50
201107437,3,0,-1,0,1,0,0,5,2,3,3,8.84375938191798,1,0,50
201107438,4,1,0,0,1,1,0,5,2,3,3,10.1257769110065,2,0,50
201107439,4,1,0,0,1,1,0,4,2,2,4,9.54724108821546,1,0,50
201107440,4,1,0,0,1,0,0,4,2,2,4,9.36486241141235,1,0,50
201107441,4,1,0,0,1,0,0,2,1,2,5,9.12706745278236,1,0,50
201107442,3,0,-1,0,1,0,0,5,2,9,4,8.45765547870004,1,0,50
201107443,4,1,0,0,1,0,0,2,2,3,3,8.99603266932437,1,0,50
201107444,4,1,0,0,1,1,0,5,2,3,4,10.5130970742781,2,0,50
201107445,3,0,-1,0,2,0,1,1,2,3,5,10.3089859934221,2,0,50
201107446,4,1,0,0,1,0,0,5,2,3,3,9.53249633228804,1,0,50
201107447,3,0,-1,0,1,0,0,5,2,2,4,8.49719454490955,1,0,50
201107448,4,1,0,0,0,0,0,5,2,2,3,8.51137630609467,1,0,50
201107449,4,1,0,0,1,0,0,5,2,2,4,9.08262063037381,1,0,50
201107450,4,1,0,0,1,0,0,5,2,3,4,0,1,0,50
201107451,4,1,0,0,1,0,0,5,2,2,4,9.13787720024247,1,0,50
201107452,5,1,1,1,1,0,0,1,1,3,4,9.83884090055263,1,0,50
201107453,4,1,0,0,1,1,0,5,2,2,4,11.3717565880141,3,0,50
201107454,4,1,0,0,1,0,0,4,2,2,,10.1107790113431,2,0,50
201107455,5,1,1,1,1,0,0,5,2,3,5,8.50734485536142,1,0,50
201107456,3,0,-1,0,1,1,0,5,3,3,3,7.986504938554,1,0,50
201107457,3,0,-1,0,1,0,0,5,1,3,5,9.80095636388846,1,0,50
201107458,4,1,0,0,1,0,0,5,2,3,4,10.7407567218572,2,0,50
201107459,5,1,1,1,1,1,0,5,1,2,5,9.46114719531903,1,0,50
201107460,5,1,1,1,0,1,0,5,2,3,5,9.42302946538653,1,0,50
201107461,4,1,0,0,1,0,0,5,1,9,4,8.89713534229332,1,0,50
201107462,4,1,0,0,1,0,0,3,3,2,4,9.31928445896536,1,0,50
201107463,3,0,-1,0,1,0,0,3,1,2,4,8.81001204797317,1,0,50
201107464,5,1,1,1,1,0,0,3,2,3,4,8.20275638165564,1,0,50
201107465,4,1,0,0,1,1,0,5,3,3,4,9.36999018950572,1,0,50
201107466,4,1,0,0,1,0,0,2,2,2,3,10.4517679079507,2,0,50
201107467,4,1,0,0,2,0,1,3,2,3,4,10.1527276085716,2,0,50
201107468,4,1,0,0,1,1,0,3,2,2,4,9.2351305407834,1,0,50
201107469,4,1,0,0,0,1,0,5,1,2,4,7.56060116276856,1,0,50
201107470,4,1,0,0,1,0,0,5,2,3,4,9.60942573259947,1,0,50
201107471,4,1,0,0,1,0,0,5,2,3,3,8.93603509656604,1,0,50
201107472,3,0,-1,0,1,0,0,3,2,2,5,10.7282330084528,2,1,51
201107473,4,1,0,0,1,0,0,5,4,3,4,10.7082421415387,2,1,51
201107474,4,1,0,0,0,1,0,3,2,2,4,8.88640916684928,1,1,51
201107475,5,1,1,1,1,1,0,3,2,2,5,9.30255485596399,1,1,51
201107476,4,1,0,0,1,1,0,3,2,2,4,8.65982058966599,1,1,51
201107477,4,1,0,0,1,0,0,5,3,3,4,9.33087517360492,1,1,51
201107478,4,1,0,0,1,0,0,5,3,3,4,10.1121670012395,2,1,51
201107479,5,1,1,1,1,1,0,5,1,1,5,10.0938882018015,2,1,51
201107480,5,1,1,1,1,0,0,5,1,1,5,8.39886000445437,1,1,51
201107481,3,0,-1,0,1,1,0,5,1,3,4,10.2023038444187,2,1,51
201107482,3,0,-1,0,1,1,0,4,1,2,3,10.1993264771935,2,1,51
201107483,4,1,0,0,1,0,0,5,3,3,4,11.0145388219727,3,1,51
201107484,3,0,-1,0,1,1,0,3,2,3,3,9.03848386502999,1,1,51
201107485,5,1,1,1,1,0,0,5,1,2,5,10.7444838755457,2,1,51
201107486,4,1,0,0,1,0,0,2,2,3,4,9.7420010632341,1,1,51
201107487,5,1,1,1,1,1,0,1,1,3,5,9.98234494261362,1,1,51
201107488,4,1,0,0,1,0,0,3,1,2,4,10.0270759267807,1,1,51
201107489,4,1,0,0,1,0,0,3,2,2,4,10.8390121225256,2,1,51
201107490,4,1,0,0,1,1,0,3,1,3,4,10.2702464817622,2,1,51
201107491,4,1,0,0,1,1,0,,1,2,5,8.89025051309122,1,1,51
201107492,4,1,0,0,1,1,0,5,2,2,,7.61874237767041,1,1,51
201107493,3,0,-1,0,1,1,0,3,2,2,4,8.45638105201948,1,1,51
201107494,4,1,0,0,0,1,0,5,3,2,4,9.46273199764938,1,1,51
201107495,4,1,0,0,1,1,0,5,2,2,4,11.026349329715,3,1,51
201107496,4,1,0,0,1,1,0,5,2,2,3,10.5012520506635,2,1,51
201107497,4,1,0,0,1,0,0,5,4,3,5,9.31298720893633,1,1,51
201107498,4,1,0,0,1,1,0,4,2,2,4,10.3951609374575,2,1,51
201107499,4,1,0,0,1,1,0,4,2,2,4,9.54688403461792,1,1,51
201107500,4,1,0,0,2,0,1,4,2,2,5,9.70509758756311,1,1,51
201107501,4,1,0,0,1,1,0,5,3,2,4,12.0127697324965,3,1,51
201107502,4,1,0,0,1,0,0,1,1,2,5,10.2049017616012,2,1,51
201107503,5,1,1,1,1,0,0,5,1,1,5,10.2396383089167,2,1,51
201107504,4,1,0,0,1,0,0,5,4,4,2,7.60140233458373,1,1,51
201107505,3,0,-1,0,1,1,0,1,3,2,5,9.84007714483924,1,1,51
201107506,5,1,1,1,1,1,0,5,2,2,4,10.2549695540365,2,1,51
201107507,5,1,1,1,1,1,0,3,2,2,4,10.1864459861515,2,1,51
201107508,5,1,1,1,1,0,0,5,1,5,5,9.30574145673943,1,1,51
201107509,4,1,0,0,2,1,1,1,2,3,2,9.97212702825282,1,1,51
201107510,4,1,0,0,2,1,1,3,2,2,4,9.5353904808967,1,1,51
201107511,5,1,1,1,1,1,0,4,3,1,5,9.21044036697652,1,1,51
201107512,4,1,0,0,2,0,1,5,2,2,4,9.63436550560526,1,1,51
201107513,5,1,1,1,1,0,0,5,2,1,5,6.65415252018322,1,1,51
201107514,4,1,0,0,2,1,1,5,2,2,3,10.102379394048,2,1,51
201107515,4,1,0,0,1,1,0,4,3,3,4,11.0897875898804,3,1,51
201107516,,,,,1,0,0,5,1,3,,9.30937089543914,1,1,51
201107517,3,0,-1,0,1,0,0,5,2,2,4,9.37932336433096,1,1,51
201107518,5,1,1,1,2,1,1,5,3,4,5,5.70711026474888,1,1,51
201107519,5,1,1,1,1,0,0,5,2,3,4,9.687878048876,1,1,51
201107520,5,1,1,1,1,1,0,3,2,2,5,10.0647982524184,2,1,51
201107521,5,1,1,1,1,0,0,1,2,2,4,10.9664899345691,3,1,51
201107522,4,1,0,0,2,1,1,4,1,2,2,10.2472764973824,2,1,51
201107523,3,0,-1,0,1,0,0,1,1,3,3,7.09090982207998,1,0,51
201107524,4,1,0,0,1,0,0,5,2,1,4,10.5605168262568,2,0,51
201107525,2,0,-2,0,1,0,0,5,3,4,3,10.857196291935,2,0,51
201107526,4,1,0,0,1,0,0,5,3,3,5,11.2796179349818,3,0,51
201107527,4,1,0,0,1,1,0,5,1,2,4,10.1093517342103,2,0,51
201107528,4,1,0,0,1,0,0,5,1,2,2,9.74302842573894,1,0,51
201107529,2,0,-2,0,1,1,0,5,2,2,,10.4079887268794,2,0,51
201107530,5,1,1,1,1,1,0,5,5,3,5,10.2802444965075,2,0,51
201107531,5,1,1,1,1,0,0,1,1,4,4,9.37424334324612,1,0,51
201107532,5,1,1,1,0,1,0,5,1,2,5,10.6257913572358,2,0,51
201107533,5,1,1,1,0,1,0,5,2,2,4,10.1100205499004,2,0,51
201107534,4,1,0,0,1,1,0,1,1,3,4,9.71480581258949,1,0,51
201107535,5,1,1,1,0,2,0,5,1,1,5,8.50370260123374,1,0,51
201107536,3,0,-1,0,0,1,0,4,3,3,4,7.61529833982582,1,0,51
201107537,5,1,1,1,1,0,0,3,2,3,4,9.00097644407035,1,0,51
201107538,4,1,0,0,1,0,0,3,2,3,3,9.93725320956188,1,0,51
201107539,2,0,-2,0,0,0,0,1,1,2,2,5.80211837537706,1,0,51
201107540,4,1,0,0,0,1,0,3,2,2,5,9.54688403461792,1,0,51
201107541,2,0,-2,0,1,1,0,5,1,2,3,8.764209507142,1,0,51
201107542,4,1,0,0,1,0,0,2,1,2,3,10.7104515804826,2,0,51
201107543,4,1,0,0,1,1,0,2,2,2,4,7.89020821310996,1,0,51
201107544,4,1,0,0,1,0,0,5,2,2,4,8.53129331579502,1,0,51
201107545,5,1,1,1,2,0,1,5,2,1,5,10.0751693742257,2,0,51
201107546,4,1,0,0,1,0,0,5,2,3,4,8.64822145382264,1,0,51
201107547,4,1,0,0,0,1,0,5,1,2,4,7.90137735379262,1,0,51
201107548,3,0,-1,0,2,0,1,4,3,3,2,9.88129306702636,1,0,51
201107549,4,1,0,0,1,0,0,5,2,2,4,9.11943049661634,1,0,51
201107550,4,1,0,0,1,0,0,5,1,3,3,7.43897159239586,1,0,51
201107551,4,1,0,0,1,0,0,5,2,2,4,10.7483957295459,2,0,51
201107552,4,1,0,0,1,0,0,5,2,2,4,9.44707119679891,1,0,51
201107553,3,0,-1,0,1,0,0,3,2,2,3,9.04793908261736,1,0,51
201107554,5,1,1,1,1,1,0,5,2,2,4,10.7246611328498,2,0,51
201107555,2,0,-2,0,1,1,0,2,2,2,4,9.40615383561844,1,0,51
201107556,3,0,-1,0,1,0,0,5,3,3,4,9.0851172272221,1,0,51
201107557,4,1,0,0,1,1,0,5,2,3,5,9.02773877597491,1,0,51
201107558,5,1,1,1,1,0,0,5,2,2,5,10.2680163203941,2,0,51
201107559,5,1,1,1,0,1,0,1,1,1,5,10.4045961182387,2,0,51
201107560,4,1,0,0,1,0,0,3,2,2,4,9.69282824771042,1,0,51
201107561,5,1,1,1,1,1,0,3,1,1,2,8.67948209445996,1,0,51
201107562,4,1,0,0,2,1,1,5,2,2,4,8.28425179762192,1,0,51
201107563,4,1,0,0,1,1,0,3,1,4,4,9.06508335931904,1,0,51
201107564,3,0,-1,0,1,0,0,5,2,3,3,9.76600550921487,1,0,51
201107565,4,1,0,0,1,0,0,4,2,2,4,9.61740420144804,1,0,51
201107566,4,1,0,0,1,0,0,3,2,3,4,10.3395141962266,2,0,51
201107567,4,1,0,0,1,0,0,5,2,3,4,8.67948209445996,1,0,51
201107568,4,1,0,0,1,0,0,3,2,2,4,9.20843856468659,1,0,51
201107569,2,0,-2,0,1,0,0,5,2,3,3,10.3560529056408,2,0,51
201107570,3,0,-1,0,2,1,1,5,2,2,3,10.6127787149194,2,0,51
201107571,4,1,0,0,1,1,0,5,3,2,4,10.1541149393025,2,0,51
201107572,3,0,-1,0,1,0,0,4,2,3,3,10.346601626429,2,0,51
201107573,4,1,0,0,1,0,0,5,2,3,4,10.854765288436,2,0,51
201107574,4,1,0,0,3,0,1,3,1,2,3,10.817008749662,2,0,51
201107575,3,0,-1,0,1,0,0,5,3,3,2,10.3268253221789,2,0,51
201107576,4,1,0,0,1,0,0,5,1,2,3,9.34145634983372,1,0,51
201107577,2,0,-2,0,1,1,0,5,1,1,2,10.3688240576817,2,0,51
201107578,5,1,1,1,1,2,0,5,4,2,4,11.277848492779,3,0,51
201107579,3,0,-1,0,2,1,1,5,2,3,3,10.5966597327836,2,0,51
201107580,4,1,0,0,1,1,0,3,2,2,4,8.55082137239622,1,0,51
201107581,4,1,0,0,1,1,0,5,1,1,5,8.42967259388674,1,0,51
201107582,3,0,-1,0,1,0,0,5,2,3,4,9.72340349068237,1,0,51
201107583,4,1,0,0,1,1,0,3,2,2,4,10.001295232438,1,0,51
201107584,3,0,-1,0,0,1,0,4,1,2,4,10.0728505081657,2,0,51
201107585,2,0,-2,0,0,1,0,4,4,2,3,10.1924562968705,2,0,51
201107586,4,1,0,0,1,0,0,3,2,2,4,10.1876544696872,2,0,51
201107587,4,1,0,0,1,1,0,,1,3,,9.52522410185311,1,0,51
201107588,3,0,-1,0,1,1,0,5,2,2,4,9.7002079011507,1,0,51
201107589,5,1,1,1,1,1,0,5,2,3,,9.83150808274396,1,0,51
201107590,3,0,-1,0,1,1,0,5,1,2,4,9.42230163388782,1,0,51
201107591,5,1,1,1,1,1,0,5,2,3,5,8.5850387383113,1,0,51
201107592,3,0,-1,0,1,0,0,5,3,3,3,8.91072066195136,1,0,51
201107593,4,1,0,0,1,0,0,5,2,3,3,9.06889200839181,1,0,51
201107594,5,1,1,1,1,0,0,5,3,3,4,8.69634305704456,1,0,51
201107595,4,1,0,0,1,1,0,5,4,3,4,9.15967845717396,1,0,51
201107596,4,1,0,0,1,0,0,5,2,3,4,8.68794811183873,1,0,51
201107597,4,1,0,0,1,1,0,5,2,2,4,9.02893839224161,1,0,51
201107598,2,0,-2,0,1,0,0,5,3,3,4,8.77199043653224,1,0,51
201107599,4,1,0,0,1,0,0,5,2,2,4,8.11701408773731,1,0,51
201107600,4,1,0,0,1,0,0,5,2,2,4,9.91002395612983,1,0,51
201107601,4,1,0,0,1,1,0,4,2,2,4,9.34389029470246,1,0,51
201107602,4,1,0,0,1,0,0,5,2,2,4,8.4142741374084,1,0,51
201107603,4,1,0,0,1,0,0,3,2,3,3,9.37254425185104,1,0,51
201107604,5,1,1,1,1,0,0,2,1,2,4,10.5992741179471,2,0,51
201107605,3,0,-1,0,1,0,0,2,4,2,3,9.65509029374725,1,0,51
201107606,4,1,0,0,1,0,0,5,1,2,4,9.67727680217245,1,0,51
201107607,2,0,-2,0,2,2,1,1,2,4,2,10.534698136515,2,0,51
201107608,4,1,0,0,1,0,0,3,2,2,3,10.4208673538039,2,0,51
201107609,4,1,0,0,1,0,0,4,2,2,4,11.6767520391279,3,0,51
201107610,4,1,0,0,1,0,0,3,2,4,4,9.61587214452889,1,0,51
201107611,4,1,0,0,1,1,0,5,2,3,4,9.08034557536,1,0,51
201107612,4,1,0,0,1,0,0,4,2,3,4,10.254179634797,2,0,51
201107613,2,0,-2,0,2,0,1,5,1,2,4,9.51273862826364,1,0,51
201107614,4,1,0,0,1,0,0,5,2,2,4,8.94910546953925,1,0,51
201107615,3,0,-1,0,1,0,0,5,3,3,3,9.3968199389188,1,0,51
201107616,4,1,0,0,0,1,0,5,2,3,4,7.12367278520461,1,0,51
201107617,4,1,0,0,2,1,1,3,2,3,2,10.2600092620788,2,0,51
201107618,2,0,-2,0,1,1,0,5,2,2,4,9.19755903761145,1,0,51
201107619,3,0,-1,0,1,1,0,3,1,3,2,7.04838640872188,1,0,51
201107620,4,1,0,0,2,1,1,5,2,2,4,8.37355374121463,1,0,51
201107621,3,0,-1,0,1,1,0,2,2,4,3,9.80372246434655,1,0,51
201107622,5,1,1,1,1,0,0,5,1,1,5,9.48796315671148,1,0,51
201107623,3,0,-1,0,1,1,0,5,2,3,3,9.41458648618593,1,0,51
201107624,2,0,-2,0,1,0,0,4,2,3,3,8.26126815057765,1,0,51
201107625,4,1,0,0,0,2,0,5,2,2,3,8.79497643168877,1,0,51
201107626,4,1,0,0,1,0,0,2,2,3,3,6.21660610108487,1,0,51
201107627,3,0,-1,0,1,1,0,5,2,3,3,8.81001204797317,1,0,51
201107628,4,1,0,0,1,0,0,4,2,3,4,10.3775765751861,2,0,51
201107629,5,1,1,1,2,0,1,3,3,2,5,0,1,0,51
201107630,4,1,0,0,0,1,0,5,2,3,3,9.87822102528824,1,0,51
201107631,3,0,-1,0,1,1,0,5,3,4,2,8.86092472971904,1,0,51
201107632,4,1,0,0,1,1,0,5,2,3,4,9.37661723160128,1,0,51
201107633,4,1,0,0,1,2,0,3,1,3,3,11.0197105254639,3,0,51
201107634,4,1,0,0,1,2,0,5,2,4,3,8.16990264735915,1,0,51
201107635,4,1,0,0,1,0,0,5,2,2,4,8.96200720958831,1,0,51
201107636,4,1,0,0,1,1,0,5,2,2,4,9.56528381773677,1,0,51
201107637,2,0,-2,0,0,2,0,3,1,9,3,9.39070868780096,1,0,51
201107638,4,1,0,0,1,1,0,5,2,2,4,10.3373914234567,2,0,51
201107639,4,1,0,0,1,1,0,5,3,3,5,9.97864140613655,1,0,51
201107640,4,1,0,0,1,0,0,3,2,2,4,9.53249633228804,1,0,51
201107641,3,0,-1,0,1,0,0,5,2,2,2,9.91150532412971,1,0,51
201107642,4,1,0,0,1,0,0,5,2,3,4,9.75214127004149,1,0,51
201107643,5,1,1,1,0,0,0,5,2,2,5,9.8403954847803,1,1,51
201107644,3,0,-1,0,1,0,0,4,1,2,2,9.23890201459792,1,1,51
201107645,5,1,1,1,1,0,0,4,2,3,4,10.3514470684016,2,1,51
201107646,4,1,0,0,2,0,1,5,2,2,4,8.41205487329293,1,1,51
201107647,5,1,1,1,1,1,0,5,3,2,5,10.9151066458675,3,1,51
201107648,4,1,0,0,2,0,1,5,3,2,4,10.3089859934221,2,1,51
201107649,5,1,1,1,1,0,0,5,2,2,4,10.240612965858,2,1,51
201107650,5,1,1,1,2,0,1,1,1,1,4,,1,1,51
201107651,2,0,-2,0,2,1,1,4,1,2,3,11.8056025415918,3,1,51
201107652,5,1,1,1,1,0,0,5,1,3,4,8.98732181285013,1,1,51
201107653,4,1,0,0,1,0,0,1,2,2,4,10.2819582342453,2,1,51
201107654,2,0,-2,0,1,0,0,5,1,2,2,10.2413468011417,2,1,51
201107655,5,1,1,1,3,1,1,2,2,2,4,10.3089859934221,2,1,51
201107656,5,1,1,1,1,1,0,1,2,2,5,10.299058694088,2,1,51
201107657,5,1,1,1,2,1,1,1,2,2,4,10.6577533505236,2,1,51
201107658,2,0,-2,0,1,1,0,5,3,2,2,9.90353755128617,1,1,51
201107659,5,1,1,1,2,1,1,5,2,2,4,10.3859445655017,2,1,51
201107660,5,1,1,1,3,0,1,5,2,2,3,10.573903321094,2,1,51
201107661,4,1,0,0,3,0,1,2,3,3,2,10.8532324026692,2,1,51
201107662,5,1,1,1,1,1,0,3,2,2,5,11.1534036152954,3,1,51
201107663,4,1,0,0,2,0,1,3,2,3,3,10.6713014776788,2,1,51
201107664,4,1,0,0,2,1,1,5,1,2,3,13.5868832482938,3,1,51
201107665,4,1,0,0,3,0,1,4,2,3,4,10.2328272702548,2,1,51
201107666,5,1,1,1,3,0,1,3,2,2,3,10.0078926118909,1,1,51
201107667,4,1,0,0,3,1,1,2,2,2,4,10.1186392539208,2,1,51
201107668,5,1,1,1,2,1,1,1,2,4,4,10.9664899345691,3,1,51
201107669,4,1,0,0,3,1,1,3,4,1,3,10.5751812438769,2,1,51
201107670,4,1,0,0,0,1,0,2,3,3,3,11.4403977819631,3,1,51
201107671,4,1,0,0,3,0,1,2,2,2,4,11.5598185928083,3,1,51
201107672,4,1,0,0,1,1,0,3,1,2,4,11.9183972397228,3,1,51
201107673,4,1,0,0,3,1,1,3,2,2,4,10.4913019948302,2,1,51
201107674,2,0,-2,0,1,0,0,5,2,2,3,11.4843184393331,3,1,51
201107675,4,1,0,0,2,0,1,3,2,2,4,11.5084253546453,3,1,51
201107676,2,0,-2,0,3,1,1,2,2,4,5,10.6454487065059,2,1,51
201107677,5,1,1,1,0,0,0,4,2,2,5,0,1,1,51
201107678,5,1,1,1,0,0,0,5,2,3,3,10.4524756373965,2,1,51
201107679,4,1,0,0,3,0,1,2,2,3,4,10.7133282865934,2,1,51
201107680,2,0,-2,0,1,1,0,2,3,3,3,8.5173931714189,1,1,51
201107681,5,1,1,1,2,0,1,5,2,2,4,10.2058116130145,2,1,51
201107682,3,0,-1,0,2,0,1,3,1,2,3,10.3859445655017,2,1,51
201107683,5,1,1,1,2,0,1,1,3,2,4,10.8986079489521,2,1,51
201107684,5,1,1,1,2,1,1,3,2,1,4,12.4292201968364,3,1,51
201107685,5,1,1,1,1,1,0,3,4,2,3,11.441440204346,3,1,51
201107686,5,1,1,1,2,1,1,3,4,3,4,12.3083417235525,3,1,51
201107687,4,1,0,0,3,0,1,4,2,3,3,11.1430350081257,3,1,51
201107688,5,1,1,1,1,1,0,5,3,2,4,0,1,1,51
201107689,4,1,0,0,2,1,1,5,2,2,4,10.8243876449672,2,1,51
201107690,5,1,1,1,1,1,0,5,1,1,3,10.7364184143654,2,1,51
201107691,5,1,1,1,2,0,1,1,2,2,4,11.1278657436387,3,1,51
201107692,4,1,0,0,1,0,0,5,2,2,5,8.43402895015547,1,1,51
201107693,4,1,0,0,1,0,0,5,2,2,4,9.18327745242649,1,1,51
201107694,3,0,-1,0,3,0,1,3,4,2,4,12.2150373422908,3,1,51
201107695,4,1,0,0,1,0,0,5,2,2,3,9.95232533461943,1,1,51
201107696,4,1,0,0,2,0,1,2,2,2,3,9.90353755128617,1,1,51
201107697,5,1,1,1,1,0,0,5,2,3,4,10.3890261370752,2,1,51
201107698,4,1,0,0,2,0,1,3,2,2,4,11.1562648066437,3,1,51
201107699,4,1,0,0,3,1,1,2,2,2,4,11.5327378961399,3,1,51
201107700,3,0,-1,0,3,0,1,3,3,2,3,11.0087609400772,3,1,51
201107701,5,1,1,1,3,1,1,1,2,2,5,7.37838371299671,1,1,51
201107702,2,0,-2,0,2,0,1,,1,2,3,9.67957502888065,1,1,51
201107703,4,1,0,0,2,0,1,1,3,3,4,10.8687779504422,2,1,51
201107704,4,1,0,0,1,0,0,4,2,2,5,13.837859939527,3,0,51
201107705,4,1,0,0,1,0,0,5,1,2,4,9.11283779061494,1,0,51
201107706,4,1,0,0,1,1,0,4,3,2,5,8.81789020094551,1,0,51
201107707,3,0,-1,0,1,0,0,5,2,3,1,9.88690074893173,1,0,51
201107708,5,1,1,1,0,1,0,5,1,2,5,8.70267641154777,1,0,51
201107709,4,1,0,0,1,0,0,5,2,2,5,11.189215443731,3,0,51
201107710,4,1,0,0,1,0,0,1,1,2,4,9.47779935863431,1,0,51
201107711,5,1,1,1,1,0,0,4,1,2,4,10.3350273208156,2,0,51
201107712,4,1,0,0,1,0,0,5,2,3,4,9.30615042682216,1,0,51
201107713,5,1,1,1,1,1,0,4,3,5,5,10.4145341284529,2,0,51
201107714,5,1,1,1,1,1,0,5,1,3,5,10.1016050802159,2,0,51
201107715,3,0,-1,0,0,1,0,1,2,2,3,9.00343919620784,1,0,51
201107716,4,1,0,0,1,1,0,3,2,2,4,10.8319242229538,2,0,51
201107717,3,0,-1,0,1,0,0,5,2,3,3,10.2219776466299,2,0,51
201107718,5,1,1,1,1,1,0,5,1,2,5,11.2966830459693,3,0,51
201107719,4,1,0,0,1,0,0,5,3,2,4,8.28399930424853,1,0,51
201107720,3,0,-1,0,1,0,0,5,3,3,3,8.68626063253178,1,0,51
201107721,5,1,1,1,0,1,0,5,2,9,5,8.72599438101457,1,0,51
201107722,4,1,0,0,1,1,0,3,2,2,4,10.6689786502192,2,0,51
201107723,4,1,0,0,0,1,0,5,2,2,5,9.29201252062021,1,0,51
201107724,2,0,-2,0,2,0,1,4,1,4,4,10.4323790021137,2,0,51
201107725,4,1,0,0,1,0,0,4,1,1,2,7.57865685059476,1,0,51
201107726,4,1,0,0,1,0,0,5,2,1,3,8.21635833238616,1,0,51
201107727,4,1,0,0,1,0,0,5,1,2,5,10.3704537364979,2,0,51
201107728,5,1,1,1,0,1,0,5,2,2,4,8.64664125860312,1,0,51
201107729,3,0,-1,0,1,0,0,4,1,3,3,9.46660917372222,1,0,51
201107730,4,1,0,0,1,0,0,5,2,2,4,10.5841759001824,2,0,51
201107731,5,1,1,1,1,0,0,5,2,2,4,10.1614188538821,2,0,51
201107732,5,1,1,1,1,1,0,5,2,2,5,8.63728467167406,1,0,51
201107733,4,1,0,0,1,1,0,3,1,9,5,11.0595397403078,3,0,51
201107734,3,0,-1,0,1,0,0,5,1,9,,10.0919036185129,2,0,51
201107735,4,1,0,0,1,0,0,1,2,2,4,8.31102966013671,1,0,51
201107736,3,0,-1,0,1,0,0,5,2,2,4,9.36819845659176,1,0,51
201107737,5,1,1,1,1,1,0,5,2,2,4,7.66669020008009,1,0,51
201107738,5,1,1,1,1,1,0,5,1,2,4,9.7981825908907,1,0,51
201107739,5,1,1,1,1,1,0,3,2,2,4,8.01168672912785,1,0,51
201107740,4,1,0,0,0,1,0,5,3,3,4,9.2712473068797,1,0,51
201107741,5,1,1,1,1,1,0,5,2,3,5,11.3833242853591,3,0,51
201107742,4,1,0,0,1,1,0,5,2,3,4,9.18101454259435,1,0,51
201107743,2,0,-2,0,1,0,0,5,2,9,5,7.78364059622125,1,0,51
201107744,4,1,0,0,1,1,0,5,2,3,4,10.109729065775,2,0,52
201107745,4,1,0,0,1,0,0,2,1,2,4,9.52886682772295,1,0,52
201107746,4,1,0,0,1,0,0,5,3,2,4,9.46738280829585,1,0,52
201107747,5,1,1,1,1,0,0,5,2,2,4,9.32910070769702,1,0,52
201107748,4,1,0,0,1,0,0,5,2,2,4,8.68287710705717,1,0,52
201107749,4,1,0,0,1,1,0,5,3,2,4,10.9100028269833,2,0,52
201107750,4,1,0,0,1,1,0,4,1,9,4,0,1,0,52
201107751,4,1,0,0,1,1,0,3,4,2,2,9.52668278492117,1,0,52
201107752,4,1,0,0,1,1,0,4,2,4,4,9.73512807075823,1,0,52
201107753,4,1,0,0,1,1,0,2,2,2,5,10.2399955028053,2,0,52
201107754,3,0,-1,0,2,0,1,5,2,2,4,10.2938728632092,2,0,52
201107755,4,1,0,0,0,0,0,5,4,3,,10.1697289067531,2,0,52
201107756,4,1,0,0,1,1,0,3,2,3,4,9.60312542692697,1,0,52
201107757,4,1,0,0,2,1,1,3,2,2,4,8.84231554684186,1,0,52
201107758,4,1,0,0,1,0,0,5,2,2,4,10.9706263738274,3,0,52
201107759,3,0,-1,0,1,0,0,1,2,2,4,11.5903586168668,3,0,52
201107760,4,1,0,0,1,0,0,5,2,2,4,10.1186392539208,2,0,52
201107761,4,1,0,0,1,0,0,5,2,2,4,9.33264649636015,1,0,52
201107762,4,1,0,0,1,0,0,5,3,3,4,10.7048465899704,2,0,52
201107763,4,1,0,0,1,0,0,4,2,3,4,10.5774773975544,2,0,52
201107764,5,1,1,1,1,0,0,3,3,2,5,8.8394216076206,1,0,52
201107765,4,1,0,0,1,1,0,3,2,2,3,10.1520019924571,2,0,52
201107766,4,1,0,0,1,0,0,5,2,3,4,8.88197518424887,1,0,52
201107767,4,1,0,0,1,1,0,2,1,1,4,8.31898612539206,1,0,52
201107768,5,1,1,1,0,1,0,3,1,2,4,8.98807143807263,1,0,52
201107769,3,0,-1,0,1,1,0,5,2,2,4,7.50714107972761,1,0,52
201107770,5,1,1,1,1,1,0,4,2,3,3,10.0971731668342,2,0,52
201107771,4,1,0,0,1,0,0,3,1,9,4,8.18896686364888,1,0,52
201107772,3,0,-1,0,1,0,0,3,3,2,,10.6115479758284,2,0,52
201107773,,,,,1,0,0,5,2,9,4,8.36660283278374,1,0,52
201107774,5,1,1,1,1,1,0,5,1,3,5,8.60904284504612,1,0,52
201107775,4,1,0,0,1,0,0,5,2,3,5,10.5621169827189,2,0,52
201107776,5,1,1,1,1,0,0,5,2,1,4,9.52886682772295,1,0,52
201107777,4,1,0,0,0,1,0,3,2,9,4,8.22443157322116,1,0,52
201107778,4,1,0,0,1,0,0,3,4,3,5,8.5173931714189,1,0,52
201107779,5,1,1,1,0,1,0,5,1,9,5,7.63578686139559,1,0,52
201107780,3,0,-1,0,1,1,0,5,2,2,4,8.11402544235676,1,0,52
201107781,4,1,0,0,1,0,0,2,1,1,4,9.65892882446643,1,0,52
201107782,4,1,0,0,1,1,0,3,2,9,4,9.84749904232727,1,0,52
201107783,4,1,0,0,0,1,0,5,2,2,2,0,1,0,52
201107784,4,1,0,0,0,1,0,5,2,2,4,9.31479047333265,1,0,52
201107785,3,0,-1,0,1,0,0,1,2,2,4,10.9551125040901,3,0,52
201107786,4,1,0,0,1,0,0,2,2,2,4,9.96650929895228,1,0,52
201107787,3,0,-1,0,1,0,0,3,2,2,5,10.1849377471114,2,0,52
201107788,4,1,0,0,2,0,1,3,2,3,4,8.78737298873188,1,0,52
201107789,3,0,-1,0,1,0,0,5,1,3,4,10.4498733517007,2,0,52
201107790,4,1,0,0,1,0,0,4,2,9,,9.25922576970599,1,0,52
201107791,4,1,0,0,1,0,0,3,2,2,2,10.3966887749484,2,0,52
201107792,4,1,0,0,1,1,0,3,2,2,3,8.26898820950666,1,0,52
201107793,5,1,1,1,1,0,0,5,2,2,5,10.3172845207638,2,0,52
201107794,4,1,0,0,1,0,0,2,2,2,4,10.6942377369148,2,0,52
201107795,4,1,0,0,0,1,0,3,2,2,4,9.8730798901147,1,0,52
201107796,5,1,1,1,2,1,1,4,1,3,5,9.88842467485908,1,0,52
201107797,4,1,0,0,1,1,0,3,1,2,4,8.7827830173932,1,0,52
201107798,2,0,-2,0,1,1,0,3,2,3,4,0,1,0,52
201107799,4,1,0,0,1,0,0,3,3,3,3,10.1808129567081,2,0,52
201107800,4,1,0,0,1,0,0,4,2,4,4,8.63070043220983,1,0,52
201107801,4,1,0,0,1,0,0,5,2,2,4,6.95749737087695,1,0,52
201107802,5,1,1,1,1,0,0,5,2,2,3,9.90353755128617,1,0,52
201107803,4,1,0,0,1,1,0,5,2,2,2,8.53326337159373,1,0,52
201107804,4,1,0,0,1,1,0,3,1,2,4,9.24965723435313,1,0,52
201107805,2,0,-2,0,1,1,0,5,1,3,2,10.4596975473367,2,0,52
201107806,5,1,1,1,1,0,0,2,1,2,4,8.17498453294309,1,0,52
201107807,4,1,0,0,1,0,0,1,2,2,4,9.94611591459175,1,0,52
201107808,4,1,0,0,1,0,0,5,2,2,3,10.1887040880481,2,0,52
201107809,4,1,0,0,1,0,0,3,2,2,4,10.7787776443766,2,0,52
201107810,4,1,0,0,1,0,0,5,1,9,4,9.65892882446643,1,0,52
201107811,4,1,0,0,1,1,0,2,2,3,4,10.6454487065059,2,0,52
201107812,5,1,1,1,1,1,0,3,1,3,5,9.78700991447743,1,0,52
201107813,5,1,1,1,0,1,0,5,1,2,4,9.28924396957165,1,0,52
201107814,4,1,0,0,1,0,0,3,2,3,4,9.44943600950432,1,0,52
201107815,5,1,1,1,1,1,0,5,1,3,5,9.0107912695156,1,0,52
201107816,,,,,1,0,0,5,2,2,4,9.63567346472181,1,0,52
201107817,4,1,0,0,1,0,0,5,2,2,4,8.53719187792293,1,0,52
201107818,5,1,1,1,1,0,0,4,2,2,5,10.3106512172799,2,0,52
201107819,4,1,0,0,0,1,0,2,3,9,4,9.42553239350277,1,0,52
201107820,4,1,0,0,2,0,1,4,2,2,2,10.8287578471909,2,0,52
201107821,4,1,0,0,1,0,0,5,2,3,4,8.89439598980643,1,0,52
201107822,4,1,0,0,2,0,1,5,1,2,5,10.440594769696,2,0,52
201107823,3,0,-1,0,1,0,0,5,2,2,4,10.6286419917311,2,0,52
201107824,3,0,-1,0,0,1,0,5,2,3,4,0,1,0,53
201107825,5,1,1,1,0,1,0,5,4,4,4,8.68626063253178,1,0,53
201107826,4,1,0,0,0,1,0,5,1,2,4,8.98105298590148,1,0,53
201107827,2,0,-2,0,0,0,0,5,2,4,2,8.59433940059289,1,0,53
201107828,2,0,-2,0,0,1,0,4,2,3,5,6.73459165997295,1,0,53
201107829,2,0,-2,0,1,0,0,5,3,4,4,10.8495506560773,2,0,53
201107830,1,0,-3,0,0,1,0,4,1,5,5,8.79739737401206,1,0,53
201107831,5,1,1,1,0,1,0,3,1,3,5,10.2064446987411,2,0,53
201107832,3,0,-1,0,1,0,0,2,3,3,3,8.35490952835879,1,0,53
201107833,4,1,0,0,1,1,0,5,2,3,4,8.59433940059289,1,0,53
201107834,3,0,-1,0,1,1,0,5,2,5,4,8.38045666784277,1,0,53
201107835,2,0,-2,0,1,1,0,4,2,2,4,8.88197518424887,1,0,53
201107836,3,0,-1,0,1,0,0,5,2,1,4,9.20943996673302,1,0,53
201107837,3,0,-1,0,0,1,0,5,2,1,4,9.44943600950432,1,0,53
201107838,3,0,-1,0,0,1,0,1,2,3,5,9.01103541014182,1,0,53
201107839,5,1,1,1,0,1,0,5,1,3,5,6.7286286130847,1,0,53
201107840,3,0,-1,0,1,1,0,5,1,2,4,10.4691138127682,2,0,53
201107841,3,0,-1,0,0,1,0,3,1,2,4,8.05864371221562,1,0,53
201107842,3,0,-1,0,1,0,0,5,1,1,5,9.01201137703641,1,0,53
201107843,3,0,-1,0,1,0,0,3,2,4,4,9.68911789777328,1,0,53
201107844,4,1,0,0,1,1,0,5,1,2,5,9.89556760047446,1,0,53
201107845,5,1,1,1,1,1,0,5,2,2,5,7.650168700845,1,0,53
201107846,4,1,0,0,0,1,0,5,1,3,5,9.07427138738686,1,0,53
201107847,5,1,1,1,0,1,0,5,2,2,5,9.97634032179461,1,0,53
201107848,4,1,0,0,0,0,0,5,1,1,,7.60140233458373,1,0,53
201107849,5,1,1,1,1,0,0,5,2,2,5,10.9991956280568,3,0,53
201107850,4,1,0,0,1,1,0,5,1,2,4,10.4038877701185,2,0,53
201107851,4,1,0,0,1,1,0,5,2,2,4,7.49609734517596,1,0,53
201107852,3,0,-1,0,1,1,0,5,1,1,4,9.16565676434954,1,0,53
201107853,4,1,0,0,1,0,0,3,2,2,1,8.2482674474469,1,0,53
201107854,4,1,0,0,1,0,0,3,2,2,4,11.2357746189755,3,0,53
201107855,4,1,0,0,1,0,0,4,1,2,4,0,1,0,53
201107856,4,1,0,0,0,1,0,5,2,2,3,9.13787720024247,1,0,53
201107857,4,1,0,0,1,1,0,3,2,2,2,9.28739400141847,1,0,53
201107858,4,1,0,0,2,2,1,1,2,3,4,10.875042683514,2,0,53
201107859,4,1,0,0,1,1,0,3,3,3,2,10.5066006103921,2,0,53
201107860,5,1,1,1,1,0,0,4,3,2,4,9.39274525863144,1,0,53
201107861,4,1,0,0,1,0,0,3,3,3,5,9.39773238558324,1,0,53
201107862,4,1,0,0,1,1,0,3,2,2,5,9.95232533461943,1,0,53
201107863,4,1,0,0,1,1,0,3,1,2,4,7.90875473878325,1,0,53
201107864,5,1,1,1,1,0,0,5,2,4,5,7.55013534248843,1,0,53
201107865,4,1,0,0,1,0,0,4,3,4,4,9.28739400141847,1,0,53
201107866,5,1,1,1,0,1,0,5,3,4,5,7.78364059622125,1,0,53
201107867,5,1,1,1,1,1,0,5,3,2,4,10.5631038023871,2,0,53
201107868,5,1,1,1,1,1,0,5,1,4,5,9.7435947672892,1,0,53
201107869,4,1,0,0,1,0,0,5,1,2,3,4.51085950651685,1,0,53
201107870,4,1,0,0,1,0,0,3,1,2,5,8.96966910379376,1,0,53
201107871,3,0,-1,0,1,0,0,3,1,3,3,9.41132011058867,1,0,53
201107872,4,1,0,0,1,1,0,4,1,2,4,9.98971111928475,1,0,53
201107873,3,0,-1,0,2,2,1,4,2,1,4,10.0276409659859,1,0,53
201107874,3,0,-1,0,1,1,0,3,3,3,3,4.33073334028633,1,0,53
201107875,4,1,0,0,0,1,0,5,1,2,5,8.52535975408263,1,0,53
201107876,4,1,0,0,1,2,0,4,1,2,5,9.60784051043005,1,0,53
201107877,4,1,0,0,1,1,0,3,3,2,3,9.71721821349408,1,0,53
201107878,4,1,0,0,1,0,0,4,2,5,4,9.74348452718683,1,0,53
201107879,4,1,0,0,0,1,0,5,1,4,5,8.71784570489492,1,0,53
201107880,4,1,0,0,0,1,0,5,1,1,4,8.82849412946665,1,0,53
201107881,5,1,1,1,1,1,0,4,2,3,5,9.00343919620784,1,0,53
201107882,3,0,-1,0,1,0,0,3,2,2,4,9.64218772135847,1,0,53
201107883,4,1,0,0,1,1,0,5,1,3,4,9.67224882350756,1,0,53
201107884,1,0,-3,0,0,1,0,5,1,2,4,8.45977592054629,1,0,53
201107885,4,1,0,0,0,1,0,5,1,1,5,9.84790010078,1,0,53
201107886,5,1,1,1,1,0,0,1,1,2,5,9.48804786328076,1,0,53
201107887,5,1,1,1,0,1,0,5,1,1,5,8.99974278983049,1,0,53
201107888,3,0,-1,0,1,1,0,3,3,1,5,10.4807875665759,2,0,53
201107889,5,1,1,1,1,0,0,4,2,3,4,7.40913644392013,1,0,53
201107890,4,1,0,0,1,0,0,5,2,3,4,9.75780246817281,1,0,53
201107891,4,1,0,0,0,0,0,4,1,2,5,9.93128509593363,1,0,53
201107892,3,0,-1,0,1,0,0,5,2,1,4,6.90875477931522,1,0,53
201107893,5,1,1,1,0,1,0,5,1,1,2,6.90875477931522,1,0,53
201107894,4,1,0,0,0,1,0,5,2,2,4,8.74846362994206,1,0,53
201107895,5,1,1,1,1,0,0,3,1,2,4,10.4829339785799,2,0,53
201107896,4,1,0,0,1,1,0,3,3,3,5,9.36742958721896,1,0,53
201107897,4,1,0,0,1,0,0,3,2,3,5,9.01201137703641,1,0,53
201107898,5,1,1,1,1,1,0,5,1,1,5,8.57565076098781,1,0,53
201107899,5,1,1,1,0,1,0,5,1,1,5,8.69968140098951,1,0,53
201107900,4,1,0,0,0,1,0,4,2,2,4,7.60140233458373,1,0,53
201107901,4,1,0,0,0,1,0,2,1,2,4,9.38857023586688,1,0,53
201107902,5,1,1,1,1,1,0,3,1,2,5,10.0032694310242,1,0,53
201107903,3,0,-1,0,0,1,0,5,1,3,4,0,1,0,53
201107904,5,1,1,1,1,1,0,5,3,2,5,10.0177532986645,1,0,53
201107905,1,0,-3,0,1,0,0,5,2,2,4,9.18098728978376,1,0,53
201107906,4,1,0,0,1,1,0,4,2,2,5,9.06843112579349,1,0,53
201107907,5,1,1,1,1,0,0,5,2,2,5,10.4926898815794,2,0,53
201107908,3,0,-1,0,1,0,0,1,1,2,3,8.57224939716432,1,0,53
201107909,4,1,0,0,0,0,0,5,2,2,4,9.60245002503719,1,0,53
201107910,4,1,0,0,1,0,0,3,2,3,3,10.1266711030504,2,0,53
201107911,4,1,0,0,1,0,0,5,2,3,3,9.69959500581403,1,0,53
201107912,5,1,1,1,1,0,0,3,2,2,4,10.4561859435673,2,0,53
201107913,5,1,1,1,0,1,0,2,1,2,4,10.2903007538278,2,0,53
201107914,3,0,-1,0,1,1,0,3,1,3,5,10.8805586293954,2,0,53
201107915,5,1,1,1,1,0,0,5,1,1,5,9.72142596194803,1,0,53
201107916,5,1,1,1,0,0,0,5,3,2,5,11.0219188082362,3,0,53
201107917,4,1,0,0,1,2,0,4,2,3,4,9.00466830157398,1,0,53
201107918,4,1,0,0,1,1,0,4,2,4,4,6.80350525760834,1,0,53
201107919,4,1,0,0,1,0,0,1,3,2,4,9.80592984894132,1,0,53
201107920,4,1,0,0,1,0,0,2,2,3,3,9.42553239350277,1,0,53
201107921,4,1,0,0,1,1,0,3,2,3,4,9.59226387150131,1,0,53
201107922,5,1,1,1,0,1,0,5,1,2,4,0,1,0,53
201107923,4,1,0,0,1,1,0,3,4,2,3,9.52522410185311,1,0,53
201107924,4,1,0,0,1,1,0,5,2,2,5,9.13787720024247,1,0,53
201107925,4,1,0,0,1,1,0,3,2,3,4,9.6210395448959,1,0,53
201107926,5,1,1,1,1,1,0,3,1,3,3,9.37254425185104,1,0,53
201107927,5,1,1,1,1,1,0,4,2,3,4,10.2435604418772,2,0,53
201107928,5,1,1,1,2,1,1,2,2,2,3,10.4202256630537,2,0,53
201107929,3,0,-1,0,1,1,0,2,5,2,4,9.07119324056602,1,0,53
201107930,2,0,-2,0,0,1,0,4,3,3,4,9.62977412931174,1,0,53
201107931,5,1,1,1,1,1,0,5,1,1,5,9.80133034265197,1,0,53
201107932,3,0,-1,0,1,1,0,3,2,3,4,8.96781308145001,1,0,53
201107933,4,1,0,0,1,0,0,2,3,3,5,9.5819728915479,1,0,53
201107934,5,1,1,1,1,1,0,4,2,2,5,9.48653167771247,1,0,53
201107935,2,0,-2,0,1,0,0,4,2,4,4,9.64775624131618,1,0,53
201107936,3,0,-1,0,0,1,0,3,3,3,4,9.10731426055174,1,0,53
201107937,5,1,1,1,1,0,0,3,1,2,4,11.07648269187,3,0,53
201107938,5,1,1,1,1,1,0,3,2,2,5,9.53032021072713,1,0,53
201107939,5,1,1,1,1,0,0,2,2,2,5,10.5983169111908,2,0,53
201107940,4,1,0,0,1,1,0,3,4,2,5,9.0095696715137,1,0,53
201107941,5,1,1,1,1,0,0,4,4,9,4,9.53633604555836,1,0,53
201107942,5,1,1,1,1,0,0,3,2,2,4,10.3536391782667,2,0,53
201107943,4,1,0,0,1,0,0,5,1,3,4,10.6242012608139,2,0,53
201107944,2,0,-2,0,1,1,0,4,2,2,4,9.80617658342462,1,0,53
201107945,5,1,1,1,1,1,0,5,1,1,5,10.4800875301634,2,0,53
201107946,4,1,0,0,1,0,0,3,2,2,3,10.8484969279921,2,0,53
201107947,4,1,0,0,1,2,0,5,2,2,3,10.6501991964258,2,0,53
201107948,5,1,1,1,1,1,0,5,1,2,5,5.88887795833288,1,0,53
201107949,4,1,0,0,1,0,0,1,5,2,5,7.74109909003537,1,0,53
201107950,4,1,0,0,1,1,0,5,2,3,4,7.63578686139559,1,0,53
201107951,2,0,-2,0,1,0,0,5,2,2,2,9.96415923206886,1,0,53
201107952,4,1,0,0,1,0,0,2,3,4,4,9.23999625688369,1,0,53
201107953,5,1,1,1,0,1,0,4,2,3,5,9.58096066309189,1,0,53
201107954,5,1,1,1,1,0,0,4,1,2,5,9.59770939581494,1,0,53
201107955,4,1,0,0,1,1,0,5,1,3,2,0,1,0,53
201107956,4,1,0,0,2,1,1,3,1,2,4,9.66846117931015,1,0,53
201107957,4,1,0,0,1,0,0,4,2,3,4,9.19469796177644,1,0,53
201107958,4,1,0,0,1,0,0,4,2,4,4,11.0078095514078,3,0,53
201107959,4,1,0,0,1,0,0,3,2,4,2,8.97474461272273,1,0,53
201107960,4,1,0,0,1,0,0,3,2,2,5,9.9259826303635,1,0,53
201107961,3,0,-1,0,1,1,0,5,1,3,5,5.70711026474888,1,0,53
201107962,1,0,-3,0,2,0,1,3,1,3,1,9.65509029374725,1,0,53
201107963,4,1,0,0,1,1,0,3,2,3,4,9.8255800636596,1,0,53
201107964,,,,,1,0,0,2,1,3,5,9.22335530905368,1,0,53
201107965,5,1,1,1,1,0,0,5,1,2,5,10.1519479118341,2,0,53
201107966,4,1,0,0,1,1,0,3,3,2,4,9.35970820362701,1,0,53
201107967,5,1,1,1,0,1,0,5,2,2,4,8.51338595307328,1,0,53
201107968,5,1,1,1,1,1,0,3,1,4,4,8.45765547870004,1,0,53
201107969,4,1,0,0,1,0,0,5,2,2,5,9.52813934333177,1,0,53
201107970,4,1,0,0,2,1,1,2,2,2,5,10.8027473592714,2,0,53
201107971,5,1,1,1,1,0,0,3,2,3,4,9.51421562432271,1,0,53
201107972,5,1,1,1,1,2,0,3,1,2,5,10.348205424566,2,0,53
201107973,4,1,0,0,1,1,0,4,2,3,5,9.47162713306843,1,0,53
201107974,4,1,0,0,1,1,0,3,3,2,3,9.09391890895893,1,0,53
201107975,4,1,0,0,1,1,0,5,2,2,4,8.21635833238616,1,0,53
201107976,4,1,0,0,1,0,0,5,1,3,4,0,1,0,53
201107977,2,0,-2,0,1,1,0,5,2,2,3,8.94760729438831,1,0,53
201107978,4,1,0,0,1,0,0,2,2,2,4,0,1,0,53
201107979,5,1,1,1,2,0,1,3,2,1,4,10.7362316652545,2,0,53
201107980,3,0,-1,0,1,0,0,3,3,3,3,9.92725290608639,1,0,53
201107981,3,0,-1,0,1,0,0,3,2,2,3,9.71842223507111,1,0,53
201107982,2,0,-2,0,1,1,0,5,2,2,4,8.63070043220983,1,0,53
201107983,4,1,0,0,1,0,0,3,2,2,4,10.0345596736298,2,0,53
201107984,5,1,1,1,0,1,0,5,2,9,3,7.7367436824535,1,0,53
201107985,5,1,1,1,1,1,0,5,1,9,3,6.79234442747081,1,0,53
201107986,5,1,1,1,1,2,0,5,1,1,5,8.21093973337902,1,0,53
201107987,5,1,1,1,1,0,0,5,1,3,5,8.3165447179294,1,0,53
201107988,4,1,0,0,1,0,0,5,4,2,4,8.91341571815747,1,0,53
201107989,4,1,0,0,3,1,1,3,2,5,4,,1,0,53
201107990,2,0,-2,0,1,0,0,5,2,2,4,10.4222755330624,2,0,53
201107991,4,1,0,0,1,0,0,4,2,2,4,8.98732181285013,1,0,53
201107992,5,1,1,1,0,0,0,5,2,2,3,8.34307787116938,1,0,53
201107993,4,1,0,0,2,0,1,5,2,2,5,10.0345596736298,2,0,53
201107994,5,1,1,1,1,1,0,5,2,2,4,8.34307787116938,1,0,53
201107995,4,1,0,0,0,1,0,5,1,2,4,9.61919971315236,1,0,53
201107996,4,1,0,0,1,1,0,2,3,3,3,10.3859445655017,2,0,53
201107997,5,1,1,1,1,1,0,5,2,3,3,10.711791928416,2,0,53
201107998,4,1,0,0,0,1,0,5,3,2,4,10.3089859934221,2,0,53
201107999,5,1,1,1,1,1,0,5,2,1,5,10.8154877651572,2,0,53
201108000,5,1,1,1,1,0,0,4,2,2,4,10.8988297317168,2,0,53
201108001,4,1,0,0,2,1,1,1,2,4,4,9.50680873170858,1,0,53
201108002,4,1,0,0,1,2,0,5,2,2,5,0,1,0,53
201108003,4,1,0,0,2,1,1,5,2,2,4,9.10420177591451,1,0,53
201108004,4,1,0,0,2,1,1,5,3,2,5,9.54688403461792,1,0,53
201108005,5,1,1,1,1,0,0,4,2,2,5,9.33264649636015,1,0,53
201108006,4,1,0,0,1,0,0,3,2,2,4,11.2515298562043,3,0,53
201108007,4,1,0,0,0,0,0,1,1,3,5,9.21044036697652,1,0,53
201108008,4,1,0,0,2,0,1,5,1,4,3,10.7831350467114,2,0,53
201108009,4,1,0,0,1,1,0,5,1,3,3,10.4020665382964,2,0,53
201108010,2,0,-2,0,2,1,1,3,2,4,4,9.10509096125709,1,0,53
201108011,5,1,1,1,2,1,1,2,1,3,4,11.3233744950793,3,0,53
201108012,3,0,-1,0,2,0,1,3,3,3,4,10.922352923114,3,0,53
201108013,5,1,1,1,2,1,1,3,3,3,5,10.3957723525969,2,0,53
201108014,4,1,0,0,2,1,1,3,2,3,2,11.393303845623,3,0,53
201108015,5,1,1,1,1,1,0,1,2,2,5,10.2219776466299,2,0,53
201108016,4,1,0,0,2,1,1,3,2,2,4,10.8206778796531,2,0,53
201108017,4,1,0,0,2,0,1,3,2,2,4,11.362114203075,3,0,53
201108018,4,1,0,0,2,1,1,3,2,2,4,10.4178369604757,2,0,53
201108019,4,1,0,0,1,0,0,5,2,2,4,10.9584597519784,3,0,53
201108020,4,1,0,0,1,1,0,4,1,2,4,9.96979014179019,1,0,53
201108021,4,1,0,0,3,1,1,3,3,2,4,3.8286413964891,1,0,53
201108022,4,1,0,0,2,0,1,5,1,2,3,9.58335115653074,1,0,53
201108023,4,1,0,0,1,1,0,5,1,2,3,10.027959280047,1,0,53
201108024,5,1,1,1,1,0,0,5,1,1,5,10.2292237926068,2,1,53
201108025,4,1,0,0,3,1,1,1,2,2,4,11.6932868988528,3,1,53
201108026,5,1,1,1,2,0,1,3,4,2,4,11.5536450542472,3,1,53
201108027,4,1,0,0,3,1,1,3,2,2,5,11.8593712376209,3,1,53
201108028,4,1,0,0,3,1,1,3,2,2,4,10.9151066458675,3,1,53
201108029,2,0,-2,0,1,1,0,5,1,1,1,10.23081092276,2,1,53
201108030,1,0,-3,0,0,1,0,5,3,9,1,0,1,1,53
201108031,3,0,-1,0,2,1,1,3,3,3,2,10.9900441289235,3,1,53
201108032,5,1,1,1,1,1,0,4,1,2,4,10.4913019948302,2,1,53
201108033,5,1,1,1,1,0,0,5,3,3,3,9.41743583886879,1,1,53
201108034,4,1,0,0,2,1,1,2,3,2,5,9.2687036152731,1,1,53
201108035,5,1,1,1,2,1,1,4,2,2,5,11.3882235489681,3,1,53
201108036,3,0,-1,0,3,1,1,4,2,4,5,9.53249633228804,1,1,53
201108037,4,1,0,0,2,1,1,3,2,2,4,8.63070043220983,1,1,53
201108038,4,1,0,0,1,1,0,3,2,3,3,9.64865981695529,1,1,53
201108039,5,1,1,1,2,1,1,5,4,2,5,10.4042931430198,2,1,53
201108040,4,1,0,0,1,0,0,5,2,3,5,9.48804786328076,1,1,53
201108041,4,1,0,0,2,1,1,5,1,1,3,7.98989937494294,1,1,53
201108042,4,1,0,0,3,2,1,3,2,1,3,11.0429378355965,3,1,53
201108043,4,1,0,0,1,0,0,5,2,1,4,8.00670084544037,1,1,53
201108044,4,1,0,0,1,0,0,5,2,2,4,10.6041315615227,2,1,53
201108045,5,1,1,1,1,0,0,4,2,3,5,9.55400099583723,1,1,53
201108046,4,1,0,0,0,0,0,3,2,2,5,9.88140069728279,1,1,53
201108047,2,0,-2,0,1,1,0,5,2,2,4,10.3997374648497,2,1,53
201108048,3,0,-1,0,2,0,1,5,2,3,4,10.9726460881323,3,1,53
201108049,4,1,0,0,0,1,0,4,2,3,5,10.6310603141111,2,0,53
201108050,4,1,0,0,2,0,1,3,1,2,4,11.8008899975264,3,0,53
201108051,4,1,0,0,1,0,0,4,2,3,3,10.7854692143654,2,0,53
201108052,5,1,1,1,1,1,0,4,1,2,2,9.83606487621869,1,0,53
201108053,4,1,0,0,1,1,0,5,4,3,5,9.50233811849557,1,0,53
201108054,4,1,0,0,1,0,0,3,1,2,4,10.4627376486144,2,0,53
201108055,4,1,0,0,1,1,0,5,2,2,5,9.58286305881325,1,0,53
201108056,4,1,0,0,1,1,0,4,2,2,3,10.524628397111,2,0,53
201108057,3,0,-1,0,1,0,0,5,2,3,3,10.6549272258476,2,0,53
201108058,4,1,0,0,1,0,0,4,2,3,4,8.41205487329293,1,0,53
201108059,5,1,1,1,1,0,0,5,2,3,5,8.11999382772511,1,0,53
201108060,4,1,0,0,2,1,1,3,3,2,4,10.1290681318838,2,0,53
201108061,4,1,0,0,1,0,0,5,2,3,3,9.06137621883622,1,0,53
201108062,5,1,1,1,1,1,0,2,3,2,5,11.4425687173984,3,0,53
201108063,5,1,1,1,2,1,1,1,2,2,5,10.1902066614873,2,0,53
201108064,3,0,-1,0,1,1,0,3,1,3,4,7.91971976092458,1,0,53
201108065,4,1,0,0,1,0,0,3,2,2,4,9.92333919823873,1,0,53
201108066,4,1,0,0,1,1,0,3,1,2,4,9.20039104112251,1,0,53
201108067,4,1,0,0,1,1,0,3,1,2,4,10.6858125117421,2,0,53
201108068,4,1,0,0,2,1,1,1,1,2,5,9.42931250061689,1,0,53
201108069,2,0,-2,0,1,1,0,3,1,3,3,10.4103352749329,2,0,61
201108070,4,1,0,0,1,0,0,5,1,2,4,10.6288840873116,2,0,61
201108071,4,1,0,0,1,0,0,5,9,2,5,9.31298720893633,1,0,61
201108072,5,1,1,1,1,1,0,5,2,2,4,10.7683629431016,2,0,61
201108073,5,1,1,1,1,0,0,5,1,3,5,10.4142162184769,2,0,61
201108074,5,1,1,1,1,0,0,5,3,2,4,9.54473903165049,1,0,61
201108075,5,1,1,1,1,1,0,5,1,3,3,10.4747793296807,2,0,61
201108076,4,1,0,0,1,0,0,1,1,9,4,10.5703164247782,2,0,61
201108077,5,1,1,1,1,1,0,1,1,5,5,11.0543918034237,3,0,61
201108078,5,1,1,1,1,0,0,3,2,3,5,8.21635833238616,1,0,61
201108079,3,0,-1,0,1,0,0,5,4,2,4,10.3941195968128,2,0,61
201108080,4,1,0,0,1,0,0,5,3,2,4,10.7122914646303,2,0,61
201108081,5,1,1,1,2,1,1,5,3,2,5,10.5223204596156,2,0,61
201108082,4,1,0,0,1,0,0,5,1,2,4,8.60538720215215,1,0,61
201108083,2,0,-2,0,0,1,0,,4,4,4,9.51051903575725,1,0,61
201108084,4,1,0,0,1,1,0,5,2,2,4,10.2646872443463,2,0,61
201108085,4,1,0,0,1,1,0,5,2,2,4,10.3320505063347,2,0,61
201108086,4,1,0,0,1,0,0,4,2,2,4,10.3932126649312,2,0,61
201108087,4,1,0,0,1,0,0,4,1,2,4,9.11591979635669,1,0,61
201108088,5,1,1,1,1,0,0,5,1,2,4,10.3828534684838,2,0,61
201108089,5,1,1,1,1,1,0,5,1,2,5,9.44785947315554,1,0,61
201108090,5,1,1,1,0,1,0,4,2,1,5,10.5448413136668,2,0,61
201108091,3,0,-1,0,1,0,0,5,2,1,,10.7209160535353,2,0,61
201108092,5,1,1,1,2,2,1,4,2,2,5,10.3727409003912,2,0,61
201108093,4,1,0,0,1,0,0,5,2,2,4,9.93587305976362,1,0,61
201108094,5,1,1,1,0,0,0,3,1,2,5,10.3649912311138,2,0,61
201108095,4,1,0,0,1,0,0,3,1,2,5,10.0669235613881,2,0,61
201108096,5,1,1,1,1,1,0,1,2,2,4,9.97910509899472,1,0,61
201108097,5,1,1,1,0,1,0,3,1,1,4,9.53914039514886,1,0,61
201108098,4,1,0,0,1,1,0,5,2,4,5,10.3089859934221,2,0,61
201108099,4,1,0,0,1,1,0,2,2,2,4,9.82047314858755,1,0,61
201108100,4,1,0,0,2,0,1,3,2,2,5,10.5717876676605,2,0,61
201108101,5,1,1,1,1,1,0,5,1,4,5,10.26964393841,2,0,61
201108102,2,0,-2,0,1,1,0,4,2,2,,11.2507941733625,3,0,61
201108103,5,1,1,1,2,2,1,1,4,2,2,10.0033781353509,1,0,61
201108104,4,1,0,0,1,2,0,5,1,4,4,10.8538124939532,2,0,61
201108105,3,0,-1,0,1,1,0,4,1,2,4,10.0375325217537,2,0,61
201108106,2,0,-2,0,0,2,0,4,3,3,4,10.9270781604799,3,0,61
201108107,5,1,1,1,1,0,0,5,1,2,5,9.97585472466203,1,0,61
201108108,3,0,-1,0,2,0,1,3,4,2,5,8.69968140098951,1,0,61
201108109,5,1,1,1,2,2,1,3,2,1,5,10.7719819933728,2,0,61
201108110,5,1,1,1,2,2,1,4,1,2,4,10.6478267723575,2,0,61
201108111,5,1,1,1,1,0,0,5,1,2,2,9.28554060453912,1,0,61
201108112,4,1,0,0,2,1,1,4,3,2,4,9.80923181661041,1,0,61
201108113,4,1,0,0,2,1,1,4,1,2,3,10.8217962469536,2,0,61
201108114,4,1,0,0,1,1,0,5,1,3,4,9.97724903609818,1,0,61
201108115,5,1,1,1,1,1,0,4,3,2,5,9.42553239350277,1,0,61
201108116,4,1,0,0,1,0,0,5,2,2,3,9.46350863639609,1,0,61
201108117,5,1,1,1,1,0,0,3,2,2,5,8.36660283278374,1,0,61
201108118,3,0,-1,0,2,0,1,3,2,2,2,10.1604997799856,2,0,61
201108119,5,1,1,1,2,1,1,4,2,2,5,10.841851310341,2,0,61
201108120,5,1,1,1,1,0,0,5,1,2,4,10.9541327659386,3,0,61
201108121,5,1,1,1,1,0,0,3,3,1,5,10.2146786105388,2,0,61
201108122,5,1,1,1,1,1,0,5,2,1,4,9.41743583886879,1,0,61
201108123,4,1,0,0,1,0,0,1,1,1,5,9.93953975214933,1,0,61
201108124,4,1,0,0,1,1,0,2,1,2,4,8.66922734727174,1,0,61
201108125,4,1,0,0,1,1,0,2,2,2,5,10.649250902099,2,0,61
201108126,3,0,-1,0,1,0,0,1,1,2,4,8.93866287366612,1,0,61
201108127,5,1,1,1,1,1,0,5,3,3,5,9.25922576970599,1,0,61
201108128,4,1,0,0,2,1,1,1,1,2,5,11.9329572946904,3,0,61
201108129,4,1,0,0,1,2,0,5,2,2,4,10.3907369998353,2,0,61
201108130,4,1,0,0,1,0,0,5,2,2,4,8.53719187792293,1,0,61
201108131,4,1,0,0,1,1,0,5,1,1,5,9.72328679213784,1,0,61
201108132,5,1,1,1,1,1,0,2,2,2,4,8.06180227453835,1,0,61
201108133,3,0,-1,0,1,1,0,4,1,3,4,10.6404502114196,2,0,61
201108134,5,1,1,1,1,1,0,5,1,3,4,8.77663009842772,1,0,61
201108135,3,0,-1,0,1,0,0,4,1,3,4,9.51963130083789,1,0,61
201108136,5,1,1,1,1,0,0,4,5,3,4,8.88197518424887,1,0,61
201108137,4,1,0,0,2,0,1,5,2,2,5,8.71620797115185,1,0,61
201108138,4,1,0,0,1,0,0,5,1,2,5,9.98787465579629,1,0,61
201108139,4,1,0,0,0,0,0,5,1,2,3,10.6389582560081,2,0,61
201108140,2,0,-2,0,0,0,0,3,1,2,2,8.09285102753838,1,0,61
201108141,4,1,0,0,1,0,0,5,2,2,4,9.58541499876028,1,0,61
201108142,3,0,-1,0,2,1,1,4,2,2,4,10.1145990076265,2,0,61
201108143,3,0,-1,0,1,0,0,5,1,3,3,10.3528950317219,2,0,61
201108144,5,1,1,1,2,2,1,1,3,3,5,10.1534851745379,2,0,61
201108145,5,1,1,1,1,0,0,4,2,2,5,10.5183809191892,2,0,61
201108146,4,1,0,0,1,0,0,5,2,2,3,9.17274234156086,1,0,61
201108147,4,1,0,0,1,0,0,5,1,9,4,10.5826350447281,2,0,61
201108148,3,0,-1,0,1,1,0,4,2,2,2,9.96509992166365,1,0,61
201108149,4,1,0,0,3,0,1,3,3,2,5,11.016019182793,3,1,62
201108150,5,1,1,1,2,1,1,4,3,2,5,10.2823828004731,2,1,62
201108151,5,1,1,1,3,2,1,4,2,2,4,10.586609649449,2,1,62
201108152,5,1,1,1,1,1,0,4,3,3,4,8.95557714628151,1,1,62
201108153,4,1,0,0,1,0,0,5,3,3,4,10.2417795609393,2,1,62
201108154,5,1,1,1,2,1,1,5,2,2,4,8.64839687703158,1,1,62
201108155,4,1,0,0,2,0,1,5,2,2,4,11.0219188082362,3,1,62
201108156,4,1,0,0,2,2,1,4,2,3,4,10.7642867159056,2,1,62
201108157,5,1,1,1,2,1,1,1,2,2,3,0,1,1,62
201108158,4,1,0,0,3,1,1,4,4,1,5,10.8237902258001,2,1,62
201108159,4,1,0,0,3,1,1,1,1,2,4,10.6213517356329,2,1,62
201108160,5,1,1,1,1,1,0,2,4,2,5,12.0237170881582,3,1,62
201108161,5,1,1,1,1,0,0,3,2,2,5,10.7579241570616,2,1,62
201108162,5,1,1,1,1,1,0,3,3,3,5,9.30574145673943,1,1,62
201108163,5,1,1,1,3,1,1,2,3,2,4,10.2219776466299,2,1,62
201108164,4,1,0,0,3,1,1,4,2,2,4,10.9297262615578,3,1,62
201108165,4,1,0,0,0,0,0,5,1,2,5,0,1,1,62
201108166,4,1,0,0,0,0,0,4,2,2,3,10.0972434869557,2,1,62
201108167,3,0,-1,0,1,0,0,5,1,1,2,10.2251758196258,2,1,62
201108168,4,1,0,0,2,1,1,5,1,2,3,10.4913019948302,2,1,62
201108169,5,1,1,1,1,0,0,3,1,2,4,11.314486721294,3,1,62
201108170,5,1,1,1,2,1,1,4,1,2,3,10.5257024822281,2,1,62
201108171,4,1,0,0,1,1,0,3,3,2,5,9.07119324056602,1,1,62
201108172,2,0,-2,0,2,0,1,5,2,2,4,10.8874556242982,2,1,62
201108173,4,1,0,0,1,1,0,5,2,2,5,9.48804786328076,1,1,62
201108174,4,1,0,0,2,1,1,3,2,2,4,11.8565878617536,3,1,62
201108175,4,1,0,0,2,1,1,5,3,2,3,10.8036692274771,2,1,62
201108176,4,1,0,0,2,0,1,3,2,2,4,10.7944809890361,2,1,62
201108177,3,0,-1,0,2,1,1,3,2,2,5,10.4972562891158,2,1,62
201108178,3,0,-1,0,2,0,1,4,2,3,1,9.40104337279805,1,1,62
201108179,4,1,0,0,2,0,1,5,2,3,4,10.8991623136643,2,1,62
201108180,4,1,0,0,0,1,0,5,2,2,3,7.66669020008009,1,1,62
201108181,4,1,0,0,3,0,1,5,4,2,3,8.00670084544037,1,1,62
201108182,5,1,1,1,1,0,0,1,2,9,5,9.87049937670915,1,1,62
201108183,4,1,0,0,1,1,0,3,3,2,4,10.3089859934221,2,1,62
201108184,4,1,0,0,1,0,0,5,2,3,4,9.77001330113616,1,1,62
201108185,5,1,1,1,3,0,1,3,2,2,4,10.450191772337,2,1,62
201108186,5,1,1,1,2,0,1,2,2,1,3,9.55570155601464,1,1,62
201108187,4,1,0,0,1,0,0,3,2,4,5,5.01727983681492,1,1,62
201108188,5,1,1,1,0,1,0,4,2,2,5,9.93551902336679,1,1,62
201108189,5,1,1,1,1,0,0,1,1,1,4,10.5519274336171,2,1,62
201108190,3,0,-1,0,1,0,0,1,2,3,5,8.57565076098781,1,1,62
201108191,5,1,1,1,3,0,1,1,2,2,2,10.3735224312936,2,1,62
201108192,4,1,0,0,1,0,0,4,2,3,4,10.223794111563,2,1,62
201108193,4,1,0,0,2,0,1,4,2,9,,10.8704161452982,2,1,62
201108194,2,0,-2,0,2,0,1,4,1,2,1,10.7936122802709,2,1,62
201108195,4,1,0,0,1,0,0,5,2,2,5,8.84664081310049,1,1,62
201108196,4,1,0,0,1,0,0,4,2,4,4,10.7579241570616,2,1,62
201108197,4,1,0,0,2,0,1,4,2,3,5,10.5617766694211,2,1,62
201108198,4,1,0,0,3,1,1,4,2,3,4,11.0170048739244,3,1,62
201108199,5,1,1,1,2,1,1,5,2,2,4,10.3353024359671,2,1,62
201108200,4,1,0,0,0,1,0,5,2,2,4,8.97474461272273,1,1,62
201108201,2,0,-2,0,2,1,1,5,2,2,2,10.9366898293178,3,1,62
201108202,5,1,1,1,2,1,1,5,2,2,4,10.463131911492,2,1,62
201108203,4,1,0,0,3,2,1,4,2,4,3,10.918011460822,3,1,62
201108204,2,0,-2,0,2,0,1,5,2,3,3,0,1,1,62
201108205,4,1,0,0,3,1,1,3,2,2,4,11.1034673955921,3,1,62
201108206,4,1,0,0,2,2,1,3,2,9,4,9.63958710874915,1,1,62
201108207,5,1,1,1,0,0,0,4,1,2,5,10.2639901616092,2,1,62
201108208,4,1,0,0,0,1,0,4,1,2,5,9.35018926709258,1,1,62
201108209,5,1,1,1,2,0,1,1,2,3,4,10.0753799138395,2,1,62
201108210,5,1,1,1,1,0,0,5,3,2,2,9.71842223507111,1,1,62
201108211,5,1,1,1,1,1,0,3,2,3,5,11.3579061918792,3,1,62
201108212,5,1,1,1,1,1,0,2,2,3,5,10.5179025188898,2,1,62
201108213,4,1,0,0,1,0,0,5,1,2,5,9.7505869699179,1,1,62
201108214,4,1,0,0,1,0,0,4,2,2,5,9.48425308034196,1,1,62
201108215,5,1,1,1,3,0,1,3,2,3,5,9.6678285081515,1,1,62
201108216,3,0,-1,0,2,0,1,5,3,2,3,9.62667947663622,1,1,62
201108217,4,1,0,0,1,0,0,4,4,1,5,9.97701678582424,1,1,62
201108218,4,1,0,0,1,1,0,1,3,2,3,9.97119292889014,1,1,62
201108219,4,1,0,0,1,2,0,4,2,2,5,10.1113550162978,2,1,62
201108220,4,1,0,0,0,1,0,4,1,2,5,9.23999625688369,1,1,62
201108221,4,1,0,0,1,0,0,5,1,4,5,10.6853316516527,2,1,62
201108222,5,1,1,1,1,1,0,4,2,2,5,10.5321228782696,2,1,62
201108223,2,0,-2,0,1,0,0,3,2,2,4,9.23999625688369,1,1,62
201108224,4,1,0,0,2,1,1,3,1,4,4,10.4036869170608,2,1,62
201108225,4,1,0,0,2,1,1,5,2,9,3,10.1056525854651,2,1,62
201108226,4,1,0,0,1,0,0,5,2,3,5,11.734738005883,3,1,62
201108227,4,1,0,0,1,0,0,4,2,2,5,9.83708062033853,1,1,62
201108228,5,1,1,1,1,0,0,5,1,2,4,10.2695532648616,2,1,62
201108229,4,1,0,0,1,0,0,4,2,2,4,10.7144399907278,2,1,62
201108230,5,1,1,1,1,0,0,1,1,1,5,8.69968140098951,1,1,62
201108231,3,0,-1,0,1,0,0,5,3,3,5,9.35452729228868,1,1,62
201108232,5,1,1,1,2,1,1,1,2,4,5,11.417086145196,3,1,62
201108233,5,1,1,1,2,0,1,4,4,1,4,10.9112812258717,2,1,62
201108234,5,1,1,1,1,0,0,4,2,2,3,11.7450623918772,3,1,62
201108235,3,0,-1,0,1,0,0,1,2,2,2,10.552774374979,2,1,62
201108236,5,1,1,1,1,0,0,5,1,3,5,9.36742958721896,1,1,62
201108237,5,1,1,1,0,0,0,5,1,2,4,9.17378011666438,1,1,62
201108238,5,1,1,1,2,0,1,3,1,2,5,11.4538503256792,3,1,62
201108239,3,0,-1,0,1,1,0,3,1,4,5,10.4653063807453,2,0,62
201108240,4,1,0,0,1,0,0,5,1,3,4,10.4168005100088,2,0,62
201108241,5,1,1,1,1,1,0,3,1,2,5,8.88197518424887,1,0,62
201108242,5,1,1,1,1,0,0,2,1,3,4,10.0862673376608,2,0,62
201108243,4,1,0,0,1,1,0,5,2,2,4,9.48729005784892,1,0,62
201108244,5,1,1,1,1,0,0,1,1,2,1,8.86517041965177,1,0,62
201108245,4,1,0,0,1,2,0,4,2,3,4,9.79707092383164,1,0,62
201108246,5,1,1,1,1,0,0,3,2,2,5,10.8639803350992,2,0,62
201108247,4,1,0,0,1,0,0,5,1,2,4,10.9613566467476,3,0,62
201108248,5,1,1,1,1,0,0,4,2,3,4,10.5446207843627,2,0,62
201108249,3,0,-1,0,1,0,0,1,1,2,2,9.57505292759738,1,0,62
201108250,4,1,0,0,1,1,0,5,2,3,5,8.16650031915505,1,0,62
201108251,4,1,0,0,2,1,1,1,1,2,5,10.7276463766692,2,0,62
201108252,4,1,0,0,1,1,0,1,9,2,3,9.72442069346267,1,0,62
201108253,5,1,1,1,1,0,0,1,1,2,1,9.09616332691378,1,0,62
201108254,4,1,0,0,1,0,0,1,1,2,5,9.6705467751027,1,0,62
201108255,5,1,1,1,1,0,0,3,1,2,5,10.1890799431228,2,0,62
201108256,3,0,-1,0,1,0,0,3,1,2,5,7.58629630715272,1,0,62
201108257,5,1,1,1,1,0,0,4,3,1,5,10.4829339785799,2,0,62
201108258,5,1,1,1,1,0,0,5,1,2,5,10.8652423876522,2,0,62
201108259,4,1,0,0,2,0,1,5,1,3,3,11.0070202681083,3,0,62
201108260,2,0,-2,0,1,1,0,5,4,5,4,8.88889466937159,1,0,62
201108261,4,1,0,0,1,0,0,3,1,5,2,10.978791298017,3,0,62
201108262,4,1,0,0,0,0,0,5,2,2,2,10.8414705162102,2,0,62
201108263,5,1,1,1,1,2,0,1,2,2,5,10.5227092713296,2,0,62
201108264,5,1,1,1,2,1,1,5,1,1,5,9.56054909355925,1,0,62
201108265,4,1,0,0,1,0,0,5,3,2,,8.49923286603925,1,0,62
201108266,5,1,1,1,1,0,0,4,2,2,5,10.0997007785098,2,0,62
201108267,4,1,0,0,1,0,0,3,1,3,4,8.81596356085344,1,0,62
201108268,5,1,1,1,1,0,0,3,2,2,4,10.4516599893681,2,0,62
201108269,4,1,0,0,1,1,0,3,2,2,5,9.05497228474248,1,0,62
201108270,5,1,1,1,1,2,0,3,1,2,5,9.49692618946313,1,0,62
201108271,5,1,1,1,1,1,0,5,1,1,5,9.73730521137371,1,0,62
201108272,4,1,0,0,1,0,0,5,1,2,4,12.034103319015,3,0,62
201108273,5,1,1,1,1,0,0,5,3,3,5,8.93141980519298,1,0,62
201108274,4,1,0,0,1,1,0,3,1,2,3,9.87282213822524,1,0,62
201108275,3,0,-1,0,1,1,0,3,5,3,1,8.09285102753838,1,0,62
201108276,4,1,0,0,1,0,0,2,2,2,5,8.5173931714189,1,0,62
201108277,5,1,1,1,1,0,0,4,1,2,4,10.0141676441277,1,0,62
201108278,4,1,0,0,1,0,0,5,3,1,4,10.1647358098839,2,0,62
201108279,2,0,-2,0,1,0,0,1,1,2,5,9.22532750178443,1,0,62
201108280,5,1,1,1,0,0,0,5,3,2,4,8.38274709486331,1,0,62
201108281,4,1,0,0,1,0,0,4,1,3,4,7.793999089504,1,0,62
201108282,5,1,1,1,1,0,0,1,1,1,5,9.97585472466203,1,0,62
201108283,5,1,1,1,0,0,0,5,1,2,5,9.58472752451349,1,0,62
201108284,4,1,0,0,1,0,0,1,2,2,1,9.95636459213689,1,0,62
201108285,5,1,1,1,1,0,0,5,5,1,5,10.5547965974793,2,0,62
201108286,4,1,0,0,1,0,0,4,2,2,3,10.6295916916487,2,0,62
201108287,5,1,1,1,1,0,0,4,1,2,4,9.87318297227127,1,0,62
201108288,4,1,0,0,1,0,0,4,2,2,5,5.99396142730657,1,0,62
201108289,5,1,1,1,1,0,0,3,1,9,5,8.39638057119949,1,0,62
201108290,4,1,0,0,1,1,0,4,2,3,3,9.31027620058878,1,0,62
201108291,4,1,0,0,1,0,0,3,1,3,4,10.1044263938621,2,0,62
201108292,4,1,0,0,1,0,0,3,2,2,4,9.23902500583609,1,0,62
201108293,5,1,1,1,1,0,0,5,2,2,5,9.6803836122538,1,0,62
201108294,4,1,0,0,1,1,0,3,1,3,5,10.1709924275491,2,0,62
201108295,4,1,0,0,1,0,0,3,1,2,5,7.86365126544865,1,0,62
201108296,4,1,0,0,1,1,0,3,1,3,4,9.02833876399315,1,0,62
201108297,5,1,1,1,1,1,0,4,1,2,5,9.54724108821546,1,0,62
201108298,5,1,1,1,1,1,0,5,1,2,4,9.33529761138057,1,0,62
201108299,4,1,0,0,2,1,1,3,3,1,4,11.344197963881,3,0,62
201108300,5,1,1,1,1,0,0,5,1,2,3,11.31473059102,3,0,62
201108301,5,1,1,1,1,1,0,3,2,1,5,9.4758535196569,1,0,62
201108302,5,1,1,1,1,1,0,1,1,3,3,10.2686833562447,2,0,62
201108303,2,0,-2,0,2,1,1,3,2,2,2,10.1898312297364,2,0,62
201108304,4,1,0,0,2,1,1,5,1,2,5,9.91289318061022,1,0,62
201108305,3,0,-1,0,2,1,1,5,1,2,3,10.9982291435643,3,0,62
201108306,5,1,1,1,1,1,0,5,2,9,,8.98857087621512,1,0,62
201108307,4,1,0,0,1,1,0,5,1,2,3,10.5467517307856,2,0,62
201108308,4,1,0,0,1,0,0,1,1,2,4,9.63305583349088,1,0,62
201108309,5,1,1,1,1,1,0,5,2,3,5,8.22443157322116,1,0,62
201108310,5,1,1,1,1,1,0,5,2,1,4,9.45813751072905,1,0,62
201108311,4,1,0,0,1,0,0,4,1,3,5,10.6073265896936,2,0,62
201108312,5,1,1,1,1,0,0,1,1,1,5,10.1266711030504,2,0,62
201108313,4,1,0,0,2,0,1,5,1,2,5,10.7585622377366,2,0,62
201108314,3,0,-1,0,2,1,1,4,2,2,2,9.67646858155259,1,0,62
201108315,4,1,0,0,3,2,1,1,2,1,2,9.20341645690336,1,0,62
201108316,5,1,1,1,0,1,0,3,2,9,5,9.6627877734405,1,0,62
201108317,4,1,0,0,1,0,0,4,3,2,2,9.56808474387294,1,0,62
201108318,2,0,-2,0,3,2,1,2,1,1,5,10.5455886326602,2,0,62
201108319,2,0,-2,0,1,0,0,5,1,2,5,9.74455043597491,1,0,62
201108320,5,1,1,1,1,0,0,4,2,2,5,6.80350525760834,1,0,62
201108321,5,1,1,1,1,1,0,3,1,3,5,9.67232604224734,1,0,62
201108322,5,1,1,1,1,1,0,,2,2,5,7.88269220628903,1,0,62
201108323,4,1,0,0,1,0,0,4,1,3,5,10.3574570697039,2,0,62
201108324,5,1,1,1,0,1,0,2,1,3,5,9.278092474027,1,0,62
201108325,2,0,-2,0,1,0,0,3,2,3,1,9.8771949105812,1,0,62
201108326,4,1,0,0,0,1,0,4,1,4,4,9.47836235433616,1,0,62
201108327,4,1,0,0,1,0,0,1,1,4,5,9.24096656551794,1,0,62
201108328,5,1,1,1,2,0,1,1,1,2,4,11.1937645502626,3,0,62
201108329,4,1,0,0,1,0,0,5,1,9,5,9.50069387298312,1,0,62
201108330,5,1,1,1,2,2,1,1,1,2,4,10.0837653556208,2,0,62
201108331,4,1,0,0,2,2,1,4,2,2,4,8.67778025606419,1,0,62
201108332,5,1,1,1,0,0,0,4,1,1,5,10.0974882010481,2,0,62
201108333,4,1,0,0,1,0,0,5,1,2,4,9.71299268505301,1,0,62
201108334,5,1,1,1,0,0,0,5,1,1,5,10.7916222376908,2,0,62
201108335,5,1,1,1,1,0,0,5,2,4,4,8.92279162396964,1,0,62
201108336,4,1,0,0,1,0,0,5,1,2,5,8.87919392811032,1,0,62
201108337,3,0,-1,0,1,0,0,5,1,2,4,9.27790555813861,1,0,62
201108338,4,1,0,0,1,0,0,3,2,2,5,9.70276794094705,1,0,62
201108339,4,1,0,0,1,0,0,3,1,2,4,4.39444915467244,1,1,63
201108340,4,1,0,0,1,0,0,3,4,3,4,10.3353024359671,2,1,63
201108341,4,1,0,0,2,0,1,3,2,2,4,11.3648734421382,3,1,63
201108342,5,1,1,1,0,1,0,3,4,1,4,6.90875477931522,1,1,63
201108343,2,0,-2,0,2,0,1,4,1,2,2,10.4736475543472,2,1,63
201108344,2,0,-2,0,2,0,1,3,3,4,2,12.0889824947736,3,1,63
201108345,4,1,0,0,3,1,1,2,2,2,4,11.002116507732,3,1,63
201108346,4,1,0,0,3,1,1,2,2,2,3,11.4819197164066,3,1,63
201108347,5,1,1,1,3,2,1,3,1,2,4,10.4223111074132,2,1,63
201108348,5,1,1,1,3,1,1,3,2,2,5,10.6965026922443,2,1,63
201108349,4,1,0,0,2,1,1,5,2,3,4,11.0974251724089,3,1,63
201108350,5,1,1,1,3,1,1,4,2,2,5,11.2960248856897,3,1,63
201108351,2,0,-2,0,1,0,0,5,2,2,4,9.34145634983372,1,1,63
201108352,4,1,0,0,1,1,0,5,3,2,4,10.5584394939645,2,1,63
201108353,4,1,0,0,1,0,0,1,3,2,2,9.39274525863144,1,1,63
201108354,2,0,-2,0,1,0,0,4,1,2,2,6.90875477931522,1,1,63
201108355,4,1,0,0,1,0,0,3,1,2,5,10.7188744894694,2,1,63
201108356,5,1,1,1,1,0,0,3,2,2,5,10.5764575356573,2,1,63
201108357,5,1,1,1,1,0,0,4,2,3,3,9.34256660416722,1,1,63
201108358,5,1,1,1,2,1,1,3,3,1,5,10.5828146744952,2,1,63
201108359,4,1,0,0,1,1,0,4,2,2,3,10.1425438223104,2,1,63
201108360,5,1,1,1,0,0,0,3,2,2,4,9.65785952781525,1,1,63
201108361,4,1,0,0,1,0,0,2,3,4,4,11.8400758160823,3,1,63
201108362,4,1,0,0,3,0,1,2,2,3,5,12.0552555697322,3,1,63
201108363,5,1,1,1,2,0,1,3,4,2,5,11.002116507732,3,1,63
201108364,4,1,0,0,2,0,1,5,1,2,3,11.5638181791362,3,1,63
201108365,5,1,1,1,3,0,1,3,1,3,4,11.5129354649202,3,1,63
201108366,5,1,1,1,2,0,1,2,3,2,4,11.5822742731042,3,1,63
201108367,5,1,1,1,2,0,1,3,3,3,4,11.6351519472128,3,1,63
201108368,4,1,0,0,2,1,1,4,1,3,4,10.8474129065069,2,1,63
201108369,3,0,-1,0,3,0,1,4,3,3,3,11.1361138647396,3,1,63
201108370,4,1,0,0,2,1,1,3,3,2,4,11.2489098690552,3,1,63
201108371,4,1,0,0,2,0,1,3,4,2,2,10.8147858428872,2,1,63
201108372,4,1,0,0,1,0,0,5,1,2,4,10.7779349351515,2,1,63
201108373,5,1,1,1,1,1,0,5,2,3,4,10.7604740405111,2,1,63
201108374,5,1,1,1,2,0,1,3,2,1,4,12.1848541163178,3,1,63
201108375,3,0,-1,0,2,0,1,2,4,2,2,11.2408673667514,3,1,63
201108376,4,1,0,0,2,2,1,4,2,4,5,11.0483630056739,3,1,63
201108377,4,1,0,0,2,0,1,2,2,2,4,11.4727477940789,3,1,63
201108378,5,1,1,1,1,0,0,5,4,2,4,11.0983382122648,3,1,63
201108379,4,1,0,0,2,0,1,3,2,2,4,11.6835201972134,3,1,63
201108380,4,1,0,0,2,0,1,5,3,2,4,10.3089859934221,2,1,63
201108381,3,0,-1,0,2,0,1,1,2,1,3,11.1534036152954,3,1,63
201108382,2,0,-2,0,2,0,1,3,2,2,2,11.6553013792464,3,1,63
201108383,4,1,0,0,2,0,1,4,2,2,3,11.002116507732,3,1,63
201108384,5,1,1,1,1,1,0,2,1,3,5,11.6018608232536,3,1,63
201108385,5,1,1,1,2,1,1,3,2,1,5,10.5187002182882,2,1,63
201108386,4,1,0,0,3,0,1,3,2,2,3,11.7963575816402,3,1,63
201108387,4,1,0,0,0,1,0,3,2,3,2,7.650168700845,1,1,63
201108388,4,1,0,0,1,2,0,4,2,2,4,11.9190275576606,3,1,63
201108389,5,1,1,1,2,1,1,1,2,1,4,11.9029452389773,3,1,63
201108390,5,1,1,1,2,0,1,2,2,4,4,9.08262063037381,1,1,63
201108391,5,1,1,1,0,0,0,5,2,2,5,10.4223111074132,2,1,63
201108392,4,1,0,0,1,0,0,1,2,2,4,10.7483037647516,2,1,63
201108393,3,0,-1,0,0,1,0,5,2,2,4,10.3089859934221,2,1,63
201108394,5,1,1,1,2,0,1,5,2,2,5,11.1290408146454,3,1,63
201108395,4,1,0,0,2,0,1,3,3,3,4,10.9886434324346,3,1,63
201108396,5,1,1,1,1,1,0,3,4,1,5,10.4913019948302,2,1,63
201108397,5,1,1,1,1,0,0,4,3,2,5,11.1562648066437,3,1,63
201108398,5,1,1,1,3,0,1,2,2,2,4,11.4219170194256,3,1,63
201108399,4,1,0,0,1,0,0,5,1,2,4,10.1658902778025,2,1,63
201108400,2,0,-2,0,2,0,1,5,2,2,5,12.0645148415605,3,1,63
201108401,2,0,-2,0,3,0,1,3,1,4,5,11.8292022828771,3,1,63
201108402,5,1,1,1,2,0,1,5,1,2,4,11.6772612429987,3,1,63
201108403,5,1,1,1,1,1,0,3,2,2,4,11.2708666425429,3,1,63
201108404,5,1,1,1,2,1,1,5,3,3,5,11.5155320648352,3,1,63
201108405,4,1,0,0,3,0,1,4,1,2,4,0,1,1,63
201108406,5,1,1,1,3,1,1,5,4,1,5,12.072546967175,3,1,63
201108407,4,1,0,0,1,0,0,4,1,2,4,10.0345596736298,2,1,63
201108408,2,0,-2,0,1,0,0,4,2,4,5,9.64218772135847,1,1,63
201108409,5,1,1,1,1,0,0,1,1,2,4,11.5540770051843,3,1,63
201108410,4,1,0,0,1,0,0,4,2,2,3,10.7955060834346,2,1,63
201108411,5,1,1,1,1,0,0,5,4,4,4,10.9437819318797,3,1,63
201108412,3,0,-1,0,2,0,1,3,2,2,3,10.3951609374575,2,1,63
201108413,5,1,1,1,2,1,1,3,1,2,4,11.7943454715497,3,1,63
201108414,4,1,0,0,2,1,1,3,3,2,3,11.931379187959,3,1,63
201108415,5,1,1,1,1,0,0,5,2,1,5,10.7985750767592,2,1,63
201108416,5,1,1,1,3,0,1,3,2,2,4,12.7370567156342,3,1,63
201108417,4,1,0,0,2,0,1,3,2,2,3,11.8211525361511,3,1,63
201108418,4,1,0,0,3,2,1,4,3,2,5,11.2850545463046,3,1,63
201108419,4,1,0,0,2,1,1,5,3,2,4,7.60140233458373,1,1,63
201108420,4,1,0,0,2,0,1,3,3,1,4,11.2734111408051,3,1,63
201108421,5,1,1,1,2,1,1,3,2,2,5,11.9210603394119,3,1,63
201108422,5,1,1,1,1,0,0,2,2,2,4,11.6952553550628,3,1,63
201108423,5,1,1,1,2,0,1,3,1,3,5,12.150388227545,3,1,63
201108424,4,1,0,0,2,0,1,3,3,2,2,11.5327378961399,3,1,63
201108425,4,1,0,0,3,1,1,4,4,3,4,11.225981869777,3,1,63
201108426,3,0,-1,0,3,1,1,3,2,2,4,11.2799966941712,3,1,63
201108427,5,1,1,1,3,1,1,1,2,2,5,12.4408324659841,3,1,63
201108428,5,1,1,1,1,0,0,1,1,3,5,11.1049722641249,3,1,63
201108429,5,1,1,1,3,2,1,4,2,2,4,11.369066641828,3,1,63
201108430,5,1,1,1,1,0,0,4,2,2,5,11.7584357553952,3,1,63
201108431,5,1,1,1,2,0,1,4,2,2,3,12.0759696549278,3,1,63
201108432,5,1,1,1,3,1,1,3,2,2,4,11.5645781947531,3,1,63
201108433,5,1,1,1,1,0,0,1,2,2,3,9.45727857185611,1,1,63
201108434,5,1,1,1,2,1,1,3,3,1,4,11.4542470730192,3,1,63
201108435,5,1,1,1,2,2,1,5,2,2,4,11.0700855389953,3,1,63
201108436,4,1,0,0,2,1,1,3,2,2,4,12.0383697140478,3,1,63
201108437,5,1,1,1,2,1,1,3,3,1,5,11.5114343538163,3,1,63
201108438,5,1,1,1,1,0,0,5,2,2,5,10.6689786502192,2,1,63
