provcd,province_name,region,date,commodity,cpi_index
34,Anhui,East,2015-12-01,headline,100.6
34,Anhui,East,2015-11-01,headline,99.7
34,Anhui,East,2015-10-01,headline,99.8
34,Anhui,East,2015-09-01,headline,100
34,Anhui,East,2015-08-01,headline,100.5
34,Anhui,East,2015-07-01,headline,100.2
34,Anhui,East,2015-06-01,headline,99.6
34,Anhui,East,2015-05-01,headline,99.9
34,Anhui,East,2015-04-01,headline,100
34,Anhui,East,2015-03-01,headline,99.5
34,Anhui,East,2015-02-01,headline,101.3
34,Anhui,East,2015-01-01,headline,100.2
34,Anhui,East,2014-12-01,headline,100.2
34,Anhui,East,2014-11-01,headline,99.5
34,Anhui,East,2014-10-01,headline,100.2
34,Anhui,East,2014-09-01,headline,100.7
34,Anhui,East,2014-08-01,headline,100.3
34,Anhui,East,2014-07-01,headline,99.8
34,Anhui,East,2014-06-01,headline,99.5
34,Anhui,East,2014-05-01,headline,100.5
34,Anhui,East,2014-04-01,headline,99.7
34,Anhui,East,2014-03-01,headline,99.4
34,Anhui,East,2014-02-01,headline,100.5
34,Anhui,East,2014-01-01,headline,101
34,Anhui,East,2013-12-01,headline,100.1
34,Anhui,East,2013-11-01,headline,99.8
34,Anhui,East,2013-10-01,headline,100.1
34,Anhui,East,2013-09-01,headline,101
34,Anhui,East,2013-08-01,headline,100.5
34,Anhui,East,2013-07-01,headline,99.6
34,Anhui,East,2013-06-01,headline,100.2
34,Anhui,East,2013-05-01,headline,99.8
34,Anhui,East,2013-04-01,headline,100.4
34,Anhui,East,2013-03-01,headline,99
34,Anhui,East,2013-02-01,headline,100.8
34,Anhui,East,2013-01-01,headline,101
34,Anhui,East,2012-12-01,headline,100.8
34,Anhui,East,2012-11-01,headline,100.1
34,Anhui,East,2012-10-01,headline,99.9
34,Anhui,East,2012-09-01,headline,100.7
34,Anhui,East,2012-08-01,headline,100.6
34,Anhui,East,2012-07-01,headline,99.9
34,Anhui,East,2012-06-01,headline,99.1
34,Anhui,East,2012-05-01,headline,100.1
34,Anhui,East,2012-04-01,headline,99.8
34,Anhui,East,2012-03-01,headline,100.2
34,Anhui,East,2012-02-01,headline,99.6
34,Anhui,East,2012-01-01,headline,101.4
11,Beijing,North,2015-12-01,headline,100.2
11,Beijing,North,2015-11-01,headline,99.9
11,Beijing,North,2015-10-01,headline,99.4
11,Beijing,North,2015-09-01,headline,100.7
11,Beijing,North,2015-08-01,headline,100.1
11,Beijing,North,2015-07-01,headline,100.6
11,Beijing,North,2015-06-01,headline,99.8
11,Beijing,North,2015-05-01,headline,99.5
11,Beijing,North,2015-04-01,headline,99.9
11,Beijing,North,2015-03-01,headline,99.7
11,Beijing,North,2015-02-01,headline,101.4
11,Beijing,North,2015-01-01,headline,100.8
11,Beijing,North,2014-12-01,headline,100.1
11,Beijing,North,2014-11-01,headline,99.9
11,Beijing,North,2014-10-01,headline,99.8
11,Beijing,North,2014-09-01,headline,101
11,Beijing,North,2014-08-01,headline,99.7
11,Beijing,North,2014-07-01,headline,100
11,Beijing,North,2014-06-01,headline,99.8
11,Beijing,North,2014-05-01,headline,99.7
11,Beijing,North,2014-04-01,headline,99.6
11,Beijing,North,2014-03-01,headline,99.8
11,Beijing,North,2014-02-01,headline,100.1
11,Beijing,North,2014-01-01,headline,101.2
11,Beijing,North,2013-12-01,headline,100.1
11,Beijing,North,2013-11-01,headline,99.7
11,Beijing,North,2013-10-01,headline,100.4
11,Beijing,North,2013-09-01,headline,101.4
11,Beijing,North,2013-08-01,headline,100.1
11,Beijing,North,2013-07-01,headline,100.4
11,Beijing,North,2013-06-01,headline,99.8
11,Beijing,North,2013-05-01,headline,99.1
11,Beijing,North,2013-04-01,headline,100.1
11,Beijing,North,2013-03-01,headline,99.5
11,Beijing,North,2013-02-01,headline,101.5
11,Beijing,North,2013-01-01,headline,100.6
11,Beijing,North,2012-12-01,headline,100.6
11,Beijing,North,2012-11-01,headline,99.8
11,Beijing,North,2012-10-01,headline,100.3
11,Beijing,North,2012-09-01,headline,100.8
11,Beijing,North,2012-08-01,headline,100.7
11,Beijing,North,2012-07-01,headline,100.6
11,Beijing,North,2012-06-01,headline,99
11,Beijing,North,2012-05-01,headline,99.6
11,Beijing,North,2012-04-01,headline,100.5
11,Beijing,North,2012-03-01,headline,100.4
11,Beijing,North,2012-02-01,headline,100.1
11,Beijing,North,2012-01-01,headline,101
50,Chongqing,West,2015-12-01,headline,100.2
50,Chongqing,West,2015-11-01,headline,99.4
50,Chongqing,West,2015-10-01,headline,99.8
50,Chongqing,West,2015-09-01,headline,100.2
50,Chongqing,West,2015-08-01,headline,100.5
50,Chongqing,West,2015-07-01,headline,100.8
50,Chongqing,West,2015-06-01,headline,100.1
50,Chongqing,West,2015-05-01,headline,100
50,Chongqing,West,2015-04-01,headline,99.7
50,Chongqing,West,2015-03-01,headline,99.6
50,Chongqing,West,2015-02-01,headline,100.8
50,Chongqing,West,2015-01-01,headline,99.9
50,Chongqing,West,2014-12-01,headline,100
50,Chongqing,West,2014-11-01,headline,99.6
50,Chongqing,West,2014-10-01,headline,100.1
50,Chongqing,West,2014-09-01,headline,100.7
50,Chongqing,West,2014-08-01,headline,100.3
50,Chongqing,West,2014-07-01,headline,100.5
50,Chongqing,West,2014-06-01,headline,100.2
50,Chongqing,West,2014-05-01,headline,100.2
50,Chongqing,West,2014-04-01,headline,99.6
50,Chongqing,West,2014-03-01,headline,99.4
50,Chongqing,West,2014-02-01,headline,100.5
50,Chongqing,West,2014-01-01,headline,100.8
50,Chongqing,West,2013-12-01,headline,100.1
50,Chongqing,West,2013-11-01,headline,99.9
50,Chongqing,West,2013-10-01,headline,99.6
50,Chongqing,West,2013-09-01,headline,100.7
50,Chongqing,West,2013-08-01,headline,100.6
50,Chongqing,West,2013-07-01,headline,100.6
50,Chongqing,West,2013-06-01,headline,99.9
50,Chongqing,West,2013-05-01,headline,99.6
50,Chongqing,West,2013-04-01,headline,100.1
50,Chongqing,West,2013-03-01,headline,99.1
50,Chongqing,West,2013-02-01,headline,100.9
50,Chongqing,West,2013-01-01,headline,101
50,Chongqing,West,2012-12-01,headline,100.6
50,Chongqing,West,2012-11-01,headline,99.9
50,Chongqing,West,2012-10-01,headline,100.1
50,Chongqing,West,2012-09-01,headline,100.8
50,Chongqing,West,2012-08-01,headline,100.6
50,Chongqing,West,2012-07-01,headline,99.9
50,Chongqing,West,2012-06-01,headline,99.5
50,Chongqing,West,2012-05-01,headline,100.1
50,Chongqing,West,2012-04-01,headline,100.1
50,Chongqing,West,2012-03-01,headline,99.9
50,Chongqing,West,2012-02-01,headline,99.6
50,Chongqing,West,2012-01-01,headline,100.9
35,Fujian,East,2015-12-01,headline,100.2
35,Fujian,East,2015-11-01,headline,99.5
35,Fujian,East,2015-10-01,headline,99.7
35,Fujian,East,2015-09-01,headline,100
35,Fujian,East,2015-08-01,headline,100.5
35,Fujian,East,2015-07-01,headline,100.2
35,Fujian,East,2015-06-01,headline,100.3
35,Fujian,East,2015-05-01,headline,100.2
35,Fujian,East,2015-04-01,headline,100
35,Fujian,East,2015-03-01,headline,99.6
35,Fujian,East,2015-02-01,headline,100.8
35,Fujian,East,2015-01-01,headline,100.4
35,Fujian,East,2014-12-01,headline,100.4
35,Fujian,East,2014-11-01,headline,99.7
35,Fujian,East,2014-10-01,headline,100.1
35,Fujian,East,2014-09-01,headline,100.1
35,Fujian,East,2014-08-01,headline,100.1
35,Fujian,East,2014-07-01,headline,100
35,Fujian,East,2014-06-01,headline,100.3
35,Fujian,East,2014-05-01,headline,100.5
35,Fujian,East,2014-04-01,headline,99.7
35,Fujian,East,2014-03-01,headline,99.8
35,Fujian,East,2014-02-01,headline,100.2
35,Fujian,East,2014-01-01,headline,100.8
35,Fujian,East,2013-12-01,headline,100
35,Fujian,East,2013-11-01,headline,99.6
35,Fujian,East,2013-10-01,headline,100.2
35,Fujian,East,2013-09-01,headline,100.7
35,Fujian,East,2013-08-01,headline,100.5
35,Fujian,East,2013-07-01,headline,100.2
35,Fujian,East,2013-06-01,headline,100.4
35,Fujian,East,2013-05-01,headline,99.8
35,Fujian,East,2013-04-01,headline,100.6
35,Fujian,East,2013-03-01,headline,99.1
35,Fujian,East,2013-02-01,headline,100.9
35,Fujian,East,2013-01-01,headline,100.8
35,Fujian,East,2012-12-01,headline,100.8
35,Fujian,East,2012-11-01,headline,99.8
35,Fujian,East,2012-10-01,headline,99.5
35,Fujian,East,2012-09-01,headline,100.1
35,Fujian,East,2012-08-01,headline,100.5
35,Fujian,East,2012-07-01,headline,100.2
35,Fujian,East,2012-06-01,headline,99.5
35,Fujian,East,2012-05-01,headline,100.1
35,Fujian,East,2012-04-01,headline,100.3
35,Fujian,East,2012-03-01,headline,100.4
35,Fujian,East,2012-02-01,headline,100.2
35,Fujian,East,2012-01-01,headline,101.2
62,Gansu,West,2015-12-01,headline,100.4
62,Gansu,West,2015-11-01,headline,100.1
62,Gansu,West,2015-10-01,headline,100
62,Gansu,West,2015-09-01,headline,100.5
62,Gansu,West,2015-08-01,headline,100.3
62,Gansu,West,2015-07-01,headline,99.9
62,Gansu,West,2015-06-01,headline,100
62,Gansu,West,2015-05-01,headline,99.9
62,Gansu,West,2015-04-01,headline,99.8
62,Gansu,West,2015-03-01,headline,99.3
62,Gansu,West,2015-02-01,headline,100.8
62,Gansu,West,2015-01-01,headline,100.2
62,Gansu,West,2014-12-01,headline,100.6
62,Gansu,West,2014-11-01,headline,100.2
62,Gansu,West,2014-10-01,headline,100.1
62,Gansu,West,2014-09-01,headline,100.7
62,Gansu,West,2014-08-01,headline,100.1
62,Gansu,West,2014-07-01,headline,100
62,Gansu,West,2014-06-01,headline,99.6
62,Gansu,West,2014-05-01,headline,100
62,Gansu,West,2014-04-01,headline,99.8
62,Gansu,West,2014-03-01,headline,99.5
62,Gansu,West,2014-02-01,headline,100.6
62,Gansu,West,2014-01-01,headline,101.1
62,Gansu,West,2013-12-01,headline,100.3
62,Gansu,West,2013-11-01,headline,100.1
62,Gansu,West,2013-10-01,headline,100.2
62,Gansu,West,2013-09-01,headline,100.6
62,Gansu,West,2013-08-01,headline,99.9
62,Gansu,West,2013-07-01,headline,99.9
62,Gansu,West,2013-06-01,headline,100
62,Gansu,West,2013-05-01,headline,99.9
62,Gansu,West,2013-04-01,headline,100.5
62,Gansu,West,2013-03-01,headline,99.2
62,Gansu,West,2013-02-01,headline,100.7
62,Gansu,West,2013-01-01,headline,101.4
62,Gansu,West,2012-12-01,headline,100.9
62,Gansu,West,2012-11-01,headline,100.1
62,Gansu,West,2012-10-01,headline,100.1
62,Gansu,West,2012-09-01,headline,100.8
62,Gansu,West,2012-08-01,headline,100.3
62,Gansu,West,2012-07-01,headline,99.5
62,Gansu,West,2012-06-01,headline,99.6
62,Gansu,West,2012-05-01,headline,99.6
62,Gansu,West,2012-04-01,headline,99.9
62,Gansu,West,2012-03-01,headline,99.9
62,Gansu,West,2012-02-01,headline,101
62,Gansu,West,2012-01-01,headline,101.3
44,Guangdong,South,2015-12-01,headline,100.3
44,Guangdong,South,2015-11-01,headline,99.4
44,Guangdong,South,2015-10-01,headline,100.1
44,Guangdong,South,2015-09-01,headline,100.2
44,Guangdong,South,2015-08-01,headline,100.3
44,Guangdong,South,2015-07-01,headline,100.2
44,Guangdong,South,2015-06-01,headline,100.5
44,Guangdong,South,2015-05-01,headline,100.1
44,Guangdong,South,2015-04-01,headline,99.7
44,Guangdong,South,2015-03-01,headline,99.6
44,Guangdong,South,2015-02-01,headline,101.6
44,Guangdong,South,2015-01-01,headline,100.2
44,Guangdong,South,2014-12-01,headline,100
44,Guangdong,South,2014-11-01,headline,99.6
44,Guangdong,South,2014-10-01,headline,99.9
44,Guangdong,South,2014-09-01,headline,100.4
44,Guangdong,South,2014-08-01,headline,99.9
44,Guangdong,South,2014-07-01,headline,100.1
44,Guangdong,South,2014-06-01,headline,100
44,Guangdong,South,2014-05-01,headline,100.1
44,Guangdong,South,2014-04-01,headline,100.1
44,Guangdong,South,2014-03-01,headline,99.5
44,Guangdong,South,2014-02-01,headline,100.6
44,Guangdong,South,2014-01-01,headline,100.9
44,Guangdong,South,2013-12-01,headline,100.5
44,Guangdong,South,2013-11-01,headline,99.7
44,Guangdong,South,2013-10-01,headline,99.7
44,Guangdong,South,2013-09-01,headline,100.9
44,Guangdong,South,2013-08-01,headline,100.7
44,Guangdong,South,2013-07-01,headline,100.2
44,Guangdong,South,2013-06-01,headline,100.1
44,Guangdong,South,2013-05-01,headline,99.3
44,Guangdong,South,2013-04-01,headline,100.9
44,Guangdong,South,2013-03-01,headline,99.3
44,Guangdong,South,2013-02-01,headline,101.2
44,Guangdong,South,2013-01-01,headline,100.4
44,Guangdong,South,2012-12-01,headline,100.6
44,Guangdong,South,2012-11-01,headline,99.9
44,Guangdong,South,2012-10-01,headline,100.1
44,Guangdong,South,2012-09-01,headline,100
44,Guangdong,South,2012-08-01,headline,100.3
44,Guangdong,South,2012-07-01,headline,100.3
44,Guangdong,South,2012-06-01,headline,99.5
44,Guangdong,South,2012-05-01,headline,99.7
44,Guangdong,South,2012-04-01,headline,100.3
44,Guangdong,South,2012-03-01,headline,100.7
44,Guangdong,South,2012-02-01,headline,99.8
44,Guangdong,South,2012-01-01,headline,101.6
45,Guangxi,South,2015-12-01,headline,100.5
45,Guangxi,South,2015-11-01,headline,99.7
45,Guangxi,South,2015-10-01,headline,99.7
45,Guangxi,South,2015-09-01,headline,100.4
45,Guangxi,South,2015-08-01,headline,100.6
45,Guangxi,South,2015-07-01,headline,100.2
45,Guangxi,South,2015-06-01,headline,100.2
45,Guangxi,South,2015-05-01,headline,99.8
45,Guangxi,South,2015-04-01,headline,99.8
45,Guangxi,South,2015-03-01,headline,99.8
45,Guangxi,South,2015-02-01,headline,101
45,Guangxi,South,2015-01-01,headline,100.1
45,Guangxi,South,2014-12-01,headline,100
45,Guangxi,South,2014-11-01,headline,100
45,Guangxi,South,2014-10-01,headline,99.9
45,Guangxi,South,2014-09-01,headline,100.4
45,Guangxi,South,2014-08-01,headline,100.2
45,Guangxi,South,2014-07-01,headline,100.2
45,Guangxi,South,2014-06-01,headline,99.9
45,Guangxi,South,2014-05-01,headline,99.9
45,Guangxi,South,2014-04-01,headline,100
45,Guangxi,South,2014-03-01,headline,99.8
45,Guangxi,South,2014-02-01,headline,100.5
45,Guangxi,South,2014-01-01,headline,100.4
45,Guangxi,South,2013-12-01,headline,100.1
45,Guangxi,South,2013-11-01,headline,99.8
45,Guangxi,South,2013-10-01,headline,99.8
45,Guangxi,South,2013-09-01,headline,101
45,Guangxi,South,2013-08-01,headline,101
45,Guangxi,South,2013-07-01,headline,100.2
45,Guangxi,South,2013-06-01,headline,100.3
45,Guangxi,South,2013-05-01,headline,99.7
45,Guangxi,South,2013-04-01,headline,100.4
45,Guangxi,South,2013-03-01,headline,99.3
45,Guangxi,South,2013-02-01,headline,100.9
45,Guangxi,South,2013-01-01,headline,100.8
45,Guangxi,South,2012-12-01,headline,100.1
45,Guangxi,South,2012-11-01,headline,100
45,Guangxi,South,2012-10-01,headline,99.5
45,Guangxi,South,2012-09-01,headline,100.3
45,Guangxi,South,2012-08-01,headline,100.4
45,Guangxi,South,2012-07-01,headline,100.1
45,Guangxi,South,2012-06-01,headline,99.7
45,Guangxi,South,2012-05-01,headline,99.8
45,Guangxi,South,2012-04-01,headline,100.4
45,Guangxi,South,2012-03-01,headline,100.4
45,Guangxi,South,2012-02-01,headline,100.3
45,Guangxi,South,2012-01-01,headline,103.2
52,Guizhou,West,2015-12-01,headline,100.1
52,Guizhou,West,2015-11-01,headline,99.6
52,Guizhou,West,2015-10-01,headline,99.8
52,Guizhou,West,2015-09-01,headline,100.4
52,Guizhou,West,2015-08-01,headline,100.8
52,Guizhou,West,2015-07-01,headline,100.2
52,Guizhou,West,2015-06-01,headline,99.9
52,Guizhou,West,2015-05-01,headline,99.9
52,Guizhou,West,2015-04-01,headline,100.1
52,Guizhou,West,2015-03-01,headline,99.4
52,Guizhou,West,2015-02-01,headline,100.7
52,Guizhou,West,2015-01-01,headline,100.4
52,Guizhou,West,2014-12-01,headline,100.3
52,Guizhou,West,2014-11-01,headline,100.2
52,Guizhou,West,2014-10-01,headline,100.1
52,Guizhou,West,2014-09-01,headline,100.5
52,Guizhou,West,2014-08-01,headline,100
52,Guizhou,West,2014-07-01,headline,100.1
52,Guizhou,West,2014-06-01,headline,100.2
52,Guizhou,West,2014-05-01,headline,100
52,Guizhou,West,2014-04-01,headline,99.9
52,Guizhou,West,2014-03-01,headline,99.8
52,Guizhou,West,2014-02-01,headline,100.4
52,Guizhou,West,2014-01-01,headline,101.3
52,Guizhou,West,2013-12-01,headline,100.1
52,Guizhou,West,2013-11-01,headline,99.7
52,Guizhou,West,2013-10-01,headline,100.3
52,Guizhou,West,2013-09-01,headline,100.7
52,Guizhou,West,2013-08-01,headline,100.8
52,Guizhou,West,2013-07-01,headline,100
52,Guizhou,West,2013-06-01,headline,99.7
52,Guizhou,West,2013-05-01,headline,99.5
52,Guizhou,West,2013-04-01,headline,100.3
52,Guizhou,West,2013-03-01,headline,99.2
52,Guizhou,West,2013-02-01,headline,100.9
52,Guizhou,West,2013-01-01,headline,101.2
52,Guizhou,West,2012-12-01,headline,100.4
52,Guizhou,West,2012-11-01,headline,99.8
52,Guizhou,West,2012-10-01,headline,100.4
52,Guizhou,West,2012-09-01,headline,100.6
52,Guizhou,West,2012-08-01,headline,100.5
52,Guizhou,West,2012-07-01,headline,99.9
52,Guizhou,West,2012-06-01,headline,99.7
52,Guizhou,West,2012-05-01,headline,99.9
52,Guizhou,West,2012-04-01,headline,99.8
52,Guizhou,West,2012-03-01,headline,99.7
52,Guizhou,West,2012-02-01,headline,100.1
52,Guizhou,West,2012-01-01,headline,101.5
46,Hainan,South,2015-12-01,headline,100.2
46,Hainan,South,2015-11-01,headline,100
46,Hainan,South,2015-10-01,headline,100.3
46,Hainan,South,2015-09-01,headline,100.2
46,Hainan,South,2015-08-01,headline,100.2
46,Hainan,South,2015-07-01,headline,100
46,Hainan,South,2015-06-01,headline,100.7
46,Hainan,South,2015-05-01,headline,99.7
46,Hainan,South,2015-04-01,headline,99.6
46,Hainan,South,2015-03-01,headline,99.1
46,Hainan,South,2015-02-01,headline,101
46,Hainan,South,2015-01-01,headline,100
46,Hainan,South,2014-12-01,headline,100
46,Hainan,South,2014-11-01,headline,99.8
46,Hainan,South,2014-10-01,headline,100.1
46,Hainan,South,2014-09-01,headline,100.8
46,Hainan,South,2014-08-01,headline,100.1
46,Hainan,South,2014-07-01,headline,100.8
46,Hainan,South,2014-06-01,headline,100.4
46,Hainan,South,2014-05-01,headline,99.8
46,Hainan,South,2014-04-01,headline,99.2
46,Hainan,South,2014-03-01,headline,99.5
46,Hainan,South,2014-02-01,headline,100.6
46,Hainan,South,2014-01-01,headline,100.5
46,Hainan,South,2013-12-01,headline,100.3
46,Hainan,South,2013-11-01,headline,100.2
46,Hainan,South,2013-10-01,headline,100.3
46,Hainan,South,2013-09-01,headline,100.4
46,Hainan,South,2013-08-01,headline,101
46,Hainan,South,2013-07-01,headline,99.9
46,Hainan,South,2013-06-01,headline,100.2
46,Hainan,South,2013-05-01,headline,99.7
46,Hainan,South,2013-04-01,headline,100.5
46,Hainan,South,2013-03-01,headline,99.8
46,Hainan,South,2013-02-01,headline,100.8
46,Hainan,South,2013-01-01,headline,100.8
46,Hainan,South,2012-12-01,headline,100.4
46,Hainan,South,2012-11-01,headline,99.9
46,Hainan,South,2012-10-01,headline,99.8
46,Hainan,South,2012-09-01,headline,100.1
46,Hainan,South,2012-08-01,headline,100.4
46,Hainan,South,2012-07-01,headline,99.9
46,Hainan,South,2012-06-01,headline,99.9
46,Hainan,South,2012-05-01,headline,100.1
46,Hainan,South,2012-04-01,headline,99.9
46,Hainan,South,2012-03-01,headline,100.3
46,Hainan,South,2012-02-01,headline,99.9
46,Hainan,South,2012-01-01,headline,101.2
13,Hebei,North,2015-12-01,headline,101.1
13,Hebei,North,2015-11-01,headline,100.7
13,Hebei,North,2015-10-01,headline,99.2
13,Hebei,North,2015-09-01,headline,99.9
13,Hebei,North,2015-08-01,headline,100.7
13,Hebei,North,2015-07-01,headline,100.4
13,Hebei,North,2015-06-01,headline,99.9
13,Hebei,North,2015-05-01,headline,99.4
13,Hebei,North,2015-04-01,headline,99.4
13,Hebei,North,2015-03-01,headline,99.2
13,Hebei,North,2015-02-01,headline,101.7
13,Hebei,North,2015-01-01,headline,100.2
13,Hebei,North,2014-12-01,headline,100.8
13,Hebei,North,2014-11-01,headline,99.9
13,Hebei,North,2014-10-01,headline,99.8
13,Hebei,North,2014-09-01,headline,100.4
13,Hebei,North,2014-08-01,headline,100.1
13,Hebei,North,2014-07-01,headline,99.8
13,Hebei,North,2014-06-01,headline,99.7
13,Hebei,North,2014-05-01,headline,99.9
13,Hebei,North,2014-04-01,headline,99.1
13,Hebei,North,2014-03-01,headline,99.5
13,Hebei,North,2014-02-01,headline,101.1
13,Hebei,North,2014-01-01,headline,101.3
13,Hebei,North,2013-12-01,headline,100.3
13,Hebei,North,2013-11-01,headline,100.1
13,Hebei,North,2013-10-01,headline,100.2
13,Hebei,North,2013-09-01,headline,101
13,Hebei,North,2013-08-01,headline,100.1
13,Hebei,North,2013-07-01,headline,100
13,Hebei,North,2013-06-01,headline,100.1
13,Hebei,North,2013-05-01,headline,98.9
13,Hebei,North,2013-04-01,headline,99.7
13,Hebei,North,2013-03-01,headline,98.3
13,Hebei,North,2013-02-01,headline,101.1
13,Hebei,North,2013-01-01,headline,101.8
13,Hebei,North,2012-12-01,headline,101.7
13,Hebei,North,2012-11-01,headline,100.7
13,Hebei,North,2012-10-01,headline,99.7
13,Hebei,North,2012-09-01,headline,100.1
13,Hebei,North,2012-08-01,headline,101.2
13,Hebei,North,2012-07-01,headline,100.2
13,Hebei,North,2012-06-01,headline,99.3
13,Hebei,North,2012-05-01,headline,99.1
13,Hebei,North,2012-04-01,headline,99.3
13,Hebei,North,2012-03-01,headline,100.1
13,Hebei,North,2012-02-01,headline,99.7
13,Hebei,North,2012-01-01,headline,101.7
23,Heilongjiang,Northeast,2015-12-01,headline,100.9
23,Heilongjiang,Northeast,2015-11-01,headline,101
23,Heilongjiang,Northeast,2015-10-01,headline,99.7
23,Heilongjiang,Northeast,2015-09-01,headline,100.3
23,Heilongjiang,Northeast,2015-08-01,headline,100.2
23,Heilongjiang,Northeast,2015-07-01,headline,100.1
23,Heilongjiang,Northeast,2015-06-01,headline,99.3
23,Heilongjiang,Northeast,2015-05-01,headline,99.6
23,Heilongjiang,Northeast,2015-04-01,headline,99.4
23,Heilongjiang,Northeast,2015-03-01,headline,99.4
23,Heilongjiang,Northeast,2015-02-01,headline,101.1
23,Heilongjiang,Northeast,2015-01-01,headline,100.1
23,Heilongjiang,Northeast,2014-12-01,headline,100.9
23,Heilongjiang,Northeast,2014-11-01,headline,100.5
23,Heilongjiang,Northeast,2014-10-01,headline,100.3
23,Heilongjiang,Northeast,2014-09-01,headline,100.3
23,Heilongjiang,Northeast,2014-08-01,headline,100.4
23,Heilongjiang,Northeast,2014-07-01,headline,99.8
23,Heilongjiang,Northeast,2014-06-01,headline,99.2
23,Heilongjiang,Northeast,2014-05-01,headline,100.2
23,Heilongjiang,Northeast,2014-04-01,headline,99.3
23,Heilongjiang,Northeast,2014-03-01,headline,99.2
23,Heilongjiang,Northeast,2014-02-01,headline,100.4
23,Heilongjiang,Northeast,2014-01-01,headline,101
23,Heilongjiang,Northeast,2013-12-01,headline,100.3
23,Heilongjiang,Northeast,2013-11-01,headline,100.8
23,Heilongjiang,Northeast,2013-10-01,headline,100.2
23,Heilongjiang,Northeast,2013-09-01,headline,101.2
23,Heilongjiang,Northeast,2013-08-01,headline,100.2
23,Heilongjiang,Northeast,2013-07-01,headline,100.1
23,Heilongjiang,Northeast,2013-06-01,headline,99.8
23,Heilongjiang,Northeast,2013-05-01,headline,99.2
23,Heilongjiang,Northeast,2013-04-01,headline,99.2
23,Heilongjiang,Northeast,2013-03-01,headline,98
23,Heilongjiang,Northeast,2013-02-01,headline,101.8
23,Heilongjiang,Northeast,2013-01-01,headline,100.9
23,Heilongjiang,Northeast,2012-12-01,headline,101.2
23,Heilongjiang,Northeast,2012-11-01,headline,100.5
23,Heilongjiang,Northeast,2012-10-01,headline,100.1
23,Heilongjiang,Northeast,2012-09-01,headline,100.5
23,Heilongjiang,Northeast,2012-08-01,headline,100.8
23,Heilongjiang,Northeast,2012-07-01,headline,99.8
23,Heilongjiang,Northeast,2012-06-01,headline,99.7
23,Heilongjiang,Northeast,2012-05-01,headline,99.4
23,Heilongjiang,Northeast,2012-04-01,headline,99.7
23,Heilongjiang,Northeast,2012-03-01,headline,100.2
23,Heilongjiang,Northeast,2012-02-01,headline,99.9
23,Heilongjiang,Northeast,2012-01-01,headline,101.5
41,Henan,Central,2015-12-01,headline,100.6
41,Henan,Central,2015-11-01,headline,100.1
41,Henan,Central,2015-10-01,headline,99.4
41,Henan,Central,2015-09-01,headline,100.2
41,Henan,Central,2015-08-01,headline,100.7
41,Henan,Central,2015-07-01,headline,100.4
41,Henan,Central,2015-06-01,headline,99.8
41,Henan,Central,2015-05-01,headline,99.5
41,Henan,Central,2015-04-01,headline,99.7
41,Henan,Central,2015-03-01,headline,99.3
41,Henan,Central,2015-02-01,headline,101
41,Henan,Central,2015-01-01,headline,100.2
41,Henan,Central,2014-12-01,headline,100.5
41,Henan,Central,2014-11-01,headline,99.9
41,Henan,Central,2014-10-01,headline,99.9
41,Henan,Central,2014-09-01,headline,100.6
41,Henan,Central,2014-08-01,headline,100.5
41,Henan,Central,2014-07-01,headline,100.2
41,Henan,Central,2014-06-01,headline,99.9
41,Henan,Central,2014-05-01,headline,100
41,Henan,Central,2014-04-01,headline,99.5
41,Henan,Central,2014-03-01,headline,99.6
41,Henan,Central,2014-02-01,headline,100.5
41,Henan,Central,2014-01-01,headline,100.9
41,Henan,Central,2013-12-01,headline,100.3
41,Henan,Central,2013-11-01,headline,100
41,Henan,Central,2013-10-01,headline,99.8
41,Henan,Central,2013-09-01,headline,100.8
41,Henan,Central,2013-08-01,headline,100.4
41,Henan,Central,2013-07-01,headline,100.2
41,Henan,Central,2013-06-01,headline,100.1
41,Henan,Central,2013-05-01,headline,99.2
41,Henan,Central,2013-04-01,headline,100
41,Henan,Central,2013-03-01,headline,98.8
41,Henan,Central,2013-02-01,headline,101.3
41,Henan,Central,2013-01-01,headline,101.3
41,Henan,Central,2012-12-01,headline,101.1
41,Henan,Central,2012-11-01,headline,100.3
41,Henan,Central,2012-10-01,headline,99.7
41,Henan,Central,2012-09-01,headline,100.4
41,Henan,Central,2012-08-01,headline,100.6
41,Henan,Central,2012-07-01,headline,100.2
41,Henan,Central,2012-06-01,headline,99.4
41,Henan,Central,2012-05-01,headline,99.3
41,Henan,Central,2012-04-01,headline,99.6
41,Henan,Central,2012-03-01,headline,100.3
41,Henan,Central,2012-02-01,headline,99.5
41,Henan,Central,2012-01-01,headline,101.6
42,Hubei,Central,2015-12-01,headline,100.2
42,Hubei,Central,2015-11-01,headline,99.8
42,Hubei,Central,2015-10-01,headline,99.8
42,Hubei,Central,2015-09-01,headline,100.2
42,Hubei,Central,2015-08-01,headline,100.4
42,Hubei,Central,2015-07-01,headline,100.1
42,Hubei,Central,2015-06-01,headline,100
42,Hubei,Central,2015-05-01,headline,99.8
42,Hubei,Central,2015-04-01,headline,99.9
42,Hubei,Central,2015-03-01,headline,99.3
42,Hubei,Central,2015-02-01,headline,101.3
42,Hubei,Central,2015-01-01,headline,100.3
42,Hubei,Central,2014-12-01,headline,100.2
42,Hubei,Central,2014-11-01,headline,100
42,Hubei,Central,2014-10-01,headline,100
42,Hubei,Central,2014-09-01,headline,100.7
42,Hubei,Central,2014-08-01,headline,100.3
42,Hubei,Central,2014-07-01,headline,100.1
42,Hubei,Central,2014-06-01,headline,99.8
42,Hubei,Central,2014-05-01,headline,100.1
42,Hubei,Central,2014-04-01,headline,99.7
42,Hubei,Central,2014-03-01,headline,99.2
42,Hubei,Central,2014-02-01,headline,100.7
42,Hubei,Central,2014-01-01,headline,101
42,Hubei,Central,2013-12-01,headline,100.2
42,Hubei,Central,2013-11-01,headline,99.9
42,Hubei,Central,2013-10-01,headline,100
42,Hubei,Central,2013-09-01,headline,100.9
42,Hubei,Central,2013-08-01,headline,100.5
42,Hubei,Central,2013-07-01,headline,100
42,Hubei,Central,2013-06-01,headline,99.8
42,Hubei,Central,2013-05-01,headline,99.7
42,Hubei,Central,2013-04-01,headline,100.2
42,Hubei,Central,2013-03-01,headline,99.1
42,Hubei,Central,2013-02-01,headline,101
42,Hubei,Central,2013-01-01,headline,101.2
42,Hubei,Central,2012-12-01,headline,100.7
42,Hubei,Central,2012-11-01,headline,100
42,Hubei,Central,2012-10-01,headline,100
42,Hubei,Central,2012-09-01,headline,100.7
42,Hubei,Central,2012-08-01,headline,100.5
42,Hubei,Central,2012-07-01,headline,100
42,Hubei,Central,2012-06-01,headline,99.4
42,Hubei,Central,2012-05-01,headline,99.7
42,Hubei,Central,2012-04-01,headline,100.1
42,Hubei,Central,2012-03-01,headline,100.2
42,Hubei,Central,2012-02-01,headline,99.8
42,Hubei,Central,2012-01-01,headline,101.7
43,Hunan,Central,2015-12-01,headline,100.3
43,Hunan,Central,2015-11-01,headline,99.7
43,Hunan,Central,2015-10-01,headline,99.8
43,Hunan,Central,2015-09-01,headline,100
43,Hunan,Central,2015-08-01,headline,100.8
43,Hunan,Central,2015-07-01,headline,100.3
43,Hunan,Central,2015-06-01,headline,100.2
43,Hunan,Central,2015-05-01,headline,99.8
43,Hunan,Central,2015-04-01,headline,100.1
43,Hunan,Central,2015-03-01,headline,99.6
43,Hunan,Central,2015-02-01,headline,100.7
43,Hunan,Central,2015-01-01,headline,100
43,Hunan,Central,2014-12-01,headline,100.3
43,Hunan,Central,2014-11-01,headline,99.9
43,Hunan,Central,2014-10-01,headline,99.9
43,Hunan,Central,2014-09-01,headline,100.6
43,Hunan,Central,2014-08-01,headline,100.5
43,Hunan,Central,2014-07-01,headline,99.9
43,Hunan,Central,2014-06-01,headline,100.1
43,Hunan,Central,2014-05-01,headline,99.9
43,Hunan,Central,2014-04-01,headline,99.7
43,Hunan,Central,2014-03-01,headline,99.4
43,Hunan,Central,2014-02-01,headline,100.3
43,Hunan,Central,2014-01-01,headline,101
43,Hunan,Central,2013-12-01,headline,100.2
43,Hunan,Central,2013-11-01,headline,99.6
43,Hunan,Central,2013-10-01,headline,100
43,Hunan,Central,2013-09-01,headline,101
43,Hunan,Central,2013-08-01,headline,100.9
43,Hunan,Central,2013-07-01,headline,99.9
43,Hunan,Central,2013-06-01,headline,99.9
43,Hunan,Central,2013-05-01,headline,99.6
43,Hunan,Central,2013-04-01,headline,100.6
43,Hunan,Central,2013-03-01,headline,99.8
43,Hunan,Central,2013-02-01,headline,100.7
43,Hunan,Central,2013-01-01,headline,100.9
43,Hunan,Central,2012-12-01,headline,100.5
43,Hunan,Central,2012-11-01,headline,99.8
43,Hunan,Central,2012-10-01,headline,100
43,Hunan,Central,2012-09-01,headline,100.4
43,Hunan,Central,2012-08-01,headline,100.6
43,Hunan,Central,2012-07-01,headline,99.5
43,Hunan,Central,2012-06-01,headline,99.2
43,Hunan,Central,2012-05-01,headline,99.9
43,Hunan,Central,2012-04-01,headline,100.2
43,Hunan,Central,2012-03-01,headline,100.4
43,Hunan,Central,2012-02-01,headline,99.7
43,Hunan,Central,2012-01-01,headline,101.5
15,Inner Mongolia,North,2015-12-01,headline,100.5
15,Inner Mongolia,North,2015-11-01,headline,100.1
15,Inner Mongolia,North,2015-10-01,headline,99.8
15,Inner Mongolia,North,2015-09-01,headline,100.3
15,Inner Mongolia,North,2015-08-01,headline,100.2
15,Inner Mongolia,North,2015-07-01,headline,100
15,Inner Mongolia,North,2015-06-01,headline,99.8
15,Inner Mongolia,North,2015-05-01,headline,99.7
15,Inner Mongolia,North,2015-04-01,headline,99.6
15,Inner Mongolia,North,2015-03-01,headline,99.8
15,Inner Mongolia,North,2015-02-01,headline,101.2
15,Inner Mongolia,North,2015-01-01,headline,100.3
15,Inner Mongolia,North,2014-12-01,headline,100.6
15,Inner Mongolia,North,2014-11-01,headline,100.1
15,Inner Mongolia,North,2014-10-01,headline,99.9
15,Inner Mongolia,North,2014-09-01,headline,100.2
15,Inner Mongolia,North,2014-08-01,headline,100
15,Inner Mongolia,North,2014-07-01,headline,99.7
15,Inner Mongolia,North,2014-06-01,headline,99.8
15,Inner Mongolia,North,2014-05-01,headline,100
15,Inner Mongolia,North,2014-04-01,headline,99.3
15,Inner Mongolia,North,2014-03-01,headline,99.4
15,Inner Mongolia,North,2014-02-01,headline,100.6
15,Inner Mongolia,North,2014-01-01,headline,101
15,Inner Mongolia,North,2013-12-01,headline,100.4
15,Inner Mongolia,North,2013-11-01,headline,100.4
15,Inner Mongolia,North,2013-10-01,headline,100.3
15,Inner Mongolia,North,2013-09-01,headline,100.5
15,Inner Mongolia,North,2013-08-01,headline,100.2
15,Inner Mongolia,North,2013-07-01,headline,100
15,Inner Mongolia,North,2013-06-01,headline,99.9
15,Inner Mongolia,North,2013-05-01,headline,99.7
15,Inner Mongolia,North,2013-04-01,headline,99.8
15,Inner Mongolia,North,2013-03-01,headline,99.1
15,Inner Mongolia,North,2013-02-01,headline,101.1
15,Inner Mongolia,North,2013-01-01,headline,101.5
15,Inner Mongolia,North,2012-12-01,headline,101
15,Inner Mongolia,North,2012-11-01,headline,100.5
15,Inner Mongolia,North,2012-10-01,headline,100.1
15,Inner Mongolia,North,2012-09-01,headline,100.6
15,Inner Mongolia,North,2012-08-01,headline,100.4
15,Inner Mongolia,North,2012-07-01,headline,99.7
15,Inner Mongolia,North,2012-06-01,headline,99.7
15,Inner Mongolia,North,2012-05-01,headline,99.9
15,Inner Mongolia,North,2012-04-01,headline,99.6
15,Inner Mongolia,North,2012-03-01,headline,99.8
15,Inner Mongolia,North,2012-02-01,headline,99.7
15,Inner Mongolia,North,2012-01-01,headline,101.5
32,Jiangsu,East,2015-12-01,headline,100.7
32,Jiangsu,East,2015-11-01,headline,100.1
32,Jiangsu,East,2015-10-01,headline,99.6
32,Jiangsu,East,2015-09-01,headline,99.9
32,Jiangsu,East,2015-08-01,headline,100.4
32,Jiangsu,East,2015-07-01,headline,100.5
32,Jiangsu,East,2015-06-01,headline,100.1
32,Jiangsu,East,2015-05-01,headline,99.9
32,Jiangsu,East,2015-04-01,headline,100.1
32,Jiangsu,East,2015-03-01,headline,99.7
32,Jiangsu,East,2015-02-01,headline,100.8
32,Jiangsu,East,2015-01-01,headline,100.3
32,Jiangsu,East,2014-12-01,headline,100.2
32,Jiangsu,East,2014-11-01,headline,99.7
32,Jiangsu,East,2014-10-01,headline,99.7
32,Jiangsu,East,2014-09-01,headline,100.4
32,Jiangsu,East,2014-08-01,headline,100.5
32,Jiangsu,East,2014-07-01,headline,100.2
32,Jiangsu,East,2014-06-01,headline,99.9
32,Jiangsu,East,2014-05-01,headline,100.3
32,Jiangsu,East,2014-04-01,headline,100
32,Jiangsu,East,2014-03-01,headline,99.7
32,Jiangsu,East,2014-02-01,headline,100.5
32,Jiangsu,East,2014-01-01,headline,100.6
32,Jiangsu,East,2013-12-01,headline,100.3
32,Jiangsu,East,2013-11-01,headline,99.8
32,Jiangsu,East,2013-10-01,headline,99.9
32,Jiangsu,East,2013-09-01,headline,100.4
32,Jiangsu,East,2013-08-01,headline,100.7
32,Jiangsu,East,2013-07-01,headline,100.1
32,Jiangsu,East,2013-06-01,headline,100.3
32,Jiangsu,East,2013-05-01,headline,99.4
32,Jiangsu,East,2013-04-01,headline,100.5
32,Jiangsu,East,2013-03-01,headline,99.5
32,Jiangsu,East,2013-02-01,headline,100.6
32,Jiangsu,East,2013-01-01,headline,100.9
32,Jiangsu,East,2012-12-01,headline,100.6
32,Jiangsu,East,2012-11-01,headline,100.1
32,Jiangsu,East,2012-10-01,headline,99.6
32,Jiangsu,East,2012-09-01,headline,100
32,Jiangsu,East,2012-08-01,headline,100.6
32,Jiangsu,East,2012-07-01,headline,100.4
32,Jiangsu,East,2012-06-01,headline,99.5
32,Jiangsu,East,2012-05-01,headline,99.9
32,Jiangsu,East,2012-04-01,headline,99.7
32,Jiangsu,East,2012-03-01,headline,100.1
32,Jiangsu,East,2012-02-01,headline,100.5
32,Jiangsu,East,2012-01-01,headline,101.3
36,Jiangxi,East,2015-12-01,headline,100.5
36,Jiangxi,East,2015-11-01,headline,99.9
36,Jiangxi,East,2015-10-01,headline,99.8
36,Jiangxi,East,2015-09-01,headline,100.1
36,Jiangxi,East,2015-08-01,headline,100.4
36,Jiangxi,East,2015-07-01,headline,100
36,Jiangxi,East,2015-06-01,headline,100.4
36,Jiangxi,East,2015-05-01,headline,100
36,Jiangxi,East,2015-04-01,headline,99.9
36,Jiangxi,East,2015-03-01,headline,99.5
36,Jiangxi,East,2015-02-01,headline,100.9
36,Jiangxi,East,2015-01-01,headline,100.2
36,Jiangxi,East,2014-12-01,headline,100.3
36,Jiangxi,East,2014-11-01,headline,99.8
36,Jiangxi,East,2014-10-01,headline,100.1
36,Jiangxi,East,2014-09-01,headline,100.9
36,Jiangxi,East,2014-08-01,headline,100.4
36,Jiangxi,East,2014-07-01,headline,99.7
36,Jiangxi,East,2014-06-01,headline,99.6
36,Jiangxi,East,2014-05-01,headline,100.2
36,Jiangxi,East,2014-04-01,headline,99.7
36,Jiangxi,East,2014-03-01,headline,99.3
36,Jiangxi,East,2014-02-01,headline,100.5
36,Jiangxi,East,2014-01-01,headline,100.9
36,Jiangxi,East,2013-12-01,headline,100.4
36,Jiangxi,East,2013-11-01,headline,100.1
36,Jiangxi,East,2013-10-01,headline,100.4
36,Jiangxi,East,2013-09-01,headline,101.1
36,Jiangxi,East,2013-08-01,headline,100.6
36,Jiangxi,East,2013-07-01,headline,100.1
36,Jiangxi,East,2013-06-01,headline,99.7
36,Jiangxi,East,2013-05-01,headline,99.5
36,Jiangxi,East,2013-04-01,headline,100.3
36,Jiangxi,East,2013-03-01,headline,99
36,Jiangxi,East,2013-02-01,headline,100.7
36,Jiangxi,East,2013-01-01,headline,101
36,Jiangxi,East,2012-12-01,headline,100.6
36,Jiangxi,East,2012-11-01,headline,100.1
36,Jiangxi,East,2012-10-01,headline,100.1
36,Jiangxi,East,2012-09-01,headline,100.7
36,Jiangxi,East,2012-08-01,headline,100.4
36,Jiangxi,East,2012-07-01,headline,100
36,Jiangxi,East,2012-06-01,headline,99.3
36,Jiangxi,East,2012-05-01,headline,100
36,Jiangxi,East,2012-04-01,headline,99.9
36,Jiangxi,East,2012-03-01,headline,99.9
36,Jiangxi,East,2012-02-01,headline,99.6
36,Jiangxi,East,2012-01-01,headline,102
22,Jilin,Northeast,2015-12-01,headline,100.8
22,Jilin,Northeast,2015-11-01,headline,101.5
22,Jilin,Northeast,2015-10-01,headline,99.4
22,Jilin,Northeast,2015-09-01,headline,99.9
22,Jilin,Northeast,2015-08-01,headline,100.2
22,Jilin,Northeast,2015-07-01,headline,100.3
22,Jilin,Northeast,2015-06-01,headline,99.6
22,Jilin,Northeast,2015-05-01,headline,99.6
22,Jilin,Northeast,2015-04-01,headline,99.4
22,Jilin,Northeast,2015-03-01,headline,99.4
22,Jilin,Northeast,2015-02-01,headline,101.6
22,Jilin,Northeast,2015-01-01,headline,100.3
22,Jilin,Northeast,2014-12-01,headline,100.7
22,Jilin,Northeast,2014-11-01,headline,100.5
22,Jilin,Northeast,2014-10-01,headline,100.2
22,Jilin,Northeast,2014-09-01,headline,100.3
22,Jilin,Northeast,2014-08-01,headline,100.2
22,Jilin,Northeast,2014-07-01,headline,99.6
22,Jilin,Northeast,2014-06-01,headline,99.5
22,Jilin,Northeast,2014-05-01,headline,100.1
22,Jilin,Northeast,2014-04-01,headline,99.3
22,Jilin,Northeast,2014-03-01,headline,99.4
22,Jilin,Northeast,2014-02-01,headline,100.5
22,Jilin,Northeast,2014-01-01,headline,101.4
22,Jilin,Northeast,2013-12-01,headline,100.5
22,Jilin,Northeast,2013-11-01,headline,100.9
22,Jilin,Northeast,2013-10-01,headline,99.8
22,Jilin,Northeast,2013-09-01,headline,100.9
22,Jilin,Northeast,2013-08-01,headline,100.3
22,Jilin,Northeast,2013-07-01,headline,99.9
22,Jilin,Northeast,2013-06-01,headline,99.6
22,Jilin,Northeast,2013-05-01,headline,99.5
22,Jilin,Northeast,2013-04-01,headline,99.4
22,Jilin,Northeast,2013-03-01,headline,98.8
22,Jilin,Northeast,2013-02-01,headline,101.5
22,Jilin,Northeast,2013-01-01,headline,101.1
22,Jilin,Northeast,2012-12-01,headline,101.3
22,Jilin,Northeast,2012-11-01,headline,101.1
22,Jilin,Northeast,2012-10-01,headline,100.1
22,Jilin,Northeast,2012-09-01,headline,100.3
22,Jilin,Northeast,2012-08-01,headline,100.6
22,Jilin,Northeast,2012-07-01,headline,99.6
22,Jilin,Northeast,2012-06-01,headline,99.4
22,Jilin,Northeast,2012-05-01,headline,99.9
22,Jilin,Northeast,2012-04-01,headline,99.4
22,Jilin,Northeast,2012-03-01,headline,99.6
22,Jilin,Northeast,2012-02-01,headline,99.8
22,Jilin,Northeast,2012-01-01,headline,101.1
21,Liaoning,Northeast,2015-12-01,headline,100.8
21,Liaoning,Northeast,2015-11-01,headline,100.9
21,Liaoning,Northeast,2015-10-01,headline,99.5
21,Liaoning,Northeast,2015-09-01,headline,100
21,Liaoning,Northeast,2015-08-01,headline,100.6
21,Liaoning,Northeast,2015-07-01,headline,100.4
21,Liaoning,Northeast,2015-06-01,headline,99.6
21,Liaoning,Northeast,2015-05-01,headline,99.8
21,Liaoning,Northeast,2015-04-01,headline,99.5
21,Liaoning,Northeast,2015-03-01,headline,99.1
21,Liaoning,Northeast,2015-02-01,headline,101.4
21,Liaoning,Northeast,2015-01-01,headline,100.2
21,Liaoning,Northeast,2014-12-01,headline,101
21,Liaoning,Northeast,2014-11-01,headline,100.3
21,Liaoning,Northeast,2014-10-01,headline,100.1
21,Liaoning,Northeast,2014-09-01,headline,100.1
21,Liaoning,Northeast,2014-08-01,headline,100.3
21,Liaoning,Northeast,2014-07-01,headline,99.7
21,Liaoning,Northeast,2014-06-01,headline,99.3
21,Liaoning,Northeast,2014-05-01,headline,100.4
21,Liaoning,Northeast,2014-04-01,headline,99.5
21,Liaoning,Northeast,2014-03-01,headline,99.4
21,Liaoning,Northeast,2014-02-01,headline,100.4
21,Liaoning,Northeast,2014-01-01,headline,101.2
21,Liaoning,Northeast,2013-12-01,headline,100.5
21,Liaoning,Northeast,2013-11-01,headline,100.5
21,Liaoning,Northeast,2013-10-01,headline,100
21,Liaoning,Northeast,2013-09-01,headline,100.9
21,Liaoning,Northeast,2013-08-01,headline,100.4
21,Liaoning,Northeast,2013-07-01,headline,99.8
21,Liaoning,Northeast,2013-06-01,headline,99.7
21,Liaoning,Northeast,2013-05-01,headline,99.4
21,Liaoning,Northeast,2013-04-01,headline,99.5
21,Liaoning,Northeast,2013-03-01,headline,98.4
21,Liaoning,Northeast,2013-02-01,headline,101.1
21,Liaoning,Northeast,2013-01-01,headline,101.4
21,Liaoning,Northeast,2012-12-01,headline,101.2
21,Liaoning,Northeast,2012-11-01,headline,100.4
21,Liaoning,Northeast,2012-10-01,headline,100
21,Liaoning,Northeast,2012-09-01,headline,100.1
21,Liaoning,Northeast,2012-08-01,headline,101.1
21,Liaoning,Northeast,2012-07-01,headline,100.1
21,Liaoning,Northeast,2012-06-01,headline,99.7
21,Liaoning,Northeast,2012-05-01,headline,99.7
21,Liaoning,Northeast,2012-04-01,headline,99.5
21,Liaoning,Northeast,2012-03-01,headline,99.7
21,Liaoning,Northeast,2012-02-01,headline,99.6
21,Liaoning,Northeast,2012-01-01,headline,101.7
64,Ningxia,West,2015-12-01,headline,100.5
64,Ningxia,West,2015-11-01,headline,100.3
64,Ningxia,West,2015-10-01,headline,99.6
64,Ningxia,West,2015-09-01,headline,100
64,Ningxia,West,2015-08-01,headline,100.2
64,Ningxia,West,2015-07-01,headline,99.9
64,Ningxia,West,2015-06-01,headline,99.8
64,Ningxia,West,2015-05-01,headline,99.3
64,Ningxia,West,2015-04-01,headline,100
64,Ningxia,West,2015-03-01,headline,99.3
64,Ningxia,West,2015-02-01,headline,101.1
64,Ningxia,West,2015-01-01,headline,100.3
64,Ningxia,West,2014-12-01,headline,100.6
64,Ningxia,West,2014-11-01,headline,100.4
64,Ningxia,West,2014-10-01,headline,100.3
64,Ningxia,West,2014-09-01,headline,100.6
64,Ningxia,West,2014-08-01,headline,100
64,Ningxia,West,2014-07-01,headline,100
64,Ningxia,West,2014-06-01,headline,99.6
64,Ningxia,West,2014-05-01,headline,99.5
64,Ningxia,West,2014-04-01,headline,99.5
64,Ningxia,West,2014-03-01,headline,99.5
64,Ningxia,West,2014-02-01,headline,100.9
64,Ningxia,West,2014-01-01,headline,100.8
64,Ningxia,West,2013-12-01,headline,100.4
64,Ningxia,West,2013-11-01,headline,100.3
64,Ningxia,West,2013-10-01,headline,100.7
64,Ningxia,West,2013-09-01,headline,100.8
64,Ningxia,West,2013-08-01,headline,99.5
64,Ningxia,West,2013-07-01,headline,99.9
64,Ningxia,West,2013-06-01,headline,99.7
64,Ningxia,West,2013-05-01,headline,99.6
64,Ningxia,West,2013-04-01,headline,100.4
64,Ningxia,West,2013-03-01,headline,99.4
64,Ningxia,West,2013-02-01,headline,101
64,Ningxia,West,2013-01-01,headline,101
64,Ningxia,West,2012-12-01,headline,100.9
64,Ningxia,West,2012-11-01,headline,100.5
64,Ningxia,West,2012-10-01,headline,100.3
64,Ningxia,West,2012-09-01,headline,100.6
64,Ningxia,West,2012-08-01,headline,100.7
64,Ningxia,West,2012-07-01,headline,100
64,Ningxia,West,2012-06-01,headline,99.2
64,Ningxia,West,2012-05-01,headline,99.6
64,Ningxia,West,2012-04-01,headline,99.5
64,Ningxia,West,2012-03-01,headline,100.5
64,Ningxia,West,2012-02-01,headline,100.5
64,Ningxia,West,2012-01-01,headline,101.7
63,Qinghai,West,2015-12-01,headline,100.5
63,Qinghai,West,2015-11-01,headline,100.5
63,Qinghai,West,2015-10-01,headline,99.6
63,Qinghai,West,2015-09-01,headline,99.7
63,Qinghai,West,2015-08-01,headline,100.1
63,Qinghai,West,2015-07-01,headline,100.3
63,Qinghai,West,2015-06-01,headline,99.9
63,Qinghai,West,2015-05-01,headline,99.6
63,Qinghai,West,2015-04-01,headline,100.2
63,Qinghai,West,2015-03-01,headline,99.3
63,Qinghai,West,2015-02-01,headline,101.2
63,Qinghai,West,2015-01-01,headline,100.7
63,Qinghai,West,2014-12-01,headline,100.9
63,Qinghai,West,2014-11-01,headline,100.3
63,Qinghai,West,2014-10-01,headline,100.3
63,Qinghai,West,2014-09-01,headline,100.1
63,Qinghai,West,2014-08-01,headline,100.3
63,Qinghai,West,2014-07-01,headline,100.1
63,Qinghai,West,2014-06-01,headline,99.9
63,Qinghai,West,2014-05-01,headline,100.3
63,Qinghai,West,2014-04-01,headline,99.6
63,Qinghai,West,2014-03-01,headline,99.6
63,Qinghai,West,2014-02-01,headline,100.5
63,Qinghai,West,2014-01-01,headline,101.7
63,Qinghai,West,2013-12-01,headline,100.8
63,Qinghai,West,2013-11-01,headline,100.6
63,Qinghai,West,2013-10-01,headline,100.2
63,Qinghai,West,2013-09-01,headline,99.6
63,Qinghai,West,2013-08-01,headline,99.4
63,Qinghai,West,2013-07-01,headline,99.9
63,Qinghai,West,2013-06-01,headline,100.2
63,Qinghai,West,2013-05-01,headline,99.6
63,Qinghai,West,2013-04-01,headline,100.3
63,Qinghai,West,2013-03-01,headline,99.6
63,Qinghai,West,2013-02-01,headline,101.2
63,Qinghai,West,2013-01-01,headline,101.2
63,Qinghai,West,2012-12-01,headline,100.8
63,Qinghai,West,2012-11-01,headline,100.5
63,Qinghai,West,2012-10-01,headline,100.2
63,Qinghai,West,2012-09-01,headline,100.4
63,Qinghai,West,2012-08-01,headline,100.8
63,Qinghai,West,2012-07-01,headline,99.9
63,Qinghai,West,2012-06-01,headline,99.7
63,Qinghai,West,2012-05-01,headline,100.2
63,Qinghai,West,2012-04-01,headline,100.2
63,Qinghai,West,2012-03-01,headline,100.2
63,Qinghai,West,2012-02-01,headline,100.5
63,Qinghai,West,2012-01-01,headline,101.6
61,Shaanxi,West,2015-12-01,headline,100.5
61,Shaanxi,West,2015-11-01,headline,100.2
61,Shaanxi,West,2015-10-01,headline,99.5
61,Shaanxi,West,2015-09-01,headline,100.1
61,Shaanxi,West,2015-08-01,headline,100.7
61,Shaanxi,West,2015-07-01,headline,100
61,Shaanxi,West,2015-06-01,headline,100.1
61,Shaanxi,West,2015-05-01,headline,99.7
61,Shaanxi,West,2015-04-01,headline,99.8
61,Shaanxi,West,2015-03-01,headline,99.4
61,Shaanxi,West,2015-02-01,headline,101.4
61,Shaanxi,West,2015-01-01,headline,100.1
61,Shaanxi,West,2014-12-01,headline,100.3
61,Shaanxi,West,2014-11-01,headline,99.7
61,Shaanxi,West,2014-10-01,headline,99.8
61,Shaanxi,West,2014-09-01,headline,100.7
61,Shaanxi,West,2014-08-01,headline,100.1
61,Shaanxi,West,2014-07-01,headline,100
61,Shaanxi,West,2014-06-01,headline,99.6
61,Shaanxi,West,2014-05-01,headline,100
61,Shaanxi,West,2014-04-01,headline,99.5
61,Shaanxi,West,2014-03-01,headline,99.3
61,Shaanxi,West,2014-02-01,headline,100.7
61,Shaanxi,West,2014-01-01,headline,101.1
61,Shaanxi,West,2013-12-01,headline,100.1
61,Shaanxi,West,2013-11-01,headline,99.9
61,Shaanxi,West,2013-10-01,headline,100.2
61,Shaanxi,West,2013-09-01,headline,101.3
61,Shaanxi,West,2013-08-01,headline,100.3
61,Shaanxi,West,2013-07-01,headline,99.8
61,Shaanxi,West,2013-06-01,headline,99.8
61,Shaanxi,West,2013-05-01,headline,99.4
61,Shaanxi,West,2013-04-01,headline,100.5
61,Shaanxi,West,2013-03-01,headline,98.9
61,Shaanxi,West,2013-02-01,headline,101.4
61,Shaanxi,West,2013-01-01,headline,101
61,Shaanxi,West,2012-12-01,headline,100.7
61,Shaanxi,West,2012-11-01,headline,100.3
61,Shaanxi,West,2012-10-01,headline,99.9
61,Shaanxi,West,2012-09-01,headline,101
61,Shaanxi,West,2012-08-01,headline,100.4
61,Shaanxi,West,2012-07-01,headline,99.9
61,Shaanxi,West,2012-06-01,headline,99.2
61,Shaanxi,West,2012-05-01,headline,99.7
61,Shaanxi,West,2012-04-01,headline,99.8
61,Shaanxi,West,2012-03-01,headline,100.4
61,Shaanxi,West,2012-02-01,headline,100
61,Shaanxi,West,2012-01-01,headline,101.1
37,Shandong,East,2015-12-01,headline,100.7
37,Shandong,East,2015-11-01,headline,100.3
37,Shandong,East,2015-10-01,headline,99.4
37,Shandong,East,2015-09-01,headline,99.8
37,Shandong,East,2015-08-01,headline,100.7
37,Shandong,East,2015-07-01,headline,100.4
37,Shandong,East,2015-06-01,headline,99.9
37,Shandong,East,2015-05-01,headline,99.7
37,Shandong,East,2015-04-01,headline,99.7
37,Shandong,East,2015-03-01,headline,99.1
37,Shandong,East,2015-02-01,headline,101.3
37,Shandong,East,2015-01-01,headline,100.3
37,Shandong,East,2014-12-01,headline,100.7
37,Shandong,East,2014-11-01,headline,100
37,Shandong,East,2014-10-01,headline,99.7
37,Shandong,East,2014-09-01,headline,100.2
37,Shandong,East,2014-08-01,headline,100.1
37,Shandong,East,2014-07-01,headline,100.1
37,Shandong,East,2014-06-01,headline,99.9
37,Shandong,East,2014-05-01,headline,100
37,Shandong,East,2014-04-01,headline,99.6
37,Shandong,East,2014-03-01,headline,99.7
37,Shandong,East,2014-02-01,headline,100.5
37,Shandong,East,2014-01-01,headline,101.3
37,Shandong,East,2013-12-01,headline,100.4
37,Shandong,East,2013-11-01,headline,100.1
37,Shandong,East,2013-10-01,headline,100
37,Shandong,East,2013-09-01,headline,100.4
37,Shandong,East,2013-08-01,headline,100.4
37,Shandong,East,2013-07-01,headline,100.2
37,Shandong,East,2013-06-01,headline,100
37,Shandong,East,2013-05-01,headline,99.2
37,Shandong,East,2013-04-01,headline,99.9
37,Shandong,East,2013-03-01,headline,98.8
37,Shandong,East,2013-02-01,headline,101.1
37,Shandong,East,2013-01-01,headline,101.4
37,Shandong,East,2012-12-01,headline,101.2
37,Shandong,East,2012-11-01,headline,100.2
37,Shandong,East,2012-10-01,headline,99.7
37,Shandong,East,2012-09-01,headline,100
37,Shandong,East,2012-08-01,headline,100.7
37,Shandong,East,2012-07-01,headline,100.3
37,Shandong,East,2012-06-01,headline,99.4
37,Shandong,East,2012-05-01,headline,99.4
37,Shandong,East,2012-04-01,headline,99.5
37,Shandong,East,2012-03-01,headline,100
37,Shandong,East,2012-02-01,headline,99.7
37,Shandong,East,2012-01-01,headline,101.4
31,Shanghai,East,2015-12-01,headline,100.4
31,Shanghai,East,2015-11-01,headline,100
31,Shanghai,East,2015-10-01,headline,100.1
31,Shanghai,East,2015-09-01,headline,100.1
31,Shanghai,East,2015-08-01,headline,100.2
31,Shanghai,East,2015-07-01,headline,100.2
31,Shanghai,East,2015-06-01,headline,100
31,Shanghai,East,2015-05-01,headline,100
31,Shanghai,East,2015-04-01,headline,100.2
31,Shanghai,East,2015-03-01,headline,99.6
31,Shanghai,East,2015-02-01,headline,101.2
31,Shanghai,East,2015-01-01,headline,100.4
31,Shanghai,East,2014-12-01,headline,100.5
31,Shanghai,East,2014-11-01,headline,99.9
31,Shanghai,East,2014-10-01,headline,100
31,Shanghai,East,2014-09-01,headline,100.6
31,Shanghai,East,2014-08-01,headline,100.1
31,Shanghai,East,2014-07-01,headline,100
31,Shanghai,East,2014-06-01,headline,99.9
31,Shanghai,East,2014-05-01,headline,100.3
31,Shanghai,East,2014-04-01,headline,100
31,Shanghai,East,2014-03-01,headline,99.8
31,Shanghai,East,2014-02-01,headline,100.4
31,Shanghai,East,2014-01-01,headline,101.1
31,Shanghai,East,2013-12-01,headline,100.4
31,Shanghai,East,2013-11-01,headline,99.8
31,Shanghai,East,2013-10-01,headline,100.2
31,Shanghai,East,2013-09-01,headline,100.5
31,Shanghai,East,2013-08-01,headline,100.5
31,Shanghai,East,2013-07-01,headline,99.6
31,Shanghai,East,2013-06-01,headline,100.2
31,Shanghai,East,2013-05-01,headline,99.7
31,Shanghai,East,2013-04-01,headline,100.3
31,Shanghai,East,2013-03-01,headline,99.9
31,Shanghai,East,2013-02-01,headline,100.7
31,Shanghai,East,2013-01-01,headline,100.6
31,Shanghai,East,2012-12-01,headline,100.5
31,Shanghai,East,2012-11-01,headline,100
31,Shanghai,East,2012-10-01,headline,100.1
31,Shanghai,East,2012-09-01,headline,100.1
31,Shanghai,East,2012-08-01,headline,100.4
31,Shanghai,East,2012-07-01,headline,100
31,Shanghai,East,2012-06-01,headline,99.8
31,Shanghai,East,2012-05-01,headline,99.8
31,Shanghai,East,2012-04-01,headline,100.3
31,Shanghai,East,2012-03-01,headline,100.3
31,Shanghai,East,2012-02-01,headline,100.2
31,Shanghai,East,2012-01-01,headline,100.7
14,Shanxi,North,2015-12-01,headline,100.8
14,Shanxi,North,2015-11-01,headline,100.6
14,Shanxi,North,2015-10-01,headline,99.5
14,Shanxi,North,2015-09-01,headline,100.5
14,Shanxi,North,2015-08-01,headline,100.7
14,Shanxi,North,2015-07-01,headline,100
14,Shanxi,North,2015-06-01,headline,99.7
14,Shanxi,North,2015-05-01,headline,99.4
14,Shanxi,North,2015-04-01,headline,99.2
14,Shanxi,North,2015-03-01,headline,99.1
14,Shanxi,North,2015-02-01,headline,101.4
14,Shanxi,North,2015-01-01,headline,100
14,Shanxi,North,2014-12-01,headline,100.6
14,Shanxi,North,2014-11-01,headline,100.2
14,Shanxi,North,2014-10-01,headline,100
14,Shanxi,North,2014-09-01,headline,100.9
14,Shanxi,North,2014-08-01,headline,100
14,Shanxi,North,2014-07-01,headline,99.9
14,Shanxi,North,2014-06-01,headline,99.6
14,Shanxi,North,2014-05-01,headline,99.8
14,Shanxi,North,2014-04-01,headline,99.1
14,Shanxi,North,2014-03-01,headline,99.3
14,Shanxi,North,2014-02-01,headline,100.7
14,Shanxi,North,2014-01-01,headline,101.1
14,Shanxi,North,2013-12-01,headline,100.1
14,Shanxi,North,2013-11-01,headline,100.3
14,Shanxi,North,2013-10-01,headline,100.6
14,Shanxi,North,2013-09-01,headline,101.3
14,Shanxi,North,2013-08-01,headline,100.2
14,Shanxi,North,2013-07-01,headline,100.2
14,Shanxi,North,2013-06-01,headline,99.7
14,Shanxi,North,2013-05-01,headline,99.2
14,Shanxi,North,2013-04-01,headline,99.8
14,Shanxi,North,2013-03-01,headline,98.3
14,Shanxi,North,2013-02-01,headline,101.2
14,Shanxi,North,2013-01-01,headline,101.3
14,Shanxi,North,2012-12-01,headline,101.4
14,Shanxi,North,2012-11-01,headline,100.7
14,Shanxi,North,2012-10-01,headline,100.1
14,Shanxi,North,2012-09-01,headline,100.7
14,Shanxi,North,2012-08-01,headline,100.8
14,Shanxi,North,2012-07-01,headline,99.9
14,Shanxi,North,2012-06-01,headline,99.4
14,Shanxi,North,2012-05-01,headline,99.3
14,Shanxi,North,2012-04-01,headline,99.4
14,Shanxi,North,2012-03-01,headline,99.9
14,Shanxi,North,2012-02-01,headline,99.4
14,Shanxi,North,2012-01-01,headline,101.5
51,Sichuan,West,2015-12-01,headline,100.1
51,Sichuan,West,2015-11-01,headline,99.6
51,Sichuan,West,2015-10-01,headline,99.7
51,Sichuan,West,2015-09-01,headline,100.3
51,Sichuan,West,2015-08-01,headline,100.6
51,Sichuan,West,2015-07-01,headline,100.5
51,Sichuan,West,2015-06-01,headline,100.3
51,Sichuan,West,2015-05-01,headline,100
51,Sichuan,West,2015-04-01,headline,99.9
51,Sichuan,West,2015-03-01,headline,99.2
51,Sichuan,West,2015-02-01,headline,101
51,Sichuan,West,2015-01-01,headline,100.2
51,Sichuan,West,2014-12-01,headline,100.2
51,Sichuan,West,2014-11-01,headline,99.8
51,Sichuan,West,2014-10-01,headline,100.1
51,Sichuan,West,2014-09-01,headline,100.7
51,Sichuan,West,2014-08-01,headline,100.1
51,Sichuan,West,2014-07-01,headline,100.2
51,Sichuan,West,2014-06-01,headline,100.2
51,Sichuan,West,2014-05-01,headline,100.3
51,Sichuan,West,2014-04-01,headline,99.4
51,Sichuan,West,2014-03-01,headline,99.2
51,Sichuan,West,2014-02-01,headline,100.3
51,Sichuan,West,2014-01-01,headline,100.6
51,Sichuan,West,2013-12-01,headline,100
51,Sichuan,West,2013-11-01,headline,99.9
51,Sichuan,West,2013-10-01,headline,100.2
51,Sichuan,West,2013-09-01,headline,101.1
51,Sichuan,West,2013-08-01,headline,100.5
51,Sichuan,West,2013-07-01,headline,100.4
51,Sichuan,West,2013-06-01,headline,99.9
51,Sichuan,West,2013-05-01,headline,99.7
51,Sichuan,West,2013-04-01,headline,100.2
51,Sichuan,West,2013-03-01,headline,99.2
51,Sichuan,West,2013-02-01,headline,100.8
51,Sichuan,West,2013-01-01,headline,100.9
51,Sichuan,West,2012-12-01,headline,100.5
51,Sichuan,West,2012-11-01,headline,99.9
51,Sichuan,West,2012-10-01,headline,100.1
51,Sichuan,West,2012-09-01,headline,100.7
51,Sichuan,West,2012-08-01,headline,100.6
51,Sichuan,West,2012-07-01,headline,100.1
51,Sichuan,West,2012-06-01,headline,99.7
51,Sichuan,West,2012-05-01,headline,99.8
51,Sichuan,West,2012-04-01,headline,100.1
51,Sichuan,West,2012-03-01,headline,100.1
51,Sichuan,West,2012-02-01,headline,99.8
51,Sichuan,West,2012-01-01,headline,101.4
12,Tianjin,North,2015-12-01,headline,100.3
12,Tianjin,North,2015-11-01,headline,100.5
12,Tianjin,North,2015-10-01,headline,99.4
12,Tianjin,North,2015-09-01,headline,99.9
12,Tianjin,North,2015-08-01,headline,100.5
12,Tianjin,North,2015-07-01,headline,100.5
12,Tianjin,North,2015-06-01,headline,99.7
12,Tianjin,North,2015-05-01,headline,99.6
12,Tianjin,North,2015-04-01,headline,99.8
12,Tianjin,North,2015-03-01,headline,99.3
12,Tianjin,North,2015-02-01,headline,101.6
12,Tianjin,North,2015-01-01,headline,100.3
12,Tianjin,North,2014-12-01,headline,100.6
12,Tianjin,North,2014-11-01,headline,100.1
12,Tianjin,North,2014-10-01,headline,99.8
12,Tianjin,North,2014-09-01,headline,100.8
12,Tianjin,North,2014-08-01,headline,100.3
12,Tianjin,North,2014-07-01,headline,100.1
12,Tianjin,North,2014-06-01,headline,99.6
12,Tianjin,North,2014-05-01,headline,90.8
12,Tianjin,North,2014-04-01,headline,99.2
12,Tianjin,North,2014-03-01,headline,99.2
12,Tianjin,North,2014-02-01,headline,100.9
12,Tianjin,North,2014-01-01,headline,101.4
12,Tianjin,North,2013-12-01,headline,100.1
12,Tianjin,North,2013-11-01,headline,99.6
12,Tianjin,North,2013-10-01,headline,100.1
12,Tianjin,North,2013-09-01,headline,101.1
12,Tianjin,North,2013-08-01,headline,100.2
12,Tianjin,North,2013-07-01,headline,100.7
12,Tianjin,North,2013-06-01,headline,100.1
12,Tianjin,North,2013-05-01,headline,99.3
12,Tianjin,North,2013-04-01,headline,100.2
12,Tianjin,North,2013-03-01,headline,98.7
12,Tianjin,North,2013-02-01,headline,101.9
12,Tianjin,North,2013-01-01,headline,101.3
12,Tianjin,North,2012-12-01,headline,100.6
12,Tianjin,North,2012-11-01,headline,100.1
12,Tianjin,North,2012-10-01,headline,99.6
12,Tianjin,North,2012-09-01,headline,99.9
12,Tianjin,North,2012-08-01,headline,100.9
12,Tianjin,North,2012-07-01,headline,100.4
12,Tianjin,North,2012-06-01,headline,99.4
12,Tianjin,North,2012-05-01,headline,99.8
12,Tianjin,North,2012-04-01,headline,99.9
12,Tianjin,North,2012-03-01,headline,99.9
12,Tianjin,North,2012-02-01,headline,99.6
12,Tianjin,North,2012-01-01,headline,101.5
54,Tibet,West,2015-12-01,headline,100.2
54,Tibet,West,2015-11-01,headline,100.3
54,Tibet,West,2015-10-01,headline,100.2
54,Tibet,West,2015-09-01,headline,100
54,Tibet,West,2015-08-01,headline,100.4
54,Tibet,West,2015-07-01,headline,100.5
54,Tibet,West,2015-06-01,headline,100
54,Tibet,West,2015-05-01,headline,100.2
54,Tibet,West,2015-04-01,headline,99.9
54,Tibet,West,2015-03-01,headline,99.8
54,Tibet,West,2015-02-01,headline,100.5
54,Tibet,West,2015-01-01,headline,100.3
54,Tibet,West,2014-12-01,headline,100.3
54,Tibet,West,2014-11-01,headline,99.9
54,Tibet,West,2014-10-01,headline,100.2
54,Tibet,West,2014-09-01,headline,100
54,Tibet,West,2014-08-01,headline,100.2
54,Tibet,West,2014-07-01,headline,100.5
54,Tibet,West,2014-06-01,headline,100.1
54,Tibet,West,2014-05-01,headline,99.8
54,Tibet,West,2014-04-01,headline,99.9
54,Tibet,West,2014-03-01,headline,100.2
54,Tibet,West,2014-02-01,headline,100.8
54,Tibet,West,2014-01-01,headline,100.7
54,Tibet,West,2013-12-01,headline,100.2
54,Tibet,West,2013-11-01,headline,100.4
54,Tibet,West,2013-10-01,headline,100
54,Tibet,West,2013-09-01,headline,100.2
54,Tibet,West,2013-08-01,headline,100.3
54,Tibet,West,2013-07-01,headline,100
54,Tibet,West,2013-06-01,headline,99.9
54,Tibet,West,2013-05-01,headline,100.5
54,Tibet,West,2013-04-01,headline,100.5
54,Tibet,West,2013-03-01,headline,99.8
54,Tibet,West,2013-02-01,headline,101.4
54,Tibet,West,2013-01-01,headline,100.9
54,Tibet,West,2012-12-01,headline,100.4
54,Tibet,West,2012-11-01,headline,100.4
54,Tibet,West,2012-10-01,headline,100
54,Tibet,West,2012-09-01,headline,100.3
54,Tibet,West,2012-08-01,headline,100
54,Tibet,West,2012-07-01,headline,99.9
54,Tibet,West,2012-06-01,headline,99.4
54,Tibet,West,2012-05-01,headline,99.9
54,Tibet,West,2012-04-01,headline,100.1
54,Tibet,West,2012-03-01,headline,100.2
54,Tibet,West,2012-02-01,headline,100.7
54,Tibet,West,2012-01-01,headline,100.6
65,Xinjiang,West,2015-12-01,headline,100.8
65,Xinjiang,West,2015-11-01,headline,100.1
65,Xinjiang,West,2015-10-01,headline,99.6
65,Xinjiang,West,2015-09-01,headline,99.9
65,Xinjiang,West,2015-08-01,headline,100.7
65,Xinjiang,West,2015-07-01,headline,100
65,Xinjiang,West,2015-06-01,headline,99.8
65,Xinjiang,West,2015-05-01,headline,99.6
65,Xinjiang,West,2015-04-01,headline,99.5
65,Xinjiang,West,2015-03-01,headline,99.5
65,Xinjiang,West,2015-02-01,headline,100.7
65,Xinjiang,West,2015-01-01,headline,100.4
65,Xinjiang,West,2014-12-01,headline,100.8
65,Xinjiang,West,2014-11-01,headline,100.3
65,Xinjiang,West,2014-10-01,headline,100.1
65,Xinjiang,West,2014-09-01,headline,100
65,Xinjiang,West,2014-08-01,headline,99.9
65,Xinjiang,West,2014-07-01,headline,99.5
65,Xinjiang,West,2014-06-01,headline,99.7
65,Xinjiang,West,2014-05-01,headline,99.9
65,Xinjiang,West,2014-04-01,headline,99.3
65,Xinjiang,West,2014-03-01,headline,99.9
65,Xinjiang,West,2014-02-01,headline,100.8
65,Xinjiang,West,2014-01-01,headline,101.1
65,Xinjiang,West,2013-12-01,headline,100.6
65,Xinjiang,West,2013-11-01,headline,100.9
65,Xinjiang,West,2013-10-01,headline,100.4
65,Xinjiang,West,2013-09-01,headline,100.4
65,Xinjiang,West,2013-08-01,headline,100.1
65,Xinjiang,West,2013-07-01,headline,99.7
65,Xinjiang,West,2013-06-01,headline,99.5
65,Xinjiang,West,2013-05-01,headline,99.5
65,Xinjiang,West,2013-04-01,headline,99.9
65,Xinjiang,West,2013-03-01,headline,99.5
65,Xinjiang,West,2013-02-01,headline,101.1
65,Xinjiang,West,2013-01-01,headline,101.4
65,Xinjiang,West,2012-12-01,headline,101.1
65,Xinjiang,West,2012-11-01,headline,100.9
65,Xinjiang,West,2012-10-01,headline,100.5
65,Xinjiang,West,2012-09-01,headline,100.6
65,Xinjiang,West,2012-08-01,headline,100.3
65,Xinjiang,West,2012-07-01,headline,99.7
65,Xinjiang,West,2012-06-01,headline,99.6
65,Xinjiang,West,2012-05-01,headline,99.6
65,Xinjiang,West,2012-04-01,headline,99.8
65,Xinjiang,West,2012-03-01,headline,99.9
65,Xinjiang,West,2012-02-01,headline,101.1
65,Xinjiang,West,2012-01-01,headline,102.2
53,Yunnan,West,2015-12-01,headline,99.9
53,Yunnan,West,2015-11-01,headline,99.9
53,Yunnan,West,2015-10-01,headline,100.1
53,Yunnan,West,2015-09-01,headline,100.5
53,Yunnan,West,2015-08-01,headline,101
53,Yunnan,West,2015-07-01,headline,100.1
53,Yunnan,West,2015-06-01,headline,100.1
53,Yunnan,West,2015-05-01,headline,100.1
53,Yunnan,West,2015-04-01,headline,99.9
53,Yunnan,West,2015-03-01,headline,99.8
53,Yunnan,West,2015-02-01,headline,100.3
53,Yunnan,West,2015-01-01,headline,100.3
53,Yunnan,West,2014-12-01,headline,100.1
53,Yunnan,West,2014-11-01,headline,100
53,Yunnan,West,2014-10-01,headline,100.1
53,Yunnan,West,2014-09-01,headline,100.3
53,Yunnan,West,2014-08-01,headline,100
53,Yunnan,West,2014-07-01,headline,100.3
53,Yunnan,West,2014-06-01,headline,100.4
53,Yunnan,West,2014-05-01,headline,100.1
53,Yunnan,West,2014-04-01,headline,99.7
53,Yunnan,West,2014-03-01,headline,100
53,Yunnan,West,2014-02-01,headline,100.2
53,Yunnan,West,2014-01-01,headline,101
53,Yunnan,West,2013-12-01,headline,100.1
53,Yunnan,West,2013-11-01,headline,100
53,Yunnan,West,2013-10-01,headline,100.4
53,Yunnan,West,2013-09-01,headline,100.4
53,Yunnan,West,2013-08-01,headline,100.1
53,Yunnan,West,2013-07-01,headline,100.1
53,Yunnan,West,2013-06-01,headline,99.9
53,Yunnan,West,2013-05-01,headline,99.7
53,Yunnan,West,2013-04-01,headline,100.3
53,Yunnan,West,2013-03-01,headline,99.9
53,Yunnan,West,2013-02-01,headline,100.8
53,Yunnan,West,2013-01-01,headline,101
53,Yunnan,West,2012-12-01,headline,100.6
53,Yunnan,West,2012-11-01,headline,100.2
53,Yunnan,West,2012-10-01,headline,100.1
53,Yunnan,West,2012-09-01,headline,100.9
53,Yunnan,West,2012-08-01,headline,100.3
53,Yunnan,West,2012-07-01,headline,99.5
53,Yunnan,West,2012-06-01,headline,99.2
53,Yunnan,West,2012-05-01,headline,100.2
53,Yunnan,West,2012-04-01,headline,100.1
53,Yunnan,West,2012-03-01,headline,100.4
53,Yunnan,West,2012-02-01,headline,100.1
53,Yunnan,West,2012-01-01,headline,101
33,Zhejiang,East,2015-12-01,headline,100.6
33,Zhejiang,East,2015-11-01,headline,99.7
33,Zhejiang,East,2015-10-01,headline,99.8
33,Zhejiang,East,2015-09-01,headline,99.8
33,Zhejiang,East,2015-08-01,headline,100.3
33,Zhejiang,East,2015-07-01,headline,100.6
33,Zhejiang,East,2015-06-01,headline,100.1
33,Zhejiang,East,2015-05-01,headline,99.9
33,Zhejiang,East,2015-04-01,headline,99.9
33,Zhejiang,East,2015-03-01,headline,99.6
33,Zhejiang,East,2015-02-01,headline,101.7
33,Zhejiang,East,2015-01-01,headline,100.5
33,Zhejiang,East,2014-12-01,headline,100.1
33,Zhejiang,East,2014-11-01,headline,99.4
33,Zhejiang,East,2014-10-01,headline,99.8
33,Zhejiang,East,2014-09-01,headline,99.9
33,Zhejiang,East,2014-08-01,headline,100
33,Zhejiang,East,2014-07-01,headline,100.4
33,Zhejiang,East,2014-06-01,headline,99.9
33,Zhejiang,East,2014-05-01,headline,100
33,Zhejiang,East,2014-04-01,headline,99.7
33,Zhejiang,East,2014-03-01,headline,99.4
33,Zhejiang,East,2014-02-01,headline,100.9
33,Zhejiang,East,2014-01-01,headline,101.2
33,Zhejiang,East,2013-12-01,headline,100.3
33,Zhejiang,East,2013-11-01,headline,99.6
33,Zhejiang,East,2013-10-01,headline,100.3
33,Zhejiang,East,2013-09-01,headline,100.7
33,Zhejiang,East,2013-08-01,headline,100.3
33,Zhejiang,East,2013-07-01,headline,100.3
33,Zhejiang,East,2013-06-01,headline,100.1
33,Zhejiang,East,2013-05-01,headline,99.6
33,Zhejiang,East,2013-04-01,headline,100.4
33,Zhejiang,East,2013-03-01,headline,98.9
33,Zhejiang,East,2013-02-01,headline,101.3
33,Zhejiang,East,2013-01-01,headline,101.2
33,Zhejiang,East,2012-12-01,headline,100.5
33,Zhejiang,East,2012-11-01,headline,99.8
33,Zhejiang,East,2012-10-01,headline,99.6
33,Zhejiang,East,2012-09-01,headline,100.2
33,Zhejiang,East,2012-08-01,headline,100.5
33,Zhejiang,East,2012-07-01,headline,100.5
33,Zhejiang,East,2012-06-01,headline,99.3
33,Zhejiang,East,2012-05-01,headline,99.6
33,Zhejiang,East,2012-04-01,headline,100
33,Zhejiang,East,2012-03-01,headline,100.3
33,Zhejiang,East,2012-02-01,headline,99.8
33,Zhejiang,East,2012-01-01,headline,101.7
34,Anhui,East,2020-12-01,headline,100.9
34,Anhui,East,2020-11-01,headline,99.1
34,Anhui,East,2020-10-01,headline,99.5
34,Anhui,East,2020-09-01,headline,100.1
34,Anhui,East,2020-08-01,headline,100.3
34,Anhui,East,2020-07-01,headline,100.9
34,Anhui,East,2020-06-01,headline,100.2
34,Anhui,East,2020-05-01,headline,99.5
34,Anhui,East,2020-04-01,headline,99
34,Anhui,East,2020-03-01,headline,98.5
34,Anhui,East,2020-02-01,headline,100.8
34,Anhui,East,2020-01-01,headline,101.7
34,Anhui,East,2019-12-01,headline,99.9
34,Anhui,East,2019-11-01,headline,100.1
34,Anhui,East,2019-10-01,headline,101.1
34,Anhui,East,2019-09-01,headline,101
34,Anhui,East,2019-08-01,headline,101.2
34,Anhui,East,2019-07-01,headline,100.2
34,Anhui,East,2019-06-01,headline,99.3
34,Anhui,East,2019-05-01,headline,100.1
34,Anhui,East,2019-04-01,headline,100
34,Anhui,East,2019-03-01,headline,99.5
34,Anhui,East,2019-02-01,headline,101.5
34,Anhui,East,2019-01-01,headline,100.4
34,Anhui,East,2018-12-01,headline,99.9
34,Anhui,East,2018-11-01,headline,99.3
34,Anhui,East,2018-10-01,headline,100.3
34,Anhui,East,2018-09-01,headline,100.8
34,Anhui,East,2018-08-01,headline,100.8
34,Anhui,East,2018-07-01,headline,100.4
34,Anhui,East,2018-06-01,headline,99.8
34,Anhui,East,2018-05-01,headline,100.1
34,Anhui,East,2018-04-01,headline,99.6
34,Anhui,East,2018-03-01,headline,98.4
34,Anhui,East,2018-02-01,headline,101.4
34,Anhui,East,2018-01-01,headline,101.2
34,Anhui,East,2017-12-01,headline,100.2
34,Anhui,East,2017-11-01,headline,99.5
34,Anhui,East,2017-10-01,headline,100.4
34,Anhui,East,2017-09-01,headline,100.5
34,Anhui,East,2017-08-01,headline,100.6
34,Anhui,East,2017-07-01,headline,99.8
34,Anhui,East,2017-06-01,headline,99.5
34,Anhui,East,2017-05-01,headline,100
34,Anhui,East,2017-04-01,headline,100.1
34,Anhui,East,2017-03-01,headline,99.9
34,Anhui,East,2017-02-01,headline,99.7
34,Anhui,East,2017-01-01,headline,101.1
34,Anhui,East,2016-12-01,headline,99.9
34,Anhui,East,2016-11-01,headline,100.1
34,Anhui,East,2016-10-01,headline,100
34,Anhui,East,2016-09-01,headline,100.7
34,Anhui,East,2016-08-01,headline,100
34,Anhui,East,2016-07-01,headline,100.1
34,Anhui,East,2016-06-01,headline,99.8
34,Anhui,East,2016-05-01,headline,99.9
34,Anhui,East,2016-04-01,headline,99.5
34,Anhui,East,2016-03-01,headline,99.5
34,Anhui,East,2016-02-01,headline,101.8
34,Anhui,East,2016-01-01,headline,100.5
11,Beijing,North,2020-12-01,headline,100.3
11,Beijing,North,2020-11-01,headline,99.4
11,Beijing,North,2020-10-01,headline,100.3
11,Beijing,North,2020-09-01,headline,100.2
11,Beijing,North,2020-08-01,headline,100.3
11,Beijing,North,2020-07-01,headline,100.1
11,Beijing,North,2020-06-01,headline,99.9
11,Beijing,North,2020-05-01,headline,99.5
11,Beijing,North,2020-04-01,headline,99.3
11,Beijing,North,2020-03-01,headline,99.3
11,Beijing,North,2020-02-01,headline,100.1
11,Beijing,North,2020-01-01,headline,101.5
11,Beijing,North,2019-12-01,headline,100.2
11,Beijing,North,2019-11-01,headline,100.1
11,Beijing,North,2019-10-01,headline,100.5
11,Beijing,North,2019-09-01,headline,100.1
11,Beijing,North,2019-08-01,headline,100.2
11,Beijing,North,2019-07-01,headline,100.8
11,Beijing,North,2019-06-01,headline,100.3
11,Beijing,North,2019-05-01,headline,100.1
11,Beijing,North,2019-04-01,headline,100.2
11,Beijing,North,2019-03-01,headline,99.6
11,Beijing,North,2019-02-01,headline,101
11,Beijing,North,2019-01-01,headline,100.3
11,Beijing,North,2018-12-01,headline,100.1
11,Beijing,North,2018-11-01,headline,99.3
11,Beijing,North,2018-10-01,headline,100.5
11,Beijing,North,2018-09-01,headline,100.1
11,Beijing,North,2018-08-01,headline,100.4
11,Beijing,North,2018-07-01,headline,100.8
11,Beijing,North,2018-06-01,headline,99.5
11,Beijing,North,2018-05-01,headline,99.8
11,Beijing,North,2018-04-01,headline,100.5
11,Beijing,North,2018-03-01,headline,99.3
11,Beijing,North,2018-02-01,headline,101.4
11,Beijing,North,2018-01-01,headline,100.4
11,Beijing,North,2017-12-01,headline,100.5
11,Beijing,North,2017-11-01,headline,99.9
11,Beijing,North,2017-10-01,headline,100.3
11,Beijing,North,2017-09-01,headline,100.2
11,Beijing,North,2017-08-01,headline,100.3
11,Beijing,North,2017-07-01,headline,100.2
11,Beijing,North,2017-06-01,headline,99.6
11,Beijing,North,2017-05-01,headline,100.1
11,Beijing,North,2017-04-01,headline,100.4
11,Beijing,North,2017-03-01,headline,99.7
11,Beijing,North,2017-02-01,headline,99.9
11,Beijing,North,2017-01-01,headline,101.3
11,Beijing,North,2016-12-01,headline,100.2
11,Beijing,North,2016-11-01,headline,99.7
11,Beijing,North,2016-10-01,headline,100
11,Beijing,North,2016-09-01,headline,100.5
11,Beijing,North,2016-08-01,headline,100.1
11,Beijing,North,2016-07-01,headline,100.9
11,Beijing,North,2016-06-01,headline,99.5
11,Beijing,North,2016-05-01,headline,99.5
11,Beijing,North,2016-04-01,headline,99.6
11,Beijing,North,2016-03-01,headline,99.8
11,Beijing,North,2016-02-01,headline,101.7
11,Beijing,North,2016-01-01,headline,100.5
50,Chongqing,West,2020-12-01,headline,100.3
50,Chongqing,West,2020-11-01,headline,99
50,Chongqing,West,2020-10-01,headline,99.8
50,Chongqing,West,2020-09-01,headline,100.3
50,Chongqing,West,2020-08-01,headline,100.3
50,Chongqing,West,2020-07-01,headline,101.1
50,Chongqing,West,2020-06-01,headline,99.9
50,Chongqing,West,2020-05-01,headline,99.5
50,Chongqing,West,2020-04-01,headline,98.8
50,Chongqing,West,2020-03-01,headline,97.8
50,Chongqing,West,2020-02-01,headline,101.6
50,Chongqing,West,2020-01-01,headline,101.1
50,Chongqing,West,2019-12-01,headline,100.2
50,Chongqing,West,2019-11-01,headline,100.1
50,Chongqing,West,2019-10-01,headline,100.9
50,Chongqing,West,2019-09-01,headline,101.1
50,Chongqing,West,2019-08-01,headline,100.7
50,Chongqing,West,2019-07-01,headline,100.8
50,Chongqing,West,2019-06-01,headline,99.5
50,Chongqing,West,2019-05-01,headline,100.1
50,Chongqing,West,2019-04-01,headline,100.3
50,Chongqing,West,2019-03-01,headline,99.4
50,Chongqing,West,2019-02-01,headline,100.7
50,Chongqing,West,2019-01-01,headline,100.3
50,Chongqing,West,2018-12-01,headline,99.9
50,Chongqing,West,2018-11-01,headline,99.7
50,Chongqing,West,2018-10-01,headline,100.1
50,Chongqing,West,2018-09-01,headline,101.2
50,Chongqing,West,2018-08-01,headline,100.3
50,Chongqing,West,2018-07-01,headline,100.7
50,Chongqing,West,2018-06-01,headline,100.4
50,Chongqing,West,2018-05-01,headline,99.7
50,Chongqing,West,2018-04-01,headline,99.8
50,Chongqing,West,2018-03-01,headline,98.4
50,Chongqing,West,2018-02-01,headline,101.6
50,Chongqing,West,2018-01-01,headline,100.3
50,Chongqing,West,2017-12-01,headline,100.1
50,Chongqing,West,2017-11-01,headline,99.9
50,Chongqing,West,2017-10-01,headline,99.8
50,Chongqing,West,2017-09-01,headline,101.1
50,Chongqing,West,2017-08-01,headline,100.3
50,Chongqing,West,2017-07-01,headline,100.2
50,Chongqing,West,2017-06-01,headline,100
50,Chongqing,West,2017-05-01,headline,99.9
50,Chongqing,West,2017-04-01,headline,100.2
50,Chongqing,West,2017-03-01,headline,99.6
50,Chongqing,West,2017-02-01,headline,99.8
50,Chongqing,West,2017-01-01,headline,100.7
50,Chongqing,West,2016-12-01,headline,100.1
50,Chongqing,West,2016-11-01,headline,99.9
50,Chongqing,West,2016-10-01,headline,99.9
50,Chongqing,West,2016-09-01,headline,100.7
50,Chongqing,West,2016-08-01,headline,100
50,Chongqing,West,2016-07-01,headline,100.1
50,Chongqing,West,2016-06-01,headline,99.8
50,Chongqing,West,2016-05-01,headline,99.5
50,Chongqing,West,2016-04-01,headline,99.8
50,Chongqing,West,2016-03-01,headline,99.8
50,Chongqing,West,2016-02-01,headline,101.6
50,Chongqing,West,2016-01-01,headline,100.5
35,Fujian,East,2020-12-01,headline,100.6
35,Fujian,East,2020-11-01,headline,99.1
35,Fujian,East,2020-10-01,headline,99.6
35,Fujian,East,2020-09-01,headline,100.3
35,Fujian,East,2020-08-01,headline,100.3
35,Fujian,East,2020-07-01,headline,100.6
35,Fujian,East,2020-06-01,headline,100.3
35,Fujian,East,2020-05-01,headline,99.2
35,Fujian,East,2020-04-01,headline,99.4
35,Fujian,East,2020-03-01,headline,98.9
35,Fujian,East,2020-02-01,headline,100.7
35,Fujian,East,2020-01-01,headline,101.1
35,Fujian,East,2019-12-01,headline,99.9
35,Fujian,East,2019-11-01,headline,100.3
35,Fujian,East,2019-10-01,headline,100.7
35,Fujian,East,2019-09-01,headline,100.7
35,Fujian,East,2019-08-01,headline,100.5
35,Fujian,East,2019-07-01,headline,100.4
35,Fujian,East,2019-06-01,headline,100.3
35,Fujian,East,2019-05-01,headline,100.3
35,Fujian,East,2019-04-01,headline,100.1
35,Fujian,East,2019-03-01,headline,99.7
35,Fujian,East,2019-02-01,headline,100.9
35,Fujian,East,2019-01-01,headline,100.6
35,Fujian,East,2018-12-01,headline,99.8
35,Fujian,East,2018-11-01,headline,99.4
35,Fujian,East,2018-10-01,headline,100.1
35,Fujian,East,2018-09-01,headline,100.8
35,Fujian,East,2018-08-01,headline,100.3
35,Fujian,East,2018-07-01,headline,100.2
35,Fujian,East,2018-06-01,headline,100.1
35,Fujian,East,2018-05-01,headline,100.1
35,Fujian,East,2018-04-01,headline,99.8
35,Fujian,East,2018-03-01,headline,98.6
35,Fujian,East,2018-02-01,headline,101.6
35,Fujian,East,2018-01-01,headline,100.4
35,Fujian,East,2017-12-01,headline,100.1
35,Fujian,East,2017-11-01,headline,99.9
35,Fujian,East,2017-10-01,headline,100
35,Fujian,East,2017-09-01,headline,100.4
35,Fujian,East,2017-08-01,headline,100.1
35,Fujian,East,2017-07-01,headline,100.1
35,Fujian,East,2017-06-01,headline,100
35,Fujian,East,2017-05-01,headline,100.2
35,Fujian,East,2017-04-01,headline,100.2
35,Fujian,East,2017-03-01,headline,99.9
35,Fujian,East,2017-02-01,headline,99.8
35,Fujian,East,2017-01-01,headline,100.8
35,Fujian,East,2016-12-01,headline,100
35,Fujian,East,2016-11-01,headline,99.8
35,Fujian,East,2016-10-01,headline,99.9
35,Fujian,East,2016-09-01,headline,100.9
35,Fujian,East,2016-08-01,headline,99.9
35,Fujian,East,2016-07-01,headline,100.1
35,Fujian,East,2016-06-01,headline,100
35,Fujian,East,2016-05-01,headline,99.6
35,Fujian,East,2016-04-01,headline,100
35,Fujian,East,2016-03-01,headline,99.1
35,Fujian,East,2016-02-01,headline,102.2
35,Fujian,East,2016-01-01,headline,100.5
62,Gansu,West,2020-12-01,headline,100.7
62,Gansu,West,2020-11-01,headline,100
62,Gansu,West,2020-10-01,headline,99.7
62,Gansu,West,2020-09-01,headline,100.3
62,Gansu,West,2020-08-01,headline,100.4
62,Gansu,West,2020-07-01,headline,100.3
62,Gansu,West,2020-06-01,headline,99.9
62,Gansu,West,2020-05-01,headline,99.5
62,Gansu,West,2020-04-01,headline,99.4
62,Gansu,West,2020-03-01,headline,99.3
62,Gansu,West,2020-02-01,headline,100.7
62,Gansu,West,2020-01-01,headline,100.8
62,Gansu,West,2019-12-01,headline,100.2
62,Gansu,West,2019-11-01,headline,100.8
62,Gansu,West,2019-10-01,headline,100.8
62,Gansu,West,2019-09-01,headline,100.5
62,Gansu,West,2019-08-01,headline,100
62,Gansu,West,2019-07-01,headline,99.9
62,Gansu,West,2019-06-01,headline,99.8
62,Gansu,West,2019-05-01,headline,100.2
62,Gansu,West,2019-04-01,headline,99.8
62,Gansu,West,2019-03-01,headline,100.1
62,Gansu,West,2019-02-01,headline,100.7
62,Gansu,West,2019-01-01,headline,100.4
62,Gansu,West,2018-12-01,headline,100.3
62,Gansu,West,2018-11-01,headline,99.9
62,Gansu,West,2018-10-01,headline,100.3
62,Gansu,West,2018-09-01,headline,100.6
62,Gansu,West,2018-08-01,headline,100.3
62,Gansu,West,2018-07-01,headline,99.9
62,Gansu,West,2018-06-01,headline,100.1
62,Gansu,West,2018-05-01,headline,99.8
62,Gansu,West,2018-04-01,headline,99.7
62,Gansu,West,2018-03-01,headline,99.6
62,Gansu,West,2018-02-01,headline,100.5
62,Gansu,West,2018-01-01,headline,100.5
62,Gansu,West,2017-12-01,headline,100.3
62,Gansu,West,2017-11-01,headline,100.4
62,Gansu,West,2017-10-01,headline,100.2
62,Gansu,West,2017-09-01,headline,100.8
62,Gansu,West,2017-08-01,headline,100.3
62,Gansu,West,2017-07-01,headline,99.9
62,Gansu,West,2017-06-01,headline,100.1
62,Gansu,West,2017-05-01,headline,99.8
62,Gansu,West,2017-04-01,headline,100.1
62,Gansu,West,2017-03-01,headline,99.7
62,Gansu,West,2017-02-01,headline,99.9
62,Gansu,West,2017-01-01,headline,100.7
62,Gansu,West,2016-12-01,headline,100.5
62,Gansu,West,2016-11-01,headline,100.2
62,Gansu,West,2016-10-01,headline,100.2
62,Gansu,West,2016-09-01,headline,100.5
62,Gansu,West,2016-08-01,headline,99.9
62,Gansu,West,2016-07-01,headline,99.8
62,Gansu,West,2016-06-01,headline,99.5
62,Gansu,West,2016-05-01,headline,99.4
62,Gansu,West,2016-04-01,headline,99.9
62,Gansu,West,2016-03-01,headline,99.8
62,Gansu,West,2016-02-01,headline,101.3
62,Gansu,West,2016-01-01,headline,100.4
44,Guangdong,South,2020-12-01,headline,100.4
44,Guangdong,South,2020-11-01,headline,99.1
44,Guangdong,South,2020-10-01,headline,100
44,Guangdong,South,2020-09-01,headline,99.9
44,Guangdong,South,2020-08-01,headline,100.4
44,Guangdong,South,2020-07-01,headline,100.5
44,Guangdong,South,2020-06-01,headline,99.9
44,Guangdong,South,2020-05-01,headline,99.1
44,Guangdong,South,2020-04-01,headline,99.3
44,Guangdong,South,2020-03-01,headline,98.2
44,Guangdong,South,2020-02-01,headline,100.7
44,Guangdong,South,2020-01-01,headline,102.2
44,Guangdong,South,2019-12-01,headline,99.7
44,Guangdong,South,2019-11-01,headline,100.2
44,Guangdong,South,2019-10-01,headline,101
44,Guangdong,South,2019-09-01,headline,101.1
44,Guangdong,South,2019-08-01,headline,100.7
44,Guangdong,South,2019-07-01,headline,100.6
44,Guangdong,South,2019-06-01,headline,100.3
44,Guangdong,South,2019-05-01,headline,100.2
44,Guangdong,South,2019-04-01,headline,100
44,Guangdong,South,2019-03-01,headline,99.2
44,Guangdong,South,2019-02-01,headline,101.2
44,Guangdong,South,2019-01-01,headline,100.7
44,Guangdong,South,2018-12-01,headline,100
44,Guangdong,South,2018-11-01,headline,99.5
44,Guangdong,South,2018-10-01,headline,100.1
44,Guangdong,South,2018-09-01,headline,100.9
44,Guangdong,South,2018-08-01,headline,100.5
44,Guangdong,South,2018-07-01,headline,100.6
44,Guangdong,South,2018-06-01,headline,100.1
44,Guangdong,South,2018-05-01,headline,99.9
44,Guangdong,South,2018-04-01,headline,99.8
44,Guangdong,South,2018-03-01,headline,98.5
44,Guangdong,South,2018-02-01,headline,101.9
44,Guangdong,South,2018-01-01,headline,100.4
44,Guangdong,South,2017-12-01,headline,100.2
44,Guangdong,South,2017-11-01,headline,99.8
44,Guangdong,South,2017-10-01,headline,100.1
44,Guangdong,South,2017-09-01,headline,100.4
44,Guangdong,South,2017-08-01,headline,100
44,Guangdong,South,2017-07-01,headline,100.5
44,Guangdong,South,2017-06-01,headline,100
44,Guangdong,South,2017-05-01,headline,100
44,Guangdong,South,2017-04-01,headline,100.2
44,Guangdong,South,2017-03-01,headline,99.6
44,Guangdong,South,2017-02-01,headline,99.7
44,Guangdong,South,2017-01-01,headline,101.2
44,Guangdong,South,2016-12-01,headline,99.9
44,Guangdong,South,2016-11-01,headline,100.2
44,Guangdong,South,2016-10-01,headline,99.8
44,Guangdong,South,2016-09-01,headline,100.6
44,Guangdong,South,2016-08-01,headline,100
44,Guangdong,South,2016-07-01,headline,100.3
44,Guangdong,South,2016-06-01,headline,100
44,Guangdong,South,2016-05-01,headline,99.5
44,Guangdong,South,2016-04-01,headline,100.2
44,Guangdong,South,2016-03-01,headline,98.9
44,Guangdong,South,2016-02-01,headline,102.5
44,Guangdong,South,2016-01-01,headline,100.5
45,Guangxi,South,2020-12-01,headline,100.6
45,Guangxi,South,2020-11-01,headline,99.3
45,Guangxi,South,2020-10-01,headline,100
45,Guangxi,South,2020-09-01,headline,100.2
45,Guangxi,South,2020-08-01,headline,100.2
45,Guangxi,South,2020-07-01,headline,100.7
45,Guangxi,South,2020-06-01,headline,99.8
45,Guangxi,South,2020-05-01,headline,99.2
45,Guangxi,South,2020-04-01,headline,99.7
45,Guangxi,South,2020-03-01,headline,98.6
45,Guangxi,South,2020-02-01,headline,101
45,Guangxi,South,2020-01-01,headline,100.9
45,Guangxi,South,2019-12-01,headline,99.8
45,Guangxi,South,2019-11-01,headline,100.3
45,Guangxi,South,2019-10-01,headline,100.7
45,Guangxi,South,2019-09-01,headline,100.3
45,Guangxi,South,2019-08-01,headline,101.8
45,Guangxi,South,2019-07-01,headline,101.2
45,Guangxi,South,2019-06-01,headline,99.9
45,Guangxi,South,2019-05-01,headline,100.3
45,Guangxi,South,2019-04-01,headline,100.2
45,Guangxi,South,2019-03-01,headline,99.7
45,Guangxi,South,2019-02-01,headline,100.7
45,Guangxi,South,2019-01-01,headline,100.3
45,Guangxi,South,2018-12-01,headline,100
45,Guangxi,South,2018-11-01,headline,99.6
45,Guangxi,South,2018-10-01,headline,100.5
45,Guangxi,South,2018-09-01,headline,100.9
45,Guangxi,South,2018-08-01,headline,100.6
45,Guangxi,South,2018-07-01,headline,100.2
45,Guangxi,South,2018-06-01,headline,99.9
45,Guangxi,South,2018-05-01,headline,99.9
45,Guangxi,South,2018-04-01,headline,100
45,Guangxi,South,2018-03-01,headline,99
45,Guangxi,South,2018-02-01,headline,101.4
45,Guangxi,South,2018-01-01,headline,100.2
45,Guangxi,South,2017-12-01,headline,100.3
45,Guangxi,South,2017-11-01,headline,100.1
45,Guangxi,South,2017-10-01,headline,100.1
45,Guangxi,South,2017-09-01,headline,100.6
45,Guangxi,South,2017-08-01,headline,100.1
45,Guangxi,South,2017-07-01,headline,100.2
45,Guangxi,South,2017-06-01,headline,99.9
45,Guangxi,South,2017-05-01,headline,100.3
45,Guangxi,South,2017-04-01,headline,100.3
45,Guangxi,South,2017-03-01,headline,99.8
45,Guangxi,South,2017-02-01,headline,99.9
45,Guangxi,South,2017-01-01,headline,100.9
45,Guangxi,South,2016-12-01,headline,100.1
45,Guangxi,South,2016-11-01,headline,100.3
45,Guangxi,South,2016-10-01,headline,99.7
45,Guangxi,South,2016-09-01,headline,100.5
45,Guangxi,South,2016-08-01,headline,99.9
45,Guangxi,South,2016-07-01,headline,100
45,Guangxi,South,2016-06-01,headline,99.8
45,Guangxi,South,2016-05-01,headline,99.6
45,Guangxi,South,2016-04-01,headline,100.3
45,Guangxi,South,2016-03-01,headline,99.5
45,Guangxi,South,2016-02-01,headline,101.4
45,Guangxi,South,2016-01-01,headline,100.1
52,Guizhou,West,2020-12-01,headline,100.6
52,Guizhou,West,2020-11-01,headline,98.9
52,Guizhou,West,2020-10-01,headline,99.8
52,Guizhou,West,2020-09-01,headline,100.2
52,Guizhou,West,2020-08-01,headline,100.7
52,Guizhou,West,2020-07-01,headline,100.7
52,Guizhou,West,2020-06-01,headline,99.4
52,Guizhou,West,2020-05-01,headline,99.1
52,Guizhou,West,2020-04-01,headline,99.3
52,Guizhou,West,2020-03-01,headline,98.6
52,Guizhou,West,2020-02-01,headline,101
52,Guizhou,West,2020-01-01,headline,101.5
52,Guizhou,West,2019-12-01,headline,100.1
52,Guizhou,West,2019-11-01,headline,100.6
52,Guizhou,West,2019-10-01,headline,101.2
52,Guizhou,West,2019-09-01,headline,101
52,Guizhou,West,2019-08-01,headline,100.4
52,Guizhou,West,2019-07-01,headline,100.3
52,Guizhou,West,2019-06-01,headline,99.7
52,Guizhou,West,2019-05-01,headline,100.1
52,Guizhou,West,2019-04-01,headline,100
52,Guizhou,West,2019-03-01,headline,99.2
52,Guizhou,West,2019-02-01,headline,100.9
52,Guizhou,West,2019-01-01,headline,100.6
52,Guizhou,West,2018-12-01,headline,99.9
52,Guizhou,West,2018-11-01,headline,99.7
52,Guizhou,West,2018-10-01,headline,100.6
52,Guizhou,West,2018-09-01,headline,100.3
52,Guizhou,West,2018-08-01,headline,100.5
52,Guizhou,West,2018-07-01,headline,100.4
52,Guizhou,West,2018-06-01,headline,99.9
52,Guizhou,West,2018-05-01,headline,99.9
52,Guizhou,West,2018-04-01,headline,99.9
52,Guizhou,West,2018-03-01,headline,98.6
52,Guizhou,West,2018-02-01,headline,101.5
52,Guizhou,West,2018-01-01,headline,100.5
52,Guizhou,West,2017-12-01,headline,100.2
52,Guizhou,West,2017-11-01,headline,100.1
52,Guizhou,West,2017-10-01,headline,100
52,Guizhou,West,2017-09-01,headline,100.5
52,Guizhou,West,2017-08-01,headline,100
52,Guizhou,West,2017-07-01,headline,100.1
52,Guizhou,West,2017-06-01,headline,99.9
52,Guizhou,West,2017-05-01,headline,100
52,Guizhou,West,2017-04-01,headline,100.1
52,Guizhou,West,2017-03-01,headline,99.6
52,Guizhou,West,2017-02-01,headline,99.9
52,Guizhou,West,2017-01-01,headline,100.7
52,Guizhou,West,2016-12-01,headline,100.1
52,Guizhou,West,2016-11-01,headline,100
52,Guizhou,West,2016-10-01,headline,100
52,Guizhou,West,2016-09-01,headline,100.6
52,Guizhou,West,2016-08-01,headline,100.2
52,Guizhou,West,2016-07-01,headline,100
52,Guizhou,West,2016-06-01,headline,99.9
52,Guizhou,West,2016-05-01,headline,99.6
52,Guizhou,West,2016-04-01,headline,100
52,Guizhou,West,2016-03-01,headline,99.6
52,Guizhou,West,2016-02-01,headline,101.2
52,Guizhou,West,2016-01-01,headline,100.4
46,Hainan,South,2020-12-01,headline,100.4
46,Hainan,South,2020-11-01,headline,99.6
46,Hainan,South,2020-10-01,headline,100.5
46,Hainan,South,2020-09-01,headline,99.9
46,Hainan,South,2020-08-01,headline,100.2
46,Hainan,South,2020-07-01,headline,100.1
46,Hainan,South,2020-06-01,headline,99.8
46,Hainan,South,2020-05-01,headline,99.2
46,Hainan,South,2020-04-01,headline,99.3
46,Hainan,South,2020-03-01,headline,98.1
46,Hainan,South,2020-02-01,headline,100.7
46,Hainan,South,2020-01-01,headline,100.7
46,Hainan,South,2019-12-01,headline,100.1
46,Hainan,South,2019-11-01,headline,102.2
46,Hainan,South,2019-10-01,headline,100.3
46,Hainan,South,2019-09-01,headline,100.4
46,Hainan,South,2019-08-01,headline,101.3
46,Hainan,South,2019-07-01,headline,100.6
46,Hainan,South,2019-06-01,headline,100
46,Hainan,South,2019-05-01,headline,100.9
46,Hainan,South,2019-04-01,headline,99.9
46,Hainan,South,2019-03-01,headline,98.7
46,Hainan,South,2019-02-01,headline,101.1
46,Hainan,South,2019-01-01,headline,100.9
46,Hainan,South,2018-12-01,headline,100.4
46,Hainan,South,2018-11-01,headline,99.6
46,Hainan,South,2018-10-01,headline,100.3
46,Hainan,South,2018-09-01,headline,100.2
46,Hainan,South,2018-08-01,headline,100.9
46,Hainan,South,2018-07-01,headline,100.1
46,Hainan,South,2018-06-01,headline,100.2
46,Hainan,South,2018-05-01,headline,99.9
46,Hainan,South,2018-04-01,headline,99.3
46,Hainan,South,2018-03-01,headline,98.3
46,Hainan,South,2018-02-01,headline,102.1
46,Hainan,South,2018-01-01,headline,100.4
46,Hainan,South,2017-12-01,headline,100.5
46,Hainan,South,2017-11-01,headline,100.2
46,Hainan,South,2017-10-01,headline,100.6
46,Hainan,South,2017-09-01,headline,100.4
46,Hainan,South,2017-08-01,headline,100.3
46,Hainan,South,2017-07-01,headline,100.3
46,Hainan,South,2017-06-01,headline,99.6
46,Hainan,South,2017-05-01,headline,100.4
46,Hainan,South,2017-04-01,headline,100.2
46,Hainan,South,2017-03-01,headline,98.9
46,Hainan,South,2017-02-01,headline,100.2
46,Hainan,South,2017-01-01,headline,101.4
46,Hainan,South,2016-12-01,headline,100.5
46,Hainan,South,2016-11-01,headline,100.3
46,Hainan,South,2016-10-01,headline,100.3
46,Hainan,South,2016-09-01,headline,100.6
46,Hainan,South,2016-08-01,headline,100.3
46,Hainan,South,2016-07-01,headline,100.2
46,Hainan,South,2016-06-01,headline,100.1
46,Hainan,South,2016-05-01,headline,99.9
46,Hainan,South,2016-04-01,headline,99.5
46,Hainan,South,2016-03-01,headline,98.3
46,Hainan,South,2016-02-01,headline,102.7
46,Hainan,South,2016-01-01,headline,101
13,Hebei,North,2020-12-01,headline,101
13,Hebei,North,2020-11-01,headline,99.6
13,Hebei,North,2020-10-01,headline,99.6
13,Hebei,North,2020-09-01,headline,100.3
13,Hebei,North,2020-08-01,headline,100.4
13,Hebei,North,2020-07-01,headline,100.4
13,Hebei,North,2020-06-01,headline,100.1
13,Hebei,North,2020-05-01,headline,99.1
13,Hebei,North,2020-04-01,headline,98.8
13,Hebei,North,2020-03-01,headline,98.9
13,Hebei,North,2020-02-01,headline,100.5
13,Hebei,North,2020-01-01,headline,101.3
13,Hebei,North,2019-12-01,headline,100.3
13,Hebei,North,2019-11-01,headline,100.7
13,Hebei,North,2019-10-01,headline,101.2
13,Hebei,North,2019-09-01,headline,101
13,Hebei,North,2019-08-01,headline,100.2
13,Hebei,North,2019-07-01,headline,100.2
13,Hebei,North,2019-06-01,headline,99.7
13,Hebei,North,2019-05-01,headline,99.9
13,Hebei,North,2019-04-01,headline,99.9
13,Hebei,North,2019-03-01,headline,99.8
13,Hebei,North,2019-02-01,headline,100.9
13,Hebei,North,2019-01-01,headline,100.6
13,Hebei,North,2018-12-01,headline,100.2
13,Hebei,North,2018-11-01,headline,99.9
13,Hebei,North,2018-10-01,headline,100
13,Hebei,North,2018-09-01,headline,100.9
13,Hebei,North,2018-08-01,headline,100.8
13,Hebei,North,2018-07-01,headline,100.4
13,Hebei,North,2018-06-01,headline,99.8
13,Hebei,North,2018-05-01,headline,99.6
13,Hebei,North,2018-04-01,headline,99.5
13,Hebei,North,2018-03-01,headline,99
13,Hebei,North,2018-02-01,headline,101.2
13,Hebei,North,2018-01-01,headline,100.7
13,Hebei,North,2017-12-01,headline,100.5
13,Hebei,North,2017-11-01,headline,100.3
13,Hebei,North,2017-10-01,headline,100.3
13,Hebei,North,2017-09-01,headline,100.8
13,Hebei,North,2017-08-01,headline,100.4
13,Hebei,North,2017-07-01,headline,100
13,Hebei,North,2017-06-01,headline,99.8
13,Hebei,North,2017-05-01,headline,99.7
13,Hebei,North,2017-04-01,headline,99.8
13,Hebei,North,2017-03-01,headline,99.6
13,Hebei,North,2017-02-01,headline,99.6
13,Hebei,North,2017-01-01,headline,101.2
13,Hebei,North,2016-12-01,headline,100.9
13,Hebei,North,2016-11-01,headline,100.3
13,Hebei,North,2016-10-01,headline,99.8
13,Hebei,North,2016-09-01,headline,100.8
13,Hebei,North,2016-08-01,headline,100.2
13,Hebei,North,2016-07-01,headline,100.1
13,Hebei,North,2016-06-01,headline,99.7
13,Hebei,North,2016-05-01,headline,99.2
13,Hebei,North,2016-04-01,headline,99.4
13,Hebei,North,2016-03-01,headline,99.6
13,Hebei,North,2016-02-01,headline,101.2
13,Hebei,North,2016-01-01,headline,100.8
23,Heilongjiang,Northeast,2020-12-01,headline,101.1
23,Heilongjiang,Northeast,2020-11-01,headline,99.9
23,Heilongjiang,Northeast,2020-10-01,headline,99.7
23,Heilongjiang,Northeast,2020-09-01,headline,100.6
23,Heilongjiang,Northeast,2020-08-01,headline,100.3
23,Heilongjiang,Northeast,2020-07-01,headline,100.3
23,Heilongjiang,Northeast,2020-06-01,headline,99.7
23,Heilongjiang,Northeast,2020-05-01,headline,98.7
23,Heilongjiang,Northeast,2020-04-01,headline,98.8
23,Heilongjiang,Northeast,2020-03-01,headline,99.1
23,Heilongjiang,Northeast,2020-02-01,headline,100.8
23,Heilongjiang,Northeast,2020-01-01,headline,101.6
23,Heilongjiang,Northeast,2019-12-01,headline,100
23,Heilongjiang,Northeast,2019-11-01,headline,100.7
23,Heilongjiang,Northeast,2019-10-01,headline,101.1
23,Heilongjiang,Northeast,2019-09-01,headline,100.7
23,Heilongjiang,Northeast,2019-08-01,headline,100.5
23,Heilongjiang,Northeast,2019-07-01,headline,100.3
23,Heilongjiang,Northeast,2019-06-01,headline,100
23,Heilongjiang,Northeast,2019-05-01,headline,99.7
23,Heilongjiang,Northeast,2019-04-01,headline,99.9
23,Heilongjiang,Northeast,2019-03-01,headline,99.6
23,Heilongjiang,Northeast,2019-02-01,headline,101.1
23,Heilongjiang,Northeast,2019-01-01,headline,100.5
23,Heilongjiang,Northeast,2018-12-01,headline,100.2
23,Heilongjiang,Northeast,2018-11-01,headline,100.2
23,Heilongjiang,Northeast,2018-10-01,headline,100.2
23,Heilongjiang,Northeast,2018-09-01,headline,100.6
23,Heilongjiang,Northeast,2018-08-01,headline,100.6
23,Heilongjiang,Northeast,2018-07-01,headline,100
23,Heilongjiang,Northeast,2018-06-01,headline,99.8
23,Heilongjiang,Northeast,2018-05-01,headline,99.7
23,Heilongjiang,Northeast,2018-04-01,headline,99.2
23,Heilongjiang,Northeast,2018-03-01,headline,99
23,Heilongjiang,Northeast,2018-02-01,headline,100.9
23,Heilongjiang,Northeast,2018-01-01,headline,100.7
23,Heilongjiang,Northeast,2017-12-01,headline,100.6
23,Heilongjiang,Northeast,2017-11-01,headline,100.6
23,Heilongjiang,Northeast,2017-10-01,headline,100
23,Heilongjiang,Northeast,2017-09-01,headline,100.5
23,Heilongjiang,Northeast,2017-08-01,headline,101.3
23,Heilongjiang,Northeast,2017-07-01,headline,99.8
23,Heilongjiang,Northeast,2017-06-01,headline,99.6
23,Heilongjiang,Northeast,2017-05-01,headline,99.8
23,Heilongjiang,Northeast,2017-04-01,headline,99.7
23,Heilongjiang,Northeast,2017-03-01,headline,99.5
23,Heilongjiang,Northeast,2017-02-01,headline,99.8
23,Heilongjiang,Northeast,2017-01-01,headline,101.1
23,Heilongjiang,Northeast,2016-12-01,headline,100.6
23,Heilongjiang,Northeast,2016-11-01,headline,100.7
23,Heilongjiang,Northeast,2016-10-01,headline,99.9
23,Heilongjiang,Northeast,2016-09-01,headline,100.8
23,Heilongjiang,Northeast,2016-08-01,headline,99.7
23,Heilongjiang,Northeast,2016-07-01,headline,99.5
23,Heilongjiang,Northeast,2016-06-01,headline,99.6
23,Heilongjiang,Northeast,2016-05-01,headline,99.5
23,Heilongjiang,Northeast,2016-04-01,headline,99.6
23,Heilongjiang,Northeast,2016-03-01,headline,99.9
23,Heilongjiang,Northeast,2016-02-01,headline,101.1
23,Heilongjiang,Northeast,2016-01-01,headline,100.7
41,Henan,Central,2020-12-01,headline,101
41,Henan,Central,2020-11-01,headline,99.3
41,Henan,Central,2020-10-01,headline,99.7
41,Henan,Central,2020-09-01,headline,100.8
41,Henan,Central,2020-08-01,headline,100.6
41,Henan,Central,2020-07-01,headline,100.6
41,Henan,Central,2020-06-01,headline,99.9
41,Henan,Central,2020-05-01,headline,98.7
41,Henan,Central,2020-04-01,headline,98.9
41,Henan,Central,2020-03-01,headline,98.9
41,Henan,Central,2020-02-01,headline,100.9
41,Henan,Central,2020-01-01,headline,101.6
41,Henan,Central,2019-12-01,headline,99.8
41,Henan,Central,2019-11-01,headline,100.5
41,Henan,Central,2019-10-01,headline,101
41,Henan,Central,2019-09-01,headline,101.2
41,Henan,Central,2019-08-01,headline,100.7
41,Henan,Central,2019-07-01,headline,100.3
41,Henan,Central,2019-06-01,headline,99.7
41,Henan,Central,2019-05-01,headline,99.8
41,Henan,Central,2019-04-01,headline,100.2
41,Henan,Central,2019-03-01,headline,100
41,Henan,Central,2019-02-01,headline,100.8
41,Henan,Central,2019-01-01,headline,100.5
41,Henan,Central,2018-12-01,headline,100.2
41,Henan,Central,2018-11-01,headline,99.8
41,Henan,Central,2018-10-01,headline,100.1
41,Henan,Central,2018-09-01,headline,101
41,Henan,Central,2018-08-01,headline,100.8
41,Henan,Central,2018-07-01,headline,99.9
41,Henan,Central,2018-06-01,headline,99.9
41,Henan,Central,2018-05-01,headline,99.7
41,Henan,Central,2018-04-01,headline,99.7
41,Henan,Central,2018-03-01,headline,98.9
41,Henan,Central,2018-02-01,headline,100.7
41,Henan,Central,2018-01-01,headline,100.8
41,Henan,Central,2017-12-01,headline,100.6
41,Henan,Central,2017-11-01,headline,100.1
41,Henan,Central,2017-10-01,headline,100.1
41,Henan,Central,2017-09-01,headline,101
41,Henan,Central,2017-08-01,headline,100.9
41,Henan,Central,2017-07-01,headline,100
41,Henan,Central,2017-06-01,headline,99.8
41,Henan,Central,2017-05-01,headline,99.5
41,Henan,Central,2017-04-01,headline,99.9
41,Henan,Central,2017-03-01,headline,99.5
41,Henan,Central,2017-02-01,headline,99.6
41,Henan,Central,2017-01-01,headline,101.1
41,Henan,Central,2016-12-01,headline,100.4
41,Henan,Central,2016-11-01,headline,100.1
41,Henan,Central,2016-10-01,headline,99.8
41,Henan,Central,2016-09-01,headline,100.7
41,Henan,Central,2016-08-01,headline,100.4
41,Henan,Central,2016-07-01,headline,100
41,Henan,Central,2016-06-01,headline,99.6
41,Henan,Central,2016-05-01,headline,99.3
41,Henan,Central,2016-04-01,headline,99.6
41,Henan,Central,2016-03-01,headline,99.7
41,Henan,Central,2016-02-01,headline,101.5
41,Henan,Central,2016-01-01,headline,100.8
42,Hubei,Central,2020-12-01,headline,100.8
42,Hubei,Central,2020-11-01,headline,99.1
42,Hubei,Central,2020-10-01,headline,99.6
42,Hubei,Central,2020-09-01,headline,100
42,Hubei,Central,2020-08-01,headline,100.2
42,Hubei,Central,2020-07-01,headline,101.1
42,Hubei,Central,2020-06-01,headline,99.7
42,Hubei,Central,2020-05-01,headline,98.3
42,Hubei,Central,2020-04-01,headline,98.2
42,Hubei,Central,2020-03-01,headline,99.2
42,Hubei,Central,2020-02-01,headline,102.3
42,Hubei,Central,2020-01-01,headline,101.5
42,Hubei,Central,2019-12-01,headline,99.9
42,Hubei,Central,2019-11-01,headline,100.1
42,Hubei,Central,2019-10-01,headline,101
42,Hubei,Central,2019-09-01,headline,101.3
42,Hubei,Central,2019-08-01,headline,100.7
42,Hubei,Central,2019-07-01,headline,100.1
42,Hubei,Central,2019-06-01,headline,99.8
42,Hubei,Central,2019-05-01,headline,100.2
42,Hubei,Central,2019-04-01,headline,100.1
42,Hubei,Central,2019-03-01,headline,99.3
42,Hubei,Central,2019-02-01,headline,101.4
42,Hubei,Central,2019-01-01,headline,100.6
42,Hubei,Central,2018-12-01,headline,99.9
42,Hubei,Central,2018-11-01,headline,99.5
42,Hubei,Central,2018-10-01,headline,100.3
42,Hubei,Central,2018-09-01,headline,101
42,Hubei,Central,2018-08-01,headline,100.5
42,Hubei,Central,2018-07-01,headline,100.2
42,Hubei,Central,2018-06-01,headline,99.9
42,Hubei,Central,2018-05-01,headline,99.8
42,Hubei,Central,2018-04-01,headline,99.7
42,Hubei,Central,2018-03-01,headline,98.6
42,Hubei,Central,2018-02-01,headline,101.7
42,Hubei,Central,2018-01-01,headline,100.9
42,Hubei,Central,2017-12-01,headline,100.1
42,Hubei,Central,2017-11-01,headline,99.8
42,Hubei,Central,2017-10-01,headline,100.3
42,Hubei,Central,2017-09-01,headline,100.3
42,Hubei,Central,2017-08-01,headline,100.6
42,Hubei,Central,2017-07-01,headline,99.9
42,Hubei,Central,2017-06-01,headline,99.8
42,Hubei,Central,2017-05-01,headline,99.8
42,Hubei,Central,2017-04-01,headline,100.1
42,Hubei,Central,2017-03-01,headline,99.5
42,Hubei,Central,2017-02-01,headline,100.1
42,Hubei,Central,2017-01-01,headline,101.4
42,Hubei,Central,2016-12-01,headline,100
42,Hubei,Central,2016-11-01,headline,100
42,Hubei,Central,2016-10-01,headline,99.8
42,Hubei,Central,2016-09-01,headline,100.7
42,Hubei,Central,2016-08-01,headline,99.9
42,Hubei,Central,2016-07-01,headline,100.2
42,Hubei,Central,2016-06-01,headline,99.8
42,Hubei,Central,2016-05-01,headline,99.7
42,Hubei,Central,2016-04-01,headline,100
42,Hubei,Central,2016-03-01,headline,99.6
42,Hubei,Central,2016-02-01,headline,101.9
42,Hubei,Central,2016-01-01,headline,100.4
43,Hunan,Central,2020-12-01,headline,100.7
43,Hunan,Central,2020-11-01,headline,99
43,Hunan,Central,2020-10-01,headline,99.5
43,Hunan,Central,2020-09-01,headline,100
43,Hunan,Central,2020-08-01,headline,100.4
43,Hunan,Central,2020-07-01,headline,101.2
43,Hunan,Central,2020-06-01,headline,100.1
43,Hunan,Central,2020-05-01,headline,99.2
43,Hunan,Central,2020-04-01,headline,99.4
43,Hunan,Central,2020-03-01,headline,98.8
43,Hunan,Central,2020-02-01,headline,100.9
43,Hunan,Central,2020-01-01,headline,100.8
43,Hunan,Central,2019-12-01,headline,99.6
43,Hunan,Central,2019-11-01,headline,100.2
43,Hunan,Central,2019-10-01,headline,100.8
43,Hunan,Central,2019-09-01,headline,100.8
43,Hunan,Central,2019-08-01,headline,101.6
43,Hunan,Central,2019-07-01,headline,100.3
43,Hunan,Central,2019-06-01,headline,99.6
43,Hunan,Central,2019-05-01,headline,100.2
43,Hunan,Central,2019-04-01,headline,100.3
43,Hunan,Central,2019-03-01,headline,99.7
43,Hunan,Central,2019-02-01,headline,100.8
43,Hunan,Central,2019-01-01,headline,100.2
43,Hunan,Central,2018-12-01,headline,99.7
43,Hunan,Central,2018-11-01,headline,99.7
43,Hunan,Central,2018-10-01,headline,100.5
43,Hunan,Central,2018-09-01,headline,100.8
43,Hunan,Central,2018-08-01,headline,100.7
43,Hunan,Central,2018-07-01,headline,100.4
43,Hunan,Central,2018-06-01,headline,99.9
43,Hunan,Central,2018-05-01,headline,99.9
43,Hunan,Central,2018-04-01,headline,99.9
43,Hunan,Central,2018-03-01,headline,99.1
43,Hunan,Central,2018-02-01,headline,101
43,Hunan,Central,2018-01-01,headline,100.5
43,Hunan,Central,2017-12-01,headline,100.4
43,Hunan,Central,2017-11-01,headline,99.8
43,Hunan,Central,2017-10-01,headline,100.1
43,Hunan,Central,2017-09-01,headline,100.4
43,Hunan,Central,2017-08-01,headline,100.3
43,Hunan,Central,2017-07-01,headline,100.3
43,Hunan,Central,2017-06-01,headline,99.8
43,Hunan,Central,2017-05-01,headline,100
43,Hunan,Central,2017-04-01,headline,100.1
43,Hunan,Central,2017-03-01,headline,99.7
43,Hunan,Central,2017-02-01,headline,99.9
43,Hunan,Central,2017-01-01,headline,100.7
43,Hunan,Central,2016-12-01,headline,100
43,Hunan,Central,2016-11-01,headline,100.2
43,Hunan,Central,2016-10-01,headline,100.2
43,Hunan,Central,2016-09-01,headline,100.5
43,Hunan,Central,2016-08-01,headline,100.1
43,Hunan,Central,2016-07-01,headline,100.2
43,Hunan,Central,2016-06-01,headline,99.8
43,Hunan,Central,2016-05-01,headline,99.5
43,Hunan,Central,2016-04-01,headline,100.1
43,Hunan,Central,2016-03-01,headline,99.9
43,Hunan,Central,2016-02-01,headline,101.4
43,Hunan,Central,2016-01-01,headline,100.2
15,Inner Mongolia,North,2020-12-01,headline,100.8
15,Inner Mongolia,North,2020-11-01,headline,99.8
15,Inner Mongolia,North,2020-10-01,headline,99.7
15,Inner Mongolia,North,2020-09-01,headline,100.4
15,Inner Mongolia,North,2020-08-01,headline,100.4
15,Inner Mongolia,North,2020-07-01,headline,100.4
15,Inner Mongolia,North,2020-06-01,headline,99.8
15,Inner Mongolia,North,2020-05-01,headline,99.2
15,Inner Mongolia,North,2020-04-01,headline,99
15,Inner Mongolia,North,2020-03-01,headline,99.2
15,Inner Mongolia,North,2020-02-01,headline,100.4
15,Inner Mongolia,North,2020-01-01,headline,101.2
15,Inner Mongolia,North,2019-12-01,headline,100.4
15,Inner Mongolia,North,2019-11-01,headline,100.5
15,Inner Mongolia,North,2019-10-01,headline,100.8
15,Inner Mongolia,North,2019-09-01,headline,100.5
15,Inner Mongolia,North,2019-08-01,headline,100.3
15,Inner Mongolia,North,2019-07-01,headline,100.3
15,Inner Mongolia,North,2019-06-01,headline,99.9
15,Inner Mongolia,North,2019-05-01,headline,99.8
15,Inner Mongolia,North,2019-04-01,headline,99.9
15,Inner Mongolia,North,2019-03-01,headline,99.8
15,Inner Mongolia,North,2019-02-01,headline,100.9
15,Inner Mongolia,North,2019-01-01,headline,100.5
15,Inner Mongolia,North,2018-12-01,headline,100.1
15,Inner Mongolia,North,2018-11-01,headline,99.9
15,Inner Mongolia,North,2018-10-01,headline,100.2
15,Inner Mongolia,North,2018-09-01,headline,100.6
15,Inner Mongolia,North,2018-08-01,headline,100.7
15,Inner Mongolia,North,2018-07-01,headline,99.9
15,Inner Mongolia,North,2018-06-01,headline,99.9
15,Inner Mongolia,North,2018-05-01,headline,99.8
15,Inner Mongolia,North,2018-04-01,headline,99.6
15,Inner Mongolia,North,2018-03-01,headline,99.2
15,Inner Mongolia,North,2018-02-01,headline,101
15,Inner Mongolia,North,2018-01-01,headline,100.6
15,Inner Mongolia,North,2017-12-01,headline,100.4
15,Inner Mongolia,North,2017-11-01,headline,100.3
15,Inner Mongolia,North,2017-10-01,headline,100.1
15,Inner Mongolia,North,2017-09-01,headline,100.2
15,Inner Mongolia,North,2017-08-01,headline,100.3
15,Inner Mongolia,North,2017-07-01,headline,99.9
15,Inner Mongolia,North,2017-06-01,headline,100
15,Inner Mongolia,North,2017-05-01,headline,99.9
15,Inner Mongolia,North,2017-04-01,headline,100
15,Inner Mongolia,North,2017-03-01,headline,99.7
15,Inner Mongolia,North,2017-02-01,headline,99.9
15,Inner Mongolia,North,2017-01-01,headline,101.1
15,Inner Mongolia,North,2016-12-01,headline,100.7
15,Inner Mongolia,North,2016-11-01,headline,100.4
15,Inner Mongolia,North,2016-10-01,headline,99.8
15,Inner Mongolia,North,2016-09-01,headline,100.6
15,Inner Mongolia,North,2016-08-01,headline,99.9
15,Inner Mongolia,North,2016-07-01,headline,99.8
15,Inner Mongolia,North,2016-06-01,headline,99.7
15,Inner Mongolia,North,2016-05-01,headline,99.4
15,Inner Mongolia,North,2016-04-01,headline,100
15,Inner Mongolia,North,2016-03-01,headline,99.7
15,Inner Mongolia,North,2016-02-01,headline,101.1
15,Inner Mongolia,North,2016-01-01,headline,100.6
32,Jiangsu,East,2020-12-01,headline,100.8
32,Jiangsu,East,2020-11-01,headline,99.6
32,Jiangsu,East,2020-10-01,headline,99.5
32,Jiangsu,East,2020-09-01,headline,100.1
32,Jiangsu,East,2020-08-01,headline,100.4
32,Jiangsu,East,2020-07-01,headline,100.6
32,Jiangsu,East,2020-06-01,headline,99.8
32,Jiangsu,East,2020-05-01,headline,99.5
32,Jiangsu,East,2020-04-01,headline,99.4
32,Jiangsu,East,2020-03-01,headline,98.9
32,Jiangsu,East,2020-02-01,headline,100.7
32,Jiangsu,East,2020-01-01,headline,101.2
32,Jiangsu,East,2019-12-01,headline,99.9
32,Jiangsu,East,2019-11-01,headline,100.3
32,Jiangsu,East,2019-10-01,headline,100.7
32,Jiangsu,East,2019-09-01,headline,101
32,Jiangsu,East,2019-08-01,headline,100.8
32,Jiangsu,East,2019-07-01,headline,100.5
32,Jiangsu,East,2019-06-01,headline,100
32,Jiangsu,East,2019-05-01,headline,100.2
32,Jiangsu,East,2019-04-01,headline,100.1
32,Jiangsu,East,2019-03-01,headline,99.8
32,Jiangsu,East,2019-02-01,headline,100.8
32,Jiangsu,East,2019-01-01,headline,100.6
32,Jiangsu,East,2018-12-01,headline,99.9
32,Jiangsu,East,2018-11-01,headline,99.6
32,Jiangsu,East,2018-10-01,headline,100
32,Jiangsu,East,2018-09-01,headline,100.5
32,Jiangsu,East,2018-08-01,headline,100.8
32,Jiangsu,East,2018-07-01,headline,100.5
32,Jiangsu,East,2018-06-01,headline,100.1
32,Jiangsu,East,2018-05-01,headline,99.9
32,Jiangsu,East,2018-04-01,headline,99.9
32,Jiangsu,East,2018-03-01,headline,99.2
32,Jiangsu,East,2018-02-01,headline,101
32,Jiangsu,East,2018-01-01,headline,100.8
32,Jiangsu,East,2017-12-01,headline,100.3
32,Jiangsu,East,2017-11-01,headline,99.9
32,Jiangsu,East,2017-10-01,headline,100.1
32,Jiangsu,East,2017-09-01,headline,100.2
32,Jiangsu,East,2017-08-01,headline,100.6
32,Jiangsu,East,2017-07-01,headline,100.1
32,Jiangsu,East,2017-06-01,headline,99.8
32,Jiangsu,East,2017-05-01,headline,99.8
32,Jiangsu,East,2017-04-01,headline,100
32,Jiangsu,East,2017-03-01,headline,99.9
32,Jiangsu,East,2017-02-01,headline,100.2
32,Jiangsu,East,2017-01-01,headline,100.7
32,Jiangsu,East,2016-12-01,headline,100.1
32,Jiangsu,East,2016-11-01,headline,100.2
32,Jiangsu,East,2016-10-01,headline,100
32,Jiangsu,East,2016-09-01,headline,100.4
32,Jiangsu,East,2016-08-01,headline,100
32,Jiangsu,East,2016-07-01,headline,100.4
32,Jiangsu,East,2016-06-01,headline,100
32,Jiangsu,East,2016-05-01,headline,99.8
32,Jiangsu,East,2016-04-01,headline,100
32,Jiangsu,East,2016-03-01,headline,99.7
32,Jiangsu,East,2016-02-01,headline,100.9
32,Jiangsu,East,2016-01-01,headline,100.4
36,Jiangxi,East,2020-12-01,headline,100.8
36,Jiangxi,East,2020-11-01,headline,99.1
36,Jiangxi,East,2020-10-01,headline,99.6
36,Jiangxi,East,2020-09-01,headline,100.2
36,Jiangxi,East,2020-08-01,headline,100.2
36,Jiangxi,East,2020-07-01,headline,101
36,Jiangxi,East,2020-06-01,headline,100.2
36,Jiangxi,East,2020-05-01,headline,99.5
36,Jiangxi,East,2020-04-01,headline,99.4
36,Jiangxi,East,2020-03-01,headline,98.5
36,Jiangxi,East,2020-02-01,headline,101.1
36,Jiangxi,East,2020-01-01,headline,101.2
36,Jiangxi,East,2019-12-01,headline,100
36,Jiangxi,East,2019-11-01,headline,99.8
36,Jiangxi,East,2019-10-01,headline,100.7
36,Jiangxi,East,2019-09-01,headline,100.9
36,Jiangxi,East,2019-08-01,headline,101.3
36,Jiangxi,East,2019-07-01,headline,100.2
36,Jiangxi,East,2019-06-01,headline,99.7
36,Jiangxi,East,2019-05-01,headline,100.1
36,Jiangxi,East,2019-04-01,headline,100.3
36,Jiangxi,East,2019-03-01,headline,99.9
36,Jiangxi,East,2019-02-01,headline,100.8
36,Jiangxi,East,2019-01-01,headline,100.3
36,Jiangxi,East,2018-12-01,headline,99.8
36,Jiangxi,East,2018-11-01,headline,99.4
36,Jiangxi,East,2018-10-01,headline,100.3
36,Jiangxi,East,2018-09-01,headline,100.9
36,Jiangxi,East,2018-08-01,headline,100.6
36,Jiangxi,East,2018-07-01,headline,100.1
36,Jiangxi,East,2018-06-01,headline,99.9
36,Jiangxi,East,2018-05-01,headline,100.3
36,Jiangxi,East,2018-04-01,headline,100.1
36,Jiangxi,East,2018-03-01,headline,98.9
36,Jiangxi,East,2018-02-01,headline,100.8
36,Jiangxi,East,2018-01-01,headline,100.4
36,Jiangxi,East,2017-12-01,headline,100
36,Jiangxi,East,2017-11-01,headline,99.8
36,Jiangxi,East,2017-10-01,headline,100.1
36,Jiangxi,East,2017-09-01,headline,101.2
36,Jiangxi,East,2017-08-01,headline,100.4
36,Jiangxi,East,2017-07-01,headline,100
36,Jiangxi,East,2017-06-01,headline,99.9
36,Jiangxi,East,2017-05-01,headline,100.2
36,Jiangxi,East,2017-04-01,headline,100.2
36,Jiangxi,East,2017-03-01,headline,99.9
36,Jiangxi,East,2017-02-01,headline,100.1
36,Jiangxi,East,2017-01-01,headline,100.5
36,Jiangxi,East,2016-12-01,headline,100.1
36,Jiangxi,East,2016-11-01,headline,100.2
36,Jiangxi,East,2016-10-01,headline,100.2
36,Jiangxi,East,2016-09-01,headline,100.5
36,Jiangxi,East,2016-08-01,headline,100
36,Jiangxi,East,2016-07-01,headline,99.9
36,Jiangxi,East,2016-06-01,headline,99.9
36,Jiangxi,East,2016-05-01,headline,99.7
36,Jiangxi,East,2016-04-01,headline,100.1
36,Jiangxi,East,2016-03-01,headline,99.3
36,Jiangxi,East,2016-02-01,headline,101.9
36,Jiangxi,East,2016-01-01,headline,100.4
22,Jilin,Northeast,2020-12-01,headline,101.3
22,Jilin,Northeast,2020-11-01,headline,99.7
22,Jilin,Northeast,2020-10-01,headline,99.3
22,Jilin,Northeast,2020-09-01,headline,100.7
22,Jilin,Northeast,2020-08-01,headline,100.2
22,Jilin,Northeast,2020-07-01,headline,100.4
22,Jilin,Northeast,2020-06-01,headline,99.7
22,Jilin,Northeast,2020-05-01,headline,99.1
22,Jilin,Northeast,2020-04-01,headline,99.1
22,Jilin,Northeast,2020-03-01,headline,99
22,Jilin,Northeast,2020-02-01,headline,100.3
22,Jilin,Northeast,2020-01-01,headline,101.8
22,Jilin,Northeast,2019-12-01,headline,100.2
22,Jilin,Northeast,2019-11-01,headline,100.7
22,Jilin,Northeast,2019-10-01,headline,101.1
22,Jilin,Northeast,2019-09-01,headline,100.6
22,Jilin,Northeast,2019-08-01,headline,100.5
22,Jilin,Northeast,2019-07-01,headline,100
22,Jilin,Northeast,2019-06-01,headline,100.2
22,Jilin,Northeast,2019-05-01,headline,100
22,Jilin,Northeast,2019-04-01,headline,100
22,Jilin,Northeast,2019-03-01,headline,99.6
22,Jilin,Northeast,2019-02-01,headline,101.1
22,Jilin,Northeast,2019-01-01,headline,100.5
22,Jilin,Northeast,2018-12-01,headline,100.2
22,Jilin,Northeast,2018-11-01,headline,100.2
22,Jilin,Northeast,2018-10-01,headline,100.1
22,Jilin,Northeast,2018-09-01,headline,100.5
22,Jilin,Northeast,2018-08-01,headline,101
22,Jilin,Northeast,2018-07-01,headline,100
22,Jilin,Northeast,2018-06-01,headline,99.8
22,Jilin,Northeast,2018-05-01,headline,99.8
22,Jilin,Northeast,2018-04-01,headline,99.6
22,Jilin,Northeast,2018-03-01,headline,98.8
22,Jilin,Northeast,2018-02-01,headline,101.1
22,Jilin,Northeast,2018-01-01,headline,100.8
22,Jilin,Northeast,2017-12-01,headline,100.6
22,Jilin,Northeast,2017-11-01,headline,100.6
22,Jilin,Northeast,2017-10-01,headline,100.1
22,Jilin,Northeast,2017-09-01,headline,100.9
22,Jilin,Northeast,2017-08-01,headline,100.3
22,Jilin,Northeast,2017-07-01,headline,99.9
22,Jilin,Northeast,2017-06-01,headline,99.5
22,Jilin,Northeast,2017-05-01,headline,99.6
22,Jilin,Northeast,2017-04-01,headline,99.8
22,Jilin,Northeast,2017-03-01,headline,99.6
22,Jilin,Northeast,2017-02-01,headline,99.6
22,Jilin,Northeast,2017-01-01,headline,101.3
22,Jilin,Northeast,2016-12-01,headline,100.6
22,Jilin,Northeast,2016-11-01,headline,100.4
22,Jilin,Northeast,2016-10-01,headline,100.2
22,Jilin,Northeast,2016-09-01,headline,100.9
22,Jilin,Northeast,2016-08-01,headline,100
22,Jilin,Northeast,2016-07-01,headline,99.8
22,Jilin,Northeast,2016-06-01,headline,99.6
22,Jilin,Northeast,2016-05-01,headline,99.5
22,Jilin,Northeast,2016-04-01,headline,99.8
22,Jilin,Northeast,2016-03-01,headline,99.3
22,Jilin,Northeast,2016-02-01,headline,101.3
22,Jilin,Northeast,2016-01-01,headline,100.5
21,Liaoning,Northeast,2020-12-01,headline,101.1
21,Liaoning,Northeast,2020-11-01,headline,99.8
21,Liaoning,Northeast,2020-10-01,headline,99.3
21,Liaoning,Northeast,2020-09-01,headline,100.4
21,Liaoning,Northeast,2020-08-01,headline,100.3
21,Liaoning,Northeast,2020-07-01,headline,100.5
21,Liaoning,Northeast,2020-06-01,headline,99.9
21,Liaoning,Northeast,2020-05-01,headline,99.4
21,Liaoning,Northeast,2020-04-01,headline,98.7
21,Liaoning,Northeast,2020-03-01,headline,98.9
21,Liaoning,Northeast,2020-02-01,headline,100.5
21,Liaoning,Northeast,2020-01-01,headline,101.8
21,Liaoning,Northeast,2019-12-01,headline,100.3
21,Liaoning,Northeast,2019-11-01,headline,100.6
21,Liaoning,Northeast,2019-10-01,headline,100.9
21,Liaoning,Northeast,2019-09-01,headline,100.3
21,Liaoning,Northeast,2019-08-01,headline,100.7
21,Liaoning,Northeast,2019-07-01,headline,100.1
21,Liaoning,Northeast,2019-06-01,headline,100.1
21,Liaoning,Northeast,2019-05-01,headline,99.9
21,Liaoning,Northeast,2019-04-01,headline,99.9
21,Liaoning,Northeast,2019-03-01,headline,99.7
21,Liaoning,Northeast,2019-02-01,headline,101
21,Liaoning,Northeast,2019-01-01,headline,100.4
21,Liaoning,Northeast,2018-12-01,headline,100.3
21,Liaoning,Northeast,2018-11-01,headline,100.1
21,Liaoning,Northeast,2018-10-01,headline,99.8
21,Liaoning,Northeast,2018-09-01,headline,100
21,Liaoning,Northeast,2018-08-01,headline,100.9
21,Liaoning,Northeast,2018-07-01,headline,100.1
21,Liaoning,Northeast,2018-06-01,headline,99.9
21,Liaoning,Northeast,2018-05-01,headline,99.7
21,Liaoning,Northeast,2018-04-01,headline,99.6
21,Liaoning,Northeast,2018-03-01,headline,99
21,Liaoning,Northeast,2018-02-01,headline,101.1
21,Liaoning,Northeast,2018-01-01,headline,100.9
21,Liaoning,Northeast,2017-12-01,headline,100.5
21,Liaoning,Northeast,2017-11-01,headline,100.4
21,Liaoning,Northeast,2017-10-01,headline,100
21,Liaoning,Northeast,2017-09-01,headline,101.3
21,Liaoning,Northeast,2017-08-01,headline,100.4
21,Liaoning,Northeast,2017-07-01,headline,100
21,Liaoning,Northeast,2017-06-01,headline,100
21,Liaoning,Northeast,2017-05-01,headline,99.8
21,Liaoning,Northeast,2017-04-01,headline,99.8
21,Liaoning,Northeast,2017-03-01,headline,99.3
21,Liaoning,Northeast,2017-02-01,headline,99.5
21,Liaoning,Northeast,2017-01-01,headline,101.2
21,Liaoning,Northeast,2016-12-01,headline,100.7
21,Liaoning,Northeast,2016-11-01,headline,100.2
21,Liaoning,Northeast,2016-10-01,headline,99.6
21,Liaoning,Northeast,2016-09-01,headline,100.7
21,Liaoning,Northeast,2016-08-01,headline,100.1
21,Liaoning,Northeast,2016-07-01,headline,100
21,Liaoning,Northeast,2016-06-01,headline,99.7
21,Liaoning,Northeast,2016-05-01,headline,99.8
21,Liaoning,Northeast,2016-04-01,headline,99.6
21,Liaoning,Northeast,2016-03-01,headline,99.4
21,Liaoning,Northeast,2016-02-01,headline,101.2
21,Liaoning,Northeast,2016-01-01,headline,100.6
64,Ningxia,West,2020-12-01,headline,100.8
64,Ningxia,West,2020-11-01,headline,100.1
64,Ningxia,West,2020-10-01,headline,100
64,Ningxia,West,2020-09-01,headline,100.5
64,Ningxia,West,2020-08-01,headline,100.5
64,Ningxia,West,2020-07-01,headline,100.2
64,Ningxia,West,2020-06-01,headline,99.6
64,Ningxia,West,2020-05-01,headline,99.1
64,Ningxia,West,2020-04-01,headline,99
64,Ningxia,West,2020-03-01,headline,99.1
64,Ningxia,West,2020-02-01,headline,100.7
64,Ningxia,West,2020-01-01,headline,100.9
64,Ningxia,West,2019-12-01,headline,100.3
64,Ningxia,West,2019-11-01,headline,101.1
64,Ningxia,West,2019-10-01,headline,101
64,Ningxia,West,2019-09-01,headline,100.6
64,Ningxia,West,2019-08-01,headline,99.8
64,Ningxia,West,2019-07-01,headline,99.9
64,Ningxia,West,2019-06-01,headline,99.8
64,Ningxia,West,2019-05-01,headline,99.9
64,Ningxia,West,2019-04-01,headline,99.6
64,Ningxia,West,2019-03-01,headline,99.6
64,Ningxia,West,2019-02-01,headline,100.6
64,Ningxia,West,2019-01-01,headline,100.7
64,Ningxia,West,2018-12-01,headline,100.3
64,Ningxia,West,2018-11-01,headline,100
64,Ningxia,West,2018-10-01,headline,100.5
64,Ningxia,West,2018-09-01,headline,100.6
64,Ningxia,West,2018-08-01,headline,100.3
64,Ningxia,West,2018-07-01,headline,100
64,Ningxia,West,2018-06-01,headline,99.7
64,Ningxia,West,2018-05-01,headline,99.9
64,Ningxia,West,2018-04-01,headline,100
64,Ningxia,West,2018-03-01,headline,99.2
64,Ningxia,West,2018-02-01,headline,100.7
64,Ningxia,West,2018-01-01,headline,100.5
64,Ningxia,West,2017-12-01,headline,100.5
64,Ningxia,West,2017-11-01,headline,100.5
64,Ningxia,West,2017-10-01,headline,100.3
64,Ningxia,West,2017-09-01,headline,100.5
64,Ningxia,West,2017-08-01,headline,100.6
64,Ningxia,West,2017-07-01,headline,100
64,Ningxia,West,2017-06-01,headline,99.6
64,Ningxia,West,2017-05-01,headline,99.7
64,Ningxia,West,2017-04-01,headline,100
64,Ningxia,West,2017-03-01,headline,99.9
64,Ningxia,West,2017-02-01,headline,99.8
64,Ningxia,West,2017-01-01,headline,100.9
64,Ningxia,West,2016-12-01,headline,100.5
64,Ningxia,West,2016-11-01,headline,100.2
64,Ningxia,West,2016-10-01,headline,99.8
64,Ningxia,West,2016-09-01,headline,100.8
64,Ningxia,West,2016-08-01,headline,100.3
64,Ningxia,West,2016-07-01,headline,100.4
64,Ningxia,West,2016-06-01,headline,99.7
64,Ningxia,West,2016-05-01,headline,99.2
64,Ningxia,West,2016-04-01,headline,99.4
64,Ningxia,West,2016-03-01,headline,99.5
64,Ningxia,West,2016-02-01,headline,102.1
64,Ningxia,West,2016-01-01,headline,100.7
63,Qinghai,West,2020-12-01,headline,100.7
63,Qinghai,West,2020-11-01,headline,99.9
63,Qinghai,West,2020-10-01,headline,99.9
63,Qinghai,West,2020-09-01,headline,100
63,Qinghai,West,2020-08-01,headline,100.3
63,Qinghai,West,2020-07-01,headline,100.1
63,Qinghai,West,2020-06-01,headline,100.1
63,Qinghai,West,2020-05-01,headline,99.6
63,Qinghai,West,2020-04-01,headline,99.5
63,Qinghai,West,2020-03-01,headline,99.1
63,Qinghai,West,2020-02-01,headline,100.7
63,Qinghai,West,2020-01-01,headline,101
63,Qinghai,West,2019-12-01,headline,100.3
63,Qinghai,West,2019-11-01,headline,100.8
63,Qinghai,West,2019-10-01,headline,101.1
63,Qinghai,West,2019-09-01,headline,100.1
63,Qinghai,West,2019-08-01,headline,100.3
63,Qinghai,West,2019-07-01,headline,100.4
63,Qinghai,West,2019-06-01,headline,99.9
63,Qinghai,West,2019-05-01,headline,100.2
63,Qinghai,West,2019-04-01,headline,99.9
63,Qinghai,West,2019-03-01,headline,99.9
63,Qinghai,West,2019-02-01,headline,100.2
63,Qinghai,West,2019-01-01,headline,100.3
63,Qinghai,West,2018-12-01,headline,100.1
63,Qinghai,West,2018-11-01,headline,100.2
63,Qinghai,West,2018-10-01,headline,100.5
63,Qinghai,West,2018-09-01,headline,101
63,Qinghai,West,2018-08-01,headline,100.2
63,Qinghai,West,2018-07-01,headline,100
63,Qinghai,West,2018-06-01,headline,99.7
63,Qinghai,West,2018-05-01,headline,100.3
63,Qinghai,West,2018-04-01,headline,100
63,Qinghai,West,2018-03-01,headline,99.1
63,Qinghai,West,2018-02-01,headline,101
63,Qinghai,West,2018-01-01,headline,100.6
63,Qinghai,West,2017-12-01,headline,100.4
63,Qinghai,West,2017-11-01,headline,100.3
63,Qinghai,West,2017-10-01,headline,100.2
63,Qinghai,West,2017-09-01,headline,100.2
63,Qinghai,West,2017-08-01,headline,100.4
63,Qinghai,West,2017-07-01,headline,99.9
63,Qinghai,West,2017-06-01,headline,99.8
63,Qinghai,West,2017-05-01,headline,100.5
63,Qinghai,West,2017-04-01,headline,100.1
63,Qinghai,West,2017-03-01,headline,99.6
63,Qinghai,West,2017-02-01,headline,100.1
63,Qinghai,West,2017-01-01,headline,100.7
63,Qinghai,West,2016-12-01,headline,100.4
63,Qinghai,West,2016-11-01,headline,100.4
63,Qinghai,West,2016-10-01,headline,100.1
63,Qinghai,West,2016-09-01,headline,100.3
63,Qinghai,West,2016-08-01,headline,99.7
63,Qinghai,West,2016-07-01,headline,99.9
63,Qinghai,West,2016-06-01,headline,99.2
63,Qinghai,West,2016-05-01,headline,99.3
63,Qinghai,West,2016-04-01,headline,100.4
63,Qinghai,West,2016-03-01,headline,99.9
63,Qinghai,West,2016-02-01,headline,101.6
63,Qinghai,West,2016-01-01,headline,100.5
61,Shaanxi,West,2020-12-01,headline,100.7
61,Shaanxi,West,2020-11-01,headline,99.5
61,Shaanxi,West,2020-10-01,headline,99.8
61,Shaanxi,West,2020-09-01,headline,100.3
61,Shaanxi,West,2020-08-01,headline,100.5
61,Shaanxi,West,2020-07-01,headline,100.3
61,Shaanxi,West,2020-06-01,headline,100.2
61,Shaanxi,West,2020-05-01,headline,99.4
61,Shaanxi,West,2020-04-01,headline,99
61,Shaanxi,West,2020-03-01,headline,98.5
61,Shaanxi,West,2020-02-01,headline,101.2
61,Shaanxi,West,2020-01-01,headline,101.4
61,Shaanxi,West,2019-12-01,headline,100
61,Shaanxi,West,2019-11-01,headline,100.2
61,Shaanxi,West,2019-10-01,headline,101.1
61,Shaanxi,West,2019-09-01,headline,101.1
61,Shaanxi,West,2019-08-01,headline,100.2
61,Shaanxi,West,2019-07-01,headline,100.4
61,Shaanxi,West,2019-06-01,headline,99.9
61,Shaanxi,West,2019-05-01,headline,100
61,Shaanxi,West,2019-04-01,headline,100.1
61,Shaanxi,West,2019-03-01,headline,99.8
61,Shaanxi,West,2019-02-01,headline,100.8
61,Shaanxi,West,2019-01-01,headline,100.6
61,Shaanxi,West,2018-12-01,headline,100.1
61,Shaanxi,West,2018-11-01,headline,99.6
61,Shaanxi,West,2018-10-01,headline,100.2
61,Shaanxi,West,2018-09-01,headline,100.9
61,Shaanxi,West,2018-08-01,headline,100.5
61,Shaanxi,West,2018-07-01,headline,100.3
61,Shaanxi,West,2018-06-01,headline,99.8
61,Shaanxi,West,2018-05-01,headline,99.9
61,Shaanxi,West,2018-04-01,headline,100
61,Shaanxi,West,2018-03-01,headline,99.2
61,Shaanxi,West,2018-02-01,headline,100.6
61,Shaanxi,West,2018-01-01,headline,100.9
61,Shaanxi,West,2017-12-01,headline,100.3
61,Shaanxi,West,2017-11-01,headline,99.9
61,Shaanxi,West,2017-10-01,headline,100
61,Shaanxi,West,2017-09-01,headline,100.4
61,Shaanxi,West,2017-08-01,headline,100.6
61,Shaanxi,West,2017-07-01,headline,100
61,Shaanxi,West,2017-06-01,headline,99.9
61,Shaanxi,West,2017-05-01,headline,99.9
61,Shaanxi,West,2017-04-01,headline,100.6
61,Shaanxi,West,2017-03-01,headline,99.9
61,Shaanxi,West,2017-02-01,headline,100
61,Shaanxi,West,2017-01-01,headline,100.9
61,Shaanxi,West,2016-12-01,headline,100.1
61,Shaanxi,West,2016-11-01,headline,100
61,Shaanxi,West,2016-10-01,headline,100
61,Shaanxi,West,2016-09-01,headline,100.9
61,Shaanxi,West,2016-08-01,headline,100
61,Shaanxi,West,2016-07-01,headline,99.9
61,Shaanxi,West,2016-06-01,headline,99.7
61,Shaanxi,West,2016-05-01,headline,99.2
61,Shaanxi,West,2016-04-01,headline,99.5
61,Shaanxi,West,2016-03-01,headline,99.6
61,Shaanxi,West,2016-02-01,headline,101.9
61,Shaanxi,West,2016-01-01,headline,100.7
37,Shandong,East,2020-12-01,headline,101.1
37,Shandong,East,2020-11-01,headline,99.3
37,Shandong,East,2020-10-01,headline,99.3
37,Shandong,East,2020-09-01,headline,100.2
37,Shandong,East,2020-08-01,headline,100.6
37,Shandong,East,2020-07-01,headline,100.8
37,Shandong,East,2020-06-01,headline,100.1
37,Shandong,East,2020-05-01,headline,99.1
37,Shandong,East,2020-04-01,headline,98.8
37,Shandong,East,2020-03-01,headline,99
37,Shandong,East,2020-02-01,headline,100.4
37,Shandong,East,2020-01-01,headline,101.3
37,Shandong,East,2019-12-01,headline,100.1
37,Shandong,East,2019-11-01,headline,100.7
37,Shandong,East,2019-10-01,headline,101.2
37,Shandong,East,2019-09-01,headline,101
37,Shandong,East,2019-08-01,headline,100.6
37,Shandong,East,2019-07-01,headline,100.5
37,Shandong,East,2019-06-01,headline,100.1
37,Shandong,East,2019-05-01,headline,99.7
37,Shandong,East,2019-04-01,headline,100
37,Shandong,East,2019-03-01,headline,99.9
37,Shandong,East,2019-02-01,headline,100.9
37,Shandong,East,2019-01-01,headline,100.6
37,Shandong,East,2018-12-01,headline,100.2
37,Shandong,East,2018-11-01,headline,99.4
37,Shandong,East,2018-10-01,headline,99.9
37,Shandong,East,2018-09-01,headline,100.5
37,Shandong,East,2018-08-01,headline,101.1
37,Shandong,East,2018-07-01,headline,100.4
37,Shandong,East,2018-06-01,headline,100.1
37,Shandong,East,2018-05-01,headline,99.7
37,Shandong,East,2018-04-01,headline,99.9
37,Shandong,East,2018-03-01,headline,98.7
37,Shandong,East,2018-02-01,headline,101.3
37,Shandong,East,2018-01-01,headline,100.7
37,Shandong,East,2017-12-01,headline,100.6
37,Shandong,East,2017-11-01,headline,100.2
37,Shandong,East,2017-10-01,headline,100
37,Shandong,East,2017-09-01,headline,100.3
37,Shandong,East,2017-08-01,headline,100.7
37,Shandong,East,2017-07-01,headline,100.1
37,Shandong,East,2017-06-01,headline,100
37,Shandong,East,2017-05-01,headline,99.7
37,Shandong,East,2017-04-01,headline,99.9
37,Shandong,East,2017-03-01,headline,99.5
37,Shandong,East,2017-02-01,headline,99.6
37,Shandong,East,2017-01-01,headline,101.1
37,Shandong,East,2016-12-01,headline,100.6
37,Shandong,East,2016-11-01,headline,100.2
37,Shandong,East,2016-10-01,headline,99.5
37,Shandong,East,2016-09-01,headline,100.7
37,Shandong,East,2016-08-01,headline,100.3
37,Shandong,East,2016-07-01,headline,100.5
37,Shandong,East,2016-06-01,headline,100
37,Shandong,East,2016-05-01,headline,99.3
37,Shandong,East,2016-04-01,headline,99.4
37,Shandong,East,2016-03-01,headline,99.8
37,Shandong,East,2016-02-01,headline,101.4
37,Shandong,East,2016-01-01,headline,100.9
31,Shanghai,East,2020-12-01,headline,100.6
31,Shanghai,East,2020-11-01,headline,99.8
31,Shanghai,East,2020-10-01,headline,99.7
31,Shanghai,East,2020-09-01,headline,100.2
31,Shanghai,East,2020-08-01,headline,100.1
31,Shanghai,East,2020-07-01,headline,100.2
31,Shanghai,East,2020-06-01,headline,99.7
31,Shanghai,East,2020-05-01,headline,99.5
31,Shanghai,East,2020-04-01,headline,99.9
31,Shanghai,East,2020-03-01,headline,99.2
31,Shanghai,East,2020-02-01,headline,100.3
31,Shanghai,East,2020-01-01,headline,101.1
31,Shanghai,East,2019-12-01,headline,100.3
31,Shanghai,East,2019-11-01,headline,100.2
31,Shanghai,East,2019-10-01,headline,100.6
31,Shanghai,East,2019-09-01,headline,100.4
31,Shanghai,East,2019-08-01,headline,100.3
31,Shanghai,East,2019-07-01,headline,100.3
31,Shanghai,East,2019-06-01,headline,99.9
31,Shanghai,East,2019-05-01,headline,100
31,Shanghai,East,2019-04-01,headline,100.2
31,Shanghai,East,2019-03-01,headline,99.5
31,Shanghai,East,2019-02-01,headline,101.6
31,Shanghai,East,2019-01-01,headline,100.5
31,Shanghai,East,2018-12-01,headline,99.7
31,Shanghai,East,2018-11-01,headline,99.7
31,Shanghai,East,2018-10-01,headline,100.2
31,Shanghai,East,2018-09-01,headline,100.5
31,Shanghai,East,2018-08-01,headline,100.8
31,Shanghai,East,2018-07-01,headline,100.2
31,Shanghai,East,2018-06-01,headline,99.9
31,Shanghai,East,2018-05-01,headline,99.8
31,Shanghai,East,2018-04-01,headline,100
31,Shanghai,East,2018-03-01,headline,99
31,Shanghai,East,2018-02-01,headline,100.9
31,Shanghai,East,2018-01-01,headline,100.6
31,Shanghai,East,2017-12-01,headline,100.4
31,Shanghai,East,2017-11-01,headline,100
31,Shanghai,East,2017-10-01,headline,99.5
31,Shanghai,East,2017-09-01,headline,100.8
31,Shanghai,East,2017-08-01,headline,100.3
31,Shanghai,East,2017-07-01,headline,100.1
31,Shanghai,East,2017-06-01,headline,100
31,Shanghai,East,2017-05-01,headline,99.8
31,Shanghai,East,2017-04-01,headline,100.2
31,Shanghai,East,2017-03-01,headline,100
31,Shanghai,East,2017-02-01,headline,99.4
31,Shanghai,East,2017-01-01,headline,101.1
31,Shanghai,East,2016-12-01,headline,100.1
31,Shanghai,East,2016-11-01,headline,100.2
31,Shanghai,East,2016-10-01,headline,99.7
31,Shanghai,East,2016-09-01,headline,100.8
31,Shanghai,East,2016-08-01,headline,99.7
31,Shanghai,East,2016-07-01,headline,100.5
31,Shanghai,East,2016-06-01,headline,100.2
31,Shanghai,East,2016-05-01,headline,99.6
31,Shanghai,East,2016-04-01,headline,100
31,Shanghai,East,2016-03-01,headline,100.2
31,Shanghai,East,2016-02-01,headline,101.4
31,Shanghai,East,2016-01-01,headline,100.7
14,Shanxi,North,2020-12-01,headline,100.9
14,Shanxi,North,2020-11-01,headline,99.7
14,Shanxi,North,2020-10-01,headline,99.5
14,Shanxi,North,2020-09-01,headline,100.5
14,Shanxi,North,2020-08-01,headline,100.3
14,Shanxi,North,2020-07-01,headline,100.2
14,Shanxi,North,2020-06-01,headline,99.9
14,Shanxi,North,2020-05-01,headline,99.6
14,Shanxi,North,2020-04-01,headline,99
14,Shanxi,North,2020-03-01,headline,99.2
14,Shanxi,North,2020-02-01,headline,100.5
14,Shanxi,North,2020-01-01,headline,102
14,Shanxi,North,2019-12-01,headline,99.9
14,Shanxi,North,2019-11-01,headline,100.4
14,Shanxi,North,2019-10-01,headline,101
14,Shanxi,North,2019-09-01,headline,101.5
14,Shanxi,North,2019-08-01,headline,100.2
14,Shanxi,North,2019-07-01,headline,100.2
14,Shanxi,North,2019-06-01,headline,99.5
14,Shanxi,North,2019-05-01,headline,99.9
14,Shanxi,North,2019-04-01,headline,99.9
14,Shanxi,North,2019-03-01,headline,100
14,Shanxi,North,2019-02-01,headline,100.8
14,Shanxi,North,2019-01-01,headline,100.3
14,Shanxi,North,2018-12-01,headline,99.9
14,Shanxi,North,2018-11-01,headline,99.9
14,Shanxi,North,2018-10-01,headline,100
14,Shanxi,North,2018-09-01,headline,101.7
14,Shanxi,North,2018-08-01,headline,100.8
14,Shanxi,North,2018-07-01,headline,100
14,Shanxi,North,2018-06-01,headline,99.7
14,Shanxi,North,2018-05-01,headline,99.8
14,Shanxi,North,2018-04-01,headline,99.7
14,Shanxi,North,2018-03-01,headline,99.1
14,Shanxi,North,2018-02-01,headline,101
14,Shanxi,North,2018-01-01,headline,100.5
14,Shanxi,North,2017-12-01,headline,100.3
14,Shanxi,North,2017-11-01,headline,100.3
14,Shanxi,North,2017-10-01,headline,99.9
14,Shanxi,North,2017-09-01,headline,100.7
14,Shanxi,North,2017-08-01,headline,100.6
14,Shanxi,North,2017-07-01,headline,99.8
14,Shanxi,North,2017-06-01,headline,99.5
14,Shanxi,North,2017-05-01,headline,99.6
14,Shanxi,North,2017-04-01,headline,99.9
14,Shanxi,North,2017-03-01,headline,99.9
14,Shanxi,North,2017-02-01,headline,99.6
14,Shanxi,North,2017-01-01,headline,101.3
14,Shanxi,North,2016-12-01,headline,100.2
14,Shanxi,North,2016-11-01,headline,100.4
14,Shanxi,North,2016-10-01,headline,99.7
14,Shanxi,North,2016-09-01,headline,101.3
14,Shanxi,North,2016-08-01,headline,100
14,Shanxi,North,2016-07-01,headline,99.7
14,Shanxi,North,2016-06-01,headline,99.6
14,Shanxi,North,2016-05-01,headline,99.7
14,Shanxi,North,2016-04-01,headline,99.3
14,Shanxi,North,2016-03-01,headline,99.3
14,Shanxi,North,2016-02-01,headline,101.5
14,Shanxi,North,2016-01-01,headline,100.5
51,Sichuan,West,2020-12-01,headline,100.6
51,Sichuan,West,2020-11-01,headline,99.2
51,Sichuan,West,2020-10-01,headline,99.5
51,Sichuan,West,2020-09-01,headline,100.1
51,Sichuan,West,2020-08-01,headline,100.9
51,Sichuan,West,2020-07-01,headline,100.6
51,Sichuan,West,2020-06-01,headline,100.1
51,Sichuan,West,2020-05-01,headline,99.3
51,Sichuan,West,2020-04-01,headline,98.9
51,Sichuan,West,2020-03-01,headline,98.2
51,Sichuan,West,2020-02-01,headline,101.3
51,Sichuan,West,2020-01-01,headline,101.1
51,Sichuan,West,2019-12-01,headline,100
51,Sichuan,West,2019-11-01,headline,100.1
51,Sichuan,West,2019-10-01,headline,101.2
51,Sichuan,West,2019-09-01,headline,101.6
51,Sichuan,West,2019-08-01,headline,101.6
51,Sichuan,West,2019-07-01,headline,100.6
51,Sichuan,West,2019-06-01,headline,99.6
51,Sichuan,West,2019-05-01,headline,100
51,Sichuan,West,2019-04-01,headline,100.1
51,Sichuan,West,2019-03-01,headline,99.4
51,Sichuan,West,2019-02-01,headline,100.5
51,Sichuan,West,2019-01-01,headline,100.4
51,Sichuan,West,2018-12-01,headline,100.1
51,Sichuan,West,2018-11-01,headline,99.8
51,Sichuan,West,2018-10-01,headline,100.3
51,Sichuan,West,2018-09-01,headline,100.6
51,Sichuan,West,2018-08-01,headline,100.7
51,Sichuan,West,2018-07-01,headline,100.4
51,Sichuan,West,2018-06-01,headline,100
51,Sichuan,West,2018-05-01,headline,100
51,Sichuan,West,2018-04-01,headline,99.8
51,Sichuan,West,2018-03-01,headline,98.6
51,Sichuan,West,2018-02-01,headline,101.2
51,Sichuan,West,2018-01-01,headline,100.5
51,Sichuan,West,2017-12-01,headline,100.1
51,Sichuan,West,2017-11-01,headline,100
51,Sichuan,West,2017-10-01,headline,100
51,Sichuan,West,2017-09-01,headline,100.7
51,Sichuan,West,2017-08-01,headline,100.4
51,Sichuan,West,2017-07-01,headline,100
51,Sichuan,West,2017-06-01,headline,99.8
51,Sichuan,West,2017-05-01,headline,100
51,Sichuan,West,2017-04-01,headline,100.1
51,Sichuan,West,2017-03-01,headline,99.7
51,Sichuan,West,2017-02-01,headline,99.7
51,Sichuan,West,2017-01-01,headline,100.8
51,Sichuan,West,2016-12-01,headline,100.1
51,Sichuan,West,2016-11-01,headline,100.1
51,Sichuan,West,2016-10-01,headline,100
51,Sichuan,West,2016-09-01,headline,101.1
51,Sichuan,West,2016-08-01,headline,100
51,Sichuan,West,2016-07-01,headline,100.1
51,Sichuan,West,2016-06-01,headline,100
51,Sichuan,West,2016-05-01,headline,99.6
51,Sichuan,West,2016-04-01,headline,99.8
51,Sichuan,West,2016-03-01,headline,99.6
51,Sichuan,West,2016-02-01,headline,101.6
51,Sichuan,West,2016-01-01,headline,100.7
12,Tianjin,North,2020-12-01,headline,100.5
12,Tianjin,North,2020-11-01,headline,99.4
12,Tianjin,North,2020-10-01,headline,99.3
12,Tianjin,North,2020-09-01,headline,100.1
12,Tianjin,North,2020-08-01,headline,100.4
12,Tianjin,North,2020-07-01,headline,100.5
12,Tianjin,North,2020-06-01,headline,99.9
12,Tianjin,North,2020-05-01,headline,99.3
12,Tianjin,North,2020-04-01,headline,99.4
12,Tianjin,North,2020-03-01,headline,99.3
12,Tianjin,North,2020-02-01,headline,100.5
12,Tianjin,North,2020-01-01,headline,101.3
12,Tianjin,North,2019-12-01,headline,100.2
12,Tianjin,North,2019-11-01,headline,100.3
12,Tianjin,North,2019-10-01,headline,100.3
12,Tianjin,North,2019-09-01,headline,100.7
12,Tianjin,North,2019-08-01,headline,100.5
12,Tianjin,North,2019-07-01,headline,100.5
12,Tianjin,North,2019-06-01,headline,100
12,Tianjin,North,2019-05-01,headline,99.6
12,Tianjin,North,2019-04-01,headline,100.2
12,Tianjin,North,2019-03-01,headline,99.6
12,Tianjin,North,2019-02-01,headline,101.2
12,Tianjin,North,2019-01-01,headline,100.8
12,Tianjin,North,2018-12-01,headline,100.2
12,Tianjin,North,2018-11-01,headline,99.6
12,Tianjin,North,2018-10-01,headline,99.9
12,Tianjin,North,2018-09-01,headline,100.3
12,Tianjin,North,2018-08-01,headline,100.5
12,Tianjin,North,2018-07-01,headline,100.4
12,Tianjin,North,2018-06-01,headline,100
12,Tianjin,North,2018-05-01,headline,100.2
12,Tianjin,North,2018-04-01,headline,99.8
12,Tianjin,North,2018-03-01,headline,99.1
12,Tianjin,North,2018-02-01,headline,101.2
12,Tianjin,North,2018-01-01,headline,100.9
12,Tianjin,North,2017-12-01,headline,100.3
12,Tianjin,North,2017-11-01,headline,99.9
12,Tianjin,North,2017-10-01,headline,99.9
12,Tianjin,North,2017-09-01,headline,100.2
12,Tianjin,North,2017-08-01,headline,100.3
12,Tianjin,North,2017-07-01,headline,100.2
12,Tianjin,North,2017-06-01,headline,100
12,Tianjin,North,2017-05-01,headline,99.8
12,Tianjin,North,2017-04-01,headline,100.1
12,Tianjin,North,2017-03-01,headline,99.8
12,Tianjin,North,2017-02-01,headline,99.8
12,Tianjin,North,2017-01-01,headline,101.3
12,Tianjin,North,2016-12-01,headline,100.5
12,Tianjin,North,2016-11-01,headline,100
12,Tianjin,North,2016-10-01,headline,99.4
12,Tianjin,North,2016-09-01,headline,100.5
12,Tianjin,North,2016-08-01,headline,100.2
12,Tianjin,North,2016-07-01,headline,101.4
12,Tianjin,North,2016-06-01,headline,99.9
12,Tianjin,North,2016-05-01,headline,99.5
12,Tianjin,North,2016-04-01,headline,99.6
12,Tianjin,North,2016-03-01,headline,99.9
12,Tianjin,North,2016-02-01,headline,101.2
12,Tianjin,North,2016-01-01,headline,100.7
54,Tibet,West,2020-12-01,headline,100.5
54,Tibet,West,2020-11-01,headline,99.9
54,Tibet,West,2020-10-01,headline,100.1
54,Tibet,West,2020-09-01,headline,100
54,Tibet,West,2020-08-01,headline,100.3
54,Tibet,West,2020-07-01,headline,100.4
54,Tibet,West,2020-06-01,headline,100.1
54,Tibet,West,2020-05-01,headline,99.7
54,Tibet,West,2020-04-01,headline,99.6
54,Tibet,West,2020-03-01,headline,99.5
54,Tibet,West,2020-02-01,headline,100.5
54,Tibet,West,2020-01-01,headline,100.5
54,Tibet,West,2019-12-01,headline,100.1
54,Tibet,West,2019-11-01,headline,100.6
54,Tibet,West,2019-10-01,headline,100.6
54,Tibet,West,2019-09-01,headline,100.4
54,Tibet,West,2019-08-01,headline,100.3
54,Tibet,West,2019-07-01,headline,100.1
54,Tibet,West,2019-06-01,headline,100.1
54,Tibet,West,2019-05-01,headline,100
54,Tibet,West,2019-04-01,headline,100
54,Tibet,West,2019-03-01,headline,99.8
54,Tibet,West,2019-02-01,headline,100.5
54,Tibet,West,2019-01-01,headline,100.6
54,Tibet,West,2018-12-01,headline,100.2
54,Tibet,West,2018-11-01,headline,100.3
54,Tibet,West,2018-10-01,headline,100.3
54,Tibet,West,2018-09-01,headline,100.1
54,Tibet,West,2018-08-01,headline,100.1
54,Tibet,West,2018-07-01,headline,100
54,Tibet,West,2018-06-01,headline,100
54,Tibet,West,2018-05-01,headline,100.1
54,Tibet,West,2018-04-01,headline,100.3
54,Tibet,West,2018-03-01,headline,99.9
54,Tibet,West,2018-02-01,headline,100.4
54,Tibet,West,2018-01-01,headline,100.3
54,Tibet,West,2017-12-01,headline,100.1
54,Tibet,West,2017-11-01,headline,100.3
54,Tibet,West,2017-10-01,headline,100
54,Tibet,West,2017-09-01,headline,100.4
54,Tibet,West,2017-08-01,headline,100.1
54,Tibet,West,2017-07-01,headline,100
54,Tibet,West,2017-06-01,headline,99.9
54,Tibet,West,2017-05-01,headline,99.9
54,Tibet,West,2017-04-01,headline,100.1
54,Tibet,West,2017-03-01,headline,99.9
54,Tibet,West,2017-02-01,headline,100.2
54,Tibet,West,2017-01-01,headline,100.3
54,Tibet,West,2016-12-01,headline,100.3
54,Tibet,West,2016-11-01,headline,100.4
54,Tibet,West,2016-10-01,headline,100.2
54,Tibet,West,2016-09-01,headline,100.3
54,Tibet,West,2016-08-01,headline,100
54,Tibet,West,2016-07-01,headline,99.8
54,Tibet,West,2016-06-01,headline,99.9
54,Tibet,West,2016-05-01,headline,99.9
54,Tibet,West,2016-04-01,headline,100.9
54,Tibet,West,2016-03-01,headline,100.3
54,Tibet,West,2016-02-01,headline,100.6
54,Tibet,West,2016-01-01,headline,100.5
65,Xinjiang,West,2020-12-01,headline,100.9
65,Xinjiang,West,2020-11-01,headline,100.3
65,Xinjiang,West,2020-10-01,headline,100.1
65,Xinjiang,West,2020-09-01,headline,99.7
65,Xinjiang,West,2020-08-01,headline,100.4
65,Xinjiang,West,2020-07-01,headline,100.4
65,Xinjiang,West,2020-06-01,headline,99.9
65,Xinjiang,West,2020-05-01,headline,99.3
65,Xinjiang,West,2020-04-01,headline,99.2
65,Xinjiang,West,2020-03-01,headline,99.1
65,Xinjiang,West,2020-02-01,headline,100.4
65,Xinjiang,West,2020-01-01,headline,101.1
65,Xinjiang,West,2019-12-01,headline,100.3
65,Xinjiang,West,2019-11-01,headline,100.6
65,Xinjiang,West,2019-10-01,headline,100.5
65,Xinjiang,West,2019-09-01,headline,100.3
65,Xinjiang,West,2019-08-01,headline,100.5
65,Xinjiang,West,2019-07-01,headline,100.3
65,Xinjiang,West,2019-06-01,headline,99.5
65,Xinjiang,West,2019-05-01,headline,100
65,Xinjiang,West,2019-04-01,headline,99.9
65,Xinjiang,West,2019-03-01,headline,99.8
65,Xinjiang,West,2019-02-01,headline,100.9
65,Xinjiang,West,2019-01-01,headline,100.4
65,Xinjiang,West,2018-12-01,headline,100.2
65,Xinjiang,West,2018-11-01,headline,100.3
65,Xinjiang,West,2018-10-01,headline,100.3
65,Xinjiang,West,2018-09-01,headline,100.5
65,Xinjiang,West,2018-08-01,headline,100.4
65,Xinjiang,West,2018-07-01,headline,99.8
65,Xinjiang,West,2018-06-01,headline,99.6
65,Xinjiang,West,2018-05-01,headline,99.7
65,Xinjiang,West,2018-04-01,headline,99.9
65,Xinjiang,West,2018-03-01,headline,99
65,Xinjiang,West,2018-02-01,headline,100.6
65,Xinjiang,West,2018-01-01,headline,100.6
65,Xinjiang,West,2017-12-01,headline,100.5
65,Xinjiang,West,2017-11-01,headline,100.3
65,Xinjiang,West,2017-10-01,headline,100.6
65,Xinjiang,West,2017-09-01,headline,101.5
65,Xinjiang,West,2017-08-01,headline,100.5
65,Xinjiang,West,2017-07-01,headline,99.4
65,Xinjiang,West,2017-06-01,headline,99.7
65,Xinjiang,West,2017-05-01,headline,99.9
65,Xinjiang,West,2017-04-01,headline,99.7
65,Xinjiang,West,2017-03-01,headline,99.5
65,Xinjiang,West,2017-02-01,headline,100
65,Xinjiang,West,2017-01-01,headline,101.1
65,Xinjiang,West,2016-12-01,headline,100.6
65,Xinjiang,West,2016-11-01,headline,100.6
65,Xinjiang,West,2016-10-01,headline,100.2
65,Xinjiang,West,2016-09-01,headline,100.6
65,Xinjiang,West,2016-08-01,headline,100.4
65,Xinjiang,West,2016-07-01,headline,99.8
65,Xinjiang,West,2016-06-01,headline,99.7
65,Xinjiang,West,2016-05-01,headline,99.3
65,Xinjiang,West,2016-04-01,headline,99.4
65,Xinjiang,West,2016-03-01,headline,99.9
65,Xinjiang,West,2016-02-01,headline,101.4
65,Xinjiang,West,2016-01-01,headline,100.5
53,Yunnan,West,2020-12-01,headline,100.2
53,Yunnan,West,2020-11-01,headline,99.6
53,Yunnan,West,2020-10-01,headline,99.8
53,Yunnan,West,2020-09-01,headline,100.3
53,Yunnan,West,2020-08-01,headline,100.7
53,Yunnan,West,2020-07-01,headline,100.8
53,Yunnan,West,2020-06-01,headline,99.5
53,Yunnan,West,2020-05-01,headline,99.3
53,Yunnan,West,2020-04-01,headline,99.4
53,Yunnan,West,2020-03-01,headline,98.8
53,Yunnan,West,2020-02-01,headline,100.7
53,Yunnan,West,2020-01-01,headline,101
53,Yunnan,West,2019-12-01,headline,100.5
53,Yunnan,West,2019-11-01,headline,101.2
53,Yunnan,West,2019-10-01,headline,101.4
53,Yunnan,West,2019-09-01,headline,100.8
53,Yunnan,West,2019-08-01,headline,100
53,Yunnan,West,2019-07-01,headline,100.2
53,Yunnan,West,2019-06-01,headline,100.1
53,Yunnan,West,2019-05-01,headline,100.2
53,Yunnan,West,2019-04-01,headline,100.2
53,Yunnan,West,2019-03-01,headline,99.9
53,Yunnan,West,2019-02-01,headline,100.5
53,Yunnan,West,2019-01-01,headline,100
53,Yunnan,West,2018-12-01,headline,99.7
53,Yunnan,West,2018-11-01,headline,100
53,Yunnan,West,2018-10-01,headline,100.6
53,Yunnan,West,2018-09-01,headline,100.7
53,Yunnan,West,2018-08-01,headline,100.3
53,Yunnan,West,2018-07-01,headline,100.2
53,Yunnan,West,2018-06-01,headline,100.1
53,Yunnan,West,2018-05-01,headline,100
53,Yunnan,West,2018-04-01,headline,100
53,Yunnan,West,2018-03-01,headline,99.4
53,Yunnan,West,2018-02-01,headline,100.7
53,Yunnan,West,2018-01-01,headline,100.2
53,Yunnan,West,2017-12-01,headline,100.1
53,Yunnan,West,2017-11-01,headline,100.2
53,Yunnan,West,2017-10-01,headline,100.2
53,Yunnan,West,2017-09-01,headline,100.2
53,Yunnan,West,2017-08-01,headline,100.1
53,Yunnan,West,2017-07-01,headline,100
53,Yunnan,West,2017-06-01,headline,99.8
53,Yunnan,West,2017-05-01,headline,100
53,Yunnan,West,2017-04-01,headline,100
53,Yunnan,West,2017-03-01,headline,99.9
53,Yunnan,West,2017-02-01,headline,100
53,Yunnan,West,2017-01-01,headline,100.4
53,Yunnan,West,2016-12-01,headline,100.2
53,Yunnan,West,2016-11-01,headline,100.2
53,Yunnan,West,2016-10-01,headline,100
53,Yunnan,West,2016-09-01,headline,100.4
53,Yunnan,West,2016-08-01,headline,99.8
53,Yunnan,West,2016-07-01,headline,99.9
53,Yunnan,West,2016-06-01,headline,99.9
53,Yunnan,West,2016-05-01,headline,99.9
53,Yunnan,West,2016-04-01,headline,100.2
53,Yunnan,West,2016-03-01,headline,100.1
53,Yunnan,West,2016-02-01,headline,100.6
53,Yunnan,West,2016-01-01,headline,100.1
33,Zhejiang,East,2020-12-01,headline,100.8
33,Zhejiang,East,2020-11-01,headline,99.3
33,Zhejiang,East,2020-10-01,headline,99.7
33,Zhejiang,East,2020-09-01,headline,100.5
33,Zhejiang,East,2020-08-01,headline,100.3
33,Zhejiang,East,2020-07-01,headline,100.8
33,Zhejiang,East,2020-06-01,headline,100.1
33,Zhejiang,East,2020-05-01,headline,99.3
33,Zhejiang,East,2020-04-01,headline,99.2
33,Zhejiang,East,2020-03-01,headline,98.7
33,Zhejiang,East,2020-02-01,headline,101
33,Zhejiang,East,2020-01-01,headline,101.4
33,Zhejiang,East,2019-12-01,headline,99.9
33,Zhejiang,East,2019-11-01,headline,100.1
33,Zhejiang,East,2019-10-01,headline,100.5
33,Zhejiang,East,2019-09-01,headline,100.7
33,Zhejiang,East,2019-08-01,headline,100.7
33,Zhejiang,East,2019-07-01,headline,100.5
33,Zhejiang,East,2019-06-01,headline,99.6
33,Zhejiang,East,2019-05-01,headline,100.1
33,Zhejiang,East,2019-04-01,headline,100.1
33,Zhejiang,East,2019-03-01,headline,99.5
33,Zhejiang,East,2019-02-01,headline,101.4
33,Zhejiang,East,2019-01-01,headline,100.6
33,Zhejiang,East,2018-12-01,headline,100
33,Zhejiang,East,2018-11-01,headline,99.3
33,Zhejiang,East,2018-10-01,headline,100.3
33,Zhejiang,East,2018-09-01,headline,100.9
33,Zhejiang,East,2018-08-01,headline,100.5
33,Zhejiang,East,2018-07-01,headline,100.3
33,Zhejiang,East,2018-06-01,headline,100.1
33,Zhejiang,East,2018-05-01,headline,99.6
33,Zhejiang,East,2018-04-01,headline,99.9
33,Zhejiang,East,2018-03-01,headline,98.7
33,Zhejiang,East,2018-02-01,headline,101.9
33,Zhejiang,East,2018-01-01,headline,100.5
33,Zhejiang,East,2017-12-01,headline,100.3
33,Zhejiang,East,2017-11-01,headline,99.8
33,Zhejiang,East,2017-10-01,headline,100.4
33,Zhejiang,East,2017-09-01,headline,100.3
33,Zhejiang,East,2017-08-01,headline,100.3
33,Zhejiang,East,2017-07-01,headline,100.3
33,Zhejiang,East,2017-06-01,headline,100
33,Zhejiang,East,2017-05-01,headline,99.9
33,Zhejiang,East,2017-04-01,headline,100.1
33,Zhejiang,East,2017-03-01,headline,99.7
33,Zhejiang,East,2017-02-01,headline,100.2
33,Zhejiang,East,2017-01-01,headline,101.1
33,Zhejiang,East,2016-12-01,headline,100
33,Zhejiang,East,2016-11-01,headline,100
33,Zhejiang,East,2016-10-01,headline,100
33,Zhejiang,East,2016-09-01,headline,100.5
33,Zhejiang,East,2016-08-01,headline,100.2
33,Zhejiang,East,2016-07-01,headline,100.5
33,Zhejiang,East,2016-06-01,headline,100.1
33,Zhejiang,East,2016-05-01,headline,99.5
33,Zhejiang,East,2016-04-01,headline,99.7
33,Zhejiang,East,2016-03-01,headline,99.5
33,Zhejiang,East,2016-02-01,headline,101.7
33,Zhejiang,East,2016-01-01,headline,100.4
34,Anhui,East,2025-12-01,headline,100.2
34,Anhui,East,2025-11-01,headline,99.8
34,Anhui,East,2025-10-01,headline,100.1
34,Anhui,East,2025-09-01,headline,100.3
34,Anhui,East,2025-08-01,headline,100.3
34,Anhui,East,2025-07-01,headline,100.4
34,Anhui,East,2025-06-01,headline,100.1
34,Anhui,East,2025-05-01,headline,100
34,Anhui,East,2025-04-01,headline,100.3
34,Anhui,East,2025-03-01,headline,99.7
34,Anhui,East,2025-02-01,headline,99.8
34,Anhui,East,2025-01-01,headline,100.8
34,Anhui,East,2024-12-01,headline,99.9
34,Anhui,East,2024-11-01,headline,99.3
34,Anhui,East,2024-10-01,headline,99.5
34,Anhui,East,2024-09-01,headline,99.9
34,Anhui,East,2024-08-01,headline,100.7
34,Anhui,East,2024-07-01,headline,100.7
34,Anhui,East,2024-06-01,headline,99.6
34,Anhui,East,2024-05-01,headline,100
34,Anhui,East,2024-04-01,headline,100.1
34,Anhui,East,2024-03-01,headline,98.9
34,Anhui,East,2024-02-01,headline,101.1
34,Anhui,East,2024-01-01,headline,100.4
34,Anhui,East,2023-12-01,headline,100.2
34,Anhui,East,2023-11-01,headline,99.4
34,Anhui,East,2023-10-01,headline,99.9
34,Anhui,East,2023-09-01,headline,100.3
34,Anhui,East,2023-08-01,headline,100.3
34,Anhui,East,2023-07-01,headline,100.1
34,Anhui,East,2023-06-01,headline,99.7
34,Anhui,East,2023-05-01,headline,99.9
34,Anhui,East,2023-04-01,headline,99.8
34,Anhui,East,2023-03-01,headline,99.7
34,Anhui,East,2023-02-01,headline,99.7
34,Anhui,East,2023-01-01,headline,101
34,Anhui,East,2022-12-01,headline,99.9
34,Anhui,East,2022-11-01,headline,99.6
34,Anhui,East,2022-10-01,headline,100.1
34,Anhui,East,2022-09-01,headline,100.4
34,Anhui,East,2022-08-01,headline,99.9
34,Anhui,East,2022-07-01,headline,100.5
34,Anhui,East,2022-06-01,headline,99.7
34,Anhui,East,2022-05-01,headline,99.6
34,Anhui,East,2022-04-01,headline,100.5
34,Anhui,East,2022-03-01,headline,100
34,Anhui,East,2022-02-01,headline,100.6
34,Anhui,East,2022-01-01,headline,100.5
34,Anhui,East,2021-12-01,headline,99.8
34,Anhui,East,2021-11-01,headline,100.4
34,Anhui,East,2021-10-01,headline,100.6
34,Anhui,East,2021-09-01,headline,100.3
34,Anhui,East,2021-08-01,headline,100.2
34,Anhui,East,2021-07-01,headline,100.3
34,Anhui,East,2021-06-01,headline,99.4
34,Anhui,East,2021-05-01,headline,100
34,Anhui,East,2021-04-01,headline,99.6
34,Anhui,East,2021-03-01,headline,99.4
34,Anhui,East,2021-02-01,headline,100.5
34,Anhui,East,2021-01-01,headline,101.2
11,Beijing,North,2025-12-01,headline,100.3
11,Beijing,North,2025-11-01,headline,99.8
11,Beijing,North,2025-10-01,headline,100.4
11,Beijing,North,2025-09-01,headline,100.1
11,Beijing,North,2025-08-01,headline,99.9
11,Beijing,North,2025-07-01,headline,100.7
11,Beijing,North,2025-06-01,headline,99.6
11,Beijing,North,2025-05-01,headline,99.8
11,Beijing,North,2025-04-01,headline,100.3
11,Beijing,North,2025-03-01,headline,99.8
11,Beijing,North,2025-02-01,headline,99.4
11,Beijing,North,2025-01-01,headline,101.2
11,Beijing,North,2024-12-01,headline,99.9
11,Beijing,North,2024-11-01,headline,99.2
11,Beijing,North,2024-10-01,headline,99.7
11,Beijing,North,2024-09-01,headline,99.9
11,Beijing,North,2024-08-01,headline,100.5
11,Beijing,North,2024-07-01,headline,100.8
11,Beijing,North,2024-06-01,headline,99.5
11,Beijing,North,2024-05-01,headline,99.6
11,Beijing,North,2024-04-01,headline,100.1
11,Beijing,North,2024-03-01,headline,98.9
11,Beijing,North,2024-02-01,headline,101
11,Beijing,North,2024-01-01,headline,100.5
11,Beijing,North,2023-12-01,headline,100.1
11,Beijing,North,2023-11-01,headline,99.6
11,Beijing,North,2023-10-01,headline,99.7
11,Beijing,North,2023-09-01,headline,100.2
11,Beijing,North,2023-08-01,headline,100.1
11,Beijing,North,2023-07-01,headline,100.4
11,Beijing,North,2023-06-01,headline,99.8
11,Beijing,North,2023-05-01,headline,100
11,Beijing,North,2023-04-01,headline,99.9
11,Beijing,North,2023-03-01,headline,99.8
11,Beijing,North,2023-02-01,headline,99.6
11,Beijing,North,2023-01-01,headline,100.4
11,Beijing,North,2022-12-01,headline,100.3
11,Beijing,North,2022-11-01,headline,99.9
11,Beijing,North,2022-10-01,headline,100.1
11,Beijing,North,2022-09-01,headline,100.1
11,Beijing,North,2022-08-01,headline,99.9
11,Beijing,North,2022-07-01,headline,100.3
11,Beijing,North,2022-06-01,headline,99.9
11,Beijing,North,2022-05-01,headline,100.1
11,Beijing,North,2022-04-01,headline,100.3
11,Beijing,North,2022-03-01,headline,100.3
11,Beijing,North,2022-02-01,headline,100.4
11,Beijing,North,2022-01-01,headline,100.2
11,Beijing,North,2021-12-01,headline,99.7
11,Beijing,North,2021-11-01,headline,100
11,Beijing,North,2021-10-01,headline,100.9
11,Beijing,North,2021-09-01,headline,99.9
11,Beijing,North,2021-08-01,headline,100.1
11,Beijing,North,2021-07-01,headline,100.7
11,Beijing,North,2021-06-01,headline,99.6
11,Beijing,North,2021-05-01,headline,99.9
11,Beijing,North,2021-04-01,headline,100
11,Beijing,North,2021-03-01,headline,99.8
11,Beijing,North,2021-02-01,headline,100.4
11,Beijing,North,2021-01-01,headline,100.7
50,Chongqing,West,2025-12-01,headline,100.4
50,Chongqing,West,2025-11-01,headline,100.2
50,Chongqing,West,2025-10-01,headline,100.2
50,Chongqing,West,2025-09-01,headline,100.3
50,Chongqing,West,2025-08-01,headline,100
50,Chongqing,West,2025-07-01,headline,100.1
50,Chongqing,West,2025-06-01,headline,99.8
50,Chongqing,West,2025-05-01,headline,100
50,Chongqing,West,2025-04-01,headline,100.2
50,Chongqing,West,2025-03-01,headline,99.8
50,Chongqing,West,2025-02-01,headline,99.9
50,Chongqing,West,2025-01-01,headline,100.6
50,Chongqing,West,2024-12-01,headline,99.7
50,Chongqing,West,2024-11-01,headline,99.4
50,Chongqing,West,2024-10-01,headline,99.9
50,Chongqing,West,2024-09-01,headline,100.2
50,Chongqing,West,2024-08-01,headline,100.3
50,Chongqing,West,2024-07-01,headline,100.5
50,Chongqing,West,2024-06-01,headline,99.8
50,Chongqing,West,2024-05-01,headline,99.8
50,Chongqing,West,2024-04-01,headline,100.4
50,Chongqing,West,2024-03-01,headline,98.8
50,Chongqing,West,2024-02-01,headline,101.1
50,Chongqing,West,2024-01-01,headline,100.1
50,Chongqing,West,2023-12-01,headline,100
50,Chongqing,West,2023-11-01,headline,99.5
50,Chongqing,West,2023-10-01,headline,100.1
50,Chongqing,West,2023-09-01,headline,100.2
50,Chongqing,West,2023-08-01,headline,100.3
50,Chongqing,West,2023-07-01,headline,100.3
50,Chongqing,West,2023-06-01,headline,99.7
50,Chongqing,West,2023-05-01,headline,100
50,Chongqing,West,2023-04-01,headline,100
50,Chongqing,West,2023-03-01,headline,99.4
50,Chongqing,West,2023-02-01,headline,99.3
50,Chongqing,West,2023-01-01,headline,100
50,Chongqing,West,2022-12-01,headline,99.7
50,Chongqing,West,2022-11-01,headline,100.4
50,Chongqing,West,2022-10-01,headline,99.9
50,Chongqing,West,2022-09-01,headline,100.5
50,Chongqing,West,2022-08-01,headline,100.1
50,Chongqing,West,2022-07-01,headline,100.9
50,Chongqing,West,2022-06-01,headline,99.8
50,Chongqing,West,2022-05-01,headline,100
50,Chongqing,West,2022-04-01,headline,100.3
50,Chongqing,West,2022-03-01,headline,99.6
50,Chongqing,West,2022-02-01,headline,101
50,Chongqing,West,2022-01-01,headline,100.5
50,Chongqing,West,2021-12-01,headline,99.5
50,Chongqing,West,2021-11-01,headline,100.6
50,Chongqing,West,2021-10-01,headline,100.6
50,Chongqing,West,2021-09-01,headline,99.8
50,Chongqing,West,2021-08-01,headline,100
50,Chongqing,West,2021-07-01,headline,100.2
50,Chongqing,West,2021-06-01,headline,99.5
50,Chongqing,West,2021-05-01,headline,100
50,Chongqing,West,2021-04-01,headline,100
50,Chongqing,West,2021-03-01,headline,99.5
50,Chongqing,West,2021-02-01,headline,100.4
50,Chongqing,West,2021-01-01,headline,100.9
35,Fujian,East,2025-12-01,headline,99.9
35,Fujian,East,2025-11-01,headline,99.8
35,Fujian,East,2025-10-01,headline,100.2
35,Fujian,East,2025-09-01,headline,100
35,Fujian,East,2025-08-01,headline,100.1
35,Fujian,East,2025-07-01,headline,100.3
35,Fujian,East,2025-06-01,headline,99.9
35,Fujian,East,2025-05-01,headline,99.9
35,Fujian,East,2025-04-01,headline,100.2
35,Fujian,East,2025-03-01,headline,99.5
35,Fujian,East,2025-02-01,headline,99.8
35,Fujian,East,2025-01-01,headline,100.6
35,Fujian,East,2024-12-01,headline,100
35,Fujian,East,2024-11-01,headline,99.3
35,Fujian,East,2024-10-01,headline,100
35,Fujian,East,2024-09-01,headline,99.9
35,Fujian,East,2024-08-01,headline,100.3
35,Fujian,East,2024-07-01,headline,100.5
35,Fujian,East,2024-06-01,headline,99.9
35,Fujian,East,2024-05-01,headline,100
35,Fujian,East,2024-04-01,headline,100.1
35,Fujian,East,2024-03-01,headline,99.2
35,Fujian,East,2024-02-01,headline,101.1
35,Fujian,East,2024-01-01,headline,100.1
35,Fujian,East,2023-12-01,headline,99.9
35,Fujian,East,2023-11-01,headline,99.3
35,Fujian,East,2023-10-01,headline,99.9
35,Fujian,East,2023-09-01,headline,100.1
35,Fujian,East,2023-08-01,headline,100.2
35,Fujian,East,2023-07-01,headline,100.2
35,Fujian,East,2023-06-01,headline,99.7
35,Fujian,East,2023-05-01,headline,99.9
35,Fujian,East,2023-04-01,headline,100
35,Fujian,East,2023-03-01,headline,99.6
35,Fujian,East,2023-02-01,headline,99.4
35,Fujian,East,2023-01-01,headline,100.7
35,Fujian,East,2022-12-01,headline,99.9
35,Fujian,East,2022-11-01,headline,99.9
35,Fujian,East,2022-10-01,headline,100.1
35,Fujian,East,2022-09-01,headline,100.3
35,Fujian,East,2022-08-01,headline,99.7
35,Fujian,East,2022-07-01,headline,100.4
35,Fujian,East,2022-06-01,headline,100.4
35,Fujian,East,2022-05-01,headline,100
35,Fujian,East,2022-04-01,headline,100.3
35,Fujian,East,2022-03-01,headline,99.8
35,Fujian,East,2022-02-01,headline,101
35,Fujian,East,2022-01-01,headline,100.4
35,Fujian,East,2021-12-01,headline,99.4
35,Fujian,East,2021-11-01,headline,100.4
35,Fujian,East,2021-10-01,headline,100.5
35,Fujian,East,2021-09-01,headline,100.1
35,Fujian,East,2021-08-01,headline,100.2
35,Fujian,East,2021-07-01,headline,100.1
35,Fujian,East,2021-06-01,headline,99.7
35,Fujian,East,2021-05-01,headline,99.9
35,Fujian,East,2021-04-01,headline,99.7
35,Fujian,East,2021-03-01,headline,99.5
35,Fujian,East,2021-02-01,headline,100.5
35,Fujian,East,2021-01-01,headline,101.1
62,Gansu,West,2025-12-01,headline,100.4
62,Gansu,West,2025-11-01,headline,100.1
62,Gansu,West,2025-10-01,headline,100.1
62,Gansu,West,2025-09-01,headline,100
62,Gansu,West,2025-08-01,headline,99.9
62,Gansu,West,2025-07-01,headline,100.2
62,Gansu,West,2025-06-01,headline,100.3
62,Gansu,West,2025-05-01,headline,99.8
62,Gansu,West,2025-04-01,headline,100
62,Gansu,West,2025-03-01,headline,99.6
62,Gansu,West,2025-02-01,headline,100
62,Gansu,West,2025-01-01,headline,100.5
62,Gansu,West,2024-12-01,headline,100
62,Gansu,West,2024-11-01,headline,99.4
62,Gansu,West,2024-10-01,headline,99.9
62,Gansu,West,2024-09-01,headline,100
62,Gansu,West,2024-08-01,headline,100.5
62,Gansu,West,2024-07-01,headline,100.3
62,Gansu,West,2024-06-01,headline,99.8
62,Gansu,West,2024-05-01,headline,99.8
62,Gansu,West,2024-04-01,headline,99.9
62,Gansu,West,2024-03-01,headline,99.5
62,Gansu,West,2024-02-01,headline,100.7
62,Gansu,West,2024-01-01,headline,100.3
62,Gansu,West,2023-12-01,headline,100.3
62,Gansu,West,2023-11-01,headline,99.5
62,Gansu,West,2023-10-01,headline,100.1
62,Gansu,West,2023-09-01,headline,100.1
62,Gansu,West,2023-08-01,headline,100.1
62,Gansu,West,2023-07-01,headline,100.2
62,Gansu,West,2023-06-01,headline,99.9
62,Gansu,West,2023-05-01,headline,100
62,Gansu,West,2023-04-01,headline,99.8
62,Gansu,West,2023-03-01,headline,99.6
62,Gansu,West,2023-02-01,headline,99.8
62,Gansu,West,2023-01-01,headline,100.6
62,Gansu,West,2022-12-01,headline,99.9
62,Gansu,West,2022-11-01,headline,100.2
62,Gansu,West,2022-10-01,headline,100.2
62,Gansu,West,2022-09-01,headline,100.1
62,Gansu,West,2022-08-01,headline,99.8
62,Gansu,West,2022-07-01,headline,100.7
62,Gansu,West,2022-06-01,headline,100.2
62,Gansu,West,2022-05-01,headline,99.9
62,Gansu,West,2022-04-01,headline,100.1
62,Gansu,West,2022-03-01,headline,100
62,Gansu,West,2022-02-01,headline,100.6
62,Gansu,West,2022-01-01,headline,100.3
62,Gansu,West,2021-12-01,headline,99.7
62,Gansu,West,2021-11-01,headline,100.6
62,Gansu,West,2021-10-01,headline,100.9
62,Gansu,West,2021-09-01,headline,100
62,Gansu,West,2021-08-01,headline,100
62,Gansu,West,2021-07-01,headline,100.2
62,Gansu,West,2021-06-01,headline,99.7
62,Gansu,West,2021-05-01,headline,99.7
62,Gansu,West,2021-04-01,headline,99.7
62,Gansu,West,2021-03-01,headline,99.4
62,Gansu,West,2021-02-01,headline,100.3
62,Gansu,West,2021-01-01,headline,100.9
44,Guangdong,South,2025-12-01,headline,99.9
44,Guangdong,South,2025-11-01,headline,99.6
44,Guangdong,South,2025-10-01,headline,100.2
44,Guangdong,South,2025-09-01,headline,100
44,Guangdong,South,2025-08-01,headline,100.1
44,Guangdong,South,2025-07-01,headline,100.5
44,Guangdong,South,2025-06-01,headline,99.8
44,Guangdong,South,2025-05-01,headline,99.9
44,Guangdong,South,2025-04-01,headline,100.3
44,Guangdong,South,2025-03-01,headline,99.6
44,Guangdong,South,2025-02-01,headline,99.5
44,Guangdong,South,2025-01-01,headline,100.9
44,Guangdong,South,2024-12-01,headline,99.9
44,Guangdong,South,2024-11-01,headline,99.5
44,Guangdong,South,2024-10-01,headline,99.8
44,Guangdong,South,2024-09-01,headline,100
44,Guangdong,South,2024-08-01,headline,100
44,Guangdong,South,2024-07-01,headline,100.3
44,Guangdong,South,2024-06-01,headline,99.8
44,Guangdong,South,2024-05-01,headline,99.9
44,Guangdong,South,2024-04-01,headline,100.2
44,Guangdong,South,2024-03-01,headline,99
44,Guangdong,South,2024-02-01,headline,101.1
44,Guangdong,South,2024-01-01,headline,100.1
44,Guangdong,South,2023-12-01,headline,99.9
44,Guangdong,South,2023-11-01,headline,99.5
44,Guangdong,South,2023-10-01,headline,100
44,Guangdong,South,2023-09-01,headline,100.3
44,Guangdong,South,2023-08-01,headline,100.2
44,Guangdong,South,2023-07-01,headline,100.4
44,Guangdong,South,2023-06-01,headline,99.9
44,Guangdong,South,2023-05-01,headline,99.7
44,Guangdong,South,2023-04-01,headline,100.1
44,Guangdong,South,2023-03-01,headline,99.7
44,Guangdong,South,2023-02-01,headline,99.1
44,Guangdong,South,2023-01-01,headline,101
44,Guangdong,South,2022-12-01,headline,100.1
44,Guangdong,South,2022-11-01,headline,99.8
44,Guangdong,South,2022-10-01,headline,100.1
44,Guangdong,South,2022-09-01,headline,100.3
44,Guangdong,South,2022-08-01,headline,99.7
44,Guangdong,South,2022-07-01,headline,100.2
44,Guangdong,South,2022-06-01,headline,100.6
44,Guangdong,South,2022-05-01,headline,100
44,Guangdong,South,2022-04-01,headline,100.3
44,Guangdong,South,2022-03-01,headline,99.7
44,Guangdong,South,2022-02-01,headline,101
44,Guangdong,South,2022-01-01,headline,100.5
44,Guangdong,South,2021-12-01,headline,99.6
44,Guangdong,South,2021-11-01,headline,100
44,Guangdong,South,2021-10-01,headline,100.7
44,Guangdong,South,2021-09-01,headline,100.2
44,Guangdong,South,2021-08-01,headline,100
44,Guangdong,South,2021-07-01,headline,100.4
44,Guangdong,South,2021-06-01,headline,99.8
44,Guangdong,South,2021-05-01,headline,100
44,Guangdong,South,2021-04-01,headline,99.9
44,Guangdong,South,2021-03-01,headline,99.4
44,Guangdong,South,2021-02-01,headline,101.2
44,Guangdong,South,2021-01-01,headline,100.6
45,Guangxi,South,2025-12-01,headline,99.9
45,Guangxi,South,2025-11-01,headline,99.9
45,Guangxi,South,2025-10-01,headline,100.2
45,Guangxi,South,2025-09-01,headline,100.1
45,Guangxi,South,2025-08-01,headline,100.3
45,Guangxi,South,2025-07-01,headline,100.4
45,Guangxi,South,2025-06-01,headline,99.8
45,Guangxi,South,2025-05-01,headline,99.8
45,Guangxi,South,2025-04-01,headline,100
45,Guangxi,South,2025-03-01,headline,99.7
45,Guangxi,South,2025-02-01,headline,99.8
45,Guangxi,South,2025-01-01,headline,100.4
45,Guangxi,South,2024-12-01,headline,100
45,Guangxi,South,2024-11-01,headline,99.5
45,Guangxi,South,2024-10-01,headline,99.8
45,Guangxi,South,2024-09-01,headline,100
45,Guangxi,South,2024-08-01,headline,100.1
45,Guangxi,South,2024-07-01,headline,100.3
45,Guangxi,South,2024-06-01,headline,99.8
45,Guangxi,South,2024-05-01,headline,99.9
45,Guangxi,South,2024-04-01,headline,100.5
45,Guangxi,South,2024-03-01,headline,99
45,Guangxi,South,2024-02-01,headline,101.1
45,Guangxi,South,2024-01-01,headline,100.1
45,Guangxi,South,2023-12-01,headline,99.9
45,Guangxi,South,2023-11-01,headline,99.5
45,Guangxi,South,2023-10-01,headline,100
45,Guangxi,South,2023-09-01,headline,100.5
45,Guangxi,South,2023-08-01,headline,100.3
45,Guangxi,South,2023-07-01,headline,100.1
45,Guangxi,South,2023-06-01,headline,99.5
45,Guangxi,South,2023-05-01,headline,99.8
45,Guangxi,South,2023-04-01,headline,100
45,Guangxi,South,2023-03-01,headline,99.7
45,Guangxi,South,2023-02-01,headline,99.3
45,Guangxi,South,2023-01-01,headline,100.5
45,Guangxi,South,2022-12-01,headline,100
45,Guangxi,South,2022-11-01,headline,99.7
45,Guangxi,South,2022-10-01,headline,100.1
45,Guangxi,South,2022-09-01,headline,100.4
45,Guangxi,South,2022-08-01,headline,99.7
45,Guangxi,South,2022-07-01,headline,100.3
45,Guangxi,South,2022-06-01,headline,100.1
45,Guangxi,South,2022-05-01,headline,100.1
45,Guangxi,South,2022-04-01,headline,100.4
45,Guangxi,South,2022-03-01,headline,99.8
45,Guangxi,South,2022-02-01,headline,101
45,Guangxi,South,2022-01-01,headline,100.1
45,Guangxi,South,2021-12-01,headline,99.6
45,Guangxi,South,2021-11-01,headline,100.5
45,Guangxi,South,2021-10-01,headline,100.6
45,Guangxi,South,2021-09-01,headline,100.4
45,Guangxi,South,2021-08-01,headline,100.1
45,Guangxi,South,2021-07-01,headline,100.1
45,Guangxi,South,2021-06-01,headline,99.4
45,Guangxi,South,2021-05-01,headline,99.8
45,Guangxi,South,2021-04-01,headline,99.8
45,Guangxi,South,2021-03-01,headline,99.7
45,Guangxi,South,2021-02-01,headline,100.7
45,Guangxi,South,2021-01-01,headline,100.7
52,Guizhou,West,2025-12-01,headline,100.1
52,Guizhou,West,2025-11-01,headline,99.9
52,Guizhou,West,2025-10-01,headline,100
52,Guizhou,West,2025-09-01,headline,99.9
52,Guizhou,West,2025-08-01,headline,100.1
52,Guizhou,West,2025-07-01,headline,100.5
52,Guizhou,West,2025-06-01,headline,99.9
52,Guizhou,West,2025-05-01,headline,99.8
52,Guizhou,West,2025-04-01,headline,99.9
52,Guizhou,West,2025-03-01,headline,99.5
52,Guizhou,West,2025-02-01,headline,100.1
52,Guizhou,West,2025-01-01,headline,100.6
52,Guizhou,West,2024-12-01,headline,99.9
52,Guizhou,West,2024-11-01,headline,99.6
52,Guizhou,West,2024-10-01,headline,100
52,Guizhou,West,2024-09-01,headline,99.7
52,Guizhou,West,2024-08-01,headline,100.5
52,Guizhou,West,2024-07-01,headline,100.5
52,Guizhou,West,2024-06-01,headline,99.7
52,Guizhou,West,2024-05-01,headline,100
52,Guizhou,West,2024-04-01,headline,100.1
52,Guizhou,West,2024-03-01,headline,99.2
52,Guizhou,West,2024-02-01,headline,100.8
52,Guizhou,West,2024-01-01,headline,100.1
52,Guizhou,West,2023-12-01,headline,99.9
52,Guizhou,West,2023-11-01,headline,99.6
52,Guizhou,West,2023-10-01,headline,100.1
52,Guizhou,West,2023-09-01,headline,100.2
52,Guizhou,West,2023-08-01,headline,100.3
52,Guizhou,West,2023-07-01,headline,99.9
52,Guizhou,West,2023-06-01,headline,99.8
52,Guizhou,West,2023-05-01,headline,100.1
52,Guizhou,West,2023-04-01,headline,99.8
52,Guizhou,West,2023-03-01,headline,99.6
52,Guizhou,West,2023-02-01,headline,99.4
52,Guizhou,West,2023-01-01,headline,100.6
52,Guizhou,West,2022-12-01,headline,99.7
52,Guizhou,West,2022-11-01,headline,99.6
52,Guizhou,West,2022-10-01,headline,99.6
52,Guizhou,West,2022-09-01,headline,101
52,Guizhou,West,2022-08-01,headline,100
52,Guizhou,West,2022-07-01,headline,100.2
52,Guizhou,West,2022-06-01,headline,100.2
52,Guizhou,West,2022-05-01,headline,100
52,Guizhou,West,2022-04-01,headline,100.1
52,Guizhou,West,2022-03-01,headline,99.8
52,Guizhou,West,2022-02-01,headline,100.8
52,Guizhou,West,2022-01-01,headline,100.2
52,Guizhou,West,2021-12-01,headline,99.6
52,Guizhou,West,2021-11-01,headline,100.6
52,Guizhou,West,2021-10-01,headline,100.7
52,Guizhou,West,2021-09-01,headline,99.9
52,Guizhou,West,2021-08-01,headline,100
52,Guizhou,West,2021-07-01,headline,100.3
52,Guizhou,West,2021-06-01,headline,99.5
52,Guizhou,West,2021-05-01,headline,99.7
52,Guizhou,West,2021-04-01,headline,99.7
52,Guizhou,West,2021-03-01,headline,99.6
52,Guizhou,West,2021-02-01,headline,100.5
52,Guizhou,West,2021-01-01,headline,100.8
46,Hainan,South,2025-12-01,headline,100
46,Hainan,South,2025-11-01,headline,100.1
46,Hainan,South,2025-10-01,headline,100.4
46,Hainan,South,2025-09-01,headline,99.8
46,Hainan,South,2025-08-01,headline,100.1
46,Hainan,South,2025-07-01,headline,100.3
46,Hainan,South,2025-06-01,headline,100
46,Hainan,South,2025-05-01,headline,99.7
46,Hainan,South,2025-04-01,headline,100.1
46,Hainan,South,2025-03-01,headline,99.1
46,Hainan,South,2025-02-01,headline,100.1
46,Hainan,South,2025-01-01,headline,101
46,Hainan,South,2024-12-01,headline,100
46,Hainan,South,2024-11-01,headline,99.5
46,Hainan,South,2024-10-01,headline,99.5
46,Hainan,South,2024-09-01,headline,100.1
46,Hainan,South,2024-08-01,headline,100.2
46,Hainan,South,2024-07-01,headline,100.6
46,Hainan,South,2024-06-01,headline,99.5
46,Hainan,South,2024-05-01,headline,99.8
46,Hainan,South,2024-04-01,headline,100.2
46,Hainan,South,2024-03-01,headline,98.5
46,Hainan,South,2024-02-01,headline,101.4
46,Hainan,South,2024-01-01,headline,100.4
46,Hainan,South,2023-12-01,headline,100.2
46,Hainan,South,2023-11-01,headline,99.6
46,Hainan,South,2023-10-01,headline,100.3
46,Hainan,South,2023-09-01,headline,99.9
46,Hainan,South,2023-08-01,headline,100.2
46,Hainan,South,2023-07-01,headline,100.4
46,Hainan,South,2023-06-01,headline,99.6
46,Hainan,South,2023-05-01,headline,99.9
46,Hainan,South,2023-04-01,headline,99.7
46,Hainan,South,2023-03-01,headline,99.3
46,Hainan,South,2023-02-01,headline,98.8
46,Hainan,South,2023-01-01,headline,101.9
46,Hainan,South,2022-12-01,headline,100.5
46,Hainan,South,2022-11-01,headline,99.7
46,Hainan,South,2022-10-01,headline,99.5
46,Hainan,South,2022-09-01,headline,99.6
46,Hainan,South,2022-08-01,headline,100.7
46,Hainan,South,2022-07-01,headline,100.4
46,Hainan,South,2022-06-01,headline,100.2
46,Hainan,South,2022-05-01,headline,99.8
46,Hainan,South,2022-04-01,headline,100.3
46,Hainan,South,2022-03-01,headline,99.2
46,Hainan,South,2022-02-01,headline,101.6
46,Hainan,South,2022-01-01,headline,100.3
46,Hainan,South,2021-12-01,headline,99.6
46,Hainan,South,2021-11-01,headline,99.7
46,Hainan,South,2021-10-01,headline,101.2
46,Hainan,South,2021-09-01,headline,100.1
46,Hainan,South,2021-08-01,headline,99.9
46,Hainan,South,2021-07-01,headline,100.2
46,Hainan,South,2021-06-01,headline,99.5
46,Hainan,South,2021-05-01,headline,99.8
46,Hainan,South,2021-04-01,headline,100
46,Hainan,South,2021-03-01,headline,99.1
46,Hainan,South,2021-02-01,headline,101
46,Hainan,South,2021-01-01,headline,100.6
13,Hebei,North,2025-12-01,headline,100.5
13,Hebei,North,2025-11-01,headline,100.3
13,Hebei,North,2025-10-01,headline,100.3
13,Hebei,North,2025-09-01,headline,100.2
13,Hebei,North,2025-08-01,headline,100.2
13,Hebei,North,2025-07-01,headline,100.3
13,Hebei,North,2025-06-01,headline,99.9
13,Hebei,North,2025-05-01,headline,99.6
13,Hebei,North,2025-04-01,headline,100
13,Hebei,North,2025-03-01,headline,99.6
13,Hebei,North,2025-02-01,headline,100.1
13,Hebei,North,2025-01-01,headline,100.7
13,Hebei,North,2024-12-01,headline,99.8
13,Hebei,North,2024-11-01,headline,99.5
13,Hebei,North,2024-10-01,headline,99.5
13,Hebei,North,2024-09-01,headline,100.1
13,Hebei,North,2024-08-01,headline,100.7
13,Hebei,North,2024-07-01,headline,100.6
13,Hebei,North,2024-06-01,headline,99.7
13,Hebei,North,2024-05-01,headline,99.8
13,Hebei,North,2024-04-01,headline,99.7
13,Hebei,North,2024-03-01,headline,99.1
13,Hebei,North,2024-02-01,headline,100.7
13,Hebei,North,2024-01-01,headline,100.3
13,Hebei,North,2023-12-01,headline,100.5
13,Hebei,North,2023-11-01,headline,99.8
13,Hebei,North,2023-10-01,headline,99.8
13,Hebei,North,2023-09-01,headline,100.1
13,Hebei,North,2023-08-01,headline,100.4
13,Hebei,North,2023-07-01,headline,100
13,Hebei,North,2023-06-01,headline,99.9
13,Hebei,North,2023-05-01,headline,99.7
13,Hebei,North,2023-04-01,headline,99.7
13,Hebei,North,2023-03-01,headline,99.8
13,Hebei,North,2023-02-01,headline,99.9
13,Hebei,North,2023-01-01,headline,100.6
13,Hebei,North,2022-12-01,headline,100.2
13,Hebei,North,2022-11-01,headline,100.2
13,Hebei,North,2022-10-01,headline,100
13,Hebei,North,2022-09-01,headline,100.4
13,Hebei,North,2022-08-01,headline,99.9
13,Hebei,North,2022-07-01,headline,100.4
13,Hebei,North,2022-06-01,headline,99.8
13,Hebei,North,2022-05-01,headline,99.6
13,Hebei,North,2022-04-01,headline,100.1
13,Hebei,North,2022-03-01,headline,100.1
13,Hebei,North,2022-02-01,headline,100.3
13,Hebei,North,2022-01-01,headline,100.6
13,Hebei,North,2021-12-01,headline,99.9
13,Hebei,North,2021-11-01,headline,100.5
13,Hebei,North,2021-10-01,headline,101
13,Hebei,North,2021-09-01,headline,100
13,Hebei,North,2021-08-01,headline,100.1
13,Hebei,North,2021-07-01,headline,100.3
13,Hebei,North,2021-06-01,headline,99.5
13,Hebei,North,2021-05-01,headline,99.7
13,Hebei,North,2021-04-01,headline,99.6
13,Hebei,North,2021-03-01,headline,99.4
13,Hebei,North,2021-02-01,headline,100.3
13,Hebei,North,2021-01-01,headline,101.2
23,Heilongjiang,Northeast,2025-12-01,headline,100.5
23,Heilongjiang,Northeast,2025-11-01,headline,100.5
23,Heilongjiang,Northeast,2025-10-01,headline,100.6
23,Heilongjiang,Northeast,2025-09-01,headline,100
23,Heilongjiang,Northeast,2025-08-01,headline,100.1
23,Heilongjiang,Northeast,2025-07-01,headline,100.2
23,Heilongjiang,Northeast,2025-06-01,headline,99.8
23,Heilongjiang,Northeast,2025-05-01,headline,99.7
23,Heilongjiang,Northeast,2025-04-01,headline,100.2
23,Heilongjiang,Northeast,2025-03-01,headline,99.2
23,Heilongjiang,Northeast,2025-02-01,headline,100
23,Heilongjiang,Northeast,2025-01-01,headline,100.8
23,Heilongjiang,Northeast,2024-12-01,headline,100.3
23,Heilongjiang,Northeast,2024-11-01,headline,99.7
23,Heilongjiang,Northeast,2024-10-01,headline,99.6
23,Heilongjiang,Northeast,2024-09-01,headline,100
23,Heilongjiang,Northeast,2024-08-01,headline,100.5
23,Heilongjiang,Northeast,2024-07-01,headline,100.4
23,Heilongjiang,Northeast,2024-06-01,headline,99.7
23,Heilongjiang,Northeast,2024-05-01,headline,99.7
23,Heilongjiang,Northeast,2024-04-01,headline,99.8
23,Heilongjiang,Northeast,2024-03-01,headline,98.8
23,Heilongjiang,Northeast,2024-02-01,headline,100.9
23,Heilongjiang,Northeast,2024-01-01,headline,100.4
23,Heilongjiang,Northeast,2023-12-01,headline,100.6
23,Heilongjiang,Northeast,2023-11-01,headline,100.1
23,Heilongjiang,Northeast,2023-10-01,headline,99.8
23,Heilongjiang,Northeast,2023-09-01,headline,99.9
23,Heilongjiang,Northeast,2023-08-01,headline,100.7
23,Heilongjiang,Northeast,2023-07-01,headline,100.2
23,Heilongjiang,Northeast,2023-06-01,headline,99.7
23,Heilongjiang,Northeast,2023-05-01,headline,99.9
23,Heilongjiang,Northeast,2023-04-01,headline,99.5
23,Heilongjiang,Northeast,2023-03-01,headline,99.6
23,Heilongjiang,Northeast,2023-02-01,headline,99.6
23,Heilongjiang,Northeast,2023-01-01,headline,100.9
23,Heilongjiang,Northeast,2022-12-01,headline,100.3
23,Heilongjiang,Northeast,2022-11-01,headline,100.3
23,Heilongjiang,Northeast,2022-10-01,headline,100.2
23,Heilongjiang,Northeast,2022-09-01,headline,100.1
23,Heilongjiang,Northeast,2022-08-01,headline,99.8
23,Heilongjiang,Northeast,2022-07-01,headline,100.2
23,Heilongjiang,Northeast,2022-06-01,headline,99.9
23,Heilongjiang,Northeast,2022-05-01,headline,99.7
23,Heilongjiang,Northeast,2022-04-01,headline,100.2
23,Heilongjiang,Northeast,2022-03-01,headline,100
23,Heilongjiang,Northeast,2022-02-01,headline,100.5
23,Heilongjiang,Northeast,2022-01-01,headline,100.4
23,Heilongjiang,Northeast,2021-12-01,headline,99.8
23,Heilongjiang,Northeast,2021-11-01,headline,101.1
23,Heilongjiang,Northeast,2021-10-01,headline,100.9
23,Heilongjiang,Northeast,2021-09-01,headline,99.9
23,Heilongjiang,Northeast,2021-08-01,headline,100.1
23,Heilongjiang,Northeast,2021-07-01,headline,100.3
23,Heilongjiang,Northeast,2021-06-01,headline,99.3
23,Heilongjiang,Northeast,2021-05-01,headline,99.6
23,Heilongjiang,Northeast,2021-04-01,headline,99.4
23,Heilongjiang,Northeast,2021-03-01,headline,99.4
23,Heilongjiang,Northeast,2021-02-01,headline,100.4
23,Heilongjiang,Northeast,2021-01-01,headline,101.1
41,Henan,Central,2025-12-01,headline,100.4
41,Henan,Central,2025-11-01,headline,100.1
41,Henan,Central,2025-10-01,headline,100.1
41,Henan,Central,2025-09-01,headline,100.3
41,Henan,Central,2025-08-01,headline,100.1
41,Henan,Central,2025-07-01,headline,100.4
41,Henan,Central,2025-06-01,headline,99.8
41,Henan,Central,2025-05-01,headline,99.7
41,Henan,Central,2025-04-01,headline,100
41,Henan,Central,2025-03-01,headline,99.7
41,Henan,Central,2025-02-01,headline,99.8
41,Henan,Central,2025-01-01,headline,100.6
41,Henan,Central,2024-12-01,headline,100
41,Henan,Central,2024-11-01,headline,99.2
41,Henan,Central,2024-10-01,headline,99.6
41,Henan,Central,2024-09-01,headline,100.2
41,Henan,Central,2024-08-01,headline,100.6
41,Henan,Central,2024-07-01,headline,100.5
41,Henan,Central,2024-06-01,headline,99.7
41,Henan,Central,2024-05-01,headline,99.5
41,Henan,Central,2024-04-01,headline,100
41,Henan,Central,2024-03-01,headline,99.2
41,Henan,Central,2024-02-01,headline,101.1
41,Henan,Central,2024-01-01,headline,100.3
41,Henan,Central,2023-12-01,headline,100.4
41,Henan,Central,2023-11-01,headline,99.5
41,Henan,Central,2023-10-01,headline,99.8
41,Henan,Central,2023-09-01,headline,100.3
41,Henan,Central,2023-08-01,headline,100.3
41,Henan,Central,2023-07-01,headline,99.9
41,Henan,Central,2023-06-01,headline,99.8
41,Henan,Central,2023-05-01,headline,99.7
41,Henan,Central,2023-04-01,headline,99.7
41,Henan,Central,2023-03-01,headline,99.9
41,Henan,Central,2023-02-01,headline,99.7
41,Henan,Central,2023-01-01,headline,100.5
41,Henan,Central,2022-12-01,headline,99.8
41,Henan,Central,2022-11-01,headline,99.8
41,Henan,Central,2022-10-01,headline,100.3
41,Henan,Central,2022-09-01,headline,100.3
41,Henan,Central,2022-08-01,headline,99.9
41,Henan,Central,2022-07-01,headline,100.6
41,Henan,Central,2022-06-01,headline,99.7
41,Henan,Central,2022-05-01,headline,99.7
41,Henan,Central,2022-04-01,headline,100.2
41,Henan,Central,2022-03-01,headline,100.1
41,Henan,Central,2022-02-01,headline,100.2
41,Henan,Central,2022-01-01,headline,100.5
41,Henan,Central,2021-12-01,headline,99.9
41,Henan,Central,2021-11-01,headline,100.7
41,Henan,Central,2021-10-01,headline,100.5
41,Henan,Central,2021-09-01,headline,99.8
41,Henan,Central,2021-08-01,headline,100.4
41,Henan,Central,2021-07-01,headline,100.3
41,Henan,Central,2021-06-01,headline,99.5
41,Henan,Central,2021-05-01,headline,99.6
41,Henan,Central,2021-04-01,headline,99.6
41,Henan,Central,2021-03-01,headline,99.3
41,Henan,Central,2021-02-01,headline,100.4
41,Henan,Central,2021-01-01,headline,101.2
42,Hubei,Central,2025-12-01,headline,100.2
42,Hubei,Central,2025-11-01,headline,99.9
42,Hubei,Central,2025-10-01,headline,99.9
42,Hubei,Central,2025-09-01,headline,100.2
42,Hubei,Central,2025-08-01,headline,99.9
42,Hubei,Central,2025-07-01,headline,100.3
42,Hubei,Central,2025-06-01,headline,100
42,Hubei,Central,2025-05-01,headline,100
42,Hubei,Central,2025-04-01,headline,100
42,Hubei,Central,2025-03-01,headline,99.7
42,Hubei,Central,2025-02-01,headline,100.1
42,Hubei,Central,2025-01-01,headline,100.4
42,Hubei,Central,2024-12-01,headline,99.9
42,Hubei,Central,2024-11-01,headline,99.4
42,Hubei,Central,2024-10-01,headline,99.8
42,Hubei,Central,2024-09-01,headline,100.3
42,Hubei,Central,2024-08-01,headline,100.2
42,Hubei,Central,2024-07-01,headline,100.4
42,Hubei,Central,2024-06-01,headline,99.9
42,Hubei,Central,2024-05-01,headline,99.9
42,Hubei,Central,2024-04-01,headline,100
42,Hubei,Central,2024-03-01,headline,98.9
42,Hubei,Central,2024-02-01,headline,101.3
42,Hubei,Central,2024-01-01,headline,100.1
42,Hubei,Central,2023-12-01,headline,100
42,Hubei,Central,2023-11-01,headline,99.6
42,Hubei,Central,2023-10-01,headline,100.1
42,Hubei,Central,2023-09-01,headline,100.4
42,Hubei,Central,2023-08-01,headline,100.3
42,Hubei,Central,2023-07-01,headline,100.2
42,Hubei,Central,2023-06-01,headline,99.7
42,Hubei,Central,2023-05-01,headline,99.8
42,Hubei,Central,2023-04-01,headline,99.8
42,Hubei,Central,2023-03-01,headline,99.6
42,Hubei,Central,2023-02-01,headline,99.6
42,Hubei,Central,2023-01-01,headline,100.6
42,Hubei,Central,2022-12-01,headline,99.6
42,Hubei,Central,2022-11-01,headline,99.6
42,Hubei,Central,2022-10-01,headline,99.9
42,Hubei,Central,2022-09-01,headline,100.9
42,Hubei,Central,2022-08-01,headline,100
42,Hubei,Central,2022-07-01,headline,100.5
42,Hubei,Central,2022-06-01,headline,100.2
42,Hubei,Central,2022-05-01,headline,100.1
42,Hubei,Central,2022-04-01,headline,100.2
42,Hubei,Central,2022-03-01,headline,100.1
42,Hubei,Central,2022-02-01,headline,100.6
42,Hubei,Central,2022-01-01,headline,100.3
42,Hubei,Central,2021-12-01,headline,99.8
42,Hubei,Central,2021-11-01,headline,100.3
42,Hubei,Central,2021-10-01,headline,100.4
42,Hubei,Central,2021-09-01,headline,100.2
42,Hubei,Central,2021-08-01,headline,100
42,Hubei,Central,2021-07-01,headline,100.2
42,Hubei,Central,2021-06-01,headline,99.7
42,Hubei,Central,2021-05-01,headline,99.9
42,Hubei,Central,2021-04-01,headline,99.7
42,Hubei,Central,2021-03-01,headline,99.5
42,Hubei,Central,2021-02-01,headline,100.7
42,Hubei,Central,2021-01-01,headline,101
43,Hunan,Central,2025-12-01,headline,100.1
43,Hunan,Central,2025-11-01,headline,99.9
43,Hunan,Central,2025-10-01,headline,100.1
43,Hunan,Central,2025-09-01,headline,100.2
43,Hunan,Central,2025-08-01,headline,100
43,Hunan,Central,2025-07-01,headline,100.4
43,Hunan,Central,2025-06-01,headline,100
43,Hunan,Central,2025-05-01,headline,99.8
43,Hunan,Central,2025-04-01,headline,100.2
43,Hunan,Central,2025-03-01,headline,99.6
43,Hunan,Central,2025-02-01,headline,100
43,Hunan,Central,2025-01-01,headline,100.6
43,Hunan,Central,2024-12-01,headline,99.8
43,Hunan,Central,2024-11-01,headline,99.4
43,Hunan,Central,2024-10-01,headline,99.9
43,Hunan,Central,2024-09-01,headline,99.8
43,Hunan,Central,2024-08-01,headline,100.3
43,Hunan,Central,2024-07-01,headline,100.4
43,Hunan,Central,2024-06-01,headline,99.8
43,Hunan,Central,2024-05-01,headline,100
43,Hunan,Central,2024-04-01,headline,100.1
43,Hunan,Central,2024-03-01,headline,99.3
43,Hunan,Central,2024-02-01,headline,101.1
43,Hunan,Central,2024-01-01,headline,100.1
43,Hunan,Central,2023-12-01,headline,99.9
43,Hunan,Central,2023-11-01,headline,99.6
43,Hunan,Central,2023-10-01,headline,100
43,Hunan,Central,2023-09-01,headline,100.3
43,Hunan,Central,2023-08-01,headline,100.4
43,Hunan,Central,2023-07-01,headline,100.1
43,Hunan,Central,2023-06-01,headline,99.8
43,Hunan,Central,2023-05-01,headline,100
43,Hunan,Central,2023-04-01,headline,100
43,Hunan,Central,2023-03-01,headline,99.7
43,Hunan,Central,2023-02-01,headline,99.6
43,Hunan,Central,2023-01-01,headline,100.4
43,Hunan,Central,2022-12-01,headline,99.5
43,Hunan,Central,2022-11-01,headline,99.8
43,Hunan,Central,2022-10-01,headline,100.1
43,Hunan,Central,2022-09-01,headline,100.4
43,Hunan,Central,2022-08-01,headline,100
43,Hunan,Central,2022-07-01,headline,100.5
43,Hunan,Central,2022-06-01,headline,100.3
43,Hunan,Central,2022-05-01,headline,100
43,Hunan,Central,2022-04-01,headline,100.1
43,Hunan,Central,2022-03-01,headline,100
43,Hunan,Central,2022-02-01,headline,100.6
43,Hunan,Central,2022-01-01,headline,100.1
43,Hunan,Central,2021-12-01,headline,99.6
43,Hunan,Central,2021-11-01,headline,100.4
43,Hunan,Central,2021-10-01,headline,100.6
43,Hunan,Central,2021-09-01,headline,100.2
43,Hunan,Central,2021-08-01,headline,100.3
43,Hunan,Central,2021-07-01,headline,100.2
43,Hunan,Central,2021-06-01,headline,99.6
43,Hunan,Central,2021-05-01,headline,99.8
43,Hunan,Central,2021-04-01,headline,99.6
43,Hunan,Central,2021-03-01,headline,99.5
43,Hunan,Central,2021-02-01,headline,100.3
43,Hunan,Central,2021-01-01,headline,100.9
15,Inner Mongolia,North,2025-12-01,headline,100.4
15,Inner Mongolia,North,2025-11-01,headline,100.2
15,Inner Mongolia,North,2025-10-01,headline,100.2
15,Inner Mongolia,North,2025-09-01,headline,99.9
15,Inner Mongolia,North,2025-08-01,headline,100
15,Inner Mongolia,North,2025-07-01,headline,100.3
15,Inner Mongolia,North,2025-06-01,headline,100
15,Inner Mongolia,North,2025-05-01,headline,99.8
15,Inner Mongolia,North,2025-04-01,headline,100.1
15,Inner Mongolia,North,2025-03-01,headline,99.4
15,Inner Mongolia,North,2025-02-01,headline,100.1
15,Inner Mongolia,North,2025-01-01,headline,100.7
15,Inner Mongolia,North,2024-12-01,headline,100
15,Inner Mongolia,North,2024-11-01,headline,99.6
15,Inner Mongolia,North,2024-10-01,headline,99.7
15,Inner Mongolia,North,2024-09-01,headline,99.9
15,Inner Mongolia,North,2024-08-01,headline,100.5
15,Inner Mongolia,North,2024-07-01,headline,100.4
15,Inner Mongolia,North,2024-06-01,headline,99.6
15,Inner Mongolia,North,2024-05-01,headline,99.6
15,Inner Mongolia,North,2024-04-01,headline,100
15,Inner Mongolia,North,2024-03-01,headline,99.1
15,Inner Mongolia,North,2024-02-01,headline,100.7
15,Inner Mongolia,North,2024-01-01,headline,100.4
15,Inner Mongolia,North,2023-12-01,headline,100.3
15,Inner Mongolia,North,2023-11-01,headline,99.8
15,Inner Mongolia,North,2023-10-01,headline,99.8
15,Inner Mongolia,North,2023-09-01,headline,100.1
15,Inner Mongolia,North,2023-08-01,headline,100.4
15,Inner Mongolia,North,2023-07-01,headline,100.2
15,Inner Mongolia,North,2023-06-01,headline,99.9
15,Inner Mongolia,North,2023-05-01,headline,100.2
15,Inner Mongolia,North,2023-04-01,headline,99.8
15,Inner Mongolia,North,2023-03-01,headline,99.8
15,Inner Mongolia,North,2023-02-01,headline,99.7
15,Inner Mongolia,North,2023-01-01,headline,100.5
15,Inner Mongolia,North,2022-12-01,headline,100
15,Inner Mongolia,North,2022-11-01,headline,100.3
15,Inner Mongolia,North,2022-10-01,headline,100.3
15,Inner Mongolia,North,2022-09-01,headline,100.1
15,Inner Mongolia,North,2022-08-01,headline,99.8
15,Inner Mongolia,North,2022-07-01,headline,100.3
15,Inner Mongolia,North,2022-06-01,headline,100
15,Inner Mongolia,North,2022-05-01,headline,99.7
15,Inner Mongolia,North,2022-04-01,headline,100.2
15,Inner Mongolia,North,2022-03-01,headline,100.2
15,Inner Mongolia,North,2022-02-01,headline,100.5
15,Inner Mongolia,North,2022-01-01,headline,100.4
15,Inner Mongolia,North,2021-12-01,headline,99.7
15,Inner Mongolia,North,2021-11-01,headline,101
15,Inner Mongolia,North,2021-10-01,headline,100.9
15,Inner Mongolia,North,2021-09-01,headline,99.8
15,Inner Mongolia,North,2021-08-01,headline,100
15,Inner Mongolia,North,2021-07-01,headline,100.4
15,Inner Mongolia,North,2021-06-01,headline,99.5
15,Inner Mongolia,North,2021-05-01,headline,99.7
15,Inner Mongolia,North,2021-04-01,headline,99.6
15,Inner Mongolia,North,2021-03-01,headline,99.2
15,Inner Mongolia,North,2021-02-01,headline,100.6
15,Inner Mongolia,North,2021-01-01,headline,101.2
32,Jiangsu,East,2025-12-01,headline,100
32,Jiangsu,East,2025-11-01,headline,99.7
32,Jiangsu,East,2025-10-01,headline,100.1
32,Jiangsu,East,2025-09-01,headline,100
32,Jiangsu,East,2025-08-01,headline,100.2
32,Jiangsu,East,2025-07-01,headline,100.7
32,Jiangsu,East,2025-06-01,headline,100.3
32,Jiangsu,East,2025-05-01,headline,99.7
32,Jiangsu,East,2025-04-01,headline,100.1
32,Jiangsu,East,2025-03-01,headline,99.7
32,Jiangsu,East,2025-02-01,headline,99.7
32,Jiangsu,East,2025-01-01,headline,100.6
32,Jiangsu,East,2024-12-01,headline,99.9
32,Jiangsu,East,2024-11-01,headline,99.2
32,Jiangsu,East,2024-10-01,headline,99.7
32,Jiangsu,East,2024-09-01,headline,99.8
32,Jiangsu,East,2024-08-01,headline,100.4
32,Jiangsu,East,2024-07-01,headline,100.7
32,Jiangsu,East,2024-06-01,headline,99.9
32,Jiangsu,East,2024-05-01,headline,99.8
32,Jiangsu,East,2024-04-01,headline,100.1
32,Jiangsu,East,2024-03-01,headline,99.1
32,Jiangsu,East,2024-02-01,headline,101.2
32,Jiangsu,East,2024-01-01,headline,100.4
32,Jiangsu,East,2023-12-01,headline,100.1
32,Jiangsu,East,2023-11-01,headline,99.4
32,Jiangsu,East,2023-10-01,headline,99.9
32,Jiangsu,East,2023-09-01,headline,100.1
32,Jiangsu,East,2023-08-01,headline,100.2
32,Jiangsu,East,2023-07-01,headline,100.4
32,Jiangsu,East,2023-06-01,headline,99.9
32,Jiangsu,East,2023-05-01,headline,99.8
32,Jiangsu,East,2023-04-01,headline,99.7
32,Jiangsu,East,2023-03-01,headline,99.6
32,Jiangsu,East,2023-02-01,headline,99.6
32,Jiangsu,East,2023-01-01,headline,101
32,Jiangsu,East,2022-12-01,headline,100
32,Jiangsu,East,2022-11-01,headline,99.6
32,Jiangsu,East,2022-10-01,headline,100
32,Jiangsu,East,2022-09-01,headline,100.2
32,Jiangsu,East,2022-08-01,headline,100
32,Jiangsu,East,2022-07-01,headline,100.7
32,Jiangsu,East,2022-06-01,headline,100.1
32,Jiangsu,East,2022-05-01,headline,99.4
32,Jiangsu,East,2022-04-01,headline,100.6
32,Jiangsu,East,2022-03-01,headline,100.4
32,Jiangsu,East,2022-02-01,headline,100.5
32,Jiangsu,East,2022-01-01,headline,100.4
32,Jiangsu,East,2021-12-01,headline,99.9
32,Jiangsu,East,2021-11-01,headline,100.1
32,Jiangsu,East,2021-10-01,headline,100.3
32,Jiangsu,East,2021-09-01,headline,99.9
32,Jiangsu,East,2021-08-01,headline,100.2
32,Jiangsu,East,2021-07-01,headline,100.5
32,Jiangsu,East,2021-06-01,headline,99.9
32,Jiangsu,East,2021-05-01,headline,100
32,Jiangsu,East,2021-04-01,headline,99.9
32,Jiangsu,East,2021-03-01,headline,99.5
32,Jiangsu,East,2021-02-01,headline,100.5
32,Jiangsu,East,2021-01-01,headline,101.1
36,Jiangxi,East,2025-12-01,headline,100.1
36,Jiangxi,East,2025-11-01,headline,99.8
36,Jiangxi,East,2025-10-01,headline,100.1
36,Jiangxi,East,2025-09-01,headline,100.2
36,Jiangxi,East,2025-08-01,headline,100
36,Jiangxi,East,2025-07-01,headline,100.2
36,Jiangxi,East,2025-06-01,headline,99.8
36,Jiangxi,East,2025-05-01,headline,99.9
36,Jiangxi,East,2025-04-01,headline,100.3
36,Jiangxi,East,2025-03-01,headline,99.8
36,Jiangxi,East,2025-02-01,headline,99.8
36,Jiangxi,East,2025-01-01,headline,100.7
36,Jiangxi,East,2024-12-01,headline,100.3
36,Jiangxi,East,2024-11-01,headline,99.3
36,Jiangxi,East,2024-10-01,headline,99.9
36,Jiangxi,East,2024-09-01,headline,100.1
36,Jiangxi,East,2024-08-01,headline,100.2
36,Jiangxi,East,2024-07-01,headline,100.3
36,Jiangxi,East,2024-06-01,headline,99.7
36,Jiangxi,East,2024-05-01,headline,99.7
36,Jiangxi,East,2024-04-01,headline,100.1
36,Jiangxi,East,2024-03-01,headline,99.2
36,Jiangxi,East,2024-02-01,headline,100.9
36,Jiangxi,East,2024-01-01,headline,100.3
36,Jiangxi,East,2023-12-01,headline,100.3
36,Jiangxi,East,2023-11-01,headline,99.5
36,Jiangxi,East,2023-10-01,headline,100.1
36,Jiangxi,East,2023-09-01,headline,100.6
36,Jiangxi,East,2023-08-01,headline,100.2
36,Jiangxi,East,2023-07-01,headline,100.1
36,Jiangxi,East,2023-06-01,headline,99.7
36,Jiangxi,East,2023-05-01,headline,100
36,Jiangxi,East,2023-04-01,headline,99.9
36,Jiangxi,East,2023-03-01,headline,99.6
36,Jiangxi,East,2023-02-01,headline,99.3
36,Jiangxi,East,2023-01-01,headline,101
36,Jiangxi,East,2022-12-01,headline,99.8
36,Jiangxi,East,2022-11-01,headline,99.6
36,Jiangxi,East,2022-10-01,headline,100.1
36,Jiangxi,East,2022-09-01,headline,100.5
36,Jiangxi,East,2022-08-01,headline,99.9
36,Jiangxi,East,2022-07-01,headline,100.3
36,Jiangxi,East,2022-06-01,headline,100.2
36,Jiangxi,East,2022-05-01,headline,100
36,Jiangxi,East,2022-04-01,headline,100.4
36,Jiangxi,East,2022-03-01,headline,100
36,Jiangxi,East,2022-02-01,headline,100.8
36,Jiangxi,East,2022-01-01,headline,100.3
36,Jiangxi,East,2021-12-01,headline,99.6
36,Jiangxi,East,2021-11-01,headline,100.3
36,Jiangxi,East,2021-10-01,headline,100.6
36,Jiangxi,East,2021-09-01,headline,100.2
36,Jiangxi,East,2021-08-01,headline,100
36,Jiangxi,East,2021-07-01,headline,100.1
36,Jiangxi,East,2021-06-01,headline,99.7
36,Jiangxi,East,2021-05-01,headline,99.9
36,Jiangxi,East,2021-04-01,headline,99.8
36,Jiangxi,East,2021-03-01,headline,99.4
36,Jiangxi,East,2021-02-01,headline,100.5
36,Jiangxi,East,2021-01-01,headline,101
22,Jilin,Northeast,2025-12-01,headline,100.5
22,Jilin,Northeast,2025-11-01,headline,100.5
22,Jilin,Northeast,2025-10-01,headline,100.4
22,Jilin,Northeast,2025-09-01,headline,99.8
22,Jilin,Northeast,2025-08-01,headline,100.1
22,Jilin,Northeast,2025-07-01,headline,100.4
22,Jilin,Northeast,2025-06-01,headline,99.6
22,Jilin,Northeast,2025-05-01,headline,99.8
22,Jilin,Northeast,2025-04-01,headline,100.2
22,Jilin,Northeast,2025-03-01,headline,99.6
22,Jilin,Northeast,2025-02-01,headline,99.9
22,Jilin,Northeast,2025-01-01,headline,100.8
22,Jilin,Northeast,2024-12-01,headline,100.1
22,Jilin,Northeast,2024-11-01,headline,99.7
22,Jilin,Northeast,2024-10-01,headline,99.6
22,Jilin,Northeast,2024-09-01,headline,99.8
22,Jilin,Northeast,2024-08-01,headline,100.5
22,Jilin,Northeast,2024-07-01,headline,100.4
22,Jilin,Northeast,2024-06-01,headline,99.7
22,Jilin,Northeast,2024-05-01,headline,99.7
22,Jilin,Northeast,2024-04-01,headline,99.7
22,Jilin,Northeast,2024-03-01,headline,99
22,Jilin,Northeast,2024-02-01,headline,100.8
22,Jilin,Northeast,2024-01-01,headline,100.3
22,Jilin,Northeast,2023-12-01,headline,100.3
22,Jilin,Northeast,2023-11-01,headline,100.1
22,Jilin,Northeast,2023-10-01,headline,99.9
22,Jilin,Northeast,2023-09-01,headline,99.9
22,Jilin,Northeast,2023-08-01,headline,100.6
22,Jilin,Northeast,2023-07-01,headline,100
22,Jilin,Northeast,2023-06-01,headline,99.6
22,Jilin,Northeast,2023-05-01,headline,99.8
22,Jilin,Northeast,2023-04-01,headline,99.3
22,Jilin,Northeast,2023-03-01,headline,99.7
22,Jilin,Northeast,2023-02-01,headline,99.4
22,Jilin,Northeast,2023-01-01,headline,100.9
22,Jilin,Northeast,2022-12-01,headline,100.2
22,Jilin,Northeast,2022-11-01,headline,100.2
22,Jilin,Northeast,2022-10-01,headline,100.2
22,Jilin,Northeast,2022-09-01,headline,100.1
22,Jilin,Northeast,2022-08-01,headline,99.7
22,Jilin,Northeast,2022-07-01,headline,100.4
22,Jilin,Northeast,2022-06-01,headline,99.6
22,Jilin,Northeast,2022-05-01,headline,99.2
22,Jilin,Northeast,2022-04-01,headline,100.3
22,Jilin,Northeast,2022-03-01,headline,100.7
22,Jilin,Northeast,2022-02-01,headline,100.3
22,Jilin,Northeast,2022-01-01,headline,100.9
22,Jilin,Northeast,2021-12-01,headline,99.7
22,Jilin,Northeast,2021-11-01,headline,100.9
22,Jilin,Northeast,2021-10-01,headline,101.2
22,Jilin,Northeast,2021-09-01,headline,99.6
22,Jilin,Northeast,2021-08-01,headline,100.2
22,Jilin,Northeast,2021-07-01,headline,100.3
22,Jilin,Northeast,2021-06-01,headline,99.3
22,Jilin,Northeast,2021-05-01,headline,99.7
22,Jilin,Northeast,2021-04-01,headline,99.2
22,Jilin,Northeast,2021-03-01,headline,99.4
22,Jilin,Northeast,2021-02-01,headline,100.5
22,Jilin,Northeast,2021-01-01,headline,101.2
21,Liaoning,Northeast,2025-12-01,headline,100.1
21,Liaoning,Northeast,2025-11-01,headline,100.3
21,Liaoning,Northeast,2025-10-01,headline,100.3
21,Liaoning,Northeast,2025-09-01,headline,99.9
21,Liaoning,Northeast,2025-08-01,headline,100
21,Liaoning,Northeast,2025-07-01,headline,100.5
21,Liaoning,Northeast,2025-06-01,headline,99.7
21,Liaoning,Northeast,2025-05-01,headline,99.8
21,Liaoning,Northeast,2025-04-01,headline,100.1
21,Liaoning,Northeast,2025-03-01,headline,99.4
21,Liaoning,Northeast,2025-02-01,headline,100.1
21,Liaoning,Northeast,2025-01-01,headline,100.8
21,Liaoning,Northeast,2024-12-01,headline,100
21,Liaoning,Northeast,2024-11-01,headline,99.5
21,Liaoning,Northeast,2024-10-01,headline,99.4
21,Liaoning,Northeast,2024-09-01,headline,99.8
21,Liaoning,Northeast,2024-08-01,headline,100.7
21,Liaoning,Northeast,2024-07-01,headline,100.8
21,Liaoning,Northeast,2024-06-01,headline,99.4
21,Liaoning,Northeast,2024-05-01,headline,99.9
21,Liaoning,Northeast,2024-04-01,headline,99.8
21,Liaoning,Northeast,2024-03-01,headline,98.9
21,Liaoning,Northeast,2024-02-01,headline,101.1
21,Liaoning,Northeast,2024-01-01,headline,100.5
21,Liaoning,Northeast,2023-12-01,headline,100.2
21,Liaoning,Northeast,2023-11-01,headline,99.7
21,Liaoning,Northeast,2023-10-01,headline,99.8
21,Liaoning,Northeast,2023-09-01,headline,99.8
21,Liaoning,Northeast,2023-08-01,headline,100.7
21,Liaoning,Northeast,2023-07-01,headline,100.2
21,Liaoning,Northeast,2023-06-01,headline,99.5
21,Liaoning,Northeast,2023-05-01,headline,99.9
21,Liaoning,Northeast,2023-04-01,headline,99.6
21,Liaoning,Northeast,2023-03-01,headline,99.5
21,Liaoning,Northeast,2023-02-01,headline,99.7
21,Liaoning,Northeast,2023-01-01,headline,100.9
21,Liaoning,Northeast,2022-12-01,headline,100.1
21,Liaoning,Northeast,2022-11-01,headline,99.9
21,Liaoning,Northeast,2022-10-01,headline,99.9
21,Liaoning,Northeast,2022-09-01,headline,100.2
21,Liaoning,Northeast,2022-08-01,headline,100
21,Liaoning,Northeast,2022-07-01,headline,100.5
21,Liaoning,Northeast,2022-06-01,headline,100
21,Liaoning,Northeast,2022-05-01,headline,99.7
21,Liaoning,Northeast,2022-04-01,headline,100.1
21,Liaoning,Northeast,2022-03-01,headline,100.3
21,Liaoning,Northeast,2022-02-01,headline,100.5
21,Liaoning,Northeast,2022-01-01,headline,100.6
21,Liaoning,Northeast,2021-12-01,headline,99.5
21,Liaoning,Northeast,2021-11-01,headline,100.9
21,Liaoning,Northeast,2021-10-01,headline,100.9
21,Liaoning,Northeast,2021-09-01,headline,99.8
21,Liaoning,Northeast,2021-08-01,headline,100
21,Liaoning,Northeast,2021-07-01,headline,100.3
21,Liaoning,Northeast,2021-06-01,headline,99.5
21,Liaoning,Northeast,2021-05-01,headline,99.7
21,Liaoning,Northeast,2021-04-01,headline,99.6
21,Liaoning,Northeast,2021-03-01,headline,99.4
21,Liaoning,Northeast,2021-02-01,headline,100.6
21,Liaoning,Northeast,2021-01-01,headline,101.2
64,Ningxia,West,2025-12-01,headline,100.7
64,Ningxia,West,2025-11-01,headline,100.3
64,Ningxia,West,2025-10-01,headline,100.4
64,Ningxia,West,2025-09-01,headline,100.2
64,Ningxia,West,2025-08-01,headline,99.9
64,Ningxia,West,2025-07-01,headline,100.2
64,Ningxia,West,2025-06-01,headline,99.9
64,Ningxia,West,2025-05-01,headline,99.5
64,Ningxia,West,2025-04-01,headline,100.2
64,Ningxia,West,2025-03-01,headline,99.6
64,Ningxia,West,2025-02-01,headline,100
64,Ningxia,West,2025-01-01,headline,100.7
64,Ningxia,West,2024-12-01,headline,100.1
64,Ningxia,West,2024-11-01,headline,99.7
64,Ningxia,West,2024-10-01,headline,99.8
64,Ningxia,West,2024-09-01,headline,100
64,Ningxia,West,2024-08-01,headline,100.4
64,Ningxia,West,2024-07-01,headline,100.3
64,Ningxia,West,2024-06-01,headline,99.5
64,Ningxia,West,2024-05-01,headline,99.5
64,Ningxia,West,2024-04-01,headline,99.8
64,Ningxia,West,2024-03-01,headline,99
64,Ningxia,West,2024-02-01,headline,100.8
64,Ningxia,West,2024-01-01,headline,100.4
64,Ningxia,West,2023-12-01,headline,100.2
64,Ningxia,West,2023-11-01,headline,99.7
64,Ningxia,West,2023-10-01,headline,100
64,Ningxia,West,2023-09-01,headline,100.3
64,Ningxia,West,2023-08-01,headline,100.2
64,Ningxia,West,2023-07-01,headline,100
64,Ningxia,West,2023-06-01,headline,99.7
64,Ningxia,West,2023-05-01,headline,99.7
64,Ningxia,West,2023-04-01,headline,99.9
64,Ningxia,West,2023-03-01,headline,99.7
64,Ningxia,West,2023-02-01,headline,99.7
64,Ningxia,West,2023-01-01,headline,100.7
64,Ningxia,West,2022-12-01,headline,100
64,Ningxia,West,2022-11-01,headline,99.9
64,Ningxia,West,2022-10-01,headline,100.6
64,Ningxia,West,2022-09-01,headline,100.2
64,Ningxia,West,2022-08-01,headline,99.9
64,Ningxia,West,2022-07-01,headline,100.4
64,Ningxia,West,2022-06-01,headline,100
64,Ningxia,West,2022-05-01,headline,99.6
64,Ningxia,West,2022-04-01,headline,100.2
64,Ningxia,West,2022-03-01,headline,100.2
64,Ningxia,West,2022-02-01,headline,100.7
64,Ningxia,West,2022-01-01,headline,100.2
64,Ningxia,West,2021-12-01,headline,99.9
64,Ningxia,West,2021-11-01,headline,100.8
64,Ningxia,West,2021-10-01,headline,101
64,Ningxia,West,2021-09-01,headline,100
64,Ningxia,West,2021-08-01,headline,100
64,Ningxia,West,2021-07-01,headline,100.2
64,Ningxia,West,2021-06-01,headline,99.5
64,Ningxia,West,2021-05-01,headline,99.9
64,Ningxia,West,2021-04-01,headline,100.1
64,Ningxia,West,2021-03-01,headline,99.8
64,Ningxia,West,2021-02-01,headline,100.2
64,Ningxia,West,2021-01-01,headline,101
63,Qinghai,West,2025-12-01,headline,100.3
63,Qinghai,West,2025-11-01,headline,100.1
63,Qinghai,West,2025-10-01,headline,100.2
63,Qinghai,West,2025-09-01,headline,99.8
63,Qinghai,West,2025-08-01,headline,100.1
63,Qinghai,West,2025-07-01,headline,100.3
63,Qinghai,West,2025-06-01,headline,100
63,Qinghai,West,2025-05-01,headline,99.6
63,Qinghai,West,2025-04-01,headline,100
63,Qinghai,West,2025-03-01,headline,99.6
63,Qinghai,West,2025-02-01,headline,99.9
63,Qinghai,West,2025-01-01,headline,100.5
63,Qinghai,West,2024-12-01,headline,100.1
63,Qinghai,West,2024-11-01,headline,99.6
63,Qinghai,West,2024-10-01,headline,99.9
63,Qinghai,West,2024-09-01,headline,100.1
63,Qinghai,West,2024-08-01,headline,100.2
63,Qinghai,West,2024-07-01,headline,100.5
63,Qinghai,West,2024-06-01,headline,99.9
63,Qinghai,West,2024-05-01,headline,99.7
63,Qinghai,West,2024-04-01,headline,99.9
63,Qinghai,West,2024-03-01,headline,99.4
63,Qinghai,West,2024-02-01,headline,100.6
63,Qinghai,West,2024-01-01,headline,100.3
63,Qinghai,West,2023-12-01,headline,100.1
63,Qinghai,West,2023-11-01,headline,99.6
63,Qinghai,West,2023-10-01,headline,100
63,Qinghai,West,2023-09-01,headline,100.8
63,Qinghai,West,2023-08-01,headline,100
63,Qinghai,West,2023-07-01,headline,100.6
63,Qinghai,West,2023-06-01,headline,99.6
63,Qinghai,West,2023-05-01,headline,100
63,Qinghai,West,2023-04-01,headline,99.7
63,Qinghai,West,2023-03-01,headline,99.8
63,Qinghai,West,2023-02-01,headline,99.6
63,Qinghai,West,2023-01-01,headline,100.3
63,Qinghai,West,2022-12-01,headline,99.6
63,Qinghai,West,2022-11-01,headline,100.5
63,Qinghai,West,2022-10-01,headline,100.3
63,Qinghai,West,2022-09-01,headline,100.2
63,Qinghai,West,2022-08-01,headline,99.8
63,Qinghai,West,2022-07-01,headline,100.5
63,Qinghai,West,2022-06-01,headline,99.9
63,Qinghai,West,2022-05-01,headline,99.7
63,Qinghai,West,2022-04-01,headline,100.6
63,Qinghai,West,2022-03-01,headline,99.9
63,Qinghai,West,2022-02-01,headline,100.6
63,Qinghai,West,2022-01-01,headline,100.4
63,Qinghai,West,2021-12-01,headline,99.8
63,Qinghai,West,2021-11-01,headline,100.7
63,Qinghai,West,2021-10-01,headline,100.7
63,Qinghai,West,2021-09-01,headline,99.9
63,Qinghai,West,2021-08-01,headline,100
63,Qinghai,West,2021-07-01,headline,100.5
63,Qinghai,West,2021-06-01,headline,99.7
63,Qinghai,West,2021-05-01,headline,99.8
63,Qinghai,West,2021-04-01,headline,100.2
63,Qinghai,West,2021-03-01,headline,99.5
63,Qinghai,West,2021-02-01,headline,100.3
63,Qinghai,West,2021-01-01,headline,100.8
61,Shaanxi,West,2025-12-01,headline,100.3
61,Shaanxi,West,2025-11-01,headline,99.9
61,Shaanxi,West,2025-10-01,headline,100.2
61,Shaanxi,West,2025-09-01,headline,100.3
61,Shaanxi,West,2025-08-01,headline,100
61,Shaanxi,West,2025-07-01,headline,100.1
61,Shaanxi,West,2025-06-01,headline,99.8
61,Shaanxi,West,2025-05-01,headline,99.9
61,Shaanxi,West,2025-04-01,headline,100.2
61,Shaanxi,West,2025-03-01,headline,99.7
61,Shaanxi,West,2025-02-01,headline,99.8
61,Shaanxi,West,2025-01-01,headline,100.6
61,Shaanxi,West,2024-12-01,headline,100
61,Shaanxi,West,2024-11-01,headline,99.4
61,Shaanxi,West,2024-10-01,headline,99.8
61,Shaanxi,West,2024-09-01,headline,100.4
61,Shaanxi,West,2024-08-01,headline,100.3
61,Shaanxi,West,2024-07-01,headline,100.4
61,Shaanxi,West,2024-06-01,headline,99.7
61,Shaanxi,West,2024-05-01,headline,99.9
61,Shaanxi,West,2024-04-01,headline,100.2
61,Shaanxi,West,2024-03-01,headline,99.1
61,Shaanxi,West,2024-02-01,headline,100.8
61,Shaanxi,West,2024-01-01,headline,100.3
61,Shaanxi,West,2023-12-01,headline,100.1
61,Shaanxi,West,2023-11-01,headline,99.5
61,Shaanxi,West,2023-10-01,headline,99.8
61,Shaanxi,West,2023-09-01,headline,100.1
61,Shaanxi,West,2023-08-01,headline,100.1
61,Shaanxi,West,2023-07-01,headline,100.1
61,Shaanxi,West,2023-06-01,headline,99.9
61,Shaanxi,West,2023-05-01,headline,100
61,Shaanxi,West,2023-04-01,headline,100.1
61,Shaanxi,West,2023-03-01,headline,99.8
61,Shaanxi,West,2023-02-01,headline,99.5
61,Shaanxi,West,2023-01-01,headline,100.7
61,Shaanxi,West,2022-12-01,headline,100.1
61,Shaanxi,West,2022-11-01,headline,99.6
61,Shaanxi,West,2022-10-01,headline,100
61,Shaanxi,West,2022-09-01,headline,100.3
61,Shaanxi,West,2022-08-01,headline,99.9
61,Shaanxi,West,2022-07-01,headline,100.6
61,Shaanxi,West,2022-06-01,headline,99.9
61,Shaanxi,West,2022-05-01,headline,99.8
61,Shaanxi,West,2022-04-01,headline,100.3
61,Shaanxi,West,2022-03-01,headline,100.2
61,Shaanxi,West,2022-02-01,headline,99.8
61,Shaanxi,West,2022-01-01,headline,100.8
61,Shaanxi,West,2021-12-01,headline,100
61,Shaanxi,West,2021-11-01,headline,100.3
61,Shaanxi,West,2021-10-01,headline,100.7
61,Shaanxi,West,2021-09-01,headline,100.5
61,Shaanxi,West,2021-08-01,headline,100
61,Shaanxi,West,2021-07-01,headline,100.2
61,Shaanxi,West,2021-06-01,headline,99.5
61,Shaanxi,West,2021-05-01,headline,100.1
61,Shaanxi,West,2021-04-01,headline,99.9
61,Shaanxi,West,2021-03-01,headline,99.4
61,Shaanxi,West,2021-02-01,headline,100.5
61,Shaanxi,West,2021-01-01,headline,101.1
37,Shandong,East,2025-12-01,headline,100.3
37,Shandong,East,2025-11-01,headline,99.8
37,Shandong,East,2025-10-01,headline,100.1
37,Shandong,East,2025-09-01,headline,100
37,Shandong,East,2025-08-01,headline,100.1
37,Shandong,East,2025-07-01,headline,100.4
37,Shandong,East,2025-06-01,headline,100
37,Shandong,East,2025-05-01,headline,99.7
37,Shandong,East,2025-04-01,headline,100
37,Shandong,East,2025-03-01,headline,99.7
37,Shandong,East,2025-02-01,headline,99.8
37,Shandong,East,2025-01-01,headline,100.8
37,Shandong,East,2024-12-01,headline,100
37,Shandong,East,2024-11-01,headline,99.2
37,Shandong,East,2024-10-01,headline,99.6
37,Shandong,East,2024-09-01,headline,100
37,Shandong,East,2024-08-01,headline,100.6
37,Shandong,East,2024-07-01,headline,100.6
37,Shandong,East,2024-06-01,headline,99.8
37,Shandong,East,2024-05-01,headline,99.9
37,Shandong,East,2024-04-01,headline,100
37,Shandong,East,2024-03-01,headline,99.1
37,Shandong,East,2024-02-01,headline,100.7
37,Shandong,East,2024-01-01,headline,100.4
37,Shandong,East,2023-12-01,headline,100.3
37,Shandong,East,2023-11-01,headline,99.5
37,Shandong,East,2023-10-01,headline,99.7
37,Shandong,East,2023-09-01,headline,100.1
37,Shandong,East,2023-08-01,headline,100.3
37,Shandong,East,2023-07-01,headline,100.1
37,Shandong,East,2023-06-01,headline,100
37,Shandong,East,2023-05-01,headline,99.8
37,Shandong,East,2023-04-01,headline,99.8
37,Shandong,East,2023-03-01,headline,99.8
37,Shandong,East,2023-02-01,headline,99.6
37,Shandong,East,2023-01-01,headline,100.6
37,Shandong,East,2022-12-01,headline,100.1
37,Shandong,East,2022-11-01,headline,99.9
37,Shandong,East,2022-10-01,headline,100.1
37,Shandong,East,2022-09-01,headline,100.2
37,Shandong,East,2022-08-01,headline,99.9
37,Shandong,East,2022-07-01,headline,100.5
37,Shandong,East,2022-06-01,headline,100
37,Shandong,East,2022-05-01,headline,99.8
37,Shandong,East,2022-04-01,headline,100.1
37,Shandong,East,2022-03-01,headline,100.3
37,Shandong,East,2022-02-01,headline,100.2
37,Shandong,East,2022-01-01,headline,100.6
37,Shandong,East,2021-12-01,headline,99.8
37,Shandong,East,2021-11-01,headline,100.4
37,Shandong,East,2021-10-01,headline,100.6
37,Shandong,East,2021-09-01,headline,99.9
37,Shandong,East,2021-08-01,headline,100
37,Shandong,East,2021-07-01,headline,100.4
37,Shandong,East,2021-06-01,headline,99.6
37,Shandong,East,2021-05-01,headline,99.9
37,Shandong,East,2021-04-01,headline,99.7
37,Shandong,East,2021-03-01,headline,99.5
37,Shandong,East,2021-02-01,headline,100.4
37,Shandong,East,2021-01-01,headline,101.3
31,Shanghai,East,2025-12-01,headline,100.2
31,Shanghai,East,2025-11-01,headline,99.8
31,Shanghai,East,2025-10-01,headline,100.1
31,Shanghai,East,2025-09-01,headline,100
31,Shanghai,East,2025-08-01,headline,99.8
31,Shanghai,East,2025-07-01,headline,100.4
31,Shanghai,East,2025-06-01,headline,100
31,Shanghai,East,2025-05-01,headline,99.8
31,Shanghai,East,2025-04-01,headline,100.2
31,Shanghai,East,2025-03-01,headline,99.6
31,Shanghai,East,2025-02-01,headline,99.7
31,Shanghai,East,2025-01-01,headline,101
31,Shanghai,East,2024-12-01,headline,100
31,Shanghai,East,2024-11-01,headline,99.6
31,Shanghai,East,2024-10-01,headline,99.7
31,Shanghai,East,2024-09-01,headline,99.9
31,Shanghai,East,2024-08-01,headline,100
31,Shanghai,East,2024-07-01,headline,100.6
31,Shanghai,East,2024-06-01,headline,99.7
31,Shanghai,East,2024-05-01,headline,99.9
31,Shanghai,East,2024-04-01,headline,100.4
31,Shanghai,East,2024-03-01,headline,98.8
31,Shanghai,East,2024-02-01,headline,101.2
31,Shanghai,East,2024-01-01,headline,100.3
31,Shanghai,East,2023-12-01,headline,100.2
31,Shanghai,East,2023-11-01,headline,99.4
31,Shanghai,East,2023-10-01,headline,99.7
31,Shanghai,East,2023-09-01,headline,100.3
31,Shanghai,East,2023-08-01,headline,100
31,Shanghai,East,2023-07-01,headline,100.5
31,Shanghai,East,2023-06-01,headline,99.6
31,Shanghai,East,2023-05-01,headline,99.9
31,Shanghai,East,2023-04-01,headline,100.1
31,Shanghai,East,2023-03-01,headline,99.9
31,Shanghai,East,2023-02-01,headline,99.3
31,Shanghai,East,2023-01-01,headline,101.1
31,Shanghai,East,2022-12-01,headline,100.3
31,Shanghai,East,2022-11-01,headline,100
31,Shanghai,East,2022-10-01,headline,100
31,Shanghai,East,2022-09-01,headline,100.2
31,Shanghai,East,2022-08-01,headline,99.6
31,Shanghai,East,2022-07-01,headline,100.3
31,Shanghai,East,2022-06-01,headline,98.1
31,Shanghai,East,2022-05-01,headline,100.2
31,Shanghai,East,2022-04-01,headline,102.1
31,Shanghai,East,2022-03-01,headline,100.2
31,Shanghai,East,2022-02-01,headline,100.5
31,Shanghai,East,2022-01-01,headline,100.6
31,Shanghai,East,2021-12-01,headline,99.8
31,Shanghai,East,2021-11-01,headline,100.1
31,Shanghai,East,2021-10-01,headline,100.9
31,Shanghai,East,2021-09-01,headline,100
31,Shanghai,East,2021-08-01,headline,100.1
31,Shanghai,East,2021-07-01,headline,100.3
31,Shanghai,East,2021-06-01,headline,99.7
31,Shanghai,East,2021-05-01,headline,99.9
31,Shanghai,East,2021-04-01,headline,100
31,Shanghai,East,2021-03-01,headline,99.7
31,Shanghai,East,2021-02-01,headline,100.6
31,Shanghai,East,2021-01-01,headline,100.9
14,Shanxi,North,2025-12-01,headline,100.4
14,Shanxi,North,2025-11-01,headline,100
14,Shanxi,North,2025-10-01,headline,100.1
14,Shanxi,North,2025-09-01,headline,100.2
14,Shanxi,North,2025-08-01,headline,100
14,Shanxi,North,2025-07-01,headline,100.2
14,Shanxi,North,2025-06-01,headline,99.7
14,Shanxi,North,2025-05-01,headline,100.1
14,Shanxi,North,2025-04-01,headline,100.1
14,Shanxi,North,2025-03-01,headline,99.6
14,Shanxi,North,2025-02-01,headline,99.8
14,Shanxi,North,2025-01-01,headline,100.7
14,Shanxi,North,2024-12-01,headline,99.9
14,Shanxi,North,2024-11-01,headline,99.4
14,Shanxi,North,2024-10-01,headline,99.6
14,Shanxi,North,2024-09-01,headline,100.3
14,Shanxi,North,2024-08-01,headline,100.7
14,Shanxi,North,2024-07-01,headline,100.3
14,Shanxi,North,2024-06-01,headline,99.6
14,Shanxi,North,2024-05-01,headline,100.2
14,Shanxi,North,2024-04-01,headline,99.9
14,Shanxi,North,2024-03-01,headline,98.9
14,Shanxi,North,2024-02-01,headline,101
14,Shanxi,North,2024-01-01,headline,100.3
14,Shanxi,North,2023-12-01,headline,100.2
14,Shanxi,North,2023-11-01,headline,99.7
14,Shanxi,North,2023-10-01,headline,99.8
14,Shanxi,North,2023-09-01,headline,100.3
14,Shanxi,North,2023-08-01,headline,100.1
14,Shanxi,North,2023-07-01,headline,99.8
14,Shanxi,North,2023-06-01,headline,99.6
14,Shanxi,North,2023-05-01,headline,100.1
14,Shanxi,North,2023-04-01,headline,99.7
14,Shanxi,North,2023-03-01,headline,99.7
14,Shanxi,North,2023-02-01,headline,99.4
14,Shanxi,North,2023-01-01,headline,100.6
14,Shanxi,North,2022-12-01,headline,100.1
14,Shanxi,North,2022-11-01,headline,100
14,Shanxi,North,2022-10-01,headline,100.1
14,Shanxi,North,2022-09-01,headline,100.4
14,Shanxi,North,2022-08-01,headline,99.8
14,Shanxi,North,2022-07-01,headline,100.3
14,Shanxi,North,2022-06-01,headline,99.7
14,Shanxi,North,2022-05-01,headline,99.8
14,Shanxi,North,2022-04-01,headline,100.5
14,Shanxi,North,2022-03-01,headline,100.2
14,Shanxi,North,2022-02-01,headline,100.5
14,Shanxi,North,2022-01-01,headline,100.6
14,Shanxi,North,2021-12-01,headline,99.8
14,Shanxi,North,2021-11-01,headline,100.4
14,Shanxi,North,2021-10-01,headline,100.9
14,Shanxi,North,2021-09-01,headline,100.2
14,Shanxi,North,2021-08-01,headline,100.1
14,Shanxi,North,2021-07-01,headline,100.1
14,Shanxi,North,2021-06-01,headline,99.3
14,Shanxi,North,2021-05-01,headline,100
14,Shanxi,North,2021-04-01,headline,99.4
14,Shanxi,North,2021-03-01,headline,99.5
14,Shanxi,North,2021-02-01,headline,100.3
14,Shanxi,North,2021-01-01,headline,101.4
51,Sichuan,West,2025-12-01,headline,99.9
51,Sichuan,West,2025-11-01,headline,99.9
51,Sichuan,West,2025-10-01,headline,100.4
51,Sichuan,West,2025-09-01,headline,100
51,Sichuan,West,2025-08-01,headline,99.9
51,Sichuan,West,2025-07-01,headline,100.4
51,Sichuan,West,2025-06-01,headline,100
51,Sichuan,West,2025-05-01,headline,99.8
51,Sichuan,West,2025-04-01,headline,100.2
51,Sichuan,West,2025-03-01,headline,99.4
51,Sichuan,West,2025-02-01,headline,99.7
51,Sichuan,West,2025-01-01,headline,100.6
51,Sichuan,West,2024-12-01,headline,99.8
51,Sichuan,West,2024-11-01,headline,99.3
51,Sichuan,West,2024-10-01,headline,100.1
51,Sichuan,West,2024-09-01,headline,99.9
51,Sichuan,West,2024-08-01,headline,100.4
51,Sichuan,West,2024-07-01,headline,100.6
51,Sichuan,West,2024-06-01,headline,99.9
51,Sichuan,West,2024-05-01,headline,100
51,Sichuan,West,2024-04-01,headline,100.3
51,Sichuan,West,2024-03-01,headline,98.9
51,Sichuan,West,2024-02-01,headline,101.1
51,Sichuan,West,2024-01-01,headline,100.1
51,Sichuan,West,2023-12-01,headline,99.7
51,Sichuan,West,2023-11-01,headline,99.3
51,Sichuan,West,2023-10-01,headline,100.1
51,Sichuan,West,2023-09-01,headline,100.1
51,Sichuan,West,2023-08-01,headline,100.2
51,Sichuan,West,2023-07-01,headline,100.4
51,Sichuan,West,2023-06-01,headline,99.8
51,Sichuan,West,2023-05-01,headline,99.9
51,Sichuan,West,2023-04-01,headline,100
51,Sichuan,West,2023-03-01,headline,99.8
51,Sichuan,West,2023-02-01,headline,99.2
51,Sichuan,West,2023-01-01,headline,100.8
51,Sichuan,West,2022-12-01,headline,99.6
51,Sichuan,West,2022-11-01,headline,99.7
51,Sichuan,West,2022-10-01,headline,99.8
51,Sichuan,West,2022-09-01,headline,100.7
51,Sichuan,West,2022-08-01,headline,100
51,Sichuan,West,2022-07-01,headline,100.8
51,Sichuan,West,2022-06-01,headline,100
51,Sichuan,West,2022-05-01,headline,100
51,Sichuan,West,2022-04-01,headline,100.4
51,Sichuan,West,2022-03-01,headline,99.7
51,Sichuan,West,2022-02-01,headline,100.8
51,Sichuan,West,2022-01-01,headline,100.2
51,Sichuan,West,2021-12-01,headline,99.6
51,Sichuan,West,2021-11-01,headline,100.8
51,Sichuan,West,2021-10-01,headline,100.7
51,Sichuan,West,2021-09-01,headline,99.9
51,Sichuan,West,2021-08-01,headline,100.1
51,Sichuan,West,2021-07-01,headline,100.3
51,Sichuan,West,2021-06-01,headline,99.3
51,Sichuan,West,2021-05-01,headline,99.7
51,Sichuan,West,2021-04-01,headline,99.8
51,Sichuan,West,2021-03-01,headline,99.5
51,Sichuan,West,2021-02-01,headline,100.6
51,Sichuan,West,2021-01-01,headline,100.8
12,Tianjin,North,2025-12-01,headline,100.1
12,Tianjin,North,2025-11-01,headline,99.5
12,Tianjin,North,2025-10-01,headline,100.1
12,Tianjin,North,2025-09-01,headline,99.8
12,Tianjin,North,2025-08-01,headline,99.9
12,Tianjin,North,2025-07-01,headline,100.6
12,Tianjin,North,2025-06-01,headline,100.3
12,Tianjin,North,2025-05-01,headline,99.7
12,Tianjin,North,2025-04-01,headline,100.1
12,Tianjin,North,2025-03-01,headline,99.5
12,Tianjin,North,2025-02-01,headline,99.8
12,Tianjin,North,2025-01-01,headline,101
12,Tianjin,North,2024-12-01,headline,100.3
12,Tianjin,North,2024-11-01,headline,99.4
12,Tianjin,North,2024-10-01,headline,99.5
12,Tianjin,North,2024-09-01,headline,99.8
12,Tianjin,North,2024-08-01,headline,100.4
12,Tianjin,North,2024-07-01,headline,100.8
12,Tianjin,North,2024-06-01,headline,99.9
12,Tianjin,North,2024-05-01,headline,99.8
12,Tianjin,North,2024-04-01,headline,99.8
12,Tianjin,North,2024-03-01,headline,98.9
12,Tianjin,North,2024-02-01,headline,101
12,Tianjin,North,2024-01-01,headline,100.4
12,Tianjin,North,2023-12-01,headline,100.1
12,Tianjin,North,2023-11-01,headline,99.5
12,Tianjin,North,2023-10-01,headline,99.7
12,Tianjin,North,2023-09-01,headline,100
12,Tianjin,North,2023-08-01,headline,100.4
12,Tianjin,North,2023-07-01,headline,100.7
12,Tianjin,North,2023-06-01,headline,100.1
12,Tianjin,North,2023-05-01,headline,99.6
12,Tianjin,North,2023-04-01,headline,99.8
12,Tianjin,North,2023-03-01,headline,99.5
12,Tianjin,North,2023-02-01,headline,99.4
12,Tianjin,North,2023-01-01,headline,101.1
12,Tianjin,North,2022-12-01,headline,100.3
12,Tianjin,North,2022-11-01,headline,99.8
12,Tianjin,North,2022-10-01,headline,99.8
12,Tianjin,North,2022-09-01,headline,100
12,Tianjin,North,2022-08-01,headline,99.9
12,Tianjin,North,2022-07-01,headline,100.5
12,Tianjin,North,2022-06-01,headline,100.2
12,Tianjin,North,2022-05-01,headline,99.8
12,Tianjin,North,2022-04-01,headline,99.9
12,Tianjin,North,2022-03-01,headline,100.1
12,Tianjin,North,2022-02-01,headline,100.3
12,Tianjin,North,2022-01-01,headline,100.9
12,Tianjin,North,2021-12-01,headline,99.8
12,Tianjin,North,2021-11-01,headline,100.1
12,Tianjin,North,2021-10-01,headline,100.8
12,Tianjin,North,2021-09-01,headline,99.7
12,Tianjin,North,2021-08-01,headline,99.7
12,Tianjin,North,2021-07-01,headline,100.8
12,Tianjin,North,2021-06-01,headline,99.9
12,Tianjin,North,2021-05-01,headline,99.8
12,Tianjin,North,2021-04-01,headline,99.9
12,Tianjin,North,2021-03-01,headline,99.8
12,Tianjin,North,2021-02-01,headline,100.8
12,Tianjin,North,2021-01-01,headline,101.2
54,Tibet,West,2025-12-01,headline,100.3
54,Tibet,West,2025-11-01,headline,100.1
54,Tibet,West,2025-10-01,headline,100
54,Tibet,West,2025-09-01,headline,100
54,Tibet,West,2025-08-01,headline,100
54,Tibet,West,2025-07-01,headline,100.1
54,Tibet,West,2025-06-01,headline,99.9
54,Tibet,West,2025-05-01,headline,99.8
54,Tibet,West,2025-04-01,headline,100
54,Tibet,West,2025-03-01,headline,99.9
54,Tibet,West,2025-02-01,headline,100.2
54,Tibet,West,2025-01-01,headline,100.1
54,Tibet,West,2024-12-01,headline,100.2
54,Tibet,West,2024-11-01,headline,99.9
54,Tibet,West,2024-10-01,headline,100.1
54,Tibet,West,2024-09-01,headline,99.8
54,Tibet,West,2024-08-01,headline,100
54,Tibet,West,2024-07-01,headline,100.1
54,Tibet,West,2024-06-01,headline,99.7
54,Tibet,West,2024-05-01,headline,99.9
54,Tibet,West,2024-04-01,headline,100.1
54,Tibet,West,2024-03-01,headline,100.1
54,Tibet,West,2024-02-01,headline,100.1
54,Tibet,West,2024-01-01,headline,100.2
54,Tibet,West,2023-12-01,headline,99.9
54,Tibet,West,2023-11-01,headline,99.9
54,Tibet,West,2023-10-01,headline,100
54,Tibet,West,2023-09-01,headline,100
54,Tibet,West,2023-08-01,headline,100.4
54,Tibet,West,2023-07-01,headline,100.1
54,Tibet,West,2023-06-01,headline,99.8
54,Tibet,West,2023-05-01,headline,99.8
54,Tibet,West,2023-04-01,headline,99.5
54,Tibet,West,2023-03-01,headline,99.7
54,Tibet,West,2023-02-01,headline,99.7
54,Tibet,West,2023-01-01,headline,100
54,Tibet,West,2022-12-01,headline,99.7
54,Tibet,West,2022-11-01,headline,100.5
54,Tibet,West,2022-10-01,headline,100.2
54,Tibet,West,2022-09-01,headline,100.1
54,Tibet,West,2022-08-01,headline,100.3
54,Tibet,West,2022-07-01,headline,100.2
54,Tibet,West,2022-06-01,headline,100
54,Tibet,West,2022-05-01,headline,100
54,Tibet,West,2022-04-01,headline,100.3
54,Tibet,West,2022-03-01,headline,100.5
54,Tibet,West,2022-02-01,headline,100
54,Tibet,West,2022-01-01,headline,100.3
54,Tibet,West,2021-12-01,headline,100
54,Tibet,West,2021-11-01,headline,100.5
54,Tibet,West,2021-10-01,headline,100.1
54,Tibet,West,2021-09-01,headline,99.8
54,Tibet,West,2021-08-01,headline,100
54,Tibet,West,2021-07-01,headline,100.3
54,Tibet,West,2021-06-01,headline,99.8
54,Tibet,West,2021-05-01,headline,99.5
54,Tibet,West,2021-04-01,headline,99.7
54,Tibet,West,2021-03-01,headline,99.7
54,Tibet,West,2021-02-01,headline,100.4
54,Tibet,West,2021-01-01,headline,100.5
65,Xinjiang,West,2025-12-01,headline,100.6
65,Xinjiang,West,2025-11-01,headline,100.3
65,Xinjiang,West,2025-10-01,headline,100.3
65,Xinjiang,West,2025-09-01,headline,100
65,Xinjiang,West,2025-08-01,headline,99.9
65,Xinjiang,West,2025-07-01,headline,100.1
65,Xinjiang,West,2025-06-01,headline,100.1
65,Xinjiang,West,2025-05-01,headline,99.8
65,Xinjiang,West,2025-04-01,headline,100.3
65,Xinjiang,West,2025-03-01,headline,99.5
65,Xinjiang,West,2025-02-01,headline,99.8
65,Xinjiang,West,2025-01-01,headline,100.5
65,Xinjiang,West,2024-12-01,headline,100
65,Xinjiang,West,2024-11-01,headline,99.6
65,Xinjiang,West,2024-10-01,headline,99.4
65,Xinjiang,West,2024-09-01,headline,100.3
65,Xinjiang,West,2024-08-01,headline,100.3
65,Xinjiang,West,2024-07-01,headline,100.2
65,Xinjiang,West,2024-06-01,headline,100.2
65,Xinjiang,West,2024-05-01,headline,100
65,Xinjiang,West,2024-04-01,headline,100.2
65,Xinjiang,West,2024-03-01,headline,99.2
65,Xinjiang,West,2024-02-01,headline,100.5
65,Xinjiang,West,2024-01-01,headline,100.5
65,Xinjiang,West,2023-12-01,headline,100.7
65,Xinjiang,West,2023-11-01,headline,99.6
65,Xinjiang,West,2023-10-01,headline,99.7
65,Xinjiang,West,2023-09-01,headline,100.1
65,Xinjiang,West,2023-08-01,headline,99.7
65,Xinjiang,West,2023-07-01,headline,100.3
65,Xinjiang,West,2023-06-01,headline,99.9
65,Xinjiang,West,2023-05-01,headline,99.6
65,Xinjiang,West,2023-04-01,headline,99.7
65,Xinjiang,West,2023-03-01,headline,99.6
65,Xinjiang,West,2023-02-01,headline,99.6
65,Xinjiang,West,2023-01-01,headline,100.1
65,Xinjiang,West,2022-12-01,headline,99.6
65,Xinjiang,West,2022-11-01,headline,100.1
65,Xinjiang,West,2022-10-01,headline,101.2
65,Xinjiang,West,2022-09-01,headline,100
65,Xinjiang,West,2022-08-01,headline,100.4
65,Xinjiang,West,2022-07-01,headline,100.4
65,Xinjiang,West,2022-06-01,headline,100.3
65,Xinjiang,West,2022-05-01,headline,100
65,Xinjiang,West,2022-04-01,headline,100
65,Xinjiang,West,2022-03-01,headline,99.9
65,Xinjiang,West,2022-02-01,headline,100.1
65,Xinjiang,West,2022-01-01,headline,100.3
65,Xinjiang,West,2021-12-01,headline,100.1
65,Xinjiang,West,2021-11-01,headline,100.8
65,Xinjiang,West,2021-10-01,headline,100.7
65,Xinjiang,West,2021-09-01,headline,99.4
65,Xinjiang,West,2021-08-01,headline,99.8
65,Xinjiang,West,2021-07-01,headline,100.2
65,Xinjiang,West,2021-06-01,headline,99.7
65,Xinjiang,West,2021-05-01,headline,99.8
65,Xinjiang,West,2021-04-01,headline,99.6
65,Xinjiang,West,2021-03-01,headline,99.7
65,Xinjiang,West,2021-02-01,headline,100.5
65,Xinjiang,West,2021-01-01,headline,100.9
53,Yunnan,West,2025-12-01,headline,100.3
53,Yunnan,West,2025-11-01,headline,100
53,Yunnan,West,2025-10-01,headline,100.1
53,Yunnan,West,2025-09-01,headline,100
53,Yunnan,West,2025-08-01,headline,100
53,Yunnan,West,2025-07-01,headline,100.5
53,Yunnan,West,2025-06-01,headline,100.1
53,Yunnan,West,2025-05-01,headline,99.7
53,Yunnan,West,2025-04-01,headline,100.1
53,Yunnan,West,2025-03-01,headline,99.6
53,Yunnan,West,2025-02-01,headline,100
53,Yunnan,West,2025-01-01,headline,100.4
53,Yunnan,West,2024-12-01,headline,99.9
53,Yunnan,West,2024-11-01,headline,99.7
53,Yunnan,West,2024-10-01,headline,100
53,Yunnan,West,2024-09-01,headline,99.7
53,Yunnan,West,2024-08-01,headline,100.3
53,Yunnan,West,2024-07-01,headline,100.5
53,Yunnan,West,2024-06-01,headline,99.8
53,Yunnan,West,2024-05-01,headline,99.9
53,Yunnan,West,2024-04-01,headline,100.3
53,Yunnan,West,2024-03-01,headline,99.3
53,Yunnan,West,2024-02-01,headline,100.7
53,Yunnan,West,2024-01-01,headline,100.3
53,Yunnan,West,2023-12-01,headline,99.8
53,Yunnan,West,2023-11-01,headline,99.6
53,Yunnan,West,2023-10-01,headline,100
53,Yunnan,West,2023-09-01,headline,99.9
53,Yunnan,West,2023-08-01,headline,100.2
53,Yunnan,West,2023-07-01,headline,100.3
53,Yunnan,West,2023-06-01,headline,100
53,Yunnan,West,2023-05-01,headline,99.9
53,Yunnan,West,2023-04-01,headline,99.8
53,Yunnan,West,2023-03-01,headline,99.8
53,Yunnan,West,2023-02-01,headline,99.6
53,Yunnan,West,2023-01-01,headline,100.5
53,Yunnan,West,2022-12-01,headline,99.7
53,Yunnan,West,2022-11-01,headline,99.9
53,Yunnan,West,2022-10-01,headline,100.2
53,Yunnan,West,2022-09-01,headline,100.3
53,Yunnan,West,2022-08-01,headline,99.9
53,Yunnan,West,2022-07-01,headline,100.2
53,Yunnan,West,2022-06-01,headline,100.3
53,Yunnan,West,2022-05-01,headline,100
53,Yunnan,West,2022-04-01,headline,100.4
53,Yunnan,West,2022-03-01,headline,100
53,Yunnan,West,2022-02-01,headline,100.6
53,Yunnan,West,2022-01-01,headline,100.1
53,Yunnan,West,2021-12-01,headline,99.9
53,Yunnan,West,2021-11-01,headline,100.6
53,Yunnan,West,2021-10-01,headline,100.2
53,Yunnan,West,2021-09-01,headline,100.1
53,Yunnan,West,2021-08-01,headline,99.8
53,Yunnan,West,2021-07-01,headline,100.2
53,Yunnan,West,2021-06-01,headline,99.6
53,Yunnan,West,2021-05-01,headline,99.7
53,Yunnan,West,2021-04-01,headline,99.8
53,Yunnan,West,2021-03-01,headline,99.7
53,Yunnan,West,2021-02-01,headline,100.3
53,Yunnan,West,2021-01-01,headline,100.5
33,Zhejiang,East,2025-12-01,headline,100.1
33,Zhejiang,East,2025-11-01,headline,99.8
33,Zhejiang,East,2025-10-01,headline,100.2
33,Zhejiang,East,2025-09-01,headline,100
33,Zhejiang,East,2025-08-01,headline,100
33,Zhejiang,East,2025-07-01,headline,100.4
33,Zhejiang,East,2025-06-01,headline,100.1
33,Zhejiang,East,2025-05-01,headline,99.7
33,Zhejiang,East,2025-04-01,headline,100.2
33,Zhejiang,East,2025-03-01,headline,99.6
33,Zhejiang,East,2025-02-01,headline,99.8
33,Zhejiang,East,2025-01-01,headline,101
33,Zhejiang,East,2024-12-01,headline,100
33,Zhejiang,East,2024-11-01,headline,99.3
33,Zhejiang,East,2024-10-01,headline,99.7
33,Zhejiang,East,2024-09-01,headline,100
33,Zhejiang,East,2024-08-01,headline,100.2
33,Zhejiang,East,2024-07-01,headline,100.4
33,Zhejiang,East,2024-06-01,headline,99.7
33,Zhejiang,East,2024-05-01,headline,99.8
33,Zhejiang,East,2024-04-01,headline,100.2
33,Zhejiang,East,2024-03-01,headline,99
33,Zhejiang,East,2024-02-01,headline,101.5
33,Zhejiang,East,2024-01-01,headline,100.3
33,Zhejiang,East,2023-12-01,headline,100
33,Zhejiang,East,2023-11-01,headline,99.5
33,Zhejiang,East,2023-10-01,headline,99.9
33,Zhejiang,East,2023-09-01,headline,100.3
33,Zhejiang,East,2023-08-01,headline,100.1
33,Zhejiang,East,2023-07-01,headline,100.2
33,Zhejiang,East,2023-06-01,headline,99.8
33,Zhejiang,East,2023-05-01,headline,99.6
33,Zhejiang,East,2023-04-01,headline,99.9
33,Zhejiang,East,2023-03-01,headline,99.8
33,Zhejiang,East,2023-02-01,headline,99.4
33,Zhejiang,East,2023-01-01,headline,101.2
33,Zhejiang,East,2022-12-01,headline,100.1
33,Zhejiang,East,2022-11-01,headline,99.6
33,Zhejiang,East,2022-10-01,headline,99.8
33,Zhejiang,East,2022-09-01,headline,100.3
33,Zhejiang,East,2022-08-01,headline,99.8
33,Zhejiang,East,2022-07-01,headline,100.6
33,Zhejiang,East,2022-06-01,headline,100.1
33,Zhejiang,East,2022-05-01,headline,99.5
33,Zhejiang,East,2022-04-01,headline,100.7
33,Zhejiang,East,2022-03-01,headline,99.9
33,Zhejiang,East,2022-02-01,headline,100.8
33,Zhejiang,East,2022-01-01,headline,100.6
33,Zhejiang,East,2021-12-01,headline,99.7
33,Zhejiang,East,2021-11-01,headline,100.1
33,Zhejiang,East,2021-10-01,headline,100.7
33,Zhejiang,East,2021-09-01,headline,100.2
33,Zhejiang,East,2021-08-01,headline,99.9
33,Zhejiang,East,2021-07-01,headline,100.4
33,Zhejiang,East,2021-06-01,headline,99.8
33,Zhejiang,East,2021-05-01,headline,99.8
33,Zhejiang,East,2021-04-01,headline,99.7
33,Zhejiang,East,2021-03-01,headline,99.4
33,Zhejiang,East,2021-02-01,headline,101
33,Zhejiang,East,2021-01-01,headline,101
