provcd,province_name,region,date,commodity,cpi_index
34,Anhui,East,2025-12-01,meat,98.9
34,Anhui,East,2025-11-01,meat,98.6
34,Anhui,East,2025-10-01,meat,98.8
34,Anhui,East,2025-09-01,meat,99.5
34,Anhui,East,2025-08-01,meat,100
34,Anhui,East,2025-07-01,meat,100.6
34,Anhui,East,2025-06-01,meat,99.4
34,Anhui,East,2025-05-01,meat,99.8
34,Anhui,East,2025-04-01,meat,99.6
34,Anhui,East,2025-03-01,meat,97.4
34,Anhui,East,2025-02-01,meat,99
34,Anhui,East,2025-01-01,meat,100.8
34,Anhui,East,2024-12-01,meat,97.5
34,Anhui,East,2024-11-01,meat,97.8
34,Anhui,East,2024-10-01,meat,97.3
34,Anhui,East,2024-09-01,meat,100.3
34,Anhui,East,2024-08-01,meat,104.1
34,Anhui,East,2024-07-01,meat,100.8
34,Anhui,East,2024-06-01,meat,105.9
34,Anhui,East,2024-05-01,meat,99.2
34,Anhui,East,2024-04-01,meat,99.3
34,Anhui,East,2024-03-01,meat,94.6
34,Anhui,East,2024-02-01,meat,105.1
34,Anhui,East,2024-01-01,meat,99.9
34,Anhui,East,2023-12-01,meat,100.2
34,Anhui,East,2023-11-01,meat,97.3
34,Anhui,East,2023-10-01,meat,98.1
34,Anhui,East,2023-09-01,meat,100.7
34,Anhui,East,2023-08-01,meat,106.7
34,Anhui,East,2023-07-01,meat,99.7
34,Anhui,East,2023-06-01,meat,98.7
34,Anhui,East,2023-05-01,meat,99
34,Anhui,East,2023-04-01,meat,98.1
34,Anhui,East,2023-03-01,meat,97.8
34,Anhui,East,2023-02-01,meat,93.9
34,Anhui,East,2023-01-01,meat,94.3
34,Anhui,East,2022-12-01,meat,94.2
34,Anhui,East,2022-11-01,meat,98.6
34,Anhui,East,2022-10-01,meat,106.8
34,Anhui,East,2022-09-01,meat,103
34,Anhui,East,2022-08-01,meat,99.6
34,Anhui,East,2022-07-01,meat,114
34,Anhui,East,2022-06-01,meat,102.9
34,Anhui,East,2022-05-01,meat,100.9
34,Anhui,East,2022-04-01,meat,101.1
34,Anhui,East,2022-03-01,meat,93.7
34,Anhui,East,2022-02-01,meat,98.1
34,Anhui,East,2022-01-01,meat,99.8
34,Anhui,East,2021-12-01,meat,100.5
34,Anhui,East,2021-11-01,meat,106.3
34,Anhui,East,2021-10-01,meat,99.5
34,Anhui,East,2021-09-01,meat,98.6
34,Anhui,East,2021-08-01,meat,99.5
34,Anhui,East,2021-07-01,meat,99.2
34,Anhui,East,2021-06-01,meat,91.2
34,Anhui,East,2021-05-01,meat,93
34,Anhui,East,2021-04-01,meat,92.6
34,Anhui,East,2021-03-01,meat,92.8
34,Anhui,East,2021-02-01,meat,97.1
34,Anhui,East,2021-01-01,meat,104.6
34,Anhui,East,2020-12-01,meat,106.9
34,Anhui,East,2020-11-01,meat,94
34,Anhui,East,2020-10-01,meat,94.8
34,Anhui,East,2020-09-01,meat,98.8
34,Anhui,East,2020-08-01,meat,100.5
34,Anhui,East,2020-07-01,meat,109.2
34,Anhui,East,2020-06-01,meat,105.3
34,Anhui,East,2020-05-01,meat,93.8
34,Anhui,East,2020-04-01,meat,94
34,Anhui,East,2020-03-01,meat,90.8
34,Anhui,East,2020-02-01,meat,105.6
34,Anhui,East,2020-01-01,meat,112
34,Anhui,East,2019-12-01,meat,95.7
34,Anhui,East,2019-11-01,meat,101
34,Anhui,East,2019-10-01,meat,115.7
34,Anhui,East,2019-09-01,meat,116.4
34,Anhui,East,2019-08-01,meat,119.8
34,Anhui,East,2019-07-01,meat,103.5
34,Anhui,East,2019-06-01,meat,100.6
34,Anhui,East,2019-05-01,meat,98.9
34,Anhui,East,2019-04-01,meat,101.2
34,Anhui,East,2019-03-01,meat,101.7
34,Anhui,East,2019-02-01,meat,103.6
34,Anhui,East,2019-01-01,meat,99.8
34,Anhui,East,2018-12-01,meat,99.9
34,Anhui,East,2018-11-01,meat,98
34,Anhui,East,2018-10-01,meat,101.6
34,Anhui,East,2018-09-01,meat,103.9
34,Anhui,East,2018-08-01,meat,104.9
34,Anhui,East,2018-07-01,meat,103.9
34,Anhui,East,2018-06-01,meat,101.2
34,Anhui,East,2018-05-01,meat,96.9
34,Anhui,East,2018-04-01,meat,93.9
34,Anhui,East,2018-03-01,meat,91.9
34,Anhui,East,2018-02-01,meat,102.5
34,Anhui,East,2018-01-01,meat,102.8
34,Anhui,East,2017-12-01,meat,101.4
34,Anhui,East,2017-11-01,meat,98.8
34,Anhui,East,2017-10-01,meat,100.3
34,Anhui,East,2017-09-01,meat,101.1
34,Anhui,East,2017-08-01,meat,101.6
34,Anhui,East,2017-07-01,meat,99.3
34,Anhui,East,2017-06-01,meat,96.5
34,Anhui,East,2017-05-01,meat,96.1
34,Anhui,East,2017-04-01,meat,98
34,Anhui,East,2017-03-01,meat,97.1
34,Anhui,East,2017-02-01,meat,99.4
34,Anhui,East,2017-01-01,meat,104.7
34,Anhui,East,2016-12-01,meat,99.9
34,Anhui,East,2016-11-01,meat,98.3
34,Anhui,East,2016-10-01,meat,97.3
34,Anhui,East,2016-09-01,meat,99.4
34,Anhui,East,2016-08-01,meat,99.4
34,Anhui,East,2016-07-01,meat,97.7
34,Anhui,East,2016-06-01,meat,100.4
34,Anhui,East,2016-05-01,meat,100.7
34,Anhui,East,2016-04-01,meat,102.4
34,Anhui,East,2016-03-01,meat,98.2
34,Anhui,East,2016-02-01,meat,107.3
34,Anhui,East,2016-01-01,meat,103
11,Beijing,North,2025-12-01,meat,98.9
11,Beijing,North,2025-11-01,meat,99.4
11,Beijing,North,2025-10-01,meat,99.4
11,Beijing,North,2025-09-01,meat,101.3
11,Beijing,North,2025-08-01,meat,99.1
11,Beijing,North,2025-07-01,meat,100.2
11,Beijing,North,2025-06-01,meat,99.9
11,Beijing,North,2025-05-01,meat,99.2
11,Beijing,North,2025-04-01,meat,100.5
11,Beijing,North,2025-03-01,meat,98.9
11,Beijing,North,2025-02-01,meat,99.5
11,Beijing,North,2025-01-01,meat,99.6
11,Beijing,North,2024-12-01,meat,99.1
11,Beijing,North,2024-11-01,meat,98.2
11,Beijing,North,2024-10-01,meat,98.5
11,Beijing,North,2024-09-01,meat,101.2
11,Beijing,North,2024-08-01,meat,101.7
11,Beijing,North,2024-07-01,meat,100.7
11,Beijing,North,2024-06-01,meat,102.7
11,Beijing,North,2024-05-01,meat,99.8
11,Beijing,North,2024-04-01,meat,99.8
11,Beijing,North,2024-03-01,meat,96.9
11,Beijing,North,2024-02-01,meat,102.3
11,Beijing,North,2024-01-01,meat,99.1
11,Beijing,North,2023-12-01,meat,99.3
11,Beijing,North,2023-11-01,meat,97.8
11,Beijing,North,2023-10-01,meat,98.8
11,Beijing,North,2023-09-01,meat,99.9
11,Beijing,North,2023-08-01,meat,103
11,Beijing,North,2023-07-01,meat,99.4
11,Beijing,North,2023-06-01,meat,99.2
11,Beijing,North,2023-05-01,meat,99.5
11,Beijing,North,2023-04-01,meat,98.7
11,Beijing,North,2023-03-01,meat,97.9
11,Beijing,North,2023-02-01,meat,94.6
11,Beijing,North,2023-01-01,meat,95.6
11,Beijing,North,2022-12-01,meat,98.4
11,Beijing,North,2022-11-01,meat,100
11,Beijing,North,2022-10-01,meat,104.5
11,Beijing,North,2022-09-01,meat,102.2
11,Beijing,North,2022-08-01,meat,98.8
11,Beijing,North,2022-07-01,meat,106.4
11,Beijing,North,2022-06-01,meat,101
11,Beijing,North,2022-05-01,meat,102.3
11,Beijing,North,2022-04-01,meat,100.4
11,Beijing,North,2022-03-01,meat,97.3
11,Beijing,North,2022-02-01,meat,99.4
11,Beijing,North,2022-01-01,meat,98.6
11,Beijing,North,2021-12-01,meat,100.4
11,Beijing,North,2021-11-01,meat,103.2
11,Beijing,North,2021-10-01,meat,99.7
11,Beijing,North,2021-09-01,meat,99.4
11,Beijing,North,2021-08-01,meat,99
11,Beijing,North,2021-07-01,meat,98
11,Beijing,North,2021-06-01,meat,94.6
11,Beijing,North,2021-05-01,meat,96.6
11,Beijing,North,2021-04-01,meat,95.5
11,Beijing,North,2021-03-01,meat,96.3
11,Beijing,North,2021-02-01,meat,98.8
11,Beijing,North,2021-01-01,meat,103.4
11,Beijing,North,2020-12-01,meat,102.5
11,Beijing,North,2020-11-01,meat,97.4
11,Beijing,North,2020-10-01,meat,96.5
11,Beijing,North,2020-09-01,meat,99.3
11,Beijing,North,2020-08-01,meat,99.6
11,Beijing,North,2020-07-01,meat,105.1
11,Beijing,North,2020-06-01,meat,101.1
11,Beijing,North,2020-05-01,meat,95.5
11,Beijing,North,2020-04-01,meat,96.4
11,Beijing,North,2020-03-01,meat,99.9
11,Beijing,North,2020-02-01,meat,103.1
11,Beijing,North,2020-01-01,meat,101.6
11,Beijing,North,2019-12-01,meat,96.9
11,Beijing,North,2019-11-01,meat,107.7
11,Beijing,North,2019-10-01,meat,112.6
11,Beijing,North,2019-09-01,meat,110.8
11,Beijing,North,2019-08-01,meat,106.4
11,Beijing,North,2019-07-01,meat,102.8
11,Beijing,North,2019-06-01,meat,102.5
11,Beijing,North,2019-05-01,meat,99.7
11,Beijing,North,2019-04-01,meat,101.2
11,Beijing,North,2019-03-01,meat,100.4
11,Beijing,North,2019-02-01,meat,100.3
11,Beijing,North,2019-01-01,meat,100.1
11,Beijing,North,2018-12-01,meat,100.9
11,Beijing,North,2018-11-01,meat,99.6
11,Beijing,North,2018-10-01,meat,100.9
11,Beijing,North,2018-09-01,meat,102.7
11,Beijing,North,2018-08-01,meat,102.3
11,Beijing,North,2018-07-01,meat,101.2
11,Beijing,North,2018-06-01,meat,100.4
11,Beijing,North,2018-05-01,meat,98.7
11,Beijing,North,2018-04-01,meat,97.7
11,Beijing,North,2018-03-01,meat,96.5
11,Beijing,North,2018-02-01,meat,101.1
11,Beijing,North,2018-01-01,meat,99.9
11,Beijing,North,2017-12-01,meat,101.3
11,Beijing,North,2017-11-01,meat,100.1
11,Beijing,North,2017-10-01,meat,100.4
11,Beijing,North,2017-09-01,meat,100.9
11,Beijing,North,2017-08-01,meat,100.4
11,Beijing,North,2017-07-01,meat,100
11,Beijing,North,2017-06-01,meat,99.3
11,Beijing,North,2017-05-01,meat,98.7
11,Beijing,North,2017-04-01,meat,99.2
11,Beijing,North,2017-03-01,meat,98.1
11,Beijing,North,2017-02-01,meat,99.6
11,Beijing,North,2017-01-01,meat,101.7
11,Beijing,North,2016-12-01,meat,100.8
11,Beijing,North,2016-11-01,meat,99.3
11,Beijing,North,2016-10-01,meat,99.2
11,Beijing,North,2016-09-01,meat,99.9
11,Beijing,North,2016-08-01,meat,99.6
11,Beijing,North,2016-07-01,meat,100.2
11,Beijing,North,2016-06-01,meat,100.4
11,Beijing,North,2016-05-01,meat,99.3
11,Beijing,North,2016-04-01,meat,102.1
11,Beijing,North,2016-03-01,meat,99.6
11,Beijing,North,2016-02-01,meat,102.6
11,Beijing,North,2016-01-01,meat,100.1
50,Chongqing,West,2025-12-01,meat,100.5
50,Chongqing,West,2025-11-01,meat,99.4
50,Chongqing,West,2025-10-01,meat,99
50,Chongqing,West,2025-09-01,meat,100.4
50,Chongqing,West,2025-08-01,meat,100.9
50,Chongqing,West,2025-07-01,meat,98.8
50,Chongqing,West,2025-06-01,meat,98.5
50,Chongqing,West,2025-05-01,meat,100.2
50,Chongqing,West,2025-04-01,meat,99.2
50,Chongqing,West,2025-03-01,meat,97.3
50,Chongqing,West,2025-02-01,meat,100.1
50,Chongqing,West,2025-01-01,meat,99
50,Chongqing,West,2024-12-01,meat,98.5
50,Chongqing,West,2024-11-01,meat,98.2
50,Chongqing,West,2024-10-01,meat,97.9
50,Chongqing,West,2024-09-01,meat,101.3
50,Chongqing,West,2024-08-01,meat,105.2
50,Chongqing,West,2024-07-01,meat,100.6
50,Chongqing,West,2024-06-01,meat,106
50,Chongqing,West,2024-05-01,meat,99.1
50,Chongqing,West,2024-04-01,meat,100.5
50,Chongqing,West,2024-03-01,meat,95.2
50,Chongqing,West,2024-02-01,meat,102.2
50,Chongqing,West,2024-01-01,meat,99.3
50,Chongqing,West,2023-12-01,meat,99.1
50,Chongqing,West,2023-11-01,meat,97.3
50,Chongqing,West,2023-10-01,meat,99.9
50,Chongqing,West,2023-09-01,meat,102.1
50,Chongqing,West,2023-08-01,meat,105.6
50,Chongqing,West,2023-07-01,meat,99.1
50,Chongqing,West,2023-06-01,meat,99.2
50,Chongqing,West,2023-05-01,meat,99
50,Chongqing,West,2023-04-01,meat,97.3
50,Chongqing,West,2023-03-01,meat,98.5
50,Chongqing,West,2023-02-01,meat,92.5
50,Chongqing,West,2023-01-01,meat,88
50,Chongqing,West,2022-12-01,meat,93
50,Chongqing,West,2022-11-01,meat,103.4
50,Chongqing,West,2022-10-01,meat,107.2
50,Chongqing,West,2022-09-01,meat,104.6
50,Chongqing,West,2022-08-01,meat,102.3
50,Chongqing,West,2022-07-01,meat,115.2
50,Chongqing,West,2022-06-01,meat,101.3
50,Chongqing,West,2022-05-01,meat,101.1
50,Chongqing,West,2022-04-01,meat,100
50,Chongqing,West,2022-03-01,meat,94
50,Chongqing,West,2022-02-01,meat,99.2
50,Chongqing,West,2022-01-01,meat,97.6
50,Chongqing,West,2021-12-01,meat,98.4
50,Chongqing,West,2021-11-01,meat,110.6
50,Chongqing,West,2021-10-01,meat,99.5
50,Chongqing,West,2021-09-01,meat,100.4
50,Chongqing,West,2021-08-01,meat,98.4
50,Chongqing,West,2021-07-01,meat,99.4
50,Chongqing,West,2021-06-01,meat,91.3
50,Chongqing,West,2021-05-01,meat,92.9
50,Chongqing,West,2021-04-01,meat,93
50,Chongqing,West,2021-03-01,meat,90.4
50,Chongqing,West,2021-02-01,meat,98
50,Chongqing,West,2021-01-01,meat,102.3
50,Chongqing,West,2020-12-01,meat,105.8
50,Chongqing,West,2020-11-01,meat,94.1
50,Chongqing,West,2020-10-01,meat,93.7
50,Chongqing,West,2020-09-01,meat,99.5
50,Chongqing,West,2020-08-01,meat,101.8
50,Chongqing,West,2020-07-01,meat,110.5
50,Chongqing,West,2020-06-01,meat,103.8
50,Chongqing,West,2020-05-01,meat,92.8
50,Chongqing,West,2020-04-01,meat,92.5
50,Chongqing,West,2020-03-01,meat,88.1
50,Chongqing,West,2020-02-01,meat,114.6
50,Chongqing,West,2020-01-01,meat,105.6
50,Chongqing,West,2019-12-01,meat,99.3
50,Chongqing,West,2019-11-01,meat,100.3
50,Chongqing,West,2019-10-01,meat,113.6
50,Chongqing,West,2019-09-01,meat,119.2
50,Chongqing,West,2019-08-01,meat,120.2
50,Chongqing,West,2019-07-01,meat,105
50,Chongqing,West,2019-06-01,meat,99.6
50,Chongqing,West,2019-05-01,meat,100.3
50,Chongqing,West,2019-04-01,meat,101.4
50,Chongqing,West,2019-03-01,meat,97.5
50,Chongqing,West,2019-02-01,meat,99
50,Chongqing,West,2019-01-01,meat,99.1
50,Chongqing,West,2018-12-01,meat,99.2
50,Chongqing,West,2018-11-01,meat,103
50,Chongqing,West,2018-10-01,meat,105
50,Chongqing,West,2018-09-01,meat,104.2
50,Chongqing,West,2018-08-01,meat,107
50,Chongqing,West,2018-07-01,meat,103.3
50,Chongqing,West,2018-06-01,meat,100.2
50,Chongqing,West,2018-05-01,meat,95.9
50,Chongqing,West,2018-04-01,meat,94.7
50,Chongqing,West,2018-03-01,meat,91.9
50,Chongqing,West,2018-02-01,meat,102.5
50,Chongqing,West,2018-01-01,meat,99.7
50,Chongqing,West,2017-12-01,meat,100.5
50,Chongqing,West,2017-11-01,meat,99.6
50,Chongqing,West,2017-10-01,meat,102.1
50,Chongqing,West,2017-09-01,meat,103.1
50,Chongqing,West,2017-08-01,meat,102.1
50,Chongqing,West,2017-07-01,meat,98.5
50,Chongqing,West,2017-06-01,meat,97.3
50,Chongqing,West,2017-05-01,meat,96.5
50,Chongqing,West,2017-04-01,meat,98.1
50,Chongqing,West,2017-03-01,meat,96.1
50,Chongqing,West,2017-02-01,meat,98.8
50,Chongqing,West,2017-01-01,meat,102.6
50,Chongqing,West,2016-12-01,meat,100.8
50,Chongqing,West,2016-11-01,meat,97.9
50,Chongqing,West,2016-10-01,meat,98.7
50,Chongqing,West,2016-09-01,meat,100
50,Chongqing,West,2016-08-01,meat,99.1
50,Chongqing,West,2016-07-01,meat,97.1
50,Chongqing,West,2016-06-01,meat,100.5
50,Chongqing,West,2016-05-01,meat,102
50,Chongqing,West,2016-04-01,meat,102.2
50,Chongqing,West,2016-03-01,meat,97.8
50,Chongqing,West,2016-02-01,meat,105.2
50,Chongqing,West,2016-01-01,meat,103.5
35,Fujian,East,2025-12-01,meat,98.6
35,Fujian,East,2025-11-01,meat,98.7
35,Fujian,East,2025-10-01,meat,98.6
35,Fujian,East,2025-09-01,meat,99.7
35,Fujian,East,2025-08-01,meat,99.7
35,Fujian,East,2025-07-01,meat,100.1
35,Fujian,East,2025-06-01,meat,99.6
35,Fujian,East,2025-05-01,meat,99.4
35,Fujian,East,2025-04-01,meat,99.6
35,Fujian,East,2025-03-01,meat,98.5
35,Fujian,East,2025-02-01,meat,99.8
35,Fujian,East,2025-01-01,meat,100.1
35,Fujian,East,2024-12-01,meat,98.4
35,Fujian,East,2024-11-01,meat,98.3
35,Fujian,East,2024-10-01,meat,98.1
35,Fujian,East,2024-09-01,meat,99.4
35,Fujian,East,2024-08-01,meat,105.4
35,Fujian,East,2024-07-01,meat,100.4
35,Fujian,East,2024-06-01,meat,105.3
35,Fujian,East,2024-05-01,meat,99.6
35,Fujian,East,2024-04-01,meat,99.8
35,Fujian,East,2024-03-01,meat,98.1
35,Fujian,East,2024-02-01,meat,102.9
35,Fujian,East,2024-01-01,meat,99
35,Fujian,East,2023-12-01,meat,99.4
35,Fujian,East,2023-11-01,meat,98.2
35,Fujian,East,2023-10-01,meat,99.1
35,Fujian,East,2023-09-01,meat,100.4
35,Fujian,East,2023-08-01,meat,103.7
35,Fujian,East,2023-07-01,meat,99.7
35,Fujian,East,2023-06-01,meat,98.8
35,Fujian,East,2023-05-01,meat,98.3
35,Fujian,East,2023-04-01,meat,97.8
35,Fujian,East,2023-03-01,meat,98.2
35,Fujian,East,2023-02-01,meat,94.3
35,Fujian,East,2023-01-01,meat,95.8
35,Fujian,East,2022-12-01,meat,94.1
35,Fujian,East,2022-11-01,meat,101.1
35,Fujian,East,2022-10-01,meat,106.1
35,Fujian,East,2022-09-01,meat,103
35,Fujian,East,2022-08-01,meat,100.6
35,Fujian,East,2022-07-01,meat,112.5
35,Fujian,East,2022-06-01,meat,100.7
35,Fujian,East,2022-05-01,meat,102.5
35,Fujian,East,2022-04-01,meat,99.6
35,Fujian,East,2022-03-01,meat,94.9
35,Fujian,East,2022-02-01,meat,98.3
35,Fujian,East,2022-01-01,meat,99
35,Fujian,East,2021-12-01,meat,102
35,Fujian,East,2021-11-01,meat,106.3
35,Fujian,East,2021-10-01,meat,96.8
35,Fujian,East,2021-09-01,meat,97.4
35,Fujian,East,2021-08-01,meat,99.2
35,Fujian,East,2021-07-01,meat,96.5
35,Fujian,East,2021-06-01,meat,92.3
35,Fujian,East,2021-05-01,meat,94.1
35,Fujian,East,2021-04-01,meat,92.4
35,Fujian,East,2021-03-01,meat,93
35,Fujian,East,2021-02-01,meat,100.7
35,Fujian,East,2021-01-01,meat,104.3
35,Fujian,East,2020-12-01,meat,104.1
35,Fujian,East,2020-11-01,meat,94.3
35,Fujian,East,2020-10-01,meat,95
35,Fujian,East,2020-09-01,meat,99.2
35,Fujian,East,2020-08-01,meat,101.1
35,Fujian,East,2020-07-01,meat,107.1
35,Fujian,East,2020-06-01,meat,101.6
35,Fujian,East,2020-05-01,meat,93.8
35,Fujian,East,2020-04-01,meat,93.9
35,Fujian,East,2020-03-01,meat,95.5
35,Fujian,East,2020-02-01,meat,108.4
35,Fujian,East,2020-01-01,meat,105.2
35,Fujian,East,2019-12-01,meat,95.7
35,Fujian,East,2019-11-01,meat,105.8
35,Fujian,East,2019-10-01,meat,115.6
35,Fujian,East,2019-09-01,meat,113.1
35,Fujian,East,2019-08-01,meat,115.6
35,Fujian,East,2019-07-01,meat,105.6
35,Fujian,East,2019-06-01,meat,102.7
35,Fujian,East,2019-05-01,meat,99.6
35,Fujian,East,2019-04-01,meat,100.1
35,Fujian,East,2019-03-01,meat,97
35,Fujian,East,2019-02-01,meat,99.5
35,Fujian,East,2019-01-01,meat,103.8
35,Fujian,East,2018-12-01,meat,103.4
35,Fujian,East,2018-11-01,meat,100.4
35,Fujian,East,2018-10-01,meat,101.2
35,Fujian,East,2018-09-01,meat,103.6
35,Fujian,East,2018-08-01,meat,103.5
35,Fujian,East,2018-07-01,meat,101.3
35,Fujian,East,2018-06-01,meat,100.4
35,Fujian,East,2018-05-01,meat,96.9
35,Fujian,East,2018-04-01,meat,94.9
35,Fujian,East,2018-03-01,meat,94.5
35,Fujian,East,2018-02-01,meat,102.4
35,Fujian,East,2018-01-01,meat,100.6
35,Fujian,East,2017-12-01,meat,100.7
35,Fujian,East,2017-11-01,meat,99.8
35,Fujian,East,2017-10-01,meat,100.6
35,Fujian,East,2017-09-01,meat,99.9
35,Fujian,East,2017-08-01,meat,100
35,Fujian,East,2017-07-01,meat,99.1
35,Fujian,East,2017-06-01,meat,98.8
35,Fujian,East,2017-05-01,meat,98.6
35,Fujian,East,2017-04-01,meat,98.8
35,Fujian,East,2017-03-01,meat,97.7
35,Fujian,East,2017-02-01,meat,99.9
35,Fujian,East,2017-01-01,meat,102.3
35,Fujian,East,2016-12-01,meat,100.1
35,Fujian,East,2016-11-01,meat,98.4
35,Fujian,East,2016-10-01,meat,98.7
35,Fujian,East,2016-09-01,meat,100.1
35,Fujian,East,2016-08-01,meat,99.2
35,Fujian,East,2016-07-01,meat,98.8
35,Fujian,East,2016-06-01,meat,99.9
35,Fujian,East,2016-05-01,meat,101.5
35,Fujian,East,2016-04-01,meat,103
35,Fujian,East,2016-03-01,meat,100.5
35,Fujian,East,2016-02-01,meat,104.1
35,Fujian,East,2016-01-01,meat,101.1
62,Gansu,West,2025-12-01,meat,98.9
62,Gansu,West,2025-11-01,meat,99.3
62,Gansu,West,2025-10-01,meat,99.6
62,Gansu,West,2025-09-01,meat,100.5
62,Gansu,West,2025-08-01,meat,100.4
62,Gansu,West,2025-07-01,meat,100.1
62,Gansu,West,2025-06-01,meat,99.6
62,Gansu,West,2025-05-01,meat,100.3
62,Gansu,West,2025-04-01,meat,100.7
62,Gansu,West,2025-03-01,meat,98.6
62,Gansu,West,2025-02-01,meat,99
62,Gansu,West,2025-01-01,meat,100.1
62,Gansu,West,2024-12-01,meat,98.4
62,Gansu,West,2024-11-01,meat,97.9
62,Gansu,West,2024-10-01,meat,98.5
62,Gansu,West,2024-09-01,meat,100.5
62,Gansu,West,2024-08-01,meat,103.3
62,Gansu,West,2024-07-01,meat,100.2
62,Gansu,West,2024-06-01,meat,103.9
62,Gansu,West,2024-05-01,meat,98.7
62,Gansu,West,2024-04-01,meat,98.7
62,Gansu,West,2024-03-01,meat,97.9
62,Gansu,West,2024-02-01,meat,101.3
62,Gansu,West,2024-01-01,meat,99.1
62,Gansu,West,2023-12-01,meat,99.1
62,Gansu,West,2023-11-01,meat,98.8
62,Gansu,West,2023-10-01,meat,99.3
62,Gansu,West,2023-09-01,meat,100.3
62,Gansu,West,2023-08-01,meat,103.9
62,Gansu,West,2023-07-01,meat,98.6
62,Gansu,West,2023-06-01,meat,98
62,Gansu,West,2023-05-01,meat,99.4
62,Gansu,West,2023-04-01,meat,98.5
62,Gansu,West,2023-03-01,meat,98.4
62,Gansu,West,2023-02-01,meat,95.5
62,Gansu,West,2023-01-01,meat,92.3
62,Gansu,West,2022-12-01,meat,95.3
62,Gansu,West,2022-11-01,meat,101.8
62,Gansu,West,2022-10-01,meat,104.7
62,Gansu,West,2022-09-01,meat,100.9
62,Gansu,West,2022-08-01,meat,100.7
62,Gansu,West,2022-07-01,meat,112.5
62,Gansu,West,2022-06-01,meat,101.7
62,Gansu,West,2022-05-01,meat,102
62,Gansu,West,2022-04-01,meat,100.1
62,Gansu,West,2022-03-01,meat,97.1
62,Gansu,West,2022-02-01,meat,98.1
62,Gansu,West,2022-01-01,meat,96.9
62,Gansu,West,2021-12-01,meat,99.4
62,Gansu,West,2021-11-01,meat,103.7
62,Gansu,West,2021-10-01,meat,99.6
62,Gansu,West,2021-09-01,meat,97.5
62,Gansu,West,2021-08-01,meat,98
62,Gansu,West,2021-07-01,meat,98.1
62,Gansu,West,2021-06-01,meat,92.8
62,Gansu,West,2021-05-01,meat,94.9
62,Gansu,West,2021-04-01,meat,94.8
62,Gansu,West,2021-03-01,meat,95.7
62,Gansu,West,2021-02-01,meat,96.9
62,Gansu,West,2021-01-01,meat,103.8
62,Gansu,West,2020-12-01,meat,102.1
62,Gansu,West,2020-11-01,meat,97.6
62,Gansu,West,2020-10-01,meat,97.4
62,Gansu,West,2020-09-01,meat,100.1
62,Gansu,West,2020-08-01,meat,101.5
62,Gansu,West,2020-07-01,meat,105.5
62,Gansu,West,2020-06-01,meat,101.8
62,Gansu,West,2020-05-01,meat,96.5
62,Gansu,West,2020-04-01,meat,98.3
62,Gansu,West,2020-03-01,meat,99.2
62,Gansu,West,2020-02-01,meat,102.6
62,Gansu,West,2020-01-01,meat,101.3
62,Gansu,West,2019-12-01,meat,95.9
62,Gansu,West,2019-11-01,meat,107.2
62,Gansu,West,2019-10-01,meat,113.1
62,Gansu,West,2019-09-01,meat,111.2
62,Gansu,West,2019-08-01,meat,106.3
62,Gansu,West,2019-07-01,meat,100.9
62,Gansu,West,2019-06-01,meat,100.3
62,Gansu,West,2019-05-01,meat,103.1
62,Gansu,West,2019-04-01,meat,99.4
62,Gansu,West,2019-03-01,meat,98.3
62,Gansu,West,2019-02-01,meat,99.8
62,Gansu,West,2019-01-01,meat,100.9
62,Gansu,West,2018-12-01,meat,104.8
62,Gansu,West,2018-11-01,meat,101.6
62,Gansu,West,2018-10-01,meat,100.7
62,Gansu,West,2018-09-01,meat,101.6
62,Gansu,West,2018-08-01,meat,102.4
62,Gansu,West,2018-07-01,meat,101.5
62,Gansu,West,2018-06-01,meat,99.8
62,Gansu,West,2018-05-01,meat,97
62,Gansu,West,2018-04-01,meat,98
62,Gansu,West,2018-03-01,meat,98.6
62,Gansu,West,2018-02-01,meat,100
62,Gansu,West,2018-01-01,meat,100.6
62,Gansu,West,2017-12-01,meat,100.6
62,Gansu,West,2017-11-01,meat,100.1
62,Gansu,West,2017-10-01,meat,99.9
62,Gansu,West,2017-09-01,meat,100.7
62,Gansu,West,2017-08-01,meat,100.2
62,Gansu,West,2017-07-01,meat,99.4
62,Gansu,West,2017-06-01,meat,98.5
62,Gansu,West,2017-05-01,meat,99.1
62,Gansu,West,2017-04-01,meat,99.7
62,Gansu,West,2017-03-01,meat,98.3
62,Gansu,West,2017-02-01,meat,99.4
62,Gansu,West,2017-01-01,meat,101
62,Gansu,West,2016-12-01,meat,100.6
62,Gansu,West,2016-11-01,meat,98.4
62,Gansu,West,2016-10-01,meat,101
62,Gansu,West,2016-09-01,meat,97.9
62,Gansu,West,2016-08-01,meat,99.6
62,Gansu,West,2016-07-01,meat,99.3
62,Gansu,West,2016-06-01,meat,100.9
62,Gansu,West,2016-05-01,meat,101.8
62,Gansu,West,2016-04-01,meat,101.8
62,Gansu,West,2016-03-01,meat,98.8
62,Gansu,West,2016-02-01,meat,103.9
62,Gansu,West,2016-01-01,meat,100
44,Guangdong,South,2025-12-01,meat,99.8
44,Guangdong,South,2025-11-01,meat,99.5
44,Guangdong,South,2025-10-01,meat,99
44,Guangdong,South,2025-09-01,meat,99.8
44,Guangdong,South,2025-08-01,meat,100
44,Guangdong,South,2025-07-01,meat,100.3
44,Guangdong,South,2025-06-01,meat,99.5
44,Guangdong,South,2025-05-01,meat,99.4
44,Guangdong,South,2025-04-01,meat,99.4
44,Guangdong,South,2025-03-01,meat,97.5
44,Guangdong,South,2025-02-01,meat,99.3
44,Guangdong,South,2025-01-01,meat,100.6
44,Guangdong,South,2024-12-01,meat,99.7
44,Guangdong,South,2024-11-01,meat,99.5
44,Guangdong,South,2024-10-01,meat,98.9
44,Guangdong,South,2024-09-01,meat,100.1
44,Guangdong,South,2024-08-01,meat,103.8
44,Guangdong,South,2024-07-01,meat,100.9
44,Guangdong,South,2024-06-01,meat,102.1
44,Guangdong,South,2024-05-01,meat,100
44,Guangdong,South,2024-04-01,meat,99.7
44,Guangdong,South,2024-03-01,meat,96.6
44,Guangdong,South,2024-02-01,meat,103.7
44,Guangdong,South,2024-01-01,meat,99.1
44,Guangdong,South,2023-12-01,meat,99.5
44,Guangdong,South,2023-11-01,meat,99.8
44,Guangdong,South,2023-10-01,meat,99.5
44,Guangdong,South,2023-09-01,meat,100.5
44,Guangdong,South,2023-08-01,meat,102.3
44,Guangdong,South,2023-07-01,meat,99.3
44,Guangdong,South,2023-06-01,meat,98.4
44,Guangdong,South,2023-05-01,meat,97.9
44,Guangdong,South,2023-04-01,meat,98.3
44,Guangdong,South,2023-03-01,meat,96.1
44,Guangdong,South,2023-02-01,meat,93.9
44,Guangdong,South,2023-01-01,meat,98.3
44,Guangdong,South,2022-12-01,meat,97.7
44,Guangdong,South,2022-11-01,meat,101.7
44,Guangdong,South,2022-10-01,meat,104.8
44,Guangdong,South,2022-09-01,meat,102.5
44,Guangdong,South,2022-08-01,meat,100.9
44,Guangdong,South,2022-07-01,meat,108.4
44,Guangdong,South,2022-06-01,meat,100.6
44,Guangdong,South,2022-05-01,meat,101.7
44,Guangdong,South,2022-04-01,meat,99.1
44,Guangdong,South,2022-03-01,meat,94
44,Guangdong,South,2022-02-01,meat,100.9
44,Guangdong,South,2022-01-01,meat,100.1
44,Guangdong,South,2021-12-01,meat,102.1
44,Guangdong,South,2021-11-01,meat,102.6
44,Guangdong,South,2021-10-01,meat,97.4
44,Guangdong,South,2021-09-01,meat,98
44,Guangdong,South,2021-08-01,meat,98.3
44,Guangdong,South,2021-07-01,meat,96.9
44,Guangdong,South,2021-06-01,meat,93.2
44,Guangdong,South,2021-05-01,meat,93.4
44,Guangdong,South,2021-04-01,meat,94.6
44,Guangdong,South,2021-03-01,meat,92.9
44,Guangdong,South,2021-02-01,meat,103.3
44,Guangdong,South,2021-01-01,meat,103
44,Guangdong,South,2020-12-01,meat,101.8
44,Guangdong,South,2020-11-01,meat,95.6
44,Guangdong,South,2020-10-01,meat,97.4
44,Guangdong,South,2020-09-01,meat,99.2
44,Guangdong,South,2020-08-01,meat,101.1
44,Guangdong,South,2020-07-01,meat,105.2
44,Guangdong,South,2020-06-01,meat,99.9
44,Guangdong,South,2020-05-01,meat,94.1
44,Guangdong,South,2020-04-01,meat,93.9
44,Guangdong,South,2020-03-01,meat,93.3
44,Guangdong,South,2020-02-01,meat,109.7
44,Guangdong,South,2020-01-01,meat,109.6
44,Guangdong,South,2019-12-01,meat,96.3
44,Guangdong,South,2019-11-01,meat,105.6
44,Guangdong,South,2019-10-01,meat,114.7
44,Guangdong,South,2019-09-01,meat,114.5
44,Guangdong,South,2019-08-01,meat,117.6
44,Guangdong,South,2019-07-01,meat,106.5
44,Guangdong,South,2019-06-01,meat,102.9
44,Guangdong,South,2019-05-01,meat,99.8
44,Guangdong,South,2019-04-01,meat,99.7
44,Guangdong,South,2019-03-01,meat,96
44,Guangdong,South,2019-02-01,meat,103.3
44,Guangdong,South,2019-01-01,meat,99.5
44,Guangdong,South,2018-12-01,meat,101.7
44,Guangdong,South,2018-11-01,meat,101.5
44,Guangdong,South,2018-10-01,meat,101.4
44,Guangdong,South,2018-09-01,meat,101.5
44,Guangdong,South,2018-08-01,meat,102.1
44,Guangdong,South,2018-07-01,meat,100
44,Guangdong,South,2018-06-01,meat,99.2
44,Guangdong,South,2018-05-01,meat,97.6
44,Guangdong,South,2018-04-01,meat,97.8
44,Guangdong,South,2018-03-01,meat,94.6
44,Guangdong,South,2018-02-01,meat,105.3
44,Guangdong,South,2018-01-01,meat,99.7
44,Guangdong,South,2017-12-01,meat,100.4
44,Guangdong,South,2017-11-01,meat,99.8
44,Guangdong,South,2017-10-01,meat,100.2
44,Guangdong,South,2017-09-01,meat,100
44,Guangdong,South,2017-08-01,meat,99.8
44,Guangdong,South,2017-07-01,meat,99
44,Guangdong,South,2017-06-01,meat,98.2
44,Guangdong,South,2017-05-01,meat,99.2
44,Guangdong,South,2017-04-01,meat,99.4
44,Guangdong,South,2017-03-01,meat,97.6
44,Guangdong,South,2017-02-01,meat,99.1
44,Guangdong,South,2017-01-01,meat,102.3
44,Guangdong,South,2016-12-01,meat,100.2
44,Guangdong,South,2016-11-01,meat,99.4
44,Guangdong,South,2016-10-01,meat,98.9
44,Guangdong,South,2016-09-01,meat,100.2
44,Guangdong,South,2016-08-01,meat,99.5
44,Guangdong,South,2016-07-01,meat,99.2
44,Guangdong,South,2016-06-01,meat,100.7
44,Guangdong,South,2016-05-01,meat,101.8
44,Guangdong,South,2016-04-01,meat,103.2
44,Guangdong,South,2016-03-01,meat,98
44,Guangdong,South,2016-02-01,meat,105.6
44,Guangdong,South,2016-01-01,meat,100.7
45,Guangxi,South,2025-12-01,meat,99.5
45,Guangxi,South,2025-11-01,meat,99.5
45,Guangxi,South,2025-10-01,meat,99
45,Guangxi,South,2025-09-01,meat,99.9
45,Guangxi,South,2025-08-01,meat,99.5
45,Guangxi,South,2025-07-01,meat,100.2
45,Guangxi,South,2025-06-01,meat,99.3
45,Guangxi,South,2025-05-01,meat,99
45,Guangxi,South,2025-04-01,meat,99.5
45,Guangxi,South,2025-03-01,meat,96.6
45,Guangxi,South,2025-02-01,meat,97.8
45,Guangxi,South,2025-01-01,meat,102.2
45,Guangxi,South,2024-12-01,meat,99.1
45,Guangxi,South,2024-11-01,meat,98.1
45,Guangxi,South,2024-10-01,meat,98
45,Guangxi,South,2024-09-01,meat,98.8
45,Guangxi,South,2024-08-01,meat,104.4
45,Guangxi,South,2024-07-01,meat,101.6
45,Guangxi,South,2024-06-01,meat,105.3
45,Guangxi,South,2024-05-01,meat,98.5
45,Guangxi,South,2024-04-01,meat,99.3
45,Guangxi,South,2024-03-01,meat,95
45,Guangxi,South,2024-02-01,meat,103.1
45,Guangxi,South,2024-01-01,meat,99.6
45,Guangxi,South,2023-12-01,meat,99.4
45,Guangxi,South,2023-11-01,meat,98.4
45,Guangxi,South,2023-10-01,meat,98.8
45,Guangxi,South,2023-09-01,meat,99.8
45,Guangxi,South,2023-08-01,meat,106.2
45,Guangxi,South,2023-07-01,meat,99.7
45,Guangxi,South,2023-06-01,meat,98.3
45,Guangxi,South,2023-05-01,meat,97.9
45,Guangxi,South,2023-04-01,meat,98.4
45,Guangxi,South,2023-03-01,meat,96.8
45,Guangxi,South,2023-02-01,meat,90.6
45,Guangxi,South,2023-01-01,meat,96.9
45,Guangxi,South,2022-12-01,meat,95.5
45,Guangxi,South,2022-11-01,meat,99
45,Guangxi,South,2022-10-01,meat,106.6
45,Guangxi,South,2022-09-01,meat,102.7
45,Guangxi,South,2022-08-01,meat,101.4
45,Guangxi,South,2022-07-01,meat,114.1
45,Guangxi,South,2022-06-01,meat,101.4
45,Guangxi,South,2022-05-01,meat,102.4
45,Guangxi,South,2022-04-01,meat,99.1
45,Guangxi,South,2022-03-01,meat,91.3
45,Guangxi,South,2022-02-01,meat,99
45,Guangxi,South,2022-01-01,meat,99.1
45,Guangxi,South,2021-12-01,meat,102.3
45,Guangxi,South,2021-11-01,meat,106.7
45,Guangxi,South,2021-10-01,meat,97.5
45,Guangxi,South,2021-09-01,meat,98.2
45,Guangxi,South,2021-08-01,meat,99.1
45,Guangxi,South,2021-07-01,meat,97.3
45,Guangxi,South,2021-06-01,meat,91.1
45,Guangxi,South,2021-05-01,meat,90.9
45,Guangxi,South,2021-04-01,meat,92.5
45,Guangxi,South,2021-03-01,meat,92.4
45,Guangxi,South,2021-02-01,meat,101.3
45,Guangxi,South,2021-01-01,meat,103.8
45,Guangxi,South,2020-12-01,meat,102.8
45,Guangxi,South,2020-11-01,meat,94.8
45,Guangxi,South,2020-10-01,meat,96.8
45,Guangxi,South,2020-09-01,meat,99.1
45,Guangxi,South,2020-08-01,meat,101.3
45,Guangxi,South,2020-07-01,meat,107.2
45,Guangxi,South,2020-06-01,meat,101.8
45,Guangxi,South,2020-05-01,meat,93.8
45,Guangxi,South,2020-04-01,meat,94.6
45,Guangxi,South,2020-03-01,meat,91.3
45,Guangxi,South,2020-02-01,meat,108
45,Guangxi,South,2020-01-01,meat,106.9
45,Guangxi,South,2019-12-01,meat,96.1
45,Guangxi,South,2019-11-01,meat,105
45,Guangxi,South,2019-10-01,meat,109.8
45,Guangxi,South,2019-09-01,meat,104.6
45,Guangxi,South,2019-08-01,meat,138.3
45,Guangxi,South,2019-07-01,meat,127
45,Guangxi,South,2019-06-01,meat,101
45,Guangxi,South,2019-05-01,meat,95.6
45,Guangxi,South,2019-04-01,meat,99.7
45,Guangxi,South,2019-03-01,meat,95.5
45,Guangxi,South,2019-02-01,meat,101
45,Guangxi,South,2019-01-01,meat,100.6
45,Guangxi,South,2018-12-01,meat,100.6
45,Guangxi,South,2018-11-01,meat,100.2
45,Guangxi,South,2018-10-01,meat,101.3
45,Guangxi,South,2018-09-01,meat,101.9
45,Guangxi,South,2018-08-01,meat,106.6
45,Guangxi,South,2018-07-01,meat,101.6
45,Guangxi,South,2018-06-01,meat,98.6
45,Guangxi,South,2018-05-01,meat,95.2
45,Guangxi,South,2018-04-01,meat,95.4
45,Guangxi,South,2018-03-01,meat,92.4
45,Guangxi,South,2018-02-01,meat,104.3
45,Guangxi,South,2018-01-01,meat,100.3
45,Guangxi,South,2017-12-01,meat,100.7
45,Guangxi,South,2017-11-01,meat,99.9
45,Guangxi,South,2017-10-01,meat,100.3
45,Guangxi,South,2017-09-01,meat,100.5
45,Guangxi,South,2017-08-01,meat,100.4
45,Guangxi,South,2017-07-01,meat,99.4
45,Guangxi,South,2017-06-01,meat,98
45,Guangxi,South,2017-05-01,meat,97.8
45,Guangxi,South,2017-04-01,meat,98.9
45,Guangxi,South,2017-03-01,meat,97.3
45,Guangxi,South,2017-02-01,meat,98.5
45,Guangxi,South,2017-01-01,meat,103.4
45,Guangxi,South,2016-12-01,meat,99.7
45,Guangxi,South,2016-11-01,meat,97.9
45,Guangxi,South,2016-10-01,meat,98
45,Guangxi,South,2016-09-01,meat,99.9
45,Guangxi,South,2016-08-01,meat,98.9
45,Guangxi,South,2016-07-01,meat,97.9
45,Guangxi,South,2016-06-01,meat,100.7
45,Guangxi,South,2016-05-01,meat,103.1
45,Guangxi,South,2016-04-01,meat,102.7
45,Guangxi,South,2016-03-01,meat,98
45,Guangxi,South,2016-02-01,meat,105.9
45,Guangxi,South,2016-01-01,meat,100.2
52,Guizhou,West,2025-12-01,meat,99.8
52,Guizhou,West,2025-11-01,meat,99.1
52,Guizhou,West,2025-10-01,meat,99.3
52,Guizhou,West,2025-09-01,meat,99.6
52,Guizhou,West,2025-08-01,meat,100.1
52,Guizhou,West,2025-07-01,meat,99.8
52,Guizhou,West,2025-06-01,meat,98.9
52,Guizhou,West,2025-05-01,meat,99.6
52,Guizhou,West,2025-04-01,meat,99.2
52,Guizhou,West,2025-03-01,meat,97.4
52,Guizhou,West,2025-02-01,meat,99.5
52,Guizhou,West,2025-01-01,meat,100
52,Guizhou,West,2024-12-01,meat,98.7
52,Guizhou,West,2024-11-01,meat,98.6
52,Guizhou,West,2024-10-01,meat,98.8
52,Guizhou,West,2024-09-01,meat,101.3
52,Guizhou,West,2024-08-01,meat,106.3
52,Guizhou,West,2024-07-01,meat,101.6
52,Guizhou,West,2024-06-01,meat,101.8
52,Guizhou,West,2024-05-01,meat,99.3
52,Guizhou,West,2024-04-01,meat,99.1
52,Guizhou,West,2024-03-01,meat,97.2
52,Guizhou,West,2024-02-01,meat,102.2
52,Guizhou,West,2024-01-01,meat,99.1
52,Guizhou,West,2023-12-01,meat,99.8
52,Guizhou,West,2023-11-01,meat,99.2
52,Guizhou,West,2023-10-01,meat,99.6
52,Guizhou,West,2023-09-01,meat,100.1
52,Guizhou,West,2023-08-01,meat,105
52,Guizhou,West,2023-07-01,meat,99.1
52,Guizhou,West,2023-06-01,meat,98.7
52,Guizhou,West,2023-05-01,meat,98.5
52,Guizhou,West,2023-04-01,meat,97.8
52,Guizhou,West,2023-03-01,meat,97
52,Guizhou,West,2023-02-01,meat,93.1
52,Guizhou,West,2023-01-01,meat,93.7
52,Guizhou,West,2022-12-01,meat,95.3
52,Guizhou,West,2022-11-01,meat,100.3
52,Guizhou,West,2022-10-01,meat,103.9
52,Guizhou,West,2022-09-01,meat,108.2
52,Guizhou,West,2022-08-01,meat,103.5
52,Guizhou,West,2022-07-01,meat,110.4
52,Guizhou,West,2022-06-01,meat,101.5
52,Guizhou,West,2022-05-01,meat,101.1
52,Guizhou,West,2022-04-01,meat,98
52,Guizhou,West,2022-03-01,meat,94.5
52,Guizhou,West,2022-02-01,meat,98.1
52,Guizhou,West,2022-01-01,meat,98.6
52,Guizhou,West,2021-12-01,meat,100.6
52,Guizhou,West,2021-11-01,meat,105.7
52,Guizhou,West,2021-10-01,meat,100.4
52,Guizhou,West,2021-09-01,meat,98.2
52,Guizhou,West,2021-08-01,meat,97.9
52,Guizhou,West,2021-07-01,meat,97.5
52,Guizhou,West,2021-06-01,meat,90.9
52,Guizhou,West,2021-05-01,meat,92
52,Guizhou,West,2021-04-01,meat,93
52,Guizhou,West,2021-03-01,meat,92.6
52,Guizhou,West,2021-02-01,meat,100.3
52,Guizhou,West,2021-01-01,meat,102.9
52,Guizhou,West,2020-12-01,meat,104
52,Guizhou,West,2020-11-01,meat,94.3
52,Guizhou,West,2020-10-01,meat,96.2
52,Guizhou,West,2020-09-01,meat,100.1
52,Guizhou,West,2020-08-01,meat,105.9
52,Guizhou,West,2020-07-01,meat,108
52,Guizhou,West,2020-06-01,meat,98.1
52,Guizhou,West,2020-05-01,meat,94.2
52,Guizhou,West,2020-04-01,meat,95.8
52,Guizhou,West,2020-03-01,meat,93.3
52,Guizhou,West,2020-02-01,meat,107.7
52,Guizhou,West,2020-01-01,meat,107.8
52,Guizhou,West,2019-12-01,meat,98.9
52,Guizhou,West,2019-11-01,meat,107
52,Guizhou,West,2019-10-01,meat,116
52,Guizhou,West,2019-09-01,meat,118.3
52,Guizhou,West,2019-08-01,meat,109.6
52,Guizhou,West,2019-07-01,meat,100.5
52,Guizhou,West,2019-06-01,meat,100.3
52,Guizhou,West,2019-05-01,meat,99.6
52,Guizhou,West,2019-04-01,meat,98.7
52,Guizhou,West,2019-03-01,meat,94.2
52,Guizhou,West,2019-02-01,meat,99.6
52,Guizhou,West,2019-01-01,meat,102.5
52,Guizhou,West,2018-12-01,meat,102.8
52,Guizhou,West,2018-11-01,meat,104.2
52,Guizhou,West,2018-10-01,meat,102.5
52,Guizhou,West,2018-09-01,meat,102.4
52,Guizhou,West,2018-08-01,meat,103.4
52,Guizhou,West,2018-07-01,meat,99.9
52,Guizhou,West,2018-06-01,meat,98.4
52,Guizhou,West,2018-05-01,meat,97.2
52,Guizhou,West,2018-04-01,meat,96.8
52,Guizhou,West,2018-03-01,meat,94.6
52,Guizhou,West,2018-02-01,meat,102.7
52,Guizhou,West,2018-01-01,meat,100.2
52,Guizhou,West,2017-12-01,meat,100.9
52,Guizhou,West,2017-11-01,meat,99.9
52,Guizhou,West,2017-10-01,meat,100.2
52,Guizhou,West,2017-09-01,meat,100.3
52,Guizhou,West,2017-08-01,meat,100.3
52,Guizhou,West,2017-07-01,meat,98.5
52,Guizhou,West,2017-06-01,meat,97.4
52,Guizhou,West,2017-05-01,meat,98
52,Guizhou,West,2017-04-01,meat,98.8
52,Guizhou,West,2017-03-01,meat,97.5
52,Guizhou,West,2017-02-01,meat,99.3
52,Guizhou,West,2017-01-01,meat,102.9
52,Guizhou,West,2016-12-01,meat,100.3
52,Guizhou,West,2016-11-01,meat,99.2
52,Guizhou,West,2016-10-01,meat,99.6
52,Guizhou,West,2016-09-01,meat,100.3
52,Guizhou,West,2016-08-01,meat,99.8
52,Guizhou,West,2016-07-01,meat,99.3
52,Guizhou,West,2016-06-01,meat,100.5
52,Guizhou,West,2016-05-01,meat,100.2
52,Guizhou,West,2016-04-01,meat,100.4
52,Guizhou,West,2016-03-01,meat,96.8
52,Guizhou,West,2016-02-01,meat,106.6
52,Guizhou,West,2016-01-01,meat,101.9
46,Hainan,South,2025-12-01,meat,99.4
46,Hainan,South,2025-11-01,meat,99.6
46,Hainan,South,2025-10-01,meat,99.7
46,Hainan,South,2025-09-01,meat,101.3
46,Hainan,South,2025-08-01,meat,100
46,Hainan,South,2025-07-01,meat,99.9
46,Hainan,South,2025-06-01,meat,99.3
46,Hainan,South,2025-05-01,meat,99.4
46,Hainan,South,2025-04-01,meat,99.1
46,Hainan,South,2025-03-01,meat,97.8
46,Hainan,South,2025-02-01,meat,99.4
46,Hainan,South,2025-01-01,meat,101.2
46,Hainan,South,2024-12-01,meat,100
46,Hainan,South,2024-11-01,meat,99.5
46,Hainan,South,2024-10-01,meat,98.9
46,Hainan,South,2024-09-01,meat,100.3
46,Hainan,South,2024-08-01,meat,104.1
46,Hainan,South,2024-07-01,meat,102
46,Hainan,South,2024-06-01,meat,101
46,Hainan,South,2024-05-01,meat,100
46,Hainan,South,2024-04-01,meat,98.4
46,Hainan,South,2024-03-01,meat,98.2
46,Hainan,South,2024-02-01,meat,101.1
46,Hainan,South,2024-01-01,meat,99.9
46,Hainan,South,2023-12-01,meat,99.9
46,Hainan,South,2023-11-01,meat,100
46,Hainan,South,2023-10-01,meat,99.7
46,Hainan,South,2023-09-01,meat,99.7
46,Hainan,South,2023-08-01,meat,100.7
46,Hainan,South,2023-07-01,meat,99.1
46,Hainan,South,2023-06-01,meat,100
46,Hainan,South,2023-05-01,meat,99.3
46,Hainan,South,2023-04-01,meat,95.9
46,Hainan,South,2023-03-01,meat,95.4
46,Hainan,South,2023-02-01,meat,94.2
46,Hainan,South,2023-01-01,meat,100.4
46,Hainan,South,2022-12-01,meat,98.6
46,Hainan,South,2022-11-01,meat,101.1
46,Hainan,South,2022-10-01,meat,100.2
46,Hainan,South,2022-09-01,meat,99.9
46,Hainan,South,2022-08-01,meat,107.9
46,Hainan,South,2022-07-01,meat,102.4
46,Hainan,South,2022-06-01,meat,100.6
46,Hainan,South,2022-05-01,meat,98.6
46,Hainan,South,2022-04-01,meat,99.6
46,Hainan,South,2022-03-01,meat,97.2
46,Hainan,South,2022-02-01,meat,101.8
46,Hainan,South,2022-01-01,meat,102.9
46,Hainan,South,2021-12-01,meat,100.8
46,Hainan,South,2021-11-01,meat,99.3
46,Hainan,South,2021-10-01,meat,98.1
46,Hainan,South,2021-09-01,meat,98.3
46,Hainan,South,2021-08-01,meat,97.4
46,Hainan,South,2021-07-01,meat,96.6
46,Hainan,South,2021-06-01,meat,96.3
46,Hainan,South,2021-05-01,meat,97.2
46,Hainan,South,2021-04-01,meat,96.2
46,Hainan,South,2021-03-01,meat,96.4
46,Hainan,South,2021-02-01,meat,101.7
46,Hainan,South,2021-01-01,meat,102.2
46,Hainan,South,2020-12-01,meat,100.2
46,Hainan,South,2020-11-01,meat,96.9
46,Hainan,South,2020-10-01,meat,99.2
46,Hainan,South,2020-09-01,meat,100.4
46,Hainan,South,2020-08-01,meat,101.6
46,Hainan,South,2020-07-01,meat,102.2
46,Hainan,South,2020-06-01,meat,99.6
46,Hainan,South,2020-05-01,meat,95.1
46,Hainan,South,2020-04-01,meat,97.1
46,Hainan,South,2020-03-01,meat,98.2
46,Hainan,South,2020-02-01,meat,103.9
46,Hainan,South,2020-01-01,meat,99.4
46,Hainan,South,2019-12-01,meat,98.4
46,Hainan,South,2019-11-01,meat,121.6
46,Hainan,South,2019-10-01,meat,106.4
46,Hainan,South,2019-09-01,meat,104.7
46,Hainan,South,2019-08-01,meat,121.5
46,Hainan,South,2019-07-01,meat,108.9
46,Hainan,South,2019-06-01,meat,98.7
46,Hainan,South,2019-05-01,meat,107.1
46,Hainan,South,2019-04-01,meat,99
46,Hainan,South,2019-03-01,meat,95.9
46,Hainan,South,2019-02-01,meat,101
46,Hainan,South,2019-01-01,meat,101.3
46,Hainan,South,2018-12-01,meat,100.9
46,Hainan,South,2018-11-01,meat,100.6
46,Hainan,South,2018-10-01,meat,99.9
46,Hainan,South,2018-09-01,meat,100.3
46,Hainan,South,2018-08-01,meat,102.3
46,Hainan,South,2018-07-01,meat,99.1
46,Hainan,South,2018-06-01,meat,99.9
46,Hainan,South,2018-05-01,meat,97.9
46,Hainan,South,2018-04-01,meat,96.5
46,Hainan,South,2018-03-01,meat,96.1
46,Hainan,South,2018-02-01,meat,105.5
46,Hainan,South,2018-01-01,meat,100.2
46,Hainan,South,2017-12-01,meat,100.3
46,Hainan,South,2017-11-01,meat,99
46,Hainan,South,2017-10-01,meat,101.1
46,Hainan,South,2017-09-01,meat,100.4
46,Hainan,South,2017-08-01,meat,100.8
46,Hainan,South,2017-07-01,meat,99.7
46,Hainan,South,2017-06-01,meat,99.2
46,Hainan,South,2017-05-01,meat,99.9
46,Hainan,South,2017-04-01,meat,98.5
46,Hainan,South,2017-03-01,meat,97
46,Hainan,South,2017-02-01,meat,98.6
46,Hainan,South,2017-01-01,meat,101.9
46,Hainan,South,2016-12-01,meat,100.1
46,Hainan,South,2016-11-01,meat,98.4
46,Hainan,South,2016-10-01,meat,100
46,Hainan,South,2016-09-01,meat,100.5
46,Hainan,South,2016-08-01,meat,100.6
46,Hainan,South,2016-07-01,meat,99
46,Hainan,South,2016-06-01,meat,102.3
46,Hainan,South,2016-05-01,meat,101.5
46,Hainan,South,2016-04-01,meat,100.7
46,Hainan,South,2016-03-01,meat,96.1
46,Hainan,South,2016-02-01,meat,105.6
46,Hainan,South,2016-01-01,meat,100.7
13,Hebei,North,2025-12-01,meat,99.1
13,Hebei,North,2025-11-01,meat,98.9
13,Hebei,North,2025-10-01,meat,99
13,Hebei,North,2025-09-01,meat,100.3
13,Hebei,North,2025-08-01,meat,99.9
13,Hebei,North,2025-07-01,meat,100.4
13,Hebei,North,2025-06-01,meat,99.6
13,Hebei,North,2025-05-01,meat,100.4
13,Hebei,North,2025-04-01,meat,100.4
13,Hebei,North,2025-03-01,meat,97.7
13,Hebei,North,2025-02-01,meat,99.4
13,Hebei,North,2025-01-01,meat,100.6
13,Hebei,North,2024-12-01,meat,98.3
13,Hebei,North,2024-11-01,meat,98.2
13,Hebei,North,2024-10-01,meat,97.1
13,Hebei,North,2024-09-01,meat,101.2
13,Hebei,North,2024-08-01,meat,102.8
13,Hebei,North,2024-07-01,meat,100.6
13,Hebei,North,2024-06-01,meat,104.6
13,Hebei,North,2024-05-01,meat,99.5
13,Hebei,North,2024-04-01,meat,99.2
13,Hebei,North,2024-03-01,meat,95.9
13,Hebei,North,2024-02-01,meat,103.7
13,Hebei,North,2024-01-01,meat,100
13,Hebei,North,2023-12-01,meat,99.5
13,Hebei,North,2023-11-01,meat,97.7
13,Hebei,North,2023-10-01,meat,98.2
13,Hebei,North,2023-09-01,meat,100
13,Hebei,North,2023-08-01,meat,105.4
13,Hebei,North,2023-07-01,meat,99.1
13,Hebei,North,2023-06-01,meat,98.3
13,Hebei,North,2023-05-01,meat,99.2
13,Hebei,North,2023-04-01,meat,98.5
13,Hebei,North,2023-03-01,meat,98.8
13,Hebei,North,2023-02-01,meat,96
13,Hebei,North,2023-01-01,meat,92.3
13,Hebei,North,2022-12-01,meat,95.7
13,Hebei,North,2022-11-01,meat,101
13,Hebei,North,2022-10-01,meat,104.2
13,Hebei,North,2022-09-01,meat,102.4
13,Hebei,North,2022-08-01,meat,100.1
13,Hebei,North,2022-07-01,meat,111.8
13,Hebei,North,2022-06-01,meat,101.1
13,Hebei,North,2022-05-01,meat,102.5
13,Hebei,North,2022-04-01,meat,100.7
13,Hebei,North,2022-03-01,meat,96.1
13,Hebei,North,2022-02-01,meat,98.4
13,Hebei,North,2022-01-01,meat,99.3
13,Hebei,North,2021-12-01,meat,100.9
13,Hebei,North,2021-11-01,meat,103.9
13,Hebei,North,2021-10-01,meat,98.8
13,Hebei,North,2021-09-01,meat,97.1
13,Hebei,North,2021-08-01,meat,98.8
13,Hebei,North,2021-07-01,meat,98.3
13,Hebei,North,2021-06-01,meat,92.1
13,Hebei,North,2021-05-01,meat,95.1
13,Hebei,North,2021-04-01,meat,95.2
13,Hebei,North,2021-03-01,meat,94.9
13,Hebei,North,2021-02-01,meat,96.7
13,Hebei,North,2021-01-01,meat,105.4
13,Hebei,North,2020-12-01,meat,104.9
13,Hebei,North,2020-11-01,meat,95.8
13,Hebei,North,2020-10-01,meat,95.8
13,Hebei,North,2020-09-01,meat,98.9
13,Hebei,North,2020-08-01,meat,100.7
13,Hebei,North,2020-07-01,meat,107.1
13,Hebei,North,2020-06-01,meat,102.7
13,Hebei,North,2020-05-01,meat,94.9
13,Hebei,North,2020-04-01,meat,95.5
13,Hebei,North,2020-03-01,meat,98.8
13,Hebei,North,2020-02-01,meat,103.8
13,Hebei,North,2020-01-01,meat,103.7
13,Hebei,North,2019-12-01,meat,95.4
13,Hebei,North,2019-11-01,meat,105.3
13,Hebei,North,2019-10-01,meat,115.9
13,Hebei,North,2019-09-01,meat,114.2
13,Hebei,North,2019-08-01,meat,108.4
13,Hebei,North,2019-07-01,meat,104.6
13,Hebei,North,2019-06-01,meat,104
13,Hebei,North,2019-05-01,meat,100.6
13,Hebei,North,2019-04-01,meat,102.5
13,Hebei,North,2019-03-01,meat,103.5
13,Hebei,North,2019-02-01,meat,100
13,Hebei,North,2019-01-01,meat,99.5
13,Hebei,North,2018-12-01,meat,100.1
13,Hebei,North,2018-11-01,meat,99.9
13,Hebei,North,2018-10-01,meat,99.5
13,Hebei,North,2018-09-01,meat,101.9
13,Hebei,North,2018-08-01,meat,104.1
13,Hebei,North,2018-07-01,meat,101.9
13,Hebei,North,2018-06-01,meat,102
13,Hebei,North,2018-05-01,meat,97.9
13,Hebei,North,2018-04-01,meat,95.4
13,Hebei,North,2018-03-01,meat,95.6
13,Hebei,North,2018-02-01,meat,99.8
13,Hebei,North,2018-01-01,meat,100.2
13,Hebei,North,2017-12-01,meat,101
13,Hebei,North,2017-11-01,meat,100.1
13,Hebei,North,2017-10-01,meat,100.3
13,Hebei,North,2017-09-01,meat,101.1
13,Hebei,North,2017-08-01,meat,100.6
13,Hebei,North,2017-07-01,meat,100.1
13,Hebei,North,2017-06-01,meat,97.8
13,Hebei,North,2017-05-01,meat,98.5
13,Hebei,North,2017-04-01,meat,98.7
13,Hebei,North,2017-03-01,meat,97.7
13,Hebei,North,2017-02-01,meat,99.2
13,Hebei,North,2017-01-01,meat,102.5
13,Hebei,North,2016-12-01,meat,100.8
13,Hebei,North,2016-11-01,meat,98.8
13,Hebei,North,2016-10-01,meat,97.7
13,Hebei,North,2016-09-01,meat,99.5
13,Hebei,North,2016-08-01,meat,98.3
13,Hebei,North,2016-07-01,meat,98.7
13,Hebei,North,2016-06-01,meat,101.5
13,Hebei,North,2016-05-01,meat,102.3
13,Hebei,North,2016-04-01,meat,102.7
13,Hebei,North,2016-03-01,meat,99.4
13,Hebei,North,2016-02-01,meat,103.5
13,Hebei,North,2016-01-01,meat,102.5
23,Heilongjiang,Northeast,2025-12-01,meat,99.1
23,Heilongjiang,Northeast,2025-11-01,meat,99.3
23,Heilongjiang,Northeast,2025-10-01,meat,99.7
23,Heilongjiang,Northeast,2025-09-01,meat,100
23,Heilongjiang,Northeast,2025-08-01,meat,99.3
23,Heilongjiang,Northeast,2025-07-01,meat,100.8
23,Heilongjiang,Northeast,2025-06-01,meat,99.6
23,Heilongjiang,Northeast,2025-05-01,meat,100.6
23,Heilongjiang,Northeast,2025-04-01,meat,100.8
23,Heilongjiang,Northeast,2025-03-01,meat,97.3
23,Heilongjiang,Northeast,2025-02-01,meat,98.4
23,Heilongjiang,Northeast,2025-01-01,meat,100.9
23,Heilongjiang,Northeast,2024-12-01,meat,97.9
23,Heilongjiang,Northeast,2024-11-01,meat,96.7
23,Heilongjiang,Northeast,2024-10-01,meat,96.6
23,Heilongjiang,Northeast,2024-09-01,meat,100.3
23,Heilongjiang,Northeast,2024-08-01,meat,104.3
23,Heilongjiang,Northeast,2024-07-01,meat,99.4
23,Heilongjiang,Northeast,2024-06-01,meat,106
23,Heilongjiang,Northeast,2024-05-01,meat,101
23,Heilongjiang,Northeast,2024-04-01,meat,98.8
23,Heilongjiang,Northeast,2024-03-01,meat,96.5
23,Heilongjiang,Northeast,2024-02-01,meat,101.7
23,Heilongjiang,Northeast,2024-01-01,meat,99.5
23,Heilongjiang,Northeast,2023-12-01,meat,99
23,Heilongjiang,Northeast,2023-11-01,meat,99.3
23,Heilongjiang,Northeast,2023-10-01,meat,98.6
23,Heilongjiang,Northeast,2023-09-01,meat,99.3
23,Heilongjiang,Northeast,2023-08-01,meat,107.5
23,Heilongjiang,Northeast,2023-07-01,meat,99.7
23,Heilongjiang,Northeast,2023-06-01,meat,98.5
23,Heilongjiang,Northeast,2023-05-01,meat,99
23,Heilongjiang,Northeast,2023-04-01,meat,97.2
23,Heilongjiang,Northeast,2023-03-01,meat,97.8
23,Heilongjiang,Northeast,2023-02-01,meat,96.4
23,Heilongjiang,Northeast,2023-01-01,meat,92.6
23,Heilongjiang,Northeast,2022-12-01,meat,94.5
23,Heilongjiang,Northeast,2022-11-01,meat,99
23,Heilongjiang,Northeast,2022-10-01,meat,105.8
23,Heilongjiang,Northeast,2022-09-01,meat,103.3
23,Heilongjiang,Northeast,2022-08-01,meat,98.5
23,Heilongjiang,Northeast,2022-07-01,meat,114.3
23,Heilongjiang,Northeast,2022-06-01,meat,102.8
23,Heilongjiang,Northeast,2022-05-01,meat,102.7
23,Heilongjiang,Northeast,2022-04-01,meat,101.2
23,Heilongjiang,Northeast,2022-03-01,meat,95.4
23,Heilongjiang,Northeast,2022-02-01,meat,96.4
23,Heilongjiang,Northeast,2022-01-01,meat,98.9
23,Heilongjiang,Northeast,2021-12-01,meat,101.7
23,Heilongjiang,Northeast,2021-11-01,meat,104.2
23,Heilongjiang,Northeast,2021-10-01,meat,100.8
23,Heilongjiang,Northeast,2021-09-01,meat,97.3
23,Heilongjiang,Northeast,2021-08-01,meat,98.5
23,Heilongjiang,Northeast,2021-07-01,meat,99.8
23,Heilongjiang,Northeast,2021-06-01,meat,92.3
23,Heilongjiang,Northeast,2021-05-01,meat,93.6
23,Heilongjiang,Northeast,2021-04-01,meat,92
23,Heilongjiang,Northeast,2021-03-01,meat,92.7
23,Heilongjiang,Northeast,2021-02-01,meat,96.5
23,Heilongjiang,Northeast,2021-01-01,meat,106.3
23,Heilongjiang,Northeast,2020-12-01,meat,107.6
23,Heilongjiang,Northeast,2020-11-01,meat,95.6
23,Heilongjiang,Northeast,2020-10-01,meat,93.3
23,Heilongjiang,Northeast,2020-09-01,meat,99.7
23,Heilongjiang,Northeast,2020-08-01,meat,100.1
23,Heilongjiang,Northeast,2020-07-01,meat,109.1
23,Heilongjiang,Northeast,2020-06-01,meat,104.5
23,Heilongjiang,Northeast,2020-05-01,meat,94
23,Heilongjiang,Northeast,2020-04-01,meat,95.1
23,Heilongjiang,Northeast,2020-03-01,meat,97.5
23,Heilongjiang,Northeast,2020-02-01,meat,102.8
23,Heilongjiang,Northeast,2020-01-01,meat,106.4
23,Heilongjiang,Northeast,2019-12-01,meat,95
23,Heilongjiang,Northeast,2019-11-01,meat,103.4
23,Heilongjiang,Northeast,2019-10-01,meat,119.4
23,Heilongjiang,Northeast,2019-09-01,meat,112.4
23,Heilongjiang,Northeast,2019-08-01,meat,107.9
23,Heilongjiang,Northeast,2019-07-01,meat,108.7
23,Heilongjiang,Northeast,2019-06-01,meat,104.4
23,Heilongjiang,Northeast,2019-05-01,meat,99
23,Heilongjiang,Northeast,2019-04-01,meat,106.7
23,Heilongjiang,Northeast,2019-03-01,meat,104.1
23,Heilongjiang,Northeast,2019-02-01,meat,104.2
23,Heilongjiang,Northeast,2019-01-01,meat,97.4
23,Heilongjiang,Northeast,2018-12-01,meat,97
23,Heilongjiang,Northeast,2018-11-01,meat,97.9
23,Heilongjiang,Northeast,2018-10-01,meat,99.8
23,Heilongjiang,Northeast,2018-09-01,meat,101.3
23,Heilongjiang,Northeast,2018-08-01,meat,102.9
23,Heilongjiang,Northeast,2018-07-01,meat,102.4
23,Heilongjiang,Northeast,2018-06-01,meat,103.4
23,Heilongjiang,Northeast,2018-05-01,meat,98.8
23,Heilongjiang,Northeast,2018-04-01,meat,93.8
23,Heilongjiang,Northeast,2018-03-01,meat,92.9
23,Heilongjiang,Northeast,2018-02-01,meat,100.6
23,Heilongjiang,Northeast,2018-01-01,meat,100.1
23,Heilongjiang,Northeast,2017-12-01,meat,101
23,Heilongjiang,Northeast,2017-11-01,meat,99.2
23,Heilongjiang,Northeast,2017-10-01,meat,99.3
23,Heilongjiang,Northeast,2017-09-01,meat,100.3
23,Heilongjiang,Northeast,2017-08-01,meat,102.8
23,Heilongjiang,Northeast,2017-07-01,meat,100.4
23,Heilongjiang,Northeast,2017-06-01,meat,97.9
23,Heilongjiang,Northeast,2017-05-01,meat,98.4
23,Heilongjiang,Northeast,2017-04-01,meat,97.4
23,Heilongjiang,Northeast,2017-03-01,meat,96.6
23,Heilongjiang,Northeast,2017-02-01,meat,98.7
23,Heilongjiang,Northeast,2017-01-01,meat,101.3
23,Heilongjiang,Northeast,2016-12-01,meat,100.9
23,Heilongjiang,Northeast,2016-11-01,meat,99.5
23,Heilongjiang,Northeast,2016-10-01,meat,96.6
23,Heilongjiang,Northeast,2016-09-01,meat,98.6
23,Heilongjiang,Northeast,2016-08-01,meat,97.8
23,Heilongjiang,Northeast,2016-07-01,meat,98.9
23,Heilongjiang,Northeast,2016-06-01,meat,101.6
23,Heilongjiang,Northeast,2016-05-01,meat,102.3
23,Heilongjiang,Northeast,2016-04-01,meat,103.7
23,Heilongjiang,Northeast,2016-03-01,meat,99.2
23,Heilongjiang,Northeast,2016-02-01,meat,102.4
23,Heilongjiang,Northeast,2016-01-01,meat,102.7
41,Henan,Central,2025-12-01,meat,98.9
41,Henan,Central,2025-11-01,meat,98.6
41,Henan,Central,2025-10-01,meat,98.2
41,Henan,Central,2025-09-01,meat,100.1
41,Henan,Central,2025-08-01,meat,99.7
41,Henan,Central,2025-07-01,meat,100.3
41,Henan,Central,2025-06-01,meat,99.4
41,Henan,Central,2025-05-01,meat,100.1
41,Henan,Central,2025-04-01,meat,100.5
41,Henan,Central,2025-03-01,meat,97.7
41,Henan,Central,2025-02-01,meat,98.7
41,Henan,Central,2025-01-01,meat,100.3
41,Henan,Central,2024-12-01,meat,97.6
41,Henan,Central,2024-11-01,meat,97.7
41,Henan,Central,2024-10-01,meat,97.7
41,Henan,Central,2024-09-01,meat,100.4
41,Henan,Central,2024-08-01,meat,103.1
41,Henan,Central,2024-07-01,meat,100.4
41,Henan,Central,2024-06-01,meat,106.7
41,Henan,Central,2024-05-01,meat,98.9
41,Henan,Central,2024-04-01,meat,99
41,Henan,Central,2024-03-01,meat,95
41,Henan,Central,2024-02-01,meat,105.1
41,Henan,Central,2024-01-01,meat,100.2
41,Henan,Central,2023-12-01,meat,100.5
41,Henan,Central,2023-11-01,meat,97.1
41,Henan,Central,2023-10-01,meat,98
41,Henan,Central,2023-09-01,meat,100.5
41,Henan,Central,2023-08-01,meat,106
41,Henan,Central,2023-07-01,meat,99
41,Henan,Central,2023-06-01,meat,98.4
41,Henan,Central,2023-05-01,meat,99.2
41,Henan,Central,2023-04-01,meat,97.9
41,Henan,Central,2023-03-01,meat,99.2
41,Henan,Central,2023-02-01,meat,94.3
41,Henan,Central,2023-01-01,meat,91.1
41,Henan,Central,2022-12-01,meat,93.3
41,Henan,Central,2022-11-01,meat,99.3
41,Henan,Central,2022-10-01,meat,107.1
41,Henan,Central,2022-09-01,meat,102.2
41,Henan,Central,2022-08-01,meat,99.3
41,Henan,Central,2022-07-01,meat,114.5
41,Henan,Central,2022-06-01,meat,102
41,Henan,Central,2022-05-01,meat,103.7
41,Henan,Central,2022-04-01,meat,100.6
41,Henan,Central,2022-03-01,meat,94.7
41,Henan,Central,2022-02-01,meat,97.1
41,Henan,Central,2022-01-01,meat,99.3
41,Henan,Central,2021-12-01,meat,100.4
41,Henan,Central,2021-11-01,meat,106.6
41,Henan,Central,2021-10-01,meat,97.9
41,Henan,Central,2021-09-01,meat,95.2
41,Henan,Central,2021-08-01,meat,99.4
41,Henan,Central,2021-07-01,meat,99.7
41,Henan,Central,2021-06-01,meat,91.3
41,Henan,Central,2021-05-01,meat,94.1
41,Henan,Central,2021-04-01,meat,93.5
41,Henan,Central,2021-03-01,meat,94
41,Henan,Central,2021-02-01,meat,96.6
41,Henan,Central,2021-01-01,meat,104.4
41,Henan,Central,2020-12-01,meat,105.9
41,Henan,Central,2020-11-01,meat,94.6
41,Henan,Central,2020-10-01,meat,95.6
41,Henan,Central,2020-09-01,meat,99.3
41,Henan,Central,2020-08-01,meat,101.6
41,Henan,Central,2020-07-01,meat,107.6
41,Henan,Central,2020-06-01,meat,102.8
41,Henan,Central,2020-05-01,meat,92.9
41,Henan,Central,2020-04-01,meat,93.6
41,Henan,Central,2020-03-01,meat,95.9
41,Henan,Central,2020-02-01,meat,106.8
41,Henan,Central,2020-01-01,meat,106.9
41,Henan,Central,2019-12-01,meat,94.7
41,Henan,Central,2019-11-01,meat,106.1
41,Henan,Central,2019-10-01,meat,115.8
41,Henan,Central,2019-09-01,meat,119
41,Henan,Central,2019-08-01,meat,114
41,Henan,Central,2019-07-01,meat,104.8
41,Henan,Central,2019-06-01,meat,102.5
41,Henan,Central,2019-05-01,meat,99.4
41,Henan,Central,2019-04-01,meat,102
41,Henan,Central,2019-03-01,meat,105.5
41,Henan,Central,2019-02-01,meat,100.7
41,Henan,Central,2019-01-01,meat,99.8
41,Henan,Central,2018-12-01,meat,100.2
41,Henan,Central,2018-11-01,meat,99.4
41,Henan,Central,2018-10-01,meat,99.9
41,Henan,Central,2018-09-01,meat,100.6
41,Henan,Central,2018-08-01,meat,105.1
41,Henan,Central,2018-07-01,meat,102.7
41,Henan,Central,2018-06-01,meat,101.3
41,Henan,Central,2018-05-01,meat,97
41,Henan,Central,2018-04-01,meat,93.9
41,Henan,Central,2018-03-01,meat,93.6
41,Henan,Central,2018-02-01,meat,100.3
41,Henan,Central,2018-01-01,meat,101.9
41,Henan,Central,2017-12-01,meat,101.1
41,Henan,Central,2017-11-01,meat,99.9
41,Henan,Central,2017-10-01,meat,100.2
41,Henan,Central,2017-09-01,meat,101
41,Henan,Central,2017-08-01,meat,100.7
41,Henan,Central,2017-07-01,meat,100
41,Henan,Central,2017-06-01,meat,97.1
41,Henan,Central,2017-05-01,meat,97.8
41,Henan,Central,2017-04-01,meat,98
41,Henan,Central,2017-03-01,meat,97.1
41,Henan,Central,2017-02-01,meat,98.3
41,Henan,Central,2017-01-01,meat,103
41,Henan,Central,2016-12-01,meat,100.3
41,Henan,Central,2016-11-01,meat,97.8
41,Henan,Central,2016-10-01,meat,97.5
41,Henan,Central,2016-09-01,meat,99.8
41,Henan,Central,2016-08-01,meat,98.9
41,Henan,Central,2016-07-01,meat,97.9
41,Henan,Central,2016-06-01,meat,101.9
41,Henan,Central,2016-05-01,meat,102.5
41,Henan,Central,2016-04-01,meat,101.4
41,Henan,Central,2016-03-01,meat,97.7
41,Henan,Central,2016-02-01,meat,106.7
41,Henan,Central,2016-01-01,meat,102
42,Hubei,Central,2025-12-01,meat,99.7
42,Hubei,Central,2025-11-01,meat,98.3
42,Hubei,Central,2025-10-01,meat,98.7
42,Hubei,Central,2025-09-01,meat,99.8
42,Hubei,Central,2025-08-01,meat,100
42,Hubei,Central,2025-07-01,meat,100.6
42,Hubei,Central,2025-06-01,meat,99.2
42,Hubei,Central,2025-05-01,meat,100.5
42,Hubei,Central,2025-04-01,meat,99.4
42,Hubei,Central,2025-03-01,meat,96.8
42,Hubei,Central,2025-02-01,meat,98.4
42,Hubei,Central,2025-01-01,meat,100.1
42,Hubei,Central,2024-12-01,meat,98.1
42,Hubei,Central,2024-11-01,meat,97.5
42,Hubei,Central,2024-10-01,meat,97.8
42,Hubei,Central,2024-09-01,meat,100.8
42,Hubei,Central,2024-08-01,meat,103.3
42,Hubei,Central,2024-07-01,meat,100.3
42,Hubei,Central,2024-06-01,meat,106.7
42,Hubei,Central,2024-05-01,meat,100.3
42,Hubei,Central,2024-04-01,meat,100.1
42,Hubei,Central,2024-03-01,meat,92.5
42,Hubei,Central,2024-02-01,meat,107.4
42,Hubei,Central,2024-01-01,meat,99.9
42,Hubei,Central,2023-12-01,meat,98.5
42,Hubei,Central,2023-11-01,meat,97.5
42,Hubei,Central,2023-10-01,meat,99.2
42,Hubei,Central,2023-09-01,meat,100.7
42,Hubei,Central,2023-08-01,meat,105.8
42,Hubei,Central,2023-07-01,meat,99.6
42,Hubei,Central,2023-06-01,meat,99.1
42,Hubei,Central,2023-05-01,meat,99.1
42,Hubei,Central,2023-04-01,meat,98.4
42,Hubei,Central,2023-03-01,meat,96
42,Hubei,Central,2023-02-01,meat,92.8
42,Hubei,Central,2023-01-01,meat,94.4
42,Hubei,Central,2022-12-01,meat,94.1
42,Hubei,Central,2022-11-01,meat,99.5
42,Hubei,Central,2022-10-01,meat,105.1
42,Hubei,Central,2022-09-01,meat,104.2
42,Hubei,Central,2022-08-01,meat,101
42,Hubei,Central,2022-07-01,meat,113.6
42,Hubei,Central,2022-06-01,meat,101.7
42,Hubei,Central,2022-05-01,meat,102
42,Hubei,Central,2022-04-01,meat,99.2
42,Hubei,Central,2022-03-01,meat,94.7
42,Hubei,Central,2022-02-01,meat,98.1
42,Hubei,Central,2022-01-01,meat,98.6
42,Hubei,Central,2021-12-01,meat,100.3
42,Hubei,Central,2021-11-01,meat,105.6
42,Hubei,Central,2021-10-01,meat,98.8
42,Hubei,Central,2021-09-01,meat,96.5
42,Hubei,Central,2021-08-01,meat,100.8
42,Hubei,Central,2021-07-01,meat,98.9
42,Hubei,Central,2021-06-01,meat,92.6
42,Hubei,Central,2021-05-01,meat,93.6
42,Hubei,Central,2021-04-01,meat,94.3
42,Hubei,Central,2021-03-01,meat,91.7
42,Hubei,Central,2021-02-01,meat,98.7
42,Hubei,Central,2021-01-01,meat,103.2
42,Hubei,Central,2020-12-01,meat,106
42,Hubei,Central,2020-11-01,meat,93.7
42,Hubei,Central,2020-10-01,meat,94.7
42,Hubei,Central,2020-09-01,meat,99.2
42,Hubei,Central,2020-08-01,meat,100.3
42,Hubei,Central,2020-07-01,meat,108.1
42,Hubei,Central,2020-06-01,meat,102.2
42,Hubei,Central,2020-05-01,meat,90.6
42,Hubei,Central,2020-04-01,meat,90.1
42,Hubei,Central,2020-03-01,meat,96.6
42,Hubei,Central,2020-02-01,meat,115.2
42,Hubei,Central,2020-01-01,meat,108.3
42,Hubei,Central,2019-12-01,meat,95
42,Hubei,Central,2019-11-01,meat,103.7
42,Hubei,Central,2019-10-01,meat,114.5
42,Hubei,Central,2019-09-01,meat,121.1
42,Hubei,Central,2019-08-01,meat,116.3
42,Hubei,Central,2019-07-01,meat,101.7
42,Hubei,Central,2019-06-01,meat,101.8
42,Hubei,Central,2019-05-01,meat,99.6
42,Hubei,Central,2019-04-01,meat,100.7
42,Hubei,Central,2019-03-01,meat,100.1
42,Hubei,Central,2019-02-01,meat,102.8
42,Hubei,Central,2019-01-01,meat,99.1
42,Hubei,Central,2018-12-01,meat,99.6
42,Hubei,Central,2018-11-01,meat,98.6
42,Hubei,Central,2018-10-01,meat,101
42,Hubei,Central,2018-09-01,meat,102.6
42,Hubei,Central,2018-08-01,meat,104.9
42,Hubei,Central,2018-07-01,meat,101.5
42,Hubei,Central,2018-06-01,meat,99.8
42,Hubei,Central,2018-05-01,meat,97.8
42,Hubei,Central,2018-04-01,meat,96.3
42,Hubei,Central,2018-03-01,meat,93
42,Hubei,Central,2018-02-01,meat,104.1
42,Hubei,Central,2018-01-01,meat,101.1
42,Hubei,Central,2017-12-01,meat,100.4
42,Hubei,Central,2017-11-01,meat,99.2
42,Hubei,Central,2017-10-01,meat,100.6
42,Hubei,Central,2017-09-01,meat,100.9
42,Hubei,Central,2017-08-01,meat,100.7
42,Hubei,Central,2017-07-01,meat,100
42,Hubei,Central,2017-06-01,meat,97.1
42,Hubei,Central,2017-05-01,meat,97.8
42,Hubei,Central,2017-04-01,meat,99
42,Hubei,Central,2017-03-01,meat,96.9
42,Hubei,Central,2017-02-01,meat,99.5
42,Hubei,Central,2017-01-01,meat,102.8
42,Hubei,Central,2016-12-01,meat,99
42,Hubei,Central,2016-11-01,meat,98
42,Hubei,Central,2016-10-01,meat,97.9
42,Hubei,Central,2016-09-01,meat,100.9
42,Hubei,Central,2016-08-01,meat,99.8
42,Hubei,Central,2016-07-01,meat,98.5
42,Hubei,Central,2016-06-01,meat,101.7
42,Hubei,Central,2016-05-01,meat,101.6
42,Hubei,Central,2016-04-01,meat,101.5
42,Hubei,Central,2016-03-01,meat,98.3
42,Hubei,Central,2016-02-01,meat,105.7
42,Hubei,Central,2016-01-01,meat,101.5
43,Hunan,Central,2025-12-01,meat,98.4
43,Hunan,Central,2025-11-01,meat,98.7
43,Hunan,Central,2025-10-01,meat,99.4
43,Hunan,Central,2025-09-01,meat,100.1
43,Hunan,Central,2025-08-01,meat,100.1
43,Hunan,Central,2025-07-01,meat,100.8
43,Hunan,Central,2025-06-01,meat,99.1
43,Hunan,Central,2025-05-01,meat,99.8
43,Hunan,Central,2025-04-01,meat,99.6
43,Hunan,Central,2025-03-01,meat,97.2
43,Hunan,Central,2025-02-01,meat,99
43,Hunan,Central,2025-01-01,meat,100.4
43,Hunan,Central,2024-12-01,meat,97.4
43,Hunan,Central,2024-11-01,meat,97.6
43,Hunan,Central,2024-10-01,meat,97.8
43,Hunan,Central,2024-09-01,meat,99.6
43,Hunan,Central,2024-08-01,meat,105.3
43,Hunan,Central,2024-07-01,meat,101.6
43,Hunan,Central,2024-06-01,meat,105.8
43,Hunan,Central,2024-05-01,meat,99.4
43,Hunan,Central,2024-04-01,meat,99
43,Hunan,Central,2024-03-01,meat,95.4
43,Hunan,Central,2024-02-01,meat,104.4
43,Hunan,Central,2024-01-01,meat,99.3
43,Hunan,Central,2023-12-01,meat,98.9
43,Hunan,Central,2023-11-01,meat,99
43,Hunan,Central,2023-10-01,meat,99.5
43,Hunan,Central,2023-09-01,meat,100.7
43,Hunan,Central,2023-08-01,meat,106.7
43,Hunan,Central,2023-07-01,meat,100.1
43,Hunan,Central,2023-06-01,meat,99
43,Hunan,Central,2023-05-01,meat,98.7
43,Hunan,Central,2023-04-01,meat,97.7
43,Hunan,Central,2023-03-01,meat,96.6
43,Hunan,Central,2023-02-01,meat,92.7
43,Hunan,Central,2023-01-01,meat,92.8
43,Hunan,Central,2022-12-01,meat,92.2
43,Hunan,Central,2022-11-01,meat,100.2
43,Hunan,Central,2022-10-01,meat,106.7
43,Hunan,Central,2022-09-01,meat,104
43,Hunan,Central,2022-08-01,meat,102
43,Hunan,Central,2022-07-01,meat,114.7
43,Hunan,Central,2022-06-01,meat,103
43,Hunan,Central,2022-05-01,meat,102.4
43,Hunan,Central,2022-04-01,meat,98.9
43,Hunan,Central,2022-03-01,meat,92.8
43,Hunan,Central,2022-02-01,meat,97.7
43,Hunan,Central,2022-01-01,meat,98.5
43,Hunan,Central,2021-12-01,meat,100.3
43,Hunan,Central,2021-11-01,meat,108.5
43,Hunan,Central,2021-10-01,meat,99.2
43,Hunan,Central,2021-09-01,meat,97.9
43,Hunan,Central,2021-08-01,meat,100.8
43,Hunan,Central,2021-07-01,meat,98
43,Hunan,Central,2021-06-01,meat,90.5
43,Hunan,Central,2021-05-01,meat,91.3
43,Hunan,Central,2021-04-01,meat,91
43,Hunan,Central,2021-03-01,meat,91.4
43,Hunan,Central,2021-02-01,meat,99
43,Hunan,Central,2021-01-01,meat,104.6
43,Hunan,Central,2020-12-01,meat,105.1
43,Hunan,Central,2020-11-01,meat,94.5
43,Hunan,Central,2020-10-01,meat,93.8
43,Hunan,Central,2020-09-01,meat,99.4
43,Hunan,Central,2020-08-01,meat,101.3
43,Hunan,Central,2020-07-01,meat,109.7
43,Hunan,Central,2020-06-01,meat,103.3
43,Hunan,Central,2020-05-01,meat,93
43,Hunan,Central,2020-04-01,meat,92.4
43,Hunan,Central,2020-03-01,meat,93.7
43,Hunan,Central,2020-02-01,meat,108.6
43,Hunan,Central,2020-01-01,meat,106.4
43,Hunan,Central,2019-12-01,meat,94.3
43,Hunan,Central,2019-11-01,meat,104.5
43,Hunan,Central,2019-10-01,meat,113.8
43,Hunan,Central,2019-09-01,meat,114.5
43,Hunan,Central,2019-08-01,meat,130
43,Hunan,Central,2019-07-01,meat,103
43,Hunan,Central,2019-06-01,meat,100.2
43,Hunan,Central,2019-05-01,meat,99.6
43,Hunan,Central,2019-04-01,meat,100.2
43,Hunan,Central,2019-03-01,meat,100.1
43,Hunan,Central,2019-02-01,meat,99.9
43,Hunan,Central,2019-01-01,meat,98.6
43,Hunan,Central,2018-12-01,meat,100.1
43,Hunan,Central,2018-11-01,meat,102
43,Hunan,Central,2018-10-01,meat,101.8
43,Hunan,Central,2018-09-01,meat,102.8
43,Hunan,Central,2018-08-01,meat,104.9
43,Hunan,Central,2018-07-01,meat,102.2
43,Hunan,Central,2018-06-01,meat,98.1
43,Hunan,Central,2018-05-01,meat,96.3
43,Hunan,Central,2018-04-01,meat,96.1
43,Hunan,Central,2018-03-01,meat,94.9
43,Hunan,Central,2018-02-01,meat,102.1
43,Hunan,Central,2018-01-01,meat,100.4
43,Hunan,Central,2017-12-01,meat,100.2
43,Hunan,Central,2017-11-01,meat,99.5
43,Hunan,Central,2017-10-01,meat,99.8
43,Hunan,Central,2017-09-01,meat,100.9
43,Hunan,Central,2017-08-01,meat,100.9
43,Hunan,Central,2017-07-01,meat,99
43,Hunan,Central,2017-06-01,meat,97.1
43,Hunan,Central,2017-05-01,meat,98.1
43,Hunan,Central,2017-04-01,meat,99
43,Hunan,Central,2017-03-01,meat,98.5
43,Hunan,Central,2017-02-01,meat,100.2
43,Hunan,Central,2017-01-01,meat,100.4
43,Hunan,Central,2016-12-01,meat,98.7
43,Hunan,Central,2016-11-01,meat,99.2
43,Hunan,Central,2016-10-01,meat,98.8
43,Hunan,Central,2016-09-01,meat,100.5
43,Hunan,Central,2016-08-01,meat,99.6
43,Hunan,Central,2016-07-01,meat,99.5
43,Hunan,Central,2016-06-01,meat,100.2
43,Hunan,Central,2016-05-01,meat,100.8
43,Hunan,Central,2016-04-01,meat,102.3
43,Hunan,Central,2016-03-01,meat,99.5
43,Hunan,Central,2016-02-01,meat,106.1
43,Hunan,Central,2016-01-01,meat,99.3
15,Inner Mongolia,North,2025-12-01,meat,99.7
15,Inner Mongolia,North,2025-11-01,meat,99.6
15,Inner Mongolia,North,2025-10-01,meat,100.2
15,Inner Mongolia,North,2025-09-01,meat,100.9
15,Inner Mongolia,North,2025-08-01,meat,100.2
15,Inner Mongolia,North,2025-07-01,meat,100
15,Inner Mongolia,North,2025-06-01,meat,99.8
15,Inner Mongolia,North,2025-05-01,meat,100.4
15,Inner Mongolia,North,2025-04-01,meat,101
15,Inner Mongolia,North,2025-03-01,meat,98.6
15,Inner Mongolia,North,2025-02-01,meat,99.8
15,Inner Mongolia,North,2025-01-01,meat,100.4
15,Inner Mongolia,North,2024-12-01,meat,98.5
15,Inner Mongolia,North,2024-11-01,meat,98.1
15,Inner Mongolia,North,2024-10-01,meat,98
15,Inner Mongolia,North,2024-09-01,meat,100.5
15,Inner Mongolia,North,2024-08-01,meat,103.3
15,Inner Mongolia,North,2024-07-01,meat,100.2
15,Inner Mongolia,North,2024-06-01,meat,101.8
15,Inner Mongolia,North,2024-05-01,meat,98.9
15,Inner Mongolia,North,2024-04-01,meat,98.2
15,Inner Mongolia,North,2024-03-01,meat,97.3
15,Inner Mongolia,North,2024-02-01,meat,101.2
15,Inner Mongolia,North,2024-01-01,meat,100.1
15,Inner Mongolia,North,2023-12-01,meat,99.3
15,Inner Mongolia,North,2023-11-01,meat,98.5
15,Inner Mongolia,North,2023-10-01,meat,99.2
15,Inner Mongolia,North,2023-09-01,meat,100.3
15,Inner Mongolia,North,2023-08-01,meat,104.1
15,Inner Mongolia,North,2023-07-01,meat,98.5
15,Inner Mongolia,North,2023-06-01,meat,98.7
15,Inner Mongolia,North,2023-05-01,meat,98.9
15,Inner Mongolia,North,2023-04-01,meat,98.6
15,Inner Mongolia,North,2023-03-01,meat,99.3
15,Inner Mongolia,North,2023-02-01,meat,96.5
15,Inner Mongolia,North,2023-01-01,meat,94.9
15,Inner Mongolia,North,2022-12-01,meat,95.8
15,Inner Mongolia,North,2022-11-01,meat,101.4
15,Inner Mongolia,North,2022-10-01,meat,103.3
15,Inner Mongolia,North,2022-09-01,meat,101.6
15,Inner Mongolia,North,2022-08-01,meat,100.8
15,Inner Mongolia,North,2022-07-01,meat,108.5
15,Inner Mongolia,North,2022-06-01,meat,101.2
15,Inner Mongolia,North,2022-05-01,meat,101.3
15,Inner Mongolia,North,2022-04-01,meat,98.4
15,Inner Mongolia,North,2022-03-01,meat,96.8
15,Inner Mongolia,North,2022-02-01,meat,98.3
15,Inner Mongolia,North,2022-01-01,meat,100.2
15,Inner Mongolia,North,2021-12-01,meat,100.7
15,Inner Mongolia,North,2021-11-01,meat,103.6
15,Inner Mongolia,North,2021-10-01,meat,100.1
15,Inner Mongolia,North,2021-09-01,meat,98.5
15,Inner Mongolia,North,2021-08-01,meat,98.8
15,Inner Mongolia,North,2021-07-01,meat,98.9
15,Inner Mongolia,North,2021-06-01,meat,93.6
15,Inner Mongolia,North,2021-05-01,meat,95.2
15,Inner Mongolia,North,2021-04-01,meat,95.3
15,Inner Mongolia,North,2021-03-01,meat,94
15,Inner Mongolia,North,2021-02-01,meat,98.4
15,Inner Mongolia,North,2021-01-01,meat,105.2
15,Inner Mongolia,North,2020-12-01,meat,105.8
15,Inner Mongolia,North,2020-11-01,meat,96.7
15,Inner Mongolia,North,2020-10-01,meat,96.4
15,Inner Mongolia,North,2020-09-01,meat,100.8
15,Inner Mongolia,North,2020-08-01,meat,101.9
15,Inner Mongolia,North,2020-07-01,meat,106.6
15,Inner Mongolia,North,2020-06-01,meat,101.5
15,Inner Mongolia,North,2020-05-01,meat,95.9
15,Inner Mongolia,North,2020-04-01,meat,96.4
15,Inner Mongolia,North,2020-03-01,meat,99
15,Inner Mongolia,North,2020-02-01,meat,100.6
15,Inner Mongolia,North,2020-01-01,meat,104.2
15,Inner Mongolia,North,2019-12-01,meat,96
15,Inner Mongolia,North,2019-11-01,meat,102.9
15,Inner Mongolia,North,2019-10-01,meat,112.3
15,Inner Mongolia,North,2019-09-01,meat,111.7
15,Inner Mongolia,North,2019-08-01,meat,108
15,Inner Mongolia,North,2019-07-01,meat,105
15,Inner Mongolia,North,2019-06-01,meat,102.9
15,Inner Mongolia,North,2019-05-01,meat,99.6
15,Inner Mongolia,North,2019-04-01,meat,101.4
15,Inner Mongolia,North,2019-03-01,meat,100.4
15,Inner Mongolia,North,2019-02-01,meat,100.7
15,Inner Mongolia,North,2019-01-01,meat,100.1
15,Inner Mongolia,North,2018-12-01,meat,100.1
15,Inner Mongolia,North,2018-11-01,meat,99.4
15,Inner Mongolia,North,2018-10-01,meat,102
15,Inner Mongolia,North,2018-09-01,meat,103.1
15,Inner Mongolia,North,2018-08-01,meat,103.6
15,Inner Mongolia,North,2018-07-01,meat,100.8
15,Inner Mongolia,North,2018-06-01,meat,101.1
15,Inner Mongolia,North,2018-05-01,meat,98.5
15,Inner Mongolia,North,2018-04-01,meat,95.8
15,Inner Mongolia,North,2018-03-01,meat,96.1
15,Inner Mongolia,North,2018-02-01,meat,101.7
15,Inner Mongolia,North,2018-01-01,meat,100.9
15,Inner Mongolia,North,2017-12-01,meat,101.1
15,Inner Mongolia,North,2017-11-01,meat,99.8
15,Inner Mongolia,North,2017-10-01,meat,100.6
15,Inner Mongolia,North,2017-09-01,meat,103.2
15,Inner Mongolia,North,2017-08-01,meat,101.5
15,Inner Mongolia,North,2017-07-01,meat,99.5
15,Inner Mongolia,North,2017-06-01,meat,98.4
15,Inner Mongolia,North,2017-05-01,meat,98
15,Inner Mongolia,North,2017-04-01,meat,98.4
15,Inner Mongolia,North,2017-03-01,meat,97.2
15,Inner Mongolia,North,2017-02-01,meat,99.3
15,Inner Mongolia,North,2017-01-01,meat,103.1
15,Inner Mongolia,North,2016-12-01,meat,100.9
15,Inner Mongolia,North,2016-11-01,meat,99.3
15,Inner Mongolia,North,2016-10-01,meat,98.4
15,Inner Mongolia,North,2016-09-01,meat,99.7
15,Inner Mongolia,North,2016-08-01,meat,98.4
15,Inner Mongolia,North,2016-07-01,meat,98.6
15,Inner Mongolia,North,2016-06-01,meat,100.8
15,Inner Mongolia,North,2016-05-01,meat,100.9
15,Inner Mongolia,North,2016-04-01,meat,100.3
15,Inner Mongolia,North,2016-03-01,meat,98.6
15,Inner Mongolia,North,2016-02-01,meat,102.8
15,Inner Mongolia,North,2016-01-01,meat,102.3
32,Jiangsu,East,2025-12-01,meat,98.7
32,Jiangsu,East,2025-11-01,meat,98.6
32,Jiangsu,East,2025-10-01,meat,98.3
32,Jiangsu,East,2025-09-01,meat,99.5
32,Jiangsu,East,2025-08-01,meat,100
32,Jiangsu,East,2025-07-01,meat,101.1
32,Jiangsu,East,2025-06-01,meat,99.5
32,Jiangsu,East,2025-05-01,meat,99.4
32,Jiangsu,East,2025-04-01,meat,99.3
32,Jiangsu,East,2025-03-01,meat,98.4
32,Jiangsu,East,2025-02-01,meat,99.3
32,Jiangsu,East,2025-01-01,meat,99.5
32,Jiangsu,East,2024-12-01,meat,98.2
32,Jiangsu,East,2024-11-01,meat,98
32,Jiangsu,East,2024-10-01,meat,98.1
32,Jiangsu,East,2024-09-01,meat,100.9
32,Jiangsu,East,2024-08-01,meat,102.1
32,Jiangsu,East,2024-07-01,meat,101.2
32,Jiangsu,East,2024-06-01,meat,104.7
32,Jiangsu,East,2024-05-01,meat,100
32,Jiangsu,East,2024-04-01,meat,98.5
32,Jiangsu,East,2024-03-01,meat,96.9
32,Jiangsu,East,2024-02-01,meat,103.9
32,Jiangsu,East,2024-01-01,meat,100.1
32,Jiangsu,East,2023-12-01,meat,99.3
32,Jiangsu,East,2023-11-01,meat,98.3
32,Jiangsu,East,2023-10-01,meat,99.2
32,Jiangsu,East,2023-09-01,meat,100.3
32,Jiangsu,East,2023-08-01,meat,103.5
32,Jiangsu,East,2023-07-01,meat,99.6
32,Jiangsu,East,2023-06-01,meat,99.3
32,Jiangsu,East,2023-05-01,meat,98.7
32,Jiangsu,East,2023-04-01,meat,97.7
32,Jiangsu,East,2023-03-01,meat,97.1
32,Jiangsu,East,2023-02-01,meat,95.1
32,Jiangsu,East,2023-01-01,meat,96.3
32,Jiangsu,East,2022-12-01,meat,97
32,Jiangsu,East,2022-11-01,meat,100.3
32,Jiangsu,East,2022-10-01,meat,104.2
32,Jiangsu,East,2022-09-01,meat,101.4
32,Jiangsu,East,2022-08-01,meat,100.5
32,Jiangsu,East,2022-07-01,meat,112.2
32,Jiangsu,East,2022-06-01,meat,101.6
32,Jiangsu,East,2022-05-01,meat,100.6
32,Jiangsu,East,2022-04-01,meat,101.2
32,Jiangsu,East,2022-03-01,meat,96.7
32,Jiangsu,East,2022-02-01,meat,99.1
32,Jiangsu,East,2022-01-01,meat,99.2
32,Jiangsu,East,2021-12-01,meat,100.4
32,Jiangsu,East,2021-11-01,meat,103.6
32,Jiangsu,East,2021-10-01,meat,97.7
32,Jiangsu,East,2021-09-01,meat,97.5
32,Jiangsu,East,2021-08-01,meat,99.7
32,Jiangsu,East,2021-07-01,meat,98.8
32,Jiangsu,East,2021-06-01,meat,93.2
32,Jiangsu,East,2021-05-01,meat,95.7
32,Jiangsu,East,2021-04-01,meat,94.6
32,Jiangsu,East,2021-03-01,meat,95.8
32,Jiangsu,East,2021-02-01,meat,99.3
32,Jiangsu,East,2021-01-01,meat,102.8
32,Jiangsu,East,2020-12-01,meat,103.5
32,Jiangsu,East,2020-11-01,meat,95.5
32,Jiangsu,East,2020-10-01,meat,95.4
32,Jiangsu,East,2020-09-01,meat,98.7
32,Jiangsu,East,2020-08-01,meat,100.9
32,Jiangsu,East,2020-07-01,meat,107.1
32,Jiangsu,East,2020-06-01,meat,101.8
32,Jiangsu,East,2020-05-01,meat,95.8
32,Jiangsu,East,2020-04-01,meat,95.6
32,Jiangsu,East,2020-03-01,meat,94.9
32,Jiangsu,East,2020-02-01,meat,107.2
32,Jiangsu,East,2020-01-01,meat,104.3
32,Jiangsu,East,2019-12-01,meat,95.4
32,Jiangsu,East,2019-11-01,meat,105.4
32,Jiangsu,East,2019-10-01,meat,115.2
32,Jiangsu,East,2019-09-01,meat,118.3
32,Jiangsu,East,2019-08-01,meat,110.9
32,Jiangsu,East,2019-07-01,meat,104.3
32,Jiangsu,East,2019-06-01,meat,101.7
32,Jiangsu,East,2019-05-01,meat,100
32,Jiangsu,East,2019-04-01,meat,101.2
32,Jiangsu,East,2019-03-01,meat,101.7
32,Jiangsu,East,2019-02-01,meat,100.5
32,Jiangsu,East,2019-01-01,meat,100.3
32,Jiangsu,East,2018-12-01,meat,100.4
32,Jiangsu,East,2018-11-01,meat,98.9
32,Jiangsu,East,2018-10-01,meat,100
32,Jiangsu,East,2018-09-01,meat,102.4
32,Jiangsu,East,2018-08-01,meat,103.9
32,Jiangsu,East,2018-07-01,meat,101.9
32,Jiangsu,East,2018-06-01,meat,101
32,Jiangsu,East,2018-05-01,meat,98
32,Jiangsu,East,2018-04-01,meat,96.1
32,Jiangsu,East,2018-03-01,meat,96
32,Jiangsu,East,2018-02-01,meat,101.3
32,Jiangsu,East,2018-01-01,meat,100.6
32,Jiangsu,East,2017-12-01,meat,100.6
32,Jiangsu,East,2017-11-01,meat,99.6
32,Jiangsu,East,2017-10-01,meat,99.9
32,Jiangsu,East,2017-09-01,meat,100.5
32,Jiangsu,East,2017-08-01,meat,100.8
32,Jiangsu,East,2017-07-01,meat,100.2
32,Jiangsu,East,2017-06-01,meat,98.1
32,Jiangsu,East,2017-05-01,meat,98.5
32,Jiangsu,East,2017-04-01,meat,99
32,Jiangsu,East,2017-03-01,meat,98.2
32,Jiangsu,East,2017-02-01,meat,100
32,Jiangsu,East,2017-01-01,meat,101.8
32,Jiangsu,East,2016-12-01,meat,99.6
32,Jiangsu,East,2016-11-01,meat,98.7
32,Jiangsu,East,2016-10-01,meat,98.3
32,Jiangsu,East,2016-09-01,meat,99.9
32,Jiangsu,East,2016-08-01,meat,99.4
32,Jiangsu,East,2016-07-01,meat,99.2
32,Jiangsu,East,2016-06-01,meat,100.9
32,Jiangsu,East,2016-05-01,meat,101.5
32,Jiangsu,East,2016-04-01,meat,102.7
32,Jiangsu,East,2016-03-01,meat,100.1
32,Jiangsu,East,2016-02-01,meat,103.8
32,Jiangsu,East,2016-01-01,meat,100.7
36,Jiangxi,East,2025-12-01,meat,98.9
36,Jiangxi,East,2025-11-01,meat,98.7
36,Jiangxi,East,2025-10-01,meat,99.3
36,Jiangxi,East,2025-09-01,meat,99.9
36,Jiangxi,East,2025-08-01,meat,99.6
36,Jiangxi,East,2025-07-01,meat,101.2
36,Jiangxi,East,2025-06-01,meat,98.6
36,Jiangxi,East,2025-05-01,meat,99.7
36,Jiangxi,East,2025-04-01,meat,99.9
36,Jiangxi,East,2025-03-01,meat,96.2
36,Jiangxi,East,2025-02-01,meat,98.4
36,Jiangxi,East,2025-01-01,meat,100.9
36,Jiangxi,East,2024-12-01,meat,98.2
36,Jiangxi,East,2024-11-01,meat,97.6
36,Jiangxi,East,2024-10-01,meat,97.8
36,Jiangxi,East,2024-09-01,meat,99.9
36,Jiangxi,East,2024-08-01,meat,103.5
36,Jiangxi,East,2024-07-01,meat,101.2
36,Jiangxi,East,2024-06-01,meat,106
36,Jiangxi,East,2024-05-01,meat,99.3
36,Jiangxi,East,2024-04-01,meat,99.2
36,Jiangxi,East,2024-03-01,meat,94.1
36,Jiangxi,East,2024-02-01,meat,105.1
36,Jiangxi,East,2024-01-01,meat,100.3
36,Jiangxi,East,2023-12-01,meat,98.6
36,Jiangxi,East,2023-11-01,meat,97.9
36,Jiangxi,East,2023-10-01,meat,99
36,Jiangxi,East,2023-09-01,meat,100.6
36,Jiangxi,East,2023-08-01,meat,105.5
36,Jiangxi,East,2023-07-01,meat,99.7
36,Jiangxi,East,2023-06-01,meat,98.6
36,Jiangxi,East,2023-05-01,meat,98.5
36,Jiangxi,East,2023-04-01,meat,98
36,Jiangxi,East,2023-03-01,meat,96.7
36,Jiangxi,East,2023-02-01,meat,91.7
36,Jiangxi,East,2023-01-01,meat,95.7
36,Jiangxi,East,2022-12-01,meat,94.9
36,Jiangxi,East,2022-11-01,meat,99.2
36,Jiangxi,East,2022-10-01,meat,105.1
36,Jiangxi,East,2022-09-01,meat,103.9
36,Jiangxi,East,2022-08-01,meat,100.8
36,Jiangxi,East,2022-07-01,meat,112.9
36,Jiangxi,East,2022-06-01,meat,101.6
36,Jiangxi,East,2022-05-01,meat,103.2
36,Jiangxi,East,2022-04-01,meat,100
36,Jiangxi,East,2022-03-01,meat,92.4
36,Jiangxi,East,2022-02-01,meat,98.7
36,Jiangxi,East,2022-01-01,meat,99.3
36,Jiangxi,East,2021-12-01,meat,98.8
36,Jiangxi,East,2021-11-01,meat,108.8
36,Jiangxi,East,2021-10-01,meat,98.4
36,Jiangxi,East,2021-09-01,meat,99.1
36,Jiangxi,East,2021-08-01,meat,98.9
36,Jiangxi,East,2021-07-01,meat,97.9
36,Jiangxi,East,2021-06-01,meat,91.8
36,Jiangxi,East,2021-05-01,meat,93.1
36,Jiangxi,East,2021-04-01,meat,92.4
36,Jiangxi,East,2021-03-01,meat,91
36,Jiangxi,East,2021-02-01,meat,100.3
36,Jiangxi,East,2021-01-01,meat,103.5
36,Jiangxi,East,2020-12-01,meat,105.1
36,Jiangxi,East,2020-11-01,meat,94.1
36,Jiangxi,East,2020-10-01,meat,94.6
36,Jiangxi,East,2020-09-01,meat,99
36,Jiangxi,East,2020-08-01,meat,100.4
36,Jiangxi,East,2020-07-01,meat,108.7
36,Jiangxi,East,2020-06-01,meat,104.5
36,Jiangxi,East,2020-05-01,meat,94.7
36,Jiangxi,East,2020-04-01,meat,93.6
36,Jiangxi,East,2020-03-01,meat,91.4
36,Jiangxi,East,2020-02-01,meat,108.5
36,Jiangxi,East,2020-01-01,meat,108.5
36,Jiangxi,East,2019-12-01,meat,97
36,Jiangxi,East,2019-11-01,meat,102.2
36,Jiangxi,East,2019-10-01,meat,113.4
36,Jiangxi,East,2019-09-01,meat,113.2
36,Jiangxi,East,2019-08-01,meat,124.2
36,Jiangxi,East,2019-07-01,meat,105.2
36,Jiangxi,East,2019-06-01,meat,101.5
36,Jiangxi,East,2019-05-01,meat,99.8
36,Jiangxi,East,2019-04-01,meat,101
36,Jiangxi,East,2019-03-01,meat,100.8
36,Jiangxi,East,2019-02-01,meat,103.3
36,Jiangxi,East,2019-01-01,meat,99.3
36,Jiangxi,East,2018-12-01,meat,98.8
36,Jiangxi,East,2018-11-01,meat,99.2
36,Jiangxi,East,2018-10-01,meat,100.6
36,Jiangxi,East,2018-09-01,meat,102.4
36,Jiangxi,East,2018-08-01,meat,104.9
36,Jiangxi,East,2018-07-01,meat,101.8
36,Jiangxi,East,2018-06-01,meat,100.7
36,Jiangxi,East,2018-05-01,meat,97.4
36,Jiangxi,East,2018-04-01,meat,95.3
36,Jiangxi,East,2018-03-01,meat,93.1
36,Jiangxi,East,2018-02-01,meat,103.6
36,Jiangxi,East,2018-01-01,meat,100.9
36,Jiangxi,East,2017-12-01,meat,100.3
36,Jiangxi,East,2017-11-01,meat,99.1
36,Jiangxi,East,2017-10-01,meat,100.5
36,Jiangxi,East,2017-09-01,meat,100.8
36,Jiangxi,East,2017-08-01,meat,100.2
36,Jiangxi,East,2017-07-01,meat,98.4
36,Jiangxi,East,2017-06-01,meat,96.3
36,Jiangxi,East,2017-05-01,meat,98.5
36,Jiangxi,East,2017-04-01,meat,99
36,Jiangxi,East,2017-03-01,meat,97.4
36,Jiangxi,East,2017-02-01,meat,99.4
36,Jiangxi,East,2017-01-01,meat,102.9
36,Jiangxi,East,2016-12-01,meat,99.2
36,Jiangxi,East,2016-11-01,meat,97.6
36,Jiangxi,East,2016-10-01,meat,99
36,Jiangxi,East,2016-09-01,meat,100.6
36,Jiangxi,East,2016-08-01,meat,99.4
36,Jiangxi,East,2016-07-01,meat,98.4
36,Jiangxi,East,2016-06-01,meat,100.3
36,Jiangxi,East,2016-05-01,meat,101.9
36,Jiangxi,East,2016-04-01,meat,102.2
36,Jiangxi,East,2016-03-01,meat,98.8
36,Jiangxi,East,2016-02-01,meat,106.8
36,Jiangxi,East,2016-01-01,meat,102.3
22,Jilin,Northeast,2025-12-01,meat,98.6
22,Jilin,Northeast,2025-11-01,meat,99.4
22,Jilin,Northeast,2025-10-01,meat,98.7
22,Jilin,Northeast,2025-09-01,meat,99.7
22,Jilin,Northeast,2025-08-01,meat,99.7
22,Jilin,Northeast,2025-07-01,meat,100.5
22,Jilin,Northeast,2025-06-01,meat,99.3
22,Jilin,Northeast,2025-05-01,meat,100
22,Jilin,Northeast,2025-04-01,meat,102.2
22,Jilin,Northeast,2025-03-01,meat,98
22,Jilin,Northeast,2025-02-01,meat,98.2
22,Jilin,Northeast,2025-01-01,meat,100.8
22,Jilin,Northeast,2024-12-01,meat,98
22,Jilin,Northeast,2024-11-01,meat,97.5
22,Jilin,Northeast,2024-10-01,meat,96.7
22,Jilin,Northeast,2024-09-01,meat,100.1
22,Jilin,Northeast,2024-08-01,meat,104.2
22,Jilin,Northeast,2024-07-01,meat,99.8
22,Jilin,Northeast,2024-06-01,meat,106.4
22,Jilin,Northeast,2024-05-01,meat,100.9
22,Jilin,Northeast,2024-04-01,meat,98
22,Jilin,Northeast,2024-03-01,meat,95.7
22,Jilin,Northeast,2024-02-01,meat,100.9
22,Jilin,Northeast,2024-01-01,meat,99
22,Jilin,Northeast,2023-12-01,meat,98.9
22,Jilin,Northeast,2023-11-01,meat,99
22,Jilin,Northeast,2023-10-01,meat,98.4
22,Jilin,Northeast,2023-09-01,meat,99.1
22,Jilin,Northeast,2023-08-01,meat,108.2
22,Jilin,Northeast,2023-07-01,meat,99.6
22,Jilin,Northeast,2023-06-01,meat,98.3
22,Jilin,Northeast,2023-05-01,meat,97.9
22,Jilin,Northeast,2023-04-01,meat,97.4
22,Jilin,Northeast,2023-03-01,meat,98.2
22,Jilin,Northeast,2023-02-01,meat,94.8
22,Jilin,Northeast,2023-01-01,meat,94
22,Jilin,Northeast,2022-12-01,meat,94.6
22,Jilin,Northeast,2022-11-01,meat,97.7
22,Jilin,Northeast,2022-10-01,meat,105.7
22,Jilin,Northeast,2022-09-01,meat,103.4
22,Jilin,Northeast,2022-08-01,meat,97.6
22,Jilin,Northeast,2022-07-01,meat,112.7
22,Jilin,Northeast,2022-06-01,meat,100.9
22,Jilin,Northeast,2022-05-01,meat,102.4
22,Jilin,Northeast,2022-04-01,meat,102.6
22,Jilin,Northeast,2022-03-01,meat,96.9
22,Jilin,Northeast,2022-02-01,meat,95.2
22,Jilin,Northeast,2022-01-01,meat,99.8
22,Jilin,Northeast,2021-12-01,meat,100.4
22,Jilin,Northeast,2021-11-01,meat,106.2
22,Jilin,Northeast,2021-10-01,meat,99.5
22,Jilin,Northeast,2021-09-01,meat,97.3
22,Jilin,Northeast,2021-08-01,meat,98.9
22,Jilin,Northeast,2021-07-01,meat,100
22,Jilin,Northeast,2021-06-01,meat,92
22,Jilin,Northeast,2021-05-01,meat,93.9
22,Jilin,Northeast,2021-04-01,meat,92.4
22,Jilin,Northeast,2021-03-01,meat,91.4
22,Jilin,Northeast,2021-02-01,meat,96.2
22,Jilin,Northeast,2021-01-01,meat,108
22,Jilin,Northeast,2020-12-01,meat,107.2
22,Jilin,Northeast,2020-11-01,meat,94.7
22,Jilin,Northeast,2020-10-01,meat,92.8
22,Jilin,Northeast,2020-09-01,meat,99.5
22,Jilin,Northeast,2020-08-01,meat,100.5
22,Jilin,Northeast,2020-07-01,meat,108.8
22,Jilin,Northeast,2020-06-01,meat,104.5
22,Jilin,Northeast,2020-05-01,meat,95.6
22,Jilin,Northeast,2020-04-01,meat,95.9
22,Jilin,Northeast,2020-03-01,meat,98.1
22,Jilin,Northeast,2020-02-01,meat,100.4
22,Jilin,Northeast,2020-01-01,meat,106.6
22,Jilin,Northeast,2019-12-01,meat,95.2
22,Jilin,Northeast,2019-11-01,meat,102
22,Jilin,Northeast,2019-10-01,meat,118.1
22,Jilin,Northeast,2019-09-01,meat,111.6
22,Jilin,Northeast,2019-08-01,meat,106.7
22,Jilin,Northeast,2019-07-01,meat,106.9
22,Jilin,Northeast,2019-06-01,meat,108.6
22,Jilin,Northeast,2019-05-01,meat,100.2
22,Jilin,Northeast,2019-04-01,meat,104.3
22,Jilin,Northeast,2019-03-01,meat,102.2
22,Jilin,Northeast,2019-02-01,meat,104.5
22,Jilin,Northeast,2019-01-01,meat,98.3
22,Jilin,Northeast,2018-12-01,meat,98.4
22,Jilin,Northeast,2018-11-01,meat,97.7
22,Jilin,Northeast,2018-10-01,meat,99.2
22,Jilin,Northeast,2018-09-01,meat,100.9
22,Jilin,Northeast,2018-08-01,meat,103.9
22,Jilin,Northeast,2018-07-01,meat,102.1
22,Jilin,Northeast,2018-06-01,meat,104.2
22,Jilin,Northeast,2018-05-01,meat,99.5
22,Jilin,Northeast,2018-04-01,meat,93.6
22,Jilin,Northeast,2018-03-01,meat,91.3
22,Jilin,Northeast,2018-02-01,meat,100.9
22,Jilin,Northeast,2018-01-01,meat,101.3
22,Jilin,Northeast,2017-12-01,meat,101.2
22,Jilin,Northeast,2017-11-01,meat,99.6
22,Jilin,Northeast,2017-10-01,meat,99.7
22,Jilin,Northeast,2017-09-01,meat,101.1
22,Jilin,Northeast,2017-08-01,meat,102.9
22,Jilin,Northeast,2017-07-01,meat,100.5
22,Jilin,Northeast,2017-06-01,meat,98.3
22,Jilin,Northeast,2017-05-01,meat,98.1
22,Jilin,Northeast,2017-04-01,meat,98.4
22,Jilin,Northeast,2017-03-01,meat,96.1
22,Jilin,Northeast,2017-02-01,meat,96.5
22,Jilin,Northeast,2017-01-01,meat,103.1
22,Jilin,Northeast,2016-12-01,meat,100.4
22,Jilin,Northeast,2016-11-01,meat,99.5
22,Jilin,Northeast,2016-10-01,meat,98.4
22,Jilin,Northeast,2016-09-01,meat,99.7
22,Jilin,Northeast,2016-08-01,meat,98.3
22,Jilin,Northeast,2016-07-01,meat,98.3
22,Jilin,Northeast,2016-06-01,meat,100.5
22,Jilin,Northeast,2016-05-01,meat,102.8
22,Jilin,Northeast,2016-04-01,meat,102.9
22,Jilin,Northeast,2016-03-01,meat,97.3
22,Jilin,Northeast,2016-02-01,meat,103.6
22,Jilin,Northeast,2016-01-01,meat,103.2
21,Liaoning,Northeast,2025-12-01,meat,99.2
21,Liaoning,Northeast,2025-11-01,meat,99.3
21,Liaoning,Northeast,2025-10-01,meat,99.1
21,Liaoning,Northeast,2025-09-01,meat,100
21,Liaoning,Northeast,2025-08-01,meat,100.3
21,Liaoning,Northeast,2025-07-01,meat,100.2
21,Liaoning,Northeast,2025-06-01,meat,99.8
21,Liaoning,Northeast,2025-05-01,meat,100
21,Liaoning,Northeast,2025-04-01,meat,100.8
21,Liaoning,Northeast,2025-03-01,meat,98.6
21,Liaoning,Northeast,2025-02-01,meat,98.9
21,Liaoning,Northeast,2025-01-01,meat,101
21,Liaoning,Northeast,2024-12-01,meat,98
21,Liaoning,Northeast,2024-11-01,meat,97.9
21,Liaoning,Northeast,2024-10-01,meat,97.3
21,Liaoning,Northeast,2024-09-01,meat,101
21,Liaoning,Northeast,2024-08-01,meat,103
21,Liaoning,Northeast,2024-07-01,meat,100.4
21,Liaoning,Northeast,2024-06-01,meat,105.1
21,Liaoning,Northeast,2024-05-01,meat,99.5
21,Liaoning,Northeast,2024-04-01,meat,98.6
21,Liaoning,Northeast,2024-03-01,meat,96.8
21,Liaoning,Northeast,2024-02-01,meat,101.2
21,Liaoning,Northeast,2024-01-01,meat,99.5
21,Liaoning,Northeast,2023-12-01,meat,99.2
21,Liaoning,Northeast,2023-11-01,meat,98.7
21,Liaoning,Northeast,2023-10-01,meat,99.2
21,Liaoning,Northeast,2023-09-01,meat,99.4
21,Liaoning,Northeast,2023-08-01,meat,106.5
21,Liaoning,Northeast,2023-07-01,meat,99.3
21,Liaoning,Northeast,2023-06-01,meat,98
21,Liaoning,Northeast,2023-05-01,meat,98.4
21,Liaoning,Northeast,2023-04-01,meat,98.1
21,Liaoning,Northeast,2023-03-01,meat,99.2
21,Liaoning,Northeast,2023-02-01,meat,95.3
21,Liaoning,Northeast,2023-01-01,meat,94.9
21,Liaoning,Northeast,2022-12-01,meat,95.6
21,Liaoning,Northeast,2022-11-01,meat,98.2
21,Liaoning,Northeast,2022-10-01,meat,105.1
21,Liaoning,Northeast,2022-09-01,meat,102.9
21,Liaoning,Northeast,2022-08-01,meat,98.9
21,Liaoning,Northeast,2022-07-01,meat,112.2
21,Liaoning,Northeast,2022-06-01,meat,101.9
21,Liaoning,Northeast,2022-05-01,meat,101.2
21,Liaoning,Northeast,2022-04-01,meat,100.7
21,Liaoning,Northeast,2022-03-01,meat,96.8
21,Liaoning,Northeast,2022-02-01,meat,97.3
21,Liaoning,Northeast,2022-01-01,meat,99.4
21,Liaoning,Northeast,2021-12-01,meat,99.7
21,Liaoning,Northeast,2021-11-01,meat,105.5
21,Liaoning,Northeast,2021-10-01,meat,100
21,Liaoning,Northeast,2021-09-01,meat,97.7
21,Liaoning,Northeast,2021-08-01,meat,98.1
21,Liaoning,Northeast,2021-07-01,meat,99
21,Liaoning,Northeast,2021-06-01,meat,93.5
21,Liaoning,Northeast,2021-05-01,meat,94.9
21,Liaoning,Northeast,2021-04-01,meat,94.1
21,Liaoning,Northeast,2021-03-01,meat,92.5
21,Liaoning,Northeast,2021-02-01,meat,97.1
21,Liaoning,Northeast,2021-01-01,meat,105.5
21,Liaoning,Northeast,2020-12-01,meat,106.5
21,Liaoning,Northeast,2020-11-01,meat,95.8
21,Liaoning,Northeast,2020-10-01,meat,93.7
21,Liaoning,Northeast,2020-09-01,meat,99.2
21,Liaoning,Northeast,2020-08-01,meat,100.6
21,Liaoning,Northeast,2020-07-01,meat,108.4
21,Liaoning,Northeast,2020-06-01,meat,104.1
21,Liaoning,Northeast,2020-05-01,meat,95.3
21,Liaoning,Northeast,2020-04-01,meat,94.7
21,Liaoning,Northeast,2020-03-01,meat,96.8
21,Liaoning,Northeast,2020-02-01,meat,102.7
21,Liaoning,Northeast,2020-01-01,meat,106.3
21,Liaoning,Northeast,2019-12-01,meat,95.8
21,Liaoning,Northeast,2019-11-01,meat,102.9
21,Liaoning,Northeast,2019-10-01,meat,116.5
21,Liaoning,Northeast,2019-09-01,meat,111.7
21,Liaoning,Northeast,2019-08-01,meat,107.9
21,Liaoning,Northeast,2019-07-01,meat,106.4
21,Liaoning,Northeast,2019-06-01,meat,106.9
21,Liaoning,Northeast,2019-05-01,meat,100.1
21,Liaoning,Northeast,2019-04-01,meat,102.5
21,Liaoning,Northeast,2019-03-01,meat,102.6
21,Liaoning,Northeast,2019-02-01,meat,103.5
21,Liaoning,Northeast,2019-01-01,meat,96.3
21,Liaoning,Northeast,2018-12-01,meat,98.9
21,Liaoning,Northeast,2018-11-01,meat,100.3
21,Liaoning,Northeast,2018-10-01,meat,100.2
21,Liaoning,Northeast,2018-09-01,meat,100.2
21,Liaoning,Northeast,2018-08-01,meat,102.6
21,Liaoning,Northeast,2018-07-01,meat,101.1
21,Liaoning,Northeast,2018-06-01,meat,102.8
21,Liaoning,Northeast,2018-05-01,meat,99.6
21,Liaoning,Northeast,2018-04-01,meat,96.4
21,Liaoning,Northeast,2018-03-01,meat,93.2
21,Liaoning,Northeast,2018-02-01,meat,100.7
21,Liaoning,Northeast,2018-01-01,meat,100.8
21,Liaoning,Northeast,2017-12-01,meat,101.2
21,Liaoning,Northeast,2017-11-01,meat,99.6
21,Liaoning,Northeast,2017-10-01,meat,100.1
21,Liaoning,Northeast,2017-09-01,meat,101
21,Liaoning,Northeast,2017-08-01,meat,101.9
21,Liaoning,Northeast,2017-07-01,meat,100.1
21,Liaoning,Northeast,2017-06-01,meat,98.6
21,Liaoning,Northeast,2017-05-01,meat,98.3
21,Liaoning,Northeast,2017-04-01,meat,98.5
21,Liaoning,Northeast,2017-03-01,meat,96.1
21,Liaoning,Northeast,2017-02-01,meat,97.5
21,Liaoning,Northeast,2017-01-01,meat,103.1
21,Liaoning,Northeast,2016-12-01,meat,101.1
21,Liaoning,Northeast,2016-11-01,meat,100.3
21,Liaoning,Northeast,2016-10-01,meat,97.4
21,Liaoning,Northeast,2016-09-01,meat,100.2
21,Liaoning,Northeast,2016-08-01,meat,97.6
21,Liaoning,Northeast,2016-07-01,meat,97.8
21,Liaoning,Northeast,2016-06-01,meat,101.1
21,Liaoning,Northeast,2016-05-01,meat,102.8
21,Liaoning,Northeast,2016-04-01,meat,101.6
21,Liaoning,Northeast,2016-03-01,meat,97.7
21,Liaoning,Northeast,2016-02-01,meat,103.3
21,Liaoning,Northeast,2016-01-01,meat,102.1
64,Ningxia,West,2025-12-01,meat,99.5
64,Ningxia,West,2025-11-01,meat,100.1
64,Ningxia,West,2025-10-01,meat,101.1
64,Ningxia,West,2025-09-01,meat,101.4
64,Ningxia,West,2025-08-01,meat,100.8
64,Ningxia,West,2025-07-01,meat,100
64,Ningxia,West,2025-06-01,meat,99.7
64,Ningxia,West,2025-05-01,meat,100.9
64,Ningxia,West,2025-04-01,meat,101.9
64,Ningxia,West,2025-03-01,meat,99.2
64,Ningxia,West,2025-02-01,meat,99.8
64,Ningxia,West,2025-01-01,meat,100
64,Ningxia,West,2024-12-01,meat,99.4
64,Ningxia,West,2024-11-01,meat,99.5
64,Ningxia,West,2024-10-01,meat,99.2
64,Ningxia,West,2024-09-01,meat,100.9
64,Ningxia,West,2024-08-01,meat,103.1
64,Ningxia,West,2024-07-01,meat,100.6
64,Ningxia,West,2024-06-01,meat,101.6
64,Ningxia,West,2024-05-01,meat,98
64,Ningxia,West,2024-04-01,meat,96.8
64,Ningxia,West,2024-03-01,meat,96.9
64,Ningxia,West,2024-02-01,meat,100.7
64,Ningxia,West,2024-01-01,meat,98.4
64,Ningxia,West,2023-12-01,meat,98.7
64,Ningxia,West,2023-11-01,meat,99
64,Ningxia,West,2023-10-01,meat,99.5
64,Ningxia,West,2023-09-01,meat,100.9
64,Ningxia,West,2023-08-01,meat,103.6
64,Ningxia,West,2023-07-01,meat,98.6
64,Ningxia,West,2023-06-01,meat,96.5
64,Ningxia,West,2023-05-01,meat,97.9
64,Ningxia,West,2023-04-01,meat,98.2
64,Ningxia,West,2023-03-01,meat,99.3
64,Ningxia,West,2023-02-01,meat,98.6
64,Ningxia,West,2023-01-01,meat,95.3
64,Ningxia,West,2022-12-01,meat,96.5
64,Ningxia,West,2022-11-01,meat,99.2
64,Ningxia,West,2022-10-01,meat,105.5
64,Ningxia,West,2022-09-01,meat,101.8
64,Ningxia,West,2022-08-01,meat,101.5
64,Ningxia,West,2022-07-01,meat,106.2
64,Ningxia,West,2022-06-01,meat,99.2
64,Ningxia,West,2022-05-01,meat,100.2
64,Ningxia,West,2022-04-01,meat,98.7
64,Ningxia,West,2022-03-01,meat,97.6
64,Ningxia,West,2022-02-01,meat,99
64,Ningxia,West,2022-01-01,meat,99
64,Ningxia,West,2021-12-01,meat,99.6
64,Ningxia,West,2021-11-01,meat,101.6
64,Ningxia,West,2021-10-01,meat,100.6
64,Ningxia,West,2021-09-01,meat,99.6
64,Ningxia,West,2021-08-01,meat,98.9
64,Ningxia,West,2021-07-01,meat,99.8
64,Ningxia,West,2021-06-01,meat,96.1
64,Ningxia,West,2021-05-01,meat,98.1
64,Ningxia,West,2021-04-01,meat,96.8
64,Ningxia,West,2021-03-01,meat,97.1
64,Ningxia,West,2021-02-01,meat,98.8
64,Ningxia,West,2021-01-01,meat,102.2
64,Ningxia,West,2020-12-01,meat,102
64,Ningxia,West,2020-11-01,meat,98.2
64,Ningxia,West,2020-10-01,meat,99.3
64,Ningxia,West,2020-09-01,meat,100.7
64,Ningxia,West,2020-08-01,meat,102
64,Ningxia,West,2020-07-01,meat,104.5
64,Ningxia,West,2020-06-01,meat,100
64,Ningxia,West,2020-05-01,meat,96.9
64,Ningxia,West,2020-04-01,meat,97.4
64,Ningxia,West,2020-03-01,meat,99.7
64,Ningxia,West,2020-02-01,meat,101.8
64,Ningxia,West,2020-01-01,meat,100.8
64,Ningxia,West,2019-12-01,meat,97.5
64,Ningxia,West,2019-11-01,meat,103.2
64,Ningxia,West,2019-10-01,meat,107.9
64,Ningxia,West,2019-09-01,meat,110.8
64,Ningxia,West,2019-08-01,meat,105.8
64,Ningxia,West,2019-07-01,meat,102.4
64,Ningxia,West,2019-06-01,meat,100.6
64,Ningxia,West,2019-05-01,meat,102.1
64,Ningxia,West,2019-04-01,meat,100.2
64,Ningxia,West,2019-03-01,meat,98.9
64,Ningxia,West,2019-02-01,meat,99.5
64,Ningxia,West,2019-01-01,meat,99.9
64,Ningxia,West,2018-12-01,meat,101
64,Ningxia,West,2018-11-01,meat,100.1
64,Ningxia,West,2018-10-01,meat,101.3
64,Ningxia,West,2018-09-01,meat,101.5
64,Ningxia,West,2018-08-01,meat,102.9
64,Ningxia,West,2018-07-01,meat,100.9
64,Ningxia,West,2018-06-01,meat,100.9
64,Ningxia,West,2018-05-01,meat,100.6
64,Ningxia,West,2018-04-01,meat,98.8
64,Ningxia,West,2018-03-01,meat,97.2
64,Ningxia,West,2018-02-01,meat,100.1
64,Ningxia,West,2018-01-01,meat,100.3
64,Ningxia,West,2017-12-01,meat,100.4
64,Ningxia,West,2017-11-01,meat,100.7
64,Ningxia,West,2017-10-01,meat,101.5
64,Ningxia,West,2017-09-01,meat,102.4
64,Ningxia,West,2017-08-01,meat,101.7
64,Ningxia,West,2017-07-01,meat,99.7
64,Ningxia,West,2017-06-01,meat,99.2
64,Ningxia,West,2017-05-01,meat,99.5
64,Ningxia,West,2017-04-01,meat,100.2
64,Ningxia,West,2017-03-01,meat,97.7
64,Ningxia,West,2017-02-01,meat,100.2
64,Ningxia,West,2017-01-01,meat,101.1
64,Ningxia,West,2016-12-01,meat,100.9
64,Ningxia,West,2016-11-01,meat,99.3
64,Ningxia,West,2016-10-01,meat,99.2
64,Ningxia,West,2016-09-01,meat,99.5
64,Ningxia,West,2016-08-01,meat,99.8
64,Ningxia,West,2016-07-01,meat,99.7
64,Ningxia,West,2016-06-01,meat,100.2
64,Ningxia,West,2016-05-01,meat,101.1
64,Ningxia,West,2016-04-01,meat,101.3
64,Ningxia,West,2016-03-01,meat,98.7
64,Ningxia,West,2016-02-01,meat,103.2
64,Ningxia,West,2016-01-01,meat,101.3
63,Qinghai,West,2025-12-01,meat,99.4
63,Qinghai,West,2025-11-01,meat,99.5
63,Qinghai,West,2025-10-01,meat,100
63,Qinghai,West,2025-09-01,meat,99.7
63,Qinghai,West,2025-08-01,meat,100.3
63,Qinghai,West,2025-07-01,meat,101
63,Qinghai,West,2025-06-01,meat,100.1
63,Qinghai,West,2025-05-01,meat,100.2
63,Qinghai,West,2025-04-01,meat,101.1
63,Qinghai,West,2025-03-01,meat,99.2
63,Qinghai,West,2025-02-01,meat,99.7
63,Qinghai,West,2025-01-01,meat,100.7
63,Qinghai,West,2024-12-01,meat,100.1
63,Qinghai,West,2024-11-01,meat,98.1
63,Qinghai,West,2024-10-01,meat,97.9
63,Qinghai,West,2024-09-01,meat,99.6
63,Qinghai,West,2024-08-01,meat,101.2
63,Qinghai,West,2024-07-01,meat,99.6
63,Qinghai,West,2024-06-01,meat,102.2
63,Qinghai,West,2024-05-01,meat,97.9
63,Qinghai,West,2024-04-01,meat,99.1
63,Qinghai,West,2024-03-01,meat,98.5
63,Qinghai,West,2024-02-01,meat,102
63,Qinghai,West,2024-01-01,meat,99.6
63,Qinghai,West,2023-12-01,meat,99.5
63,Qinghai,West,2023-11-01,meat,97.8
63,Qinghai,West,2023-10-01,meat,97.7
63,Qinghai,West,2023-09-01,meat,98.8
63,Qinghai,West,2023-08-01,meat,102.7
63,Qinghai,West,2023-07-01,meat,99.1
63,Qinghai,West,2023-06-01,meat,97.5
63,Qinghai,West,2023-05-01,meat,98.4
63,Qinghai,West,2023-04-01,meat,98
63,Qinghai,West,2023-03-01,meat,99.9
63,Qinghai,West,2023-02-01,meat,96.7
63,Qinghai,West,2023-01-01,meat,95.4
63,Qinghai,West,2022-12-01,meat,95.3
63,Qinghai,West,2022-11-01,meat,102.1
63,Qinghai,West,2022-10-01,meat,102.4
63,Qinghai,West,2022-09-01,meat,102.3
63,Qinghai,West,2022-08-01,meat,99.9
63,Qinghai,West,2022-07-01,meat,105.6
63,Qinghai,West,2022-06-01,meat,100.5
63,Qinghai,West,2022-05-01,meat,102
63,Qinghai,West,2022-04-01,meat,99.7
63,Qinghai,West,2022-03-01,meat,97.7
63,Qinghai,West,2022-02-01,meat,99.4
63,Qinghai,West,2022-01-01,meat,100.1
63,Qinghai,West,2021-12-01,meat,101.1
63,Qinghai,West,2021-11-01,meat,103
63,Qinghai,West,2021-10-01,meat,99
63,Qinghai,West,2021-09-01,meat,97.8
63,Qinghai,West,2021-08-01,meat,99
63,Qinghai,West,2021-07-01,meat,98.8
63,Qinghai,West,2021-06-01,meat,93.9
63,Qinghai,West,2021-05-01,meat,96.1
63,Qinghai,West,2021-04-01,meat,97.1
63,Qinghai,West,2021-03-01,meat,98.5
63,Qinghai,West,2021-02-01,meat,98.8
63,Qinghai,West,2021-01-01,meat,102.5
63,Qinghai,West,2020-12-01,meat,102
63,Qinghai,West,2020-11-01,meat,97.8
63,Qinghai,West,2020-10-01,meat,97.8
63,Qinghai,West,2020-09-01,meat,99.5
63,Qinghai,West,2020-08-01,meat,101.8
63,Qinghai,West,2020-07-01,meat,103.8
63,Qinghai,West,2020-06-01,meat,102.1
63,Qinghai,West,2020-05-01,meat,98.3
63,Qinghai,West,2020-04-01,meat,98.5
63,Qinghai,West,2020-03-01,meat,98.5
63,Qinghai,West,2020-02-01,meat,103.4
63,Qinghai,West,2020-01-01,meat,102.1
63,Qinghai,West,2019-12-01,meat,96.3
63,Qinghai,West,2019-11-01,meat,105.6
63,Qinghai,West,2019-10-01,meat,112.4
63,Qinghai,West,2019-09-01,meat,103.9
63,Qinghai,West,2019-08-01,meat,106.6
63,Qinghai,West,2019-07-01,meat,103.4
63,Qinghai,West,2019-06-01,meat,103.1
63,Qinghai,West,2019-05-01,meat,99.9
63,Qinghai,West,2019-04-01,meat,100
63,Qinghai,West,2019-03-01,meat,98.4
63,Qinghai,West,2019-02-01,meat,97.8
63,Qinghai,West,2019-01-01,meat,99.9
63,Qinghai,West,2018-12-01,meat,102.5
63,Qinghai,West,2018-11-01,meat,102.5
63,Qinghai,West,2018-10-01,meat,101.2
63,Qinghai,West,2018-09-01,meat,100.8
63,Qinghai,West,2018-08-01,meat,103.1
63,Qinghai,West,2018-07-01,meat,100.6
63,Qinghai,West,2018-06-01,meat,101.4
63,Qinghai,West,2018-05-01,meat,98.3
63,Qinghai,West,2018-04-01,meat,98
63,Qinghai,West,2018-03-01,meat,98.6
63,Qinghai,West,2018-02-01,meat,102.2
63,Qinghai,West,2018-01-01,meat,100.7
63,Qinghai,West,2017-12-01,meat,101.9
63,Qinghai,West,2017-11-01,meat,101.8
63,Qinghai,West,2017-10-01,meat,100.6
63,Qinghai,West,2017-09-01,meat,100.4
63,Qinghai,West,2017-08-01,meat,101
63,Qinghai,West,2017-07-01,meat,99.2
63,Qinghai,West,2017-06-01,meat,100
63,Qinghai,West,2017-05-01,meat,100.2
63,Qinghai,West,2017-04-01,meat,100.4
63,Qinghai,West,2017-03-01,meat,98.1
63,Qinghai,West,2017-02-01,meat,99.5
63,Qinghai,West,2017-01-01,meat,101.9
63,Qinghai,West,2016-12-01,meat,101.6
63,Qinghai,West,2016-11-01,meat,100
63,Qinghai,West,2016-10-01,meat,98.6
63,Qinghai,West,2016-09-01,meat,98
63,Qinghai,West,2016-08-01,meat,98.3
63,Qinghai,West,2016-07-01,meat,98.9
63,Qinghai,West,2016-06-01,meat,100.3
63,Qinghai,West,2016-05-01,meat,101.6
63,Qinghai,West,2016-04-01,meat,101.5
63,Qinghai,West,2016-03-01,meat,98.5
63,Qinghai,West,2016-02-01,meat,106.5
63,Qinghai,West,2016-01-01,meat,101.7
61,Shaanxi,West,2025-12-01,meat,99.5
61,Shaanxi,West,2025-11-01,meat,98.7
61,Shaanxi,West,2025-10-01,meat,99.6
61,Shaanxi,West,2025-09-01,meat,100.2
61,Shaanxi,West,2025-08-01,meat,100.1
61,Shaanxi,West,2025-07-01,meat,100
61,Shaanxi,West,2025-06-01,meat,100.2
61,Shaanxi,West,2025-05-01,meat,100.1
61,Shaanxi,West,2025-04-01,meat,99.9
61,Shaanxi,West,2025-03-01,meat,98.3
61,Shaanxi,West,2025-02-01,meat,99.1
61,Shaanxi,West,2025-01-01,meat,99.5
61,Shaanxi,West,2024-12-01,meat,98.2
61,Shaanxi,West,2024-11-01,meat,97.8
61,Shaanxi,West,2024-10-01,meat,98.6
61,Shaanxi,West,2024-09-01,meat,99.9
61,Shaanxi,West,2024-08-01,meat,103.2
61,Shaanxi,West,2024-07-01,meat,100.6
61,Shaanxi,West,2024-06-01,meat,104.6
61,Shaanxi,West,2024-05-01,meat,100.1
61,Shaanxi,West,2024-04-01,meat,99.9
61,Shaanxi,West,2024-03-01,meat,95.4
61,Shaanxi,West,2024-02-01,meat,103.4
61,Shaanxi,West,2024-01-01,meat,99.4
61,Shaanxi,West,2023-12-01,meat,99.8
61,Shaanxi,West,2023-11-01,meat,97.8
61,Shaanxi,West,2023-10-01,meat,98.8
61,Shaanxi,West,2023-09-01,meat,100.1
61,Shaanxi,West,2023-08-01,meat,104.2
61,Shaanxi,West,2023-07-01,meat,98.8
61,Shaanxi,West,2023-06-01,meat,100
61,Shaanxi,West,2023-05-01,meat,99.3
61,Shaanxi,West,2023-04-01,meat,98.8
61,Shaanxi,West,2023-03-01,meat,98.3
61,Shaanxi,West,2023-02-01,meat,94.9
61,Shaanxi,West,2023-01-01,meat,93.8
61,Shaanxi,West,2022-12-01,meat,95.8
61,Shaanxi,West,2022-11-01,meat,98.3
61,Shaanxi,West,2022-10-01,meat,105.4
61,Shaanxi,West,2022-09-01,meat,102.5
61,Shaanxi,West,2022-08-01,meat,99.2
61,Shaanxi,West,2022-07-01,meat,112.7
61,Shaanxi,West,2022-06-01,meat,101.3
61,Shaanxi,West,2022-05-01,meat,102.7
61,Shaanxi,West,2022-04-01,meat,99.1
61,Shaanxi,West,2022-03-01,meat,95.9
61,Shaanxi,West,2022-02-01,meat,94.4
61,Shaanxi,West,2022-01-01,meat,101.8
61,Shaanxi,West,2021-12-01,meat,101.3
61,Shaanxi,West,2021-11-01,meat,104.2
61,Shaanxi,West,2021-10-01,meat,99.5
61,Shaanxi,West,2021-09-01,meat,98
61,Shaanxi,West,2021-08-01,meat,98.2
61,Shaanxi,West,2021-07-01,meat,100.2
61,Shaanxi,West,2021-06-01,meat,92.9
61,Shaanxi,West,2021-05-01,meat,94.8
61,Shaanxi,West,2021-04-01,meat,95
61,Shaanxi,West,2021-03-01,meat,94.6
61,Shaanxi,West,2021-02-01,meat,97.8
61,Shaanxi,West,2021-01-01,meat,103.6
61,Shaanxi,West,2020-12-01,meat,105.6
61,Shaanxi,West,2020-11-01,meat,95.3
61,Shaanxi,West,2020-10-01,meat,94.9
61,Shaanxi,West,2020-09-01,meat,99.2
61,Shaanxi,West,2020-08-01,meat,101.4
61,Shaanxi,West,2020-07-01,meat,107.4
61,Shaanxi,West,2020-06-01,meat,103.6
61,Shaanxi,West,2020-05-01,meat,93.8
61,Shaanxi,West,2020-04-01,meat,95.2
61,Shaanxi,West,2020-03-01,meat,95.2
61,Shaanxi,West,2020-02-01,meat,106.9
61,Shaanxi,West,2020-01-01,meat,106.1
61,Shaanxi,West,2019-12-01,meat,94.5
61,Shaanxi,West,2019-11-01,meat,103.6
61,Shaanxi,West,2019-10-01,meat,115.7
61,Shaanxi,West,2019-09-01,meat,114.5
61,Shaanxi,West,2019-08-01,meat,111.1
61,Shaanxi,West,2019-07-01,meat,105.5
61,Shaanxi,West,2019-06-01,meat,102.7
61,Shaanxi,West,2019-05-01,meat,100.3
61,Shaanxi,West,2019-04-01,meat,101.3
61,Shaanxi,West,2019-03-01,meat,100.6
61,Shaanxi,West,2019-02-01,meat,99.9
61,Shaanxi,West,2019-01-01,meat,101.3
61,Shaanxi,West,2018-12-01,meat,99.5
61,Shaanxi,West,2018-11-01,meat,99.9
61,Shaanxi,West,2018-10-01,meat,100.4
61,Shaanxi,West,2018-09-01,meat,102.7
61,Shaanxi,West,2018-08-01,meat,104.5
61,Shaanxi,West,2018-07-01,meat,102.3
61,Shaanxi,West,2018-06-01,meat,100.5
61,Shaanxi,West,2018-05-01,meat,98.2
61,Shaanxi,West,2018-04-01,meat,96.3
61,Shaanxi,West,2018-03-01,meat,94.7
61,Shaanxi,West,2018-02-01,meat,100.5
61,Shaanxi,West,2018-01-01,meat,101.6
61,Shaanxi,West,2017-12-01,meat,100.7
61,Shaanxi,West,2017-11-01,meat,99.6
61,Shaanxi,West,2017-10-01,meat,99.7
61,Shaanxi,West,2017-09-01,meat,101.5
61,Shaanxi,West,2017-08-01,meat,101.1
61,Shaanxi,West,2017-07-01,meat,99.7
61,Shaanxi,West,2017-06-01,meat,98
61,Shaanxi,West,2017-05-01,meat,97.7
61,Shaanxi,West,2017-04-01,meat,97.8
61,Shaanxi,West,2017-03-01,meat,97.8
61,Shaanxi,West,2017-02-01,meat,98.7
61,Shaanxi,West,2017-01-01,meat,102.8
61,Shaanxi,West,2016-12-01,meat,100.5
61,Shaanxi,West,2016-11-01,meat,98.4
61,Shaanxi,West,2016-10-01,meat,98
61,Shaanxi,West,2016-09-01,meat,99.9
61,Shaanxi,West,2016-08-01,meat,98.5
61,Shaanxi,West,2016-07-01,meat,97.9
61,Shaanxi,West,2016-06-01,meat,101.2
61,Shaanxi,West,2016-05-01,meat,101.3
61,Shaanxi,West,2016-04-01,meat,102
61,Shaanxi,West,2016-03-01,meat,97.4
61,Shaanxi,West,2016-02-01,meat,105.6
61,Shaanxi,West,2016-01-01,meat,102.1
37,Shandong,East,2025-12-01,meat,98.7
37,Shandong,East,2025-11-01,meat,98.2
37,Shandong,East,2025-10-01,meat,98.9
37,Shandong,East,2025-09-01,meat,99.7
37,Shandong,East,2025-08-01,meat,99.8
37,Shandong,East,2025-07-01,meat,100.5
37,Shandong,East,2025-06-01,meat,99.7
37,Shandong,East,2025-05-01,meat,100.1
37,Shandong,East,2025-04-01,meat,99.9
37,Shandong,East,2025-03-01,meat,97.9
37,Shandong,East,2025-02-01,meat,99
37,Shandong,East,2025-01-01,meat,100.1
37,Shandong,East,2024-12-01,meat,98.1
37,Shandong,East,2024-11-01,meat,97.5
37,Shandong,East,2024-10-01,meat,97.2
37,Shandong,East,2024-09-01,meat,100.3
37,Shandong,East,2024-08-01,meat,102.4
37,Shandong,East,2024-07-01,meat,100.5
37,Shandong,East,2024-06-01,meat,105.6
37,Shandong,East,2024-05-01,meat,99.7
37,Shandong,East,2024-04-01,meat,99.5
37,Shandong,East,2024-03-01,meat,96.7
37,Shandong,East,2024-02-01,meat,103.5
37,Shandong,East,2024-01-01,meat,100.3
37,Shandong,East,2023-12-01,meat,99.9
37,Shandong,East,2023-11-01,meat,97.5
37,Shandong,East,2023-10-01,meat,98.2
37,Shandong,East,2023-09-01,meat,100.6
37,Shandong,East,2023-08-01,meat,104.7
37,Shandong,East,2023-07-01,meat,98.9
37,Shandong,East,2023-06-01,meat,99.2
37,Shandong,East,2023-05-01,meat,98.7
37,Shandong,East,2023-04-01,meat,97.8
37,Shandong,East,2023-03-01,meat,98.4
37,Shandong,East,2023-02-01,meat,95.2
37,Shandong,East,2023-01-01,meat,93.7
37,Shandong,East,2022-12-01,meat,95.1
37,Shandong,East,2022-11-01,meat,100.4
37,Shandong,East,2022-10-01,meat,105.3
37,Shandong,East,2022-09-01,meat,102.2
37,Shandong,East,2022-08-01,meat,100
37,Shandong,East,2022-07-01,meat,113.4
37,Shandong,East,2022-06-01,meat,101.4
37,Shandong,East,2022-05-01,meat,102.4
37,Shandong,East,2022-04-01,meat,100.5
37,Shandong,East,2022-03-01,meat,95.9
37,Shandong,East,2022-02-01,meat,97.9
37,Shandong,East,2022-01-01,meat,99.7
37,Shandong,East,2021-12-01,meat,99.8
37,Shandong,East,2021-11-01,meat,104.9
37,Shandong,East,2021-10-01,meat,97.8
37,Shandong,East,2021-09-01,meat,96.1
37,Shandong,East,2021-08-01,meat,98.3
37,Shandong,East,2021-07-01,meat,98.8
37,Shandong,East,2021-06-01,meat,92.3
37,Shandong,East,2021-05-01,meat,95.4
37,Shandong,East,2021-04-01,meat,95.3
37,Shandong,East,2021-03-01,meat,94.5
37,Shandong,East,2021-02-01,meat,96.6
37,Shandong,East,2021-01-01,meat,103.9
37,Shandong,East,2020-12-01,meat,104.8
37,Shandong,East,2020-11-01,meat,95.7
37,Shandong,East,2020-10-01,meat,94.5
37,Shandong,East,2020-09-01,meat,99
37,Shandong,East,2020-08-01,meat,100.5
37,Shandong,East,2020-07-01,meat,108.2
37,Shandong,East,2020-06-01,meat,103.1
37,Shandong,East,2020-05-01,meat,94.3
37,Shandong,East,2020-04-01,meat,94.8
37,Shandong,East,2020-03-01,meat,97.6
37,Shandong,East,2020-02-01,meat,103.5
37,Shandong,East,2020-01-01,meat,104.9
37,Shandong,East,2019-12-01,meat,95.1
37,Shandong,East,2019-11-01,meat,106.4
37,Shandong,East,2019-10-01,meat,116.9
37,Shandong,East,2019-09-01,meat,118.8
37,Shandong,East,2019-08-01,meat,110.5
37,Shandong,East,2019-07-01,meat,105.6
37,Shandong,East,2019-06-01,meat,104.3
37,Shandong,East,2019-05-01,meat,99.8
37,Shandong,East,2019-04-01,meat,101.8
37,Shandong,East,2019-03-01,meat,104.2
37,Shandong,East,2019-02-01,meat,99.9
37,Shandong,East,2019-01-01,meat,101.3
37,Shandong,East,2018-12-01,meat,100.8
37,Shandong,East,2018-11-01,meat,99.3
37,Shandong,East,2018-10-01,meat,99.8
37,Shandong,East,2018-09-01,meat,101.6
37,Shandong,East,2018-08-01,meat,105
37,Shandong,East,2018-07-01,meat,102.7
37,Shandong,East,2018-06-01,meat,102.2
37,Shandong,East,2018-05-01,meat,98.4
37,Shandong,East,2018-04-01,meat,94.9
37,Shandong,East,2018-03-01,meat,93.1
37,Shandong,East,2018-02-01,meat,100.5
37,Shandong,East,2018-01-01,meat,101.2
37,Shandong,East,2017-12-01,meat,102.1
37,Shandong,East,2017-11-01,meat,99.8
37,Shandong,East,2017-10-01,meat,99.7
37,Shandong,East,2017-09-01,meat,100.8
37,Shandong,East,2017-08-01,meat,100.4
37,Shandong,East,2017-07-01,meat,100.4
37,Shandong,East,2017-06-01,meat,97.8
37,Shandong,East,2017-05-01,meat,97.8
37,Shandong,East,2017-04-01,meat,98.6
37,Shandong,East,2017-03-01,meat,96.8
37,Shandong,East,2017-02-01,meat,98.4
37,Shandong,East,2017-01-01,meat,104
37,Shandong,East,2016-12-01,meat,100.7
37,Shandong,East,2016-11-01,meat,98.4
37,Shandong,East,2016-10-01,meat,96.4
37,Shandong,East,2016-09-01,meat,99.3
37,Shandong,East,2016-08-01,meat,99.1
37,Shandong,East,2016-07-01,meat,97.7
37,Shandong,East,2016-06-01,meat,101
37,Shandong,East,2016-05-01,meat,102.8
37,Shandong,East,2016-04-01,meat,102.5
37,Shandong,East,2016-03-01,meat,99.4
37,Shandong,East,2016-02-01,meat,104.7
37,Shandong,East,2016-01-01,meat,102.8
31,Shanghai,East,2025-12-01,meat,99.6
31,Shanghai,East,2025-11-01,meat,99.5
31,Shanghai,East,2025-10-01,meat,99.9
31,Shanghai,East,2025-09-01,meat,99.5
31,Shanghai,East,2025-08-01,meat,98.8
31,Shanghai,East,2025-07-01,meat,100.2
31,Shanghai,East,2025-06-01,meat,99.9
31,Shanghai,East,2025-05-01,meat,99.8
31,Shanghai,East,2025-04-01,meat,100
31,Shanghai,East,2025-03-01,meat,99
31,Shanghai,East,2025-02-01,meat,99
31,Shanghai,East,2025-01-01,meat,100.8
31,Shanghai,East,2024-12-01,meat,98.3
31,Shanghai,East,2024-11-01,meat,99
31,Shanghai,East,2024-10-01,meat,98.6
31,Shanghai,East,2024-09-01,meat,100.1
31,Shanghai,East,2024-08-01,meat,101.6
31,Shanghai,East,2024-07-01,meat,100.7
31,Shanghai,East,2024-06-01,meat,104
31,Shanghai,East,2024-05-01,meat,100.4
31,Shanghai,East,2024-04-01,meat,98.7
31,Shanghai,East,2024-03-01,meat,98.6
31,Shanghai,East,2024-02-01,meat,102.2
31,Shanghai,East,2024-01-01,meat,100.2
31,Shanghai,East,2023-12-01,meat,99.7
31,Shanghai,East,2023-11-01,meat,98.6
31,Shanghai,East,2023-10-01,meat,99.3
31,Shanghai,East,2023-09-01,meat,100.2
31,Shanghai,East,2023-08-01,meat,103.6
31,Shanghai,East,2023-07-01,meat,100.9
31,Shanghai,East,2023-06-01,meat,100.4
31,Shanghai,East,2023-05-01,meat,98
31,Shanghai,East,2023-04-01,meat,98.8
31,Shanghai,East,2023-03-01,meat,97.4
31,Shanghai,East,2023-02-01,meat,93.7
31,Shanghai,East,2023-01-01,meat,97.7
31,Shanghai,East,2022-12-01,meat,97.3
31,Shanghai,East,2022-11-01,meat,99.5
31,Shanghai,East,2022-10-01,meat,104
31,Shanghai,East,2022-09-01,meat,101.7
31,Shanghai,East,2022-08-01,meat,98.7
31,Shanghai,East,2022-07-01,meat,106.7
31,Shanghai,East,2022-06-01,meat,88.2
31,Shanghai,East,2022-05-01,meat,101.9
31,Shanghai,East,2022-04-01,meat,115.1
31,Shanghai,East,2022-03-01,meat,99.3
31,Shanghai,East,2022-02-01,meat,98.7
31,Shanghai,East,2022-01-01,meat,99.5
31,Shanghai,East,2021-12-01,meat,100.8
31,Shanghai,East,2021-11-01,meat,102.2
31,Shanghai,East,2021-10-01,meat,96.8
31,Shanghai,East,2021-09-01,meat,98.5
31,Shanghai,East,2021-08-01,meat,100.1
31,Shanghai,East,2021-07-01,meat,98.2
31,Shanghai,East,2021-06-01,meat,93.9
31,Shanghai,East,2021-05-01,meat,95.9
31,Shanghai,East,2021-04-01,meat,96.1
31,Shanghai,East,2021-03-01,meat,95.6
31,Shanghai,East,2021-02-01,meat,99.4
31,Shanghai,East,2021-01-01,meat,101.5
31,Shanghai,East,2020-12-01,meat,101.5
31,Shanghai,East,2020-11-01,meat,97.1
31,Shanghai,East,2020-10-01,meat,98.2
31,Shanghai,East,2020-09-01,meat,99.7
31,Shanghai,East,2020-08-01,meat,101.1
31,Shanghai,East,2020-07-01,meat,104
31,Shanghai,East,2020-06-01,meat,100.3
31,Shanghai,East,2020-05-01,meat,96.1
31,Shanghai,East,2020-04-01,meat,98.4
31,Shanghai,East,2020-03-01,meat,98.8
31,Shanghai,East,2020-02-01,meat,102.8
31,Shanghai,East,2020-01-01,meat,101.8
31,Shanghai,East,2019-12-01,meat,99.2
31,Shanghai,East,2019-11-01,meat,107.1
31,Shanghai,East,2019-10-01,meat,111.8
31,Shanghai,East,2019-09-01,meat,111.5
31,Shanghai,East,2019-08-01,meat,108.1
31,Shanghai,East,2019-07-01,meat,102.6
31,Shanghai,East,2019-06-01,meat,100.8
31,Shanghai,East,2019-05-01,meat,100.3
31,Shanghai,East,2019-04-01,meat,100.3
31,Shanghai,East,2019-03-01,meat,100.7
31,Shanghai,East,2019-02-01,meat,100
31,Shanghai,East,2019-01-01,meat,100.6
31,Shanghai,East,2018-12-01,meat,100.5
31,Shanghai,East,2018-11-01,meat,99.7
31,Shanghai,East,2018-10-01,meat,100
31,Shanghai,East,2018-09-01,meat,102.4
31,Shanghai,East,2018-08-01,meat,101.2
31,Shanghai,East,2018-07-01,meat,100.3
31,Shanghai,East,2018-06-01,meat,100
31,Shanghai,East,2018-05-01,meat,99.5
31,Shanghai,East,2018-04-01,meat,98.2
31,Shanghai,East,2018-03-01,meat,98.2
31,Shanghai,East,2018-02-01,meat,100.7
31,Shanghai,East,2018-01-01,meat,99.8
31,Shanghai,East,2017-12-01,meat,100.4
31,Shanghai,East,2017-11-01,meat,100.3
31,Shanghai,East,2017-10-01,meat,101
31,Shanghai,East,2017-09-01,meat,99.9
31,Shanghai,East,2017-08-01,meat,100
31,Shanghai,East,2017-07-01,meat,99.7
31,Shanghai,East,2017-06-01,meat,99.2
31,Shanghai,East,2017-05-01,meat,99.4
31,Shanghai,East,2017-04-01,meat,99.4
31,Shanghai,East,2017-03-01,meat,99
31,Shanghai,East,2017-02-01,meat,99.6
31,Shanghai,East,2017-01-01,meat,101.3
31,Shanghai,East,2016-12-01,meat,100.2
31,Shanghai,East,2016-11-01,meat,99.4
31,Shanghai,East,2016-10-01,meat,99.3
31,Shanghai,East,2016-09-01,meat,99.9
31,Shanghai,East,2016-08-01,meat,100.2
31,Shanghai,East,2016-07-01,meat,100.2
31,Shanghai,East,2016-06-01,meat,101
31,Shanghai,East,2016-05-01,meat,100.6
31,Shanghai,East,2016-04-01,meat,101.4
31,Shanghai,East,2016-03-01,meat,100.1
31,Shanghai,East,2016-02-01,meat,102.3
31,Shanghai,East,2016-01-01,meat,100.5
14,Shanxi,North,2025-12-01,meat,99.1
14,Shanxi,North,2025-11-01,meat,99.3
14,Shanxi,North,2025-10-01,meat,98.7
14,Shanxi,North,2025-09-01,meat,99.7
14,Shanxi,North,2025-08-01,meat,99.7
14,Shanxi,North,2025-07-01,meat,100.1
14,Shanxi,North,2025-06-01,meat,99.7
14,Shanxi,North,2025-05-01,meat,99.9
14,Shanxi,North,2025-04-01,meat,100.1
14,Shanxi,North,2025-03-01,meat,98.3
14,Shanxi,North,2025-02-01,meat,99.6
14,Shanxi,North,2025-01-01,meat,100.6
14,Shanxi,North,2024-12-01,meat,98.4
14,Shanxi,North,2024-11-01,meat,98
14,Shanxi,North,2024-10-01,meat,97.7
14,Shanxi,North,2024-09-01,meat,100.2
14,Shanxi,North,2024-08-01,meat,103.1
14,Shanxi,North,2024-07-01,meat,100.9
14,Shanxi,North,2024-06-01,meat,104.8
14,Shanxi,North,2024-05-01,meat,100.2
14,Shanxi,North,2024-04-01,meat,99.9
14,Shanxi,North,2024-03-01,meat,96.6
14,Shanxi,North,2024-02-01,meat,102.9
14,Shanxi,North,2024-01-01,meat,100
14,Shanxi,North,2023-12-01,meat,99.7
14,Shanxi,North,2023-11-01,meat,97.7
14,Shanxi,North,2023-10-01,meat,99.1
14,Shanxi,North,2023-09-01,meat,100.2
14,Shanxi,North,2023-08-01,meat,104
14,Shanxi,North,2023-07-01,meat,99.4
14,Shanxi,North,2023-06-01,meat,98.7
14,Shanxi,North,2023-05-01,meat,99.5
14,Shanxi,North,2023-04-01,meat,98.6
14,Shanxi,North,2023-03-01,meat,98.6
14,Shanxi,North,2023-02-01,meat,95.8
14,Shanxi,North,2023-01-01,meat,93.7
14,Shanxi,North,2022-12-01,meat,95.2
14,Shanxi,North,2022-11-01,meat,100.6
14,Shanxi,North,2022-10-01,meat,105.1
14,Shanxi,North,2022-09-01,meat,102.3
14,Shanxi,North,2022-08-01,meat,99.9
14,Shanxi,North,2022-07-01,meat,111.6
14,Shanxi,North,2022-06-01,meat,101.5
14,Shanxi,North,2022-05-01,meat,102.7
14,Shanxi,North,2022-04-01,meat,101
14,Shanxi,North,2022-03-01,meat,96.2
14,Shanxi,North,2022-02-01,meat,97.4
14,Shanxi,North,2022-01-01,meat,99.2
14,Shanxi,North,2021-12-01,meat,100.8
14,Shanxi,North,2021-11-01,meat,104.1
14,Shanxi,North,2021-10-01,meat,98.5
14,Shanxi,North,2021-09-01,meat,97.6
14,Shanxi,North,2021-08-01,meat,98.5
14,Shanxi,North,2021-07-01,meat,99.9
14,Shanxi,North,2021-06-01,meat,92.7
14,Shanxi,North,2021-05-01,meat,94.7
14,Shanxi,North,2021-04-01,meat,94.6
14,Shanxi,North,2021-03-01,meat,94.1
14,Shanxi,North,2021-02-01,meat,95.6
14,Shanxi,North,2021-01-01,meat,105.5
14,Shanxi,North,2020-12-01,meat,106
14,Shanxi,North,2020-11-01,meat,96.2
14,Shanxi,North,2020-10-01,meat,94.4
14,Shanxi,North,2020-09-01,meat,98.8
14,Shanxi,North,2020-08-01,meat,101.3
14,Shanxi,North,2020-07-01,meat,107.1
14,Shanxi,North,2020-06-01,meat,103.4
14,Shanxi,North,2020-05-01,meat,94.4
14,Shanxi,North,2020-04-01,meat,94.6
14,Shanxi,North,2020-03-01,meat,98.4
14,Shanxi,North,2020-02-01,meat,103.3
14,Shanxi,North,2020-01-01,meat,105.2
14,Shanxi,North,2019-12-01,meat,95.5
14,Shanxi,North,2019-11-01,meat,105
14,Shanxi,North,2019-10-01,meat,117.2
14,Shanxi,North,2019-09-01,meat,114.5
14,Shanxi,North,2019-08-01,meat,109.1
14,Shanxi,North,2019-07-01,meat,105.1
14,Shanxi,North,2019-06-01,meat,104.2
14,Shanxi,North,2019-05-01,meat,100.4
14,Shanxi,North,2019-04-01,meat,101.6
14,Shanxi,North,2019-03-01,meat,104.1
14,Shanxi,North,2019-02-01,meat,102.3
14,Shanxi,North,2019-01-01,meat,99.4
14,Shanxi,North,2018-12-01,meat,99.7
14,Shanxi,North,2018-11-01,meat,97.3
14,Shanxi,North,2018-10-01,meat,99.5
14,Shanxi,North,2018-09-01,meat,102.1
14,Shanxi,North,2018-08-01,meat,104.2
14,Shanxi,North,2018-07-01,meat,101.5
14,Shanxi,North,2018-06-01,meat,101.7
14,Shanxi,North,2018-05-01,meat,97.8
14,Shanxi,North,2018-04-01,meat,94.3
14,Shanxi,North,2018-03-01,meat,95.3
14,Shanxi,North,2018-02-01,meat,100.5
14,Shanxi,North,2018-01-01,meat,101
14,Shanxi,North,2017-12-01,meat,101.2
14,Shanxi,North,2017-11-01,meat,100
14,Shanxi,North,2017-10-01,meat,100.4
14,Shanxi,North,2017-09-01,meat,101.6
14,Shanxi,North,2017-08-01,meat,100.9
14,Shanxi,North,2017-07-01,meat,100
14,Shanxi,North,2017-06-01,meat,97.6
14,Shanxi,North,2017-05-01,meat,97.3
14,Shanxi,North,2017-04-01,meat,98.7
14,Shanxi,North,2017-03-01,meat,97.1
14,Shanxi,North,2017-02-01,meat,99.4
14,Shanxi,North,2017-01-01,meat,102.6
14,Shanxi,North,2016-12-01,meat,100.7
14,Shanxi,North,2016-11-01,meat,98.8
14,Shanxi,North,2016-10-01,meat,97.7
14,Shanxi,North,2016-09-01,meat,100
14,Shanxi,North,2016-08-01,meat,99.1
14,Shanxi,North,2016-07-01,meat,98.9
14,Shanxi,North,2016-06-01,meat,101.4
14,Shanxi,North,2016-05-01,meat,100.9
14,Shanxi,North,2016-04-01,meat,102.3
14,Shanxi,North,2016-03-01,meat,98.5
14,Shanxi,North,2016-02-01,meat,104.8
14,Shanxi,North,2016-01-01,meat,102.6
51,Sichuan,West,2025-12-01,meat,99.1
51,Sichuan,West,2025-11-01,meat,98.9
51,Sichuan,West,2025-10-01,meat,99.3
51,Sichuan,West,2025-09-01,meat,99.8
51,Sichuan,West,2025-08-01,meat,100.1
51,Sichuan,West,2025-07-01,meat,100.4
51,Sichuan,West,2025-06-01,meat,98.8
51,Sichuan,West,2025-05-01,meat,99.1
51,Sichuan,West,2025-04-01,meat,98.8
51,Sichuan,West,2025-03-01,meat,96.9
51,Sichuan,West,2025-02-01,meat,98.5
51,Sichuan,West,2025-01-01,meat,100.3
51,Sichuan,West,2024-12-01,meat,97.7
51,Sichuan,West,2024-11-01,meat,96.7
51,Sichuan,West,2024-10-01,meat,98.6
51,Sichuan,West,2024-09-01,meat,100.8
51,Sichuan,West,2024-08-01,meat,106.2
51,Sichuan,West,2024-07-01,meat,101.6
51,Sichuan,West,2024-06-01,meat,105.1
51,Sichuan,West,2024-05-01,meat,100.1
51,Sichuan,West,2024-04-01,meat,99.7
51,Sichuan,West,2024-03-01,meat,94.8
51,Sichuan,West,2024-02-01,meat,103.7
51,Sichuan,West,2024-01-01,meat,98.7
51,Sichuan,West,2023-12-01,meat,98.7
51,Sichuan,West,2023-11-01,meat,98.5
51,Sichuan,West,2023-10-01,meat,99.4
51,Sichuan,West,2023-09-01,meat,100.3
51,Sichuan,West,2023-08-01,meat,107
51,Sichuan,West,2023-07-01,meat,99.8
51,Sichuan,West,2023-06-01,meat,99.1
51,Sichuan,West,2023-05-01,meat,99.2
51,Sichuan,West,2023-04-01,meat,98.2
51,Sichuan,West,2023-03-01,meat,96.8
51,Sichuan,West,2023-02-01,meat,91.9
51,Sichuan,West,2023-01-01,meat,92.7
51,Sichuan,West,2022-12-01,meat,94.6
51,Sichuan,West,2022-11-01,meat,98.9
51,Sichuan,West,2022-10-01,meat,103.1
51,Sichuan,West,2022-09-01,meat,106.7
51,Sichuan,West,2022-08-01,meat,102.9
51,Sichuan,West,2022-07-01,meat,115
51,Sichuan,West,2022-06-01,meat,101.9
51,Sichuan,West,2022-05-01,meat,102.7
51,Sichuan,West,2022-04-01,meat,99.7
51,Sichuan,West,2022-03-01,meat,92.9
51,Sichuan,West,2022-02-01,meat,98.2
51,Sichuan,West,2022-01-01,meat,97
51,Sichuan,West,2021-12-01,meat,99
51,Sichuan,West,2021-11-01,meat,108.6
51,Sichuan,West,2021-10-01,meat,100.9
51,Sichuan,West,2021-09-01,meat,98.8
51,Sichuan,West,2021-08-01,meat,99.5
51,Sichuan,West,2021-07-01,meat,98.2
51,Sichuan,West,2021-06-01,meat,90.4
51,Sichuan,West,2021-05-01,meat,91.6
51,Sichuan,West,2021-04-01,meat,92.9
51,Sichuan,West,2021-03-01,meat,92.4
51,Sichuan,West,2021-02-01,meat,98.1
51,Sichuan,West,2021-01-01,meat,102.4
51,Sichuan,West,2020-12-01,meat,105.4
51,Sichuan,West,2020-11-01,meat,95.6
51,Sichuan,West,2020-10-01,meat,94.1
51,Sichuan,West,2020-09-01,meat,98.6
51,Sichuan,West,2020-08-01,meat,103.9
51,Sichuan,West,2020-07-01,meat,107.8
51,Sichuan,West,2020-06-01,meat,103.7
51,Sichuan,West,2020-05-01,meat,93.3
51,Sichuan,West,2020-04-01,meat,93.8
51,Sichuan,West,2020-03-01,meat,90
51,Sichuan,West,2020-02-01,meat,110.1
51,Sichuan,West,2020-01-01,meat,104.2
51,Sichuan,West,2019-12-01,meat,99.3
51,Sichuan,West,2019-11-01,meat,101.4
51,Sichuan,West,2019-10-01,meat,113.4
51,Sichuan,West,2019-09-01,meat,121.5
51,Sichuan,West,2019-08-01,meat,127.7
51,Sichuan,West,2019-07-01,meat,101.3
51,Sichuan,West,2019-06-01,meat,99
51,Sichuan,West,2019-05-01,meat,100
51,Sichuan,West,2019-04-01,meat,99.2
51,Sichuan,West,2019-03-01,meat,96.6
51,Sichuan,West,2019-02-01,meat,96
51,Sichuan,West,2019-01-01,meat,100.9
51,Sichuan,West,2018-12-01,meat,106.9
51,Sichuan,West,2018-11-01,meat,104.1
51,Sichuan,West,2018-10-01,meat,102.7
51,Sichuan,West,2018-09-01,meat,103.5
51,Sichuan,West,2018-08-01,meat,106.2
51,Sichuan,West,2018-07-01,meat,102.8
51,Sichuan,West,2018-06-01,meat,100.2
51,Sichuan,West,2018-05-01,meat,96.8
51,Sichuan,West,2018-04-01,meat,94.4
51,Sichuan,West,2018-03-01,meat,93.3
51,Sichuan,West,2018-02-01,meat,101.7
51,Sichuan,West,2018-01-01,meat,99.9
51,Sichuan,West,2017-12-01,meat,100.7
51,Sichuan,West,2017-11-01,meat,99.7
51,Sichuan,West,2017-10-01,meat,100.1
51,Sichuan,West,2017-09-01,meat,103.2
51,Sichuan,West,2017-08-01,meat,102.7
51,Sichuan,West,2017-07-01,meat,98.3
51,Sichuan,West,2017-06-01,meat,96.4
51,Sichuan,West,2017-05-01,meat,97
51,Sichuan,West,2017-04-01,meat,97.9
51,Sichuan,West,2017-03-01,meat,97
51,Sichuan,West,2017-02-01,meat,98.4
51,Sichuan,West,2017-01-01,meat,101.8
51,Sichuan,West,2016-12-01,meat,101.2
51,Sichuan,West,2016-11-01,meat,98
51,Sichuan,West,2016-10-01,meat,98.5
51,Sichuan,West,2016-09-01,meat,100.4
51,Sichuan,West,2016-08-01,meat,99.2
51,Sichuan,West,2016-07-01,meat,98.4
51,Sichuan,West,2016-06-01,meat,100.6
51,Sichuan,West,2016-05-01,meat,101.5
51,Sichuan,West,2016-04-01,meat,101.1
51,Sichuan,West,2016-03-01,meat,98.5
51,Sichuan,West,2016-02-01,meat,105.6
51,Sichuan,West,2016-01-01,meat,102.9
12,Tianjin,North,2025-12-01,meat,99.1
12,Tianjin,North,2025-11-01,meat,99.7
12,Tianjin,North,2025-10-01,meat,99.5
12,Tianjin,North,2025-09-01,meat,100.3
12,Tianjin,North,2025-08-01,meat,99.9
12,Tianjin,North,2025-07-01,meat,99.8
12,Tianjin,North,2025-06-01,meat,100.1
12,Tianjin,North,2025-05-01,meat,100.7
12,Tianjin,North,2025-04-01,meat,100.3
12,Tianjin,North,2025-03-01,meat,98.2
12,Tianjin,North,2025-02-01,meat,99.4
12,Tianjin,North,2025-01-01,meat,100.5
12,Tianjin,North,2024-12-01,meat,99.5
12,Tianjin,North,2024-11-01,meat,98.8
12,Tianjin,North,2024-10-01,meat,97.9
12,Tianjin,North,2024-09-01,meat,100.3
12,Tianjin,North,2024-08-01,meat,101.5
12,Tianjin,North,2024-07-01,meat,100.4
12,Tianjin,North,2024-06-01,meat,103.4
12,Tianjin,North,2024-05-01,meat,100.4
12,Tianjin,North,2024-04-01,meat,99.4
12,Tianjin,North,2024-03-01,meat,96.3
12,Tianjin,North,2024-02-01,meat,102.9
12,Tianjin,North,2024-01-01,meat,99.2
12,Tianjin,North,2023-12-01,meat,100.6
12,Tianjin,North,2023-11-01,meat,98.2
12,Tianjin,North,2023-10-01,meat,100.3
12,Tianjin,North,2023-09-01,meat,99.5
12,Tianjin,North,2023-08-01,meat,103.4
12,Tianjin,North,2023-07-01,meat,99.3
12,Tianjin,North,2023-06-01,meat,98.6
12,Tianjin,North,2023-05-01,meat,98.7
12,Tianjin,North,2023-04-01,meat,98.3
12,Tianjin,North,2023-03-01,meat,98.5
12,Tianjin,North,2023-02-01,meat,95.5
12,Tianjin,North,2023-01-01,meat,95.7
12,Tianjin,North,2022-12-01,meat,97.6
12,Tianjin,North,2022-11-01,meat,99.3
12,Tianjin,North,2022-10-01,meat,103.3
12,Tianjin,North,2022-09-01,meat,102
12,Tianjin,North,2022-08-01,meat,99.4
12,Tianjin,North,2022-07-01,meat,109.5
12,Tianjin,North,2022-06-01,meat,100.6
12,Tianjin,North,2022-05-01,meat,102.3
12,Tianjin,North,2022-04-01,meat,99.3
12,Tianjin,North,2022-03-01,meat,96.7
12,Tianjin,North,2022-02-01,meat,98.5
12,Tianjin,North,2022-01-01,meat,100.7
12,Tianjin,North,2021-12-01,meat,101.6
12,Tianjin,North,2021-11-01,meat,103.8
12,Tianjin,North,2021-10-01,meat,98.9
12,Tianjin,North,2021-09-01,meat,98.1
12,Tianjin,North,2021-08-01,meat,98.4
12,Tianjin,North,2021-07-01,meat,97.8
12,Tianjin,North,2021-06-01,meat,93.2
12,Tianjin,North,2021-05-01,meat,96.8
12,Tianjin,North,2021-04-01,meat,96
12,Tianjin,North,2021-03-01,meat,95.4
12,Tianjin,North,2021-02-01,meat,99
12,Tianjin,North,2021-01-01,meat,104.9
12,Tianjin,North,2020-12-01,meat,104.6
12,Tianjin,North,2020-11-01,meat,96.5
12,Tianjin,North,2020-10-01,meat,94.6
12,Tianjin,North,2020-09-01,meat,99.1
12,Tianjin,North,2020-08-01,meat,100.5
12,Tianjin,North,2020-07-01,meat,106.7
12,Tianjin,North,2020-06-01,meat,101.5
12,Tianjin,North,2020-05-01,meat,95.6
12,Tianjin,North,2020-04-01,meat,96.2
12,Tianjin,North,2020-03-01,meat,99.2
12,Tianjin,North,2020-02-01,meat,103
12,Tianjin,North,2020-01-01,meat,103.8
12,Tianjin,North,2019-12-01,meat,96.2
12,Tianjin,North,2019-11-01,meat,106.8
12,Tianjin,North,2019-10-01,meat,112.1
12,Tianjin,North,2019-09-01,meat,111.7
12,Tianjin,North,2019-08-01,meat,108.2
12,Tianjin,North,2019-07-01,meat,104.2
12,Tianjin,North,2019-06-01,meat,103.9
12,Tianjin,North,2019-05-01,meat,100
12,Tianjin,North,2019-04-01,meat,100.8
12,Tianjin,North,2019-03-01,meat,100.1
12,Tianjin,North,2019-02-01,meat,100.3
12,Tianjin,North,2019-01-01,meat,100.6
12,Tianjin,North,2018-12-01,meat,100.8
12,Tianjin,North,2018-11-01,meat,101
12,Tianjin,North,2018-10-01,meat,101.1
12,Tianjin,North,2018-09-01,meat,101.1
12,Tianjin,North,2018-08-01,meat,102.1
12,Tianjin,North,2018-07-01,meat,100.8
12,Tianjin,North,2018-06-01,meat,101.1
12,Tianjin,North,2018-05-01,meat,99.4
12,Tianjin,North,2018-04-01,meat,96.4
12,Tianjin,North,2018-03-01,meat,97.1
12,Tianjin,North,2018-02-01,meat,101
12,Tianjin,North,2018-01-01,meat,100.7
12,Tianjin,North,2017-12-01,meat,100.2
12,Tianjin,North,2017-11-01,meat,100.2
12,Tianjin,North,2017-10-01,meat,100.7
12,Tianjin,North,2017-09-01,meat,101.2
12,Tianjin,North,2017-08-01,meat,100.4
12,Tianjin,North,2017-07-01,meat,99.7
12,Tianjin,North,2017-06-01,meat,99.3
12,Tianjin,North,2017-05-01,meat,98.9
12,Tianjin,North,2017-04-01,meat,99.4
12,Tianjin,North,2017-03-01,meat,98.3
12,Tianjin,North,2017-02-01,meat,99.5
12,Tianjin,North,2017-01-01,meat,102.1
12,Tianjin,North,2016-12-01,meat,101.2
12,Tianjin,North,2016-11-01,meat,99.6
12,Tianjin,North,2016-10-01,meat,98.7
12,Tianjin,North,2016-09-01,meat,99.8
12,Tianjin,North,2016-08-01,meat,99.2
12,Tianjin,North,2016-07-01,meat,98.9
12,Tianjin,North,2016-06-01,meat,101.1
12,Tianjin,North,2016-05-01,meat,100.9
12,Tianjin,North,2016-04-01,meat,102.2
12,Tianjin,North,2016-03-01,meat,99
12,Tianjin,North,2016-02-01,meat,102.5
12,Tianjin,North,2016-01-01,meat,100.9
54,Tibet,West,2025-12-01,meat,99.4
54,Tibet,West,2025-11-01,meat,99.9
54,Tibet,West,2025-10-01,meat,99.8
54,Tibet,West,2025-09-01,meat,99.3
54,Tibet,West,2025-08-01,meat,99.6
54,Tibet,West,2025-07-01,meat,100
54,Tibet,West,2025-06-01,meat,99.9
54,Tibet,West,2025-05-01,meat,100.8
54,Tibet,West,2025-04-01,meat,100.4
54,Tibet,West,2025-03-01,meat,100
54,Tibet,West,2025-02-01,meat,99.7
54,Tibet,West,2025-01-01,meat,100.2
54,Tibet,West,2024-12-01,meat,101.1
54,Tibet,West,2024-11-01,meat,99.9
54,Tibet,West,2024-10-01,meat,99.4
54,Tibet,West,2024-09-01,meat,98.5
54,Tibet,West,2024-08-01,meat,100.4
54,Tibet,West,2024-07-01,meat,100
54,Tibet,West,2024-06-01,meat,100.3
54,Tibet,West,2024-05-01,meat,99.8
54,Tibet,West,2024-04-01,meat,99.6
54,Tibet,West,2024-03-01,meat,99.5
54,Tibet,West,2024-02-01,meat,100.2
54,Tibet,West,2024-01-01,meat,99.8
54,Tibet,West,2023-12-01,meat,99.1
54,Tibet,West,2023-11-01,meat,99.3
54,Tibet,West,2023-10-01,meat,99.8
54,Tibet,West,2023-09-01,meat,100.1
54,Tibet,West,2023-08-01,meat,101.2
54,Tibet,West,2023-07-01,meat,99.6
54,Tibet,West,2023-06-01,meat,99.4
54,Tibet,West,2023-05-01,meat,99.3
54,Tibet,West,2023-04-01,meat,97.8
54,Tibet,West,2023-03-01,meat,97.8
54,Tibet,West,2023-02-01,meat,98.5
54,Tibet,West,2023-01-01,meat,98.9
54,Tibet,West,2022-12-01,meat,99.2
54,Tibet,West,2022-11-01,meat,102.3
54,Tibet,West,2022-10-01,meat,101.7
54,Tibet,West,2022-09-01,meat,101
54,Tibet,West,2022-08-01,meat,100.4
54,Tibet,West,2022-07-01,meat,102.4
54,Tibet,West,2022-06-01,meat,100.6
54,Tibet,West,2022-05-01,meat,100.8
54,Tibet,West,2022-04-01,meat,99.1
54,Tibet,West,2022-03-01,meat,99.2
54,Tibet,West,2022-02-01,meat,99.7
54,Tibet,West,2022-01-01,meat,100.9
54,Tibet,West,2021-12-01,meat,100.2
54,Tibet,West,2021-11-01,meat,100.6
54,Tibet,West,2021-10-01,meat,99.3
54,Tibet,West,2021-09-01,meat,99.6
54,Tibet,West,2021-08-01,meat,100.2
54,Tibet,West,2021-07-01,meat,98
54,Tibet,West,2021-06-01,meat,97.9
54,Tibet,West,2021-05-01,meat,97.3
54,Tibet,West,2021-04-01,meat,98.2
54,Tibet,West,2021-03-01,meat,98.1
54,Tibet,West,2021-02-01,meat,101.9
54,Tibet,West,2021-01-01,meat,102
54,Tibet,West,2020-12-01,meat,103.6
54,Tibet,West,2020-11-01,meat,99.2
54,Tibet,West,2020-10-01,meat,99.1
54,Tibet,West,2020-09-01,meat,100
54,Tibet,West,2020-08-01,meat,101.1
54,Tibet,West,2020-07-01,meat,103.3
54,Tibet,West,2020-06-01,meat,101
54,Tibet,West,2020-05-01,meat,98
54,Tibet,West,2020-04-01,meat,98
54,Tibet,West,2020-03-01,meat,98.6
54,Tibet,West,2020-02-01,meat,103.7
54,Tibet,West,2020-01-01,meat,100.9
54,Tibet,West,2019-12-01,meat,98.8
54,Tibet,West,2019-11-01,meat,107
54,Tibet,West,2019-10-01,meat,107.2
54,Tibet,West,2019-09-01,meat,106.5
54,Tibet,West,2019-08-01,meat,102.2
54,Tibet,West,2019-07-01,meat,100.1
54,Tibet,West,2019-06-01,meat,100.1
54,Tibet,West,2019-05-01,meat,99.4
54,Tibet,West,2019-04-01,meat,99.6
54,Tibet,West,2019-03-01,meat,96.7
54,Tibet,West,2019-02-01,meat,100.9
54,Tibet,West,2019-01-01,meat,102.1
54,Tibet,West,2018-12-01,meat,101.2
54,Tibet,West,2018-11-01,meat,100.3
54,Tibet,West,2018-10-01,meat,100.2
54,Tibet,West,2018-09-01,meat,99.2
54,Tibet,West,2018-08-01,meat,100.1
54,Tibet,West,2018-07-01,meat,100.2
54,Tibet,West,2018-06-01,meat,100.1
54,Tibet,West,2018-05-01,meat,99.5
54,Tibet,West,2018-04-01,meat,99.3
54,Tibet,West,2018-03-01,meat,98.1
54,Tibet,West,2018-02-01,meat,102.2
54,Tibet,West,2018-01-01,meat,100.4
54,Tibet,West,2017-12-01,meat,100.1
54,Tibet,West,2017-11-01,meat,100.6
54,Tibet,West,2017-10-01,meat,100.3
54,Tibet,West,2017-09-01,meat,100.3
54,Tibet,West,2017-08-01,meat,99.6
54,Tibet,West,2017-07-01,meat,99.9
54,Tibet,West,2017-06-01,meat,99.3
54,Tibet,West,2017-05-01,meat,99.1
54,Tibet,West,2017-04-01,meat,99.7
54,Tibet,West,2017-03-01,meat,100
54,Tibet,West,2017-02-01,meat,100.2
54,Tibet,West,2017-01-01,meat,100.4
54,Tibet,West,2016-12-01,meat,100.9
54,Tibet,West,2016-11-01,meat,99.7
54,Tibet,West,2016-10-01,meat,100.3
54,Tibet,West,2016-09-01,meat,100
54,Tibet,West,2016-08-01,meat,99
54,Tibet,West,2016-07-01,meat,99.9
54,Tibet,West,2016-06-01,meat,100.3
54,Tibet,West,2016-05-01,meat,100.2
54,Tibet,West,2016-04-01,meat,101.7
54,Tibet,West,2016-03-01,meat,101.2
54,Tibet,West,2016-02-01,meat,101
54,Tibet,West,2016-01-01,meat,100.6
65,Xinjiang,West,2025-12-01,meat,99.4
65,Xinjiang,West,2025-11-01,meat,99.8
65,Xinjiang,West,2025-10-01,meat,101
65,Xinjiang,West,2025-09-01,meat,100.6
65,Xinjiang,West,2025-08-01,meat,100.3
65,Xinjiang,West,2025-07-01,meat,99.7
65,Xinjiang,West,2025-06-01,meat,99.7
65,Xinjiang,West,2025-05-01,meat,101.1
65,Xinjiang,West,2025-04-01,meat,103.5
65,Xinjiang,West,2025-03-01,meat,100.3
65,Xinjiang,West,2025-02-01,meat,100
65,Xinjiang,West,2025-01-01,meat,100.3
65,Xinjiang,West,2024-12-01,meat,98.8
65,Xinjiang,West,2024-11-01,meat,99.5
65,Xinjiang,West,2024-10-01,meat,98.3
65,Xinjiang,West,2024-09-01,meat,100.2
65,Xinjiang,West,2024-08-01,meat,101.2
65,Xinjiang,West,2024-07-01,meat,99.3
65,Xinjiang,West,2024-06-01,meat,101.3
65,Xinjiang,West,2024-05-01,meat,98.1
65,Xinjiang,West,2024-04-01,meat,98.7
65,Xinjiang,West,2024-03-01,meat,98
65,Xinjiang,West,2024-02-01,meat,101.2
65,Xinjiang,West,2024-01-01,meat,98.6
65,Xinjiang,West,2023-12-01,meat,99.5
65,Xinjiang,West,2023-11-01,meat,98.8
65,Xinjiang,West,2023-10-01,meat,98.1
65,Xinjiang,West,2023-09-01,meat,100.8
65,Xinjiang,West,2023-08-01,meat,101.5
65,Xinjiang,West,2023-07-01,meat,97.7
65,Xinjiang,West,2023-06-01,meat,96.2
65,Xinjiang,West,2023-05-01,meat,98.9
65,Xinjiang,West,2023-04-01,meat,98.8
65,Xinjiang,West,2023-03-01,meat,99.6
65,Xinjiang,West,2023-02-01,meat,98.6
65,Xinjiang,West,2023-01-01,meat,95.5
65,Xinjiang,West,2022-12-01,meat,95.9
65,Xinjiang,West,2022-11-01,meat,100.4
65,Xinjiang,West,2022-10-01,meat,104.3
65,Xinjiang,West,2022-09-01,meat,101.6
65,Xinjiang,West,2022-08-01,meat,101.2
65,Xinjiang,West,2022-07-01,meat,105.2
65,Xinjiang,West,2022-06-01,meat,99
65,Xinjiang,West,2022-05-01,meat,99.4
65,Xinjiang,West,2022-04-01,meat,99.9
65,Xinjiang,West,2022-03-01,meat,98
65,Xinjiang,West,2022-02-01,meat,98.6
65,Xinjiang,West,2022-01-01,meat,98.8
65,Xinjiang,West,2021-12-01,meat,100.1
65,Xinjiang,West,2021-11-01,meat,101.4
65,Xinjiang,West,2021-10-01,meat,100.4
65,Xinjiang,West,2021-09-01,meat,98.4
65,Xinjiang,West,2021-08-01,meat,98.6
65,Xinjiang,West,2021-07-01,meat,97.7
65,Xinjiang,West,2021-06-01,meat,95.8
65,Xinjiang,West,2021-05-01,meat,97.4
65,Xinjiang,West,2021-04-01,meat,97.7
65,Xinjiang,West,2021-03-01,meat,99.1
65,Xinjiang,West,2021-02-01,meat,100.3
65,Xinjiang,West,2021-01-01,meat,102.4
65,Xinjiang,West,2020-12-01,meat,102.9
65,Xinjiang,West,2020-11-01,meat,98.6
65,Xinjiang,West,2020-10-01,meat,97.3
65,Xinjiang,West,2020-09-01,meat,98
65,Xinjiang,West,2020-08-01,meat,102
65,Xinjiang,West,2020-07-01,meat,106.3
65,Xinjiang,West,2020-06-01,meat,102.3
65,Xinjiang,West,2020-05-01,meat,97.9
65,Xinjiang,West,2020-04-01,meat,98.5
65,Xinjiang,West,2020-03-01,meat,98.4
65,Xinjiang,West,2020-02-01,meat,102.2
65,Xinjiang,West,2020-01-01,meat,102.7
65,Xinjiang,West,2019-12-01,meat,98.2
65,Xinjiang,West,2019-11-01,meat,102.5
65,Xinjiang,West,2019-10-01,meat,106.4
65,Xinjiang,West,2019-09-01,meat,105.4
65,Xinjiang,West,2019-08-01,meat,104.8
65,Xinjiang,West,2019-07-01,meat,102
65,Xinjiang,West,2019-06-01,meat,100.3
65,Xinjiang,West,2019-05-01,meat,100.5
65,Xinjiang,West,2019-04-01,meat,100.8
65,Xinjiang,West,2019-03-01,meat,99.3
65,Xinjiang,West,2019-02-01,meat,101
65,Xinjiang,West,2019-01-01,meat,100.6
65,Xinjiang,West,2018-12-01,meat,100.5
65,Xinjiang,West,2018-11-01,meat,101.1
65,Xinjiang,West,2018-10-01,meat,100.4
65,Xinjiang,West,2018-09-01,meat,101.5
65,Xinjiang,West,2018-08-01,meat,102.1
65,Xinjiang,West,2018-07-01,meat,100.7
65,Xinjiang,West,2018-06-01,meat,99.9
65,Xinjiang,West,2018-05-01,meat,99.4
65,Xinjiang,West,2018-04-01,meat,99.1
65,Xinjiang,West,2018-03-01,meat,99.4
65,Xinjiang,West,2018-02-01,meat,101.5
65,Xinjiang,West,2018-01-01,meat,101.4
65,Xinjiang,West,2017-12-01,meat,101
65,Xinjiang,West,2017-11-01,meat,100.2
65,Xinjiang,West,2017-10-01,meat,103
65,Xinjiang,West,2017-09-01,meat,101.7
65,Xinjiang,West,2017-08-01,meat,99.6
65,Xinjiang,West,2017-07-01,meat,98.8
65,Xinjiang,West,2017-06-01,meat,99.2
65,Xinjiang,West,2017-05-01,meat,100.8
65,Xinjiang,West,2017-04-01,meat,100.3
65,Xinjiang,West,2017-03-01,meat,99.3
65,Xinjiang,West,2017-02-01,meat,101.4
65,Xinjiang,West,2017-01-01,meat,102.8
65,Xinjiang,West,2016-12-01,meat,101.5
65,Xinjiang,West,2016-11-01,meat,100
65,Xinjiang,West,2016-10-01,meat,98.2
65,Xinjiang,West,2016-09-01,meat,99.2
65,Xinjiang,West,2016-08-01,meat,98.9
65,Xinjiang,West,2016-07-01,meat,98.7
65,Xinjiang,West,2016-06-01,meat,99.6
65,Xinjiang,West,2016-05-01,meat,101
65,Xinjiang,West,2016-04-01,meat,100.9
65,Xinjiang,West,2016-03-01,meat,100.5
65,Xinjiang,West,2016-02-01,meat,103.9
65,Xinjiang,West,2016-01-01,meat,100.4
53,Yunnan,West,2025-12-01,meat,99.8
53,Yunnan,West,2025-11-01,meat,99.5
53,Yunnan,West,2025-10-01,meat,98.8
53,Yunnan,West,2025-09-01,meat,99.5
53,Yunnan,West,2025-08-01,meat,99.4
53,Yunnan,West,2025-07-01,meat,99.9
53,Yunnan,West,2025-06-01,meat,99.5
53,Yunnan,West,2025-05-01,meat,99.3
53,Yunnan,West,2025-04-01,meat,98.9
53,Yunnan,West,2025-03-01,meat,97.7
53,Yunnan,West,2025-02-01,meat,98.8
53,Yunnan,West,2025-01-01,meat,100.5
53,Yunnan,West,2024-12-01,meat,98.4
53,Yunnan,West,2024-11-01,meat,99.1
53,Yunnan,West,2024-10-01,meat,98.6
53,Yunnan,West,2024-09-01,meat,100.1
53,Yunnan,West,2024-08-01,meat,105.1
53,Yunnan,West,2024-07-01,meat,101.7
53,Yunnan,West,2024-06-01,meat,102.8
53,Yunnan,West,2024-05-01,meat,99
53,Yunnan,West,2024-04-01,meat,99.8
53,Yunnan,West,2024-03-01,meat,97.9
53,Yunnan,West,2024-02-01,meat,100.5
53,Yunnan,West,2024-01-01,meat,98.6
53,Yunnan,West,2023-12-01,meat,99.8
53,Yunnan,West,2023-11-01,meat,99.5
53,Yunnan,West,2023-10-01,meat,99.5
53,Yunnan,West,2023-09-01,meat,99.9
53,Yunnan,West,2023-08-01,meat,103.6
53,Yunnan,West,2023-07-01,meat,99.2
53,Yunnan,West,2023-06-01,meat,98.9
53,Yunnan,West,2023-05-01,meat,98.6
53,Yunnan,West,2023-04-01,meat,98.2
53,Yunnan,West,2023-03-01,meat,98.1
53,Yunnan,West,2023-02-01,meat,92.2
53,Yunnan,West,2023-01-01,meat,94.4
53,Yunnan,West,2022-12-01,meat,96
53,Yunnan,West,2022-11-01,meat,101.1
53,Yunnan,West,2022-10-01,meat,107.7
53,Yunnan,West,2022-09-01,meat,104.9
53,Yunnan,West,2022-08-01,meat,101.9
53,Yunnan,West,2022-07-01,meat,110.1
53,Yunnan,West,2022-06-01,meat,101.4
53,Yunnan,West,2022-05-01,meat,101.2
53,Yunnan,West,2022-04-01,meat,98.4
53,Yunnan,West,2022-03-01,meat,95.3
53,Yunnan,West,2022-02-01,meat,98.3
53,Yunnan,West,2022-01-01,meat,97.9
53,Yunnan,West,2021-12-01,meat,101.6
53,Yunnan,West,2021-11-01,meat,108.4
53,Yunnan,West,2021-10-01,meat,98.6
53,Yunnan,West,2021-09-01,meat,97.4
53,Yunnan,West,2021-08-01,meat,98
53,Yunnan,West,2021-07-01,meat,96.7
53,Yunnan,West,2021-06-01,meat,90.7
53,Yunnan,West,2021-05-01,meat,92.7
53,Yunnan,West,2021-04-01,meat,92.1
53,Yunnan,West,2021-03-01,meat,94.3
53,Yunnan,West,2021-02-01,meat,100.4
53,Yunnan,West,2021-01-01,meat,103.3
53,Yunnan,West,2020-12-01,meat,100.7
53,Yunnan,West,2020-11-01,meat,94.5
53,Yunnan,West,2020-10-01,meat,96.8
53,Yunnan,West,2020-09-01,meat,101.4
53,Yunnan,West,2020-08-01,meat,105.1
53,Yunnan,West,2020-07-01,meat,108.6
53,Yunnan,West,2020-06-01,meat,98.1
53,Yunnan,West,2020-05-01,meat,94.9
53,Yunnan,West,2020-04-01,meat,97.2
53,Yunnan,West,2020-03-01,meat,95.7
53,Yunnan,West,2020-02-01,meat,107.8
53,Yunnan,West,2020-01-01,meat,105.1
53,Yunnan,West,2019-12-01,meat,100.1
53,Yunnan,West,2019-11-01,meat,111.2
53,Yunnan,West,2019-10-01,meat,123.4
53,Yunnan,West,2019-09-01,meat,115.2
53,Yunnan,West,2019-08-01,meat,104.3
53,Yunnan,West,2019-07-01,meat,101.1
53,Yunnan,West,2019-06-01,meat,99.9
53,Yunnan,West,2019-05-01,meat,99.7
53,Yunnan,West,2019-04-01,meat,100.2
53,Yunnan,West,2019-03-01,meat,97.4
53,Yunnan,West,2019-02-01,meat,100.2
53,Yunnan,West,2019-01-01,meat,100.1
53,Yunnan,West,2018-12-01,meat,100.8
53,Yunnan,West,2018-11-01,meat,100.7
53,Yunnan,West,2018-10-01,meat,101.9
53,Yunnan,West,2018-09-01,meat,103.9
53,Yunnan,West,2018-08-01,meat,102.8
53,Yunnan,West,2018-07-01,meat,99.3
53,Yunnan,West,2018-06-01,meat,98.3
53,Yunnan,West,2018-05-01,meat,96.6
53,Yunnan,West,2018-04-01,meat,96.6
53,Yunnan,West,2018-03-01,meat,97
53,Yunnan,West,2018-02-01,meat,101.3
53,Yunnan,West,2018-01-01,meat,100.1
53,Yunnan,West,2017-12-01,meat,100.6
53,Yunnan,West,2017-11-01,meat,100
53,Yunnan,West,2017-10-01,meat,100.4
53,Yunnan,West,2017-09-01,meat,100.7
53,Yunnan,West,2017-08-01,meat,99
53,Yunnan,West,2017-07-01,meat,97.9
53,Yunnan,West,2017-06-01,meat,98.2
53,Yunnan,West,2017-05-01,meat,98.6
53,Yunnan,West,2017-04-01,meat,99.1
53,Yunnan,West,2017-03-01,meat,98.8
53,Yunnan,West,2017-02-01,meat,99.4
53,Yunnan,West,2017-01-01,meat,100.8
53,Yunnan,West,2016-12-01,meat,99.6
53,Yunnan,West,2016-11-01,meat,99.6
53,Yunnan,West,2016-10-01,meat,99.8
53,Yunnan,West,2016-09-01,meat,100.2
53,Yunnan,West,2016-08-01,meat,98.9
53,Yunnan,West,2016-07-01,meat,99.5
53,Yunnan,West,2016-06-01,meat,100.9
53,Yunnan,West,2016-05-01,meat,100.7
53,Yunnan,West,2016-04-01,meat,102.2
53,Yunnan,West,2016-03-01,meat,99.6
53,Yunnan,West,2016-02-01,meat,103.3
53,Yunnan,West,2016-01-01,meat,100.4
33,Zhejiang,East,2025-12-01,meat,99.2
33,Zhejiang,East,2025-11-01,meat,99.2
33,Zhejiang,East,2025-10-01,meat,99.1
33,Zhejiang,East,2025-09-01,meat,99.5
33,Zhejiang,East,2025-08-01,meat,99.8
33,Zhejiang,East,2025-07-01,meat,100.5
33,Zhejiang,East,2025-06-01,meat,99.5
33,Zhejiang,East,2025-05-01,meat,99.3
33,Zhejiang,East,2025-04-01,meat,99.4
33,Zhejiang,East,2025-03-01,meat,97.2
33,Zhejiang,East,2025-02-01,meat,99.7
33,Zhejiang,East,2025-01-01,meat,100.1
33,Zhejiang,East,2024-12-01,meat,98.9
33,Zhejiang,East,2024-11-01,meat,98.2
33,Zhejiang,East,2024-10-01,meat,98.1
33,Zhejiang,East,2024-09-01,meat,100.4
33,Zhejiang,East,2024-08-01,meat,103.6
33,Zhejiang,East,2024-07-01,meat,100.9
33,Zhejiang,East,2024-06-01,meat,104.1
33,Zhejiang,East,2024-05-01,meat,99.7
33,Zhejiang,East,2024-04-01,meat,99.1
33,Zhejiang,East,2024-03-01,meat,95.4
33,Zhejiang,East,2024-02-01,meat,104.3
33,Zhejiang,East,2024-01-01,meat,99.1
33,Zhejiang,East,2023-12-01,meat,99.4
33,Zhejiang,East,2023-11-01,meat,99
33,Zhejiang,East,2023-10-01,meat,99.3
33,Zhejiang,East,2023-09-01,meat,100.1
33,Zhejiang,East,2023-08-01,meat,104.2
33,Zhejiang,East,2023-07-01,meat,100.3
33,Zhejiang,East,2023-06-01,meat,99.1
33,Zhejiang,East,2023-05-01,meat,98.5
33,Zhejiang,East,2023-04-01,meat,97.3
33,Zhejiang,East,2023-03-01,meat,96.3
33,Zhejiang,East,2023-02-01,meat,93.3
33,Zhejiang,East,2023-01-01,meat,96.8
33,Zhejiang,East,2022-12-01,meat,96.8
33,Zhejiang,East,2022-11-01,meat,99.7
33,Zhejiang,East,2022-10-01,meat,105.7
33,Zhejiang,East,2022-09-01,meat,101.8
33,Zhejiang,East,2022-08-01,meat,100.1
33,Zhejiang,East,2022-07-01,meat,113.9
33,Zhejiang,East,2022-06-01,meat,101.2
33,Zhejiang,East,2022-05-01,meat,102
33,Zhejiang,East,2022-04-01,meat,100.3
33,Zhejiang,East,2022-03-01,meat,94.2
33,Zhejiang,East,2022-02-01,meat,99.3
33,Zhejiang,East,2022-01-01,meat,99.2
33,Zhejiang,East,2021-12-01,meat,100.3
33,Zhejiang,East,2021-11-01,meat,104.9
33,Zhejiang,East,2021-10-01,meat,98.7
33,Zhejiang,East,2021-09-01,meat,97.3
33,Zhejiang,East,2021-08-01,meat,99.3
33,Zhejiang,East,2021-07-01,meat,98.5
33,Zhejiang,East,2021-06-01,meat,92.8
33,Zhejiang,East,2021-05-01,meat,93.8
33,Zhejiang,East,2021-04-01,meat,93.5
33,Zhejiang,East,2021-03-01,meat,93
33,Zhejiang,East,2021-02-01,meat,100.2
33,Zhejiang,East,2021-01-01,meat,102.7
33,Zhejiang,East,2020-12-01,meat,104.1
33,Zhejiang,East,2020-11-01,meat,95.2
33,Zhejiang,East,2020-10-01,meat,95.6
33,Zhejiang,East,2020-09-01,meat,99.3
33,Zhejiang,East,2020-08-01,meat,101.2
33,Zhejiang,East,2020-07-01,meat,107.6
33,Zhejiang,East,2020-06-01,meat,101.9
33,Zhejiang,East,2020-05-01,meat,94.5
33,Zhejiang,East,2020-04-01,meat,93
33,Zhejiang,East,2020-03-01,meat,92.2
33,Zhejiang,East,2020-02-01,meat,111.8
33,Zhejiang,East,2020-01-01,meat,107.7
33,Zhejiang,East,2019-12-01,meat,95.1
33,Zhejiang,East,2019-11-01,meat,104.8
33,Zhejiang,East,2019-10-01,meat,113.4
33,Zhejiang,East,2019-09-01,meat,114
33,Zhejiang,East,2019-08-01,meat,115.5
33,Zhejiang,East,2019-07-01,meat,104.7
33,Zhejiang,East,2019-06-01,meat,101.5
33,Zhejiang,East,2019-05-01,meat,99.8
33,Zhejiang,East,2019-04-01,meat,100.1
33,Zhejiang,East,2019-03-01,meat,98.2
33,Zhejiang,East,2019-02-01,meat,101.2
33,Zhejiang,East,2019-01-01,meat,99
33,Zhejiang,East,2018-12-01,meat,99.5
33,Zhejiang,East,2018-11-01,meat,97.4
33,Zhejiang,East,2018-10-01,meat,103.8
33,Zhejiang,East,2018-09-01,meat,108.6
33,Zhejiang,East,2018-08-01,meat,102.8
33,Zhejiang,East,2018-07-01,meat,101.5
33,Zhejiang,East,2018-06-01,meat,100.2
33,Zhejiang,East,2018-05-01,meat,98.1
33,Zhejiang,East,2018-04-01,meat,96.1
33,Zhejiang,East,2018-03-01,meat,95.6
33,Zhejiang,East,2018-02-01,meat,102.2
33,Zhejiang,East,2018-01-01,meat,100.3
33,Zhejiang,East,2017-12-01,meat,100.9
33,Zhejiang,East,2017-11-01,meat,99.9
33,Zhejiang,East,2017-10-01,meat,100.1
33,Zhejiang,East,2017-09-01,meat,100.2
33,Zhejiang,East,2017-08-01,meat,100.4
33,Zhejiang,East,2017-07-01,meat,99.8
33,Zhejiang,East,2017-06-01,meat,97.9
33,Zhejiang,East,2017-05-01,meat,98
33,Zhejiang,East,2017-04-01,meat,98.9
33,Zhejiang,East,2017-03-01,meat,98
33,Zhejiang,East,2017-02-01,meat,99.8
33,Zhejiang,East,2017-01-01,meat,102.2
33,Zhejiang,East,2016-12-01,meat,100
33,Zhejiang,East,2016-11-01,meat,99
33,Zhejiang,East,2016-10-01,meat,98.5
33,Zhejiang,East,2016-09-01,meat,100
33,Zhejiang,East,2016-08-01,meat,99.9
33,Zhejiang,East,2016-07-01,meat,99.1
33,Zhejiang,East,2016-06-01,meat,100.4
33,Zhejiang,East,2016-05-01,meat,101
33,Zhejiang,East,2016-04-01,meat,102.2
33,Zhejiang,East,2016-03-01,meat,99.6
33,Zhejiang,East,2016-02-01,meat,105.1
33,Zhejiang,East,2016-01-01,meat,101.5
