provcd,province_name,region,date,commodity,cpi_index
34,Anhui,East,2025-12-01,eggs,100.7
34,Anhui,East,2025-11-01,eggs,96.3
34,Anhui,East,2025-10-01,eggs,97.5
34,Anhui,East,2025-09-01,eggs,104.6
34,Anhui,East,2025-08-01,eggs,101.2
34,Anhui,East,2025-07-01,eggs,99.7
34,Anhui,East,2025-06-01,eggs,97.1
34,Anhui,East,2025-05-01,eggs,98.9
34,Anhui,East,2025-04-01,eggs,98.6
34,Anhui,East,2025-03-01,eggs,95.5
34,Anhui,East,2025-02-01,eggs,93
34,Anhui,East,2025-01-01,eggs,100
34,Anhui,East,2024-12-01,eggs,100.3
34,Anhui,East,2024-11-01,eggs,97.9
34,Anhui,East,2024-10-01,eggs,97.2
34,Anhui,East,2024-09-01,eggs,103.2
34,Anhui,East,2024-08-01,eggs,102.7
34,Anhui,East,2024-07-01,eggs,106.7
34,Anhui,East,2024-06-01,eggs,101.8
34,Anhui,East,2024-05-01,eggs,103.2
34,Anhui,East,2024-04-01,eggs,97.1
34,Anhui,East,2024-03-01,eggs,93.4
34,Anhui,East,2024-02-01,eggs,97.5
34,Anhui,East,2024-01-01,eggs,98.7
34,Anhui,East,2023-12-01,eggs,100.3
34,Anhui,East,2023-11-01,eggs,96
34,Anhui,East,2023-10-01,eggs,96.2
34,Anhui,East,2023-09-01,eggs,102.8
34,Anhui,East,2023-08-01,eggs,108.4
34,Anhui,East,2023-07-01,eggs,99.7
34,Anhui,East,2023-06-01,eggs,97
34,Anhui,East,2023-05-01,eggs,98.2
34,Anhui,East,2023-04-01,eggs,99.6
34,Anhui,East,2023-03-01,eggs,99.1
34,Anhui,East,2023-02-01,eggs,94.8
34,Anhui,East,2023-01-01,eggs,98.2
34,Anhui,East,2022-12-01,eggs,99.2
34,Anhui,East,2022-11-01,eggs,100.6
34,Anhui,East,2022-10-01,eggs,101.4
34,Anhui,East,2022-09-01,eggs,107.9
34,Anhui,East,2022-08-01,eggs,102.7
34,Anhui,East,2022-07-01,eggs,101
34,Anhui,East,2022-06-01,eggs,96.7
34,Anhui,East,2022-05-01,eggs,101.2
34,Anhui,East,2022-04-01,eggs,107.1
34,Anhui,East,2022-03-01,eggs,98
34,Anhui,East,2022-02-01,eggs,96.9
34,Anhui,East,2022-01-01,eggs,99.2
34,Anhui,East,2021-12-01,eggs,98.1
34,Anhui,East,2021-11-01,eggs,103.1
34,Anhui,East,2021-10-01,eggs,97.7
34,Anhui,East,2021-09-01,eggs,99.7
34,Anhui,East,2021-08-01,eggs,109.3
34,Anhui,East,2021-07-01,eggs,101.6
34,Anhui,East,2021-06-01,eggs,99.3
34,Anhui,East,2021-05-01,eggs,103.5
34,Anhui,East,2021-04-01,eggs,101.7
34,Anhui,East,2021-03-01,eggs,94.6
34,Anhui,East,2021-02-01,eggs,96.1
34,Anhui,East,2021-01-01,eggs,110.4
34,Anhui,East,2020-12-01,eggs,103
34,Anhui,East,2020-11-01,eggs,98.4
34,Anhui,East,2020-10-01,eggs,98.7
34,Anhui,East,2020-09-01,eggs,100.3
34,Anhui,East,2020-08-01,eggs,110.2
34,Anhui,East,2020-07-01,eggs,105
34,Anhui,East,2020-06-01,eggs,95.2
34,Anhui,East,2020-05-01,eggs,95.6
34,Anhui,East,2020-04-01,eggs,97.1
34,Anhui,East,2020-03-01,eggs,91.9
34,Anhui,East,2020-02-01,eggs,94
34,Anhui,East,2020-01-01,eggs,97.8
34,Anhui,East,2019-12-01,eggs,96.6
34,Anhui,East,2019-11-01,eggs,99.2
34,Anhui,East,2019-10-01,eggs,97.6
34,Anhui,East,2019-09-01,eggs,107
34,Anhui,East,2019-08-01,eggs,104.8
34,Anhui,East,2019-07-01,eggs,104.4
34,Anhui,East,2019-06-01,eggs,97.9
34,Anhui,East,2019-05-01,eggs,106.5
34,Anhui,East,2019-04-01,eggs,101.9
34,Anhui,East,2019-03-01,eggs,92.8
34,Anhui,East,2019-02-01,eggs,95.4
34,Anhui,East,2019-01-01,eggs,100.4
34,Anhui,East,2018-12-01,eggs,99.1
34,Anhui,East,2018-11-01,eggs,99
34,Anhui,East,2018-10-01,eggs,96.5
34,Anhui,East,2018-09-01,eggs,103.2
34,Anhui,East,2018-08-01,eggs,113.2
34,Anhui,East,2018-07-01,eggs,100.7
34,Anhui,East,2018-06-01,eggs,99.8
34,Anhui,East,2018-05-01,eggs,101.9
34,Anhui,East,2018-04-01,eggs,95
34,Anhui,East,2018-03-01,eggs,91.2
34,Anhui,East,2018-02-01,eggs,101.4
34,Anhui,East,2018-01-01,eggs,103.1
34,Anhui,East,2017-12-01,eggs,104.7
34,Anhui,East,2017-11-01,eggs,100.7
34,Anhui,East,2017-10-01,eggs,96.4
34,Anhui,East,2017-09-01,eggs,104.4
34,Anhui,East,2017-08-01,eggs,113.4
34,Anhui,East,2017-07-01,eggs,103.4
34,Anhui,East,2017-06-01,eggs,107.5
34,Anhui,East,2017-05-01,eggs,94.9
34,Anhui,East,2017-04-01,eggs,100
34,Anhui,East,2017-03-01,eggs,93.8
34,Anhui,East,2017-02-01,eggs,92.1
34,Anhui,East,2017-01-01,eggs,99.5
34,Anhui,East,2016-12-01,eggs,98.9
34,Anhui,East,2016-11-01,eggs,99.3
34,Anhui,East,2016-10-01,eggs,95.5
34,Anhui,East,2016-09-01,eggs,106.5
34,Anhui,East,2016-08-01,eggs,103.3
34,Anhui,East,2016-07-01,eggs,97.6
34,Anhui,East,2016-06-01,eggs,99.2
34,Anhui,East,2016-05-01,eggs,98.8
34,Anhui,East,2016-04-01,eggs,97.4
34,Anhui,East,2016-03-01,eggs,91.9
34,Anhui,East,2016-02-01,eggs,100.9
34,Anhui,East,2016-01-01,eggs,103.8
34,Anhui,East,2015-12-01,eggs,101.7
34,Anhui,East,2015-11-01,eggs,98.2
34,Anhui,East,2015-10-01,eggs,90.1
34,Anhui,East,2015-09-01,eggs,103.6
34,Anhui,East,2015-08-01,eggs,114.7
34,Anhui,East,2015-07-01,eggs,102.4
34,Anhui,East,2015-06-01,eggs,97
34,Anhui,East,2015-05-01,eggs,98.4
34,Anhui,East,2015-04-01,eggs,91.4
34,Anhui,East,2015-03-01,eggs,93
34,Anhui,East,2015-02-01,eggs,99
34,Anhui,East,2015-01-01,eggs,95.7
34,Anhui,East,2014-12-01,eggs,98.9
34,Anhui,East,2014-11-01,eggs,98.5
34,Anhui,East,2014-10-01,eggs,94.9
34,Anhui,East,2014-09-01,eggs,100.9
34,Anhui,East,2014-08-01,eggs,107.9
34,Anhui,East,2014-07-01,eggs,106
34,Anhui,East,2014-06-01,eggs,96.1
34,Anhui,East,2014-05-01,eggs,113.2
34,Anhui,East,2014-04-01,eggs,103.8
34,Anhui,East,2014-03-01,eggs,99.3
34,Anhui,East,2014-02-01,eggs,96.5
34,Anhui,East,2014-01-01,eggs,103.1
34,Anhui,East,2013-12-01,eggs,101.6
34,Anhui,East,2013-11-01,eggs,97.9
34,Anhui,East,2013-10-01,eggs,91.2
34,Anhui,East,2013-09-01,eggs,109
34,Anhui,East,2013-08-01,eggs,111.9
34,Anhui,East,2013-07-01,eggs,98.2
34,Anhui,East,2013-06-01,eggs,100.6
34,Anhui,East,2013-05-01,eggs,99.1
34,Anhui,East,2013-04-01,eggs,94.2
34,Anhui,East,2013-03-01,eggs,92
34,Anhui,East,2013-02-01,eggs,98.1
34,Anhui,East,2013-01-01,eggs,102.4
34,Anhui,East,2012-12-01,eggs,104.6
34,Anhui,East,2012-11-01,eggs,97.8
34,Anhui,East,2012-10-01,eggs,95
34,Anhui,East,2012-09-01,eggs,105.9
34,Anhui,East,2012-08-01,eggs,110.6
34,Anhui,East,2012-07-01,eggs,98.8
34,Anhui,East,2012-06-01,eggs,117.1
34,Anhui,East,2012-05-01,eggs,99.2
34,Anhui,East,2012-04-01,eggs,98.4
34,Anhui,East,2012-03-01,eggs,95.4
34,Anhui,East,2012-02-01,eggs,88.5
34,Anhui,East,2012-01-01,eggs,100.5
11,Beijing,North,2025-12-01,eggs,99.7
11,Beijing,North,2025-11-01,eggs,97.7
11,Beijing,North,2025-10-01,eggs,98.5
11,Beijing,North,2025-09-01,eggs,102.6
11,Beijing,North,2025-08-01,eggs,101.4
11,Beijing,North,2025-07-01,eggs,99.4
11,Beijing,North,2025-06-01,eggs,97.3
11,Beijing,North,2025-05-01,eggs,99.4
11,Beijing,North,2025-04-01,eggs,99.2
11,Beijing,North,2025-03-01,eggs,97.3
11,Beijing,North,2025-02-01,eggs,95.7
11,Beijing,North,2025-01-01,eggs,100.6
11,Beijing,North,2024-12-01,eggs,99.9
11,Beijing,North,2024-11-01,eggs,99.8
11,Beijing,North,2024-10-01,eggs,99
11,Beijing,North,2024-09-01,eggs,100.9
11,Beijing,North,2024-08-01,eggs,102.5
11,Beijing,North,2024-07-01,eggs,101.9
11,Beijing,North,2024-06-01,eggs,100.7
11,Beijing,North,2024-05-01,eggs,100.9
11,Beijing,North,2024-04-01,eggs,97.9
11,Beijing,North,2024-03-01,eggs,96.8
11,Beijing,North,2024-02-01,eggs,98.9
11,Beijing,North,2024-01-01,eggs,99
11,Beijing,North,2023-12-01,eggs,99.7
11,Beijing,North,2023-11-01,eggs,97.7
11,Beijing,North,2023-10-01,eggs,95.9
11,Beijing,North,2023-09-01,eggs,102.2
11,Beijing,North,2023-08-01,eggs,104.3
11,Beijing,North,2023-07-01,eggs,100.2
11,Beijing,North,2023-06-01,eggs,98.8
11,Beijing,North,2023-05-01,eggs,97.7
11,Beijing,North,2023-04-01,eggs,100.7
11,Beijing,North,2023-03-01,eggs,101.3
11,Beijing,North,2023-02-01,eggs,95.9
11,Beijing,North,2023-01-01,eggs,97.9
11,Beijing,North,2022-12-01,eggs,99.3
11,Beijing,North,2022-11-01,eggs,101.9
11,Beijing,North,2022-10-01,eggs,101.6
11,Beijing,North,2022-09-01,eggs,103.4
11,Beijing,North,2022-08-01,eggs,102.5
11,Beijing,North,2022-07-01,eggs,98
11,Beijing,North,2022-06-01,eggs,98.3
11,Beijing,North,2022-05-01,eggs,101.9
11,Beijing,North,2022-04-01,eggs,103.2
11,Beijing,North,2022-03-01,eggs,100.8
11,Beijing,North,2022-02-01,eggs,97.7
11,Beijing,North,2022-01-01,eggs,99.3
11,Beijing,North,2021-12-01,eggs,98.9
11,Beijing,North,2021-11-01,eggs,103.4
11,Beijing,North,2021-10-01,eggs,99.4
11,Beijing,North,2021-09-01,eggs,100
11,Beijing,North,2021-08-01,eggs,104.1
11,Beijing,North,2021-07-01,eggs,100.6
11,Beijing,North,2021-06-01,eggs,99.6
11,Beijing,North,2021-05-01,eggs,100.6
11,Beijing,North,2021-04-01,eggs,102.4
11,Beijing,North,2021-03-01,eggs,96.5
11,Beijing,North,2021-02-01,eggs,97.7
11,Beijing,North,2021-01-01,eggs,107
11,Beijing,North,2020-12-01,eggs,100.9
11,Beijing,North,2020-11-01,eggs,99.6
11,Beijing,North,2020-10-01,eggs,97.3
11,Beijing,North,2020-09-01,eggs,101.6
11,Beijing,North,2020-08-01,eggs,107.3
11,Beijing,North,2020-07-01,eggs,103.1
11,Beijing,North,2020-06-01,eggs,97.3
11,Beijing,North,2020-05-01,eggs,96.2
11,Beijing,North,2020-04-01,eggs,98.1
11,Beijing,North,2020-03-01,eggs,96.2
11,Beijing,North,2020-02-01,eggs,95.4
11,Beijing,North,2020-01-01,eggs,96.3
11,Beijing,North,2019-12-01,eggs,93.4
11,Beijing,North,2019-11-01,eggs,101
11,Beijing,North,2019-10-01,eggs,98.3
11,Beijing,North,2019-09-01,eggs,105.9
11,Beijing,North,2019-08-01,eggs,104.9
11,Beijing,North,2019-07-01,eggs,104.1
11,Beijing,North,2019-06-01,eggs,97.3
11,Beijing,North,2019-05-01,eggs,104.8
11,Beijing,North,2019-04-01,eggs,104
11,Beijing,North,2019-03-01,eggs,95.3
11,Beijing,North,2019-02-01,eggs,95.4
11,Beijing,North,2019-01-01,eggs,100.1
11,Beijing,North,2018-12-01,eggs,98.5
11,Beijing,North,2018-11-01,eggs,99.9
11,Beijing,North,2018-10-01,eggs,96.1
11,Beijing,North,2018-09-01,eggs,103.5
11,Beijing,North,2018-08-01,eggs,111.4
11,Beijing,North,2018-07-01,eggs,100
11,Beijing,North,2018-06-01,eggs,98.6
11,Beijing,North,2018-05-01,eggs,101.6
11,Beijing,North,2018-04-01,eggs,97.5
11,Beijing,North,2018-03-01,eggs,91.8
11,Beijing,North,2018-02-01,eggs,102.3
11,Beijing,North,2018-01-01,eggs,101.4
11,Beijing,North,2017-12-01,eggs,105.1
11,Beijing,North,2017-11-01,eggs,100.9
11,Beijing,North,2017-10-01,eggs,95.9
11,Beijing,North,2017-09-01,eggs,108
11,Beijing,North,2017-08-01,eggs,112.8
11,Beijing,North,2017-07-01,eggs,104.2
11,Beijing,North,2017-06-01,eggs,104.2
11,Beijing,North,2017-05-01,eggs,97.1
11,Beijing,North,2017-04-01,eggs,101.1
11,Beijing,North,2017-03-01,eggs,94.8
11,Beijing,North,2017-02-01,eggs,93.4
11,Beijing,North,2017-01-01,eggs,97.8
11,Beijing,North,2016-12-01,eggs,98.9
11,Beijing,North,2016-11-01,eggs,99.6
11,Beijing,North,2016-10-01,eggs,94.8
11,Beijing,North,2016-09-01,eggs,106.4
11,Beijing,North,2016-08-01,eggs,102.3
11,Beijing,North,2016-07-01,eggs,99.2
11,Beijing,North,2016-06-01,eggs,98.1
11,Beijing,North,2016-05-01,eggs,100.4
11,Beijing,North,2016-04-01,eggs,100.5
11,Beijing,North,2016-03-01,eggs,91.9
11,Beijing,North,2016-02-01,eggs,99.4
11,Beijing,North,2016-01-01,eggs,104.2
11,Beijing,North,2015-12-01,eggs,100.3
11,Beijing,North,2015-11-01,eggs,99.9
11,Beijing,North,2015-10-01,eggs,95.5
11,Beijing,North,2015-09-01,eggs,103.1
11,Beijing,North,2015-08-01,eggs,107.2
11,Beijing,North,2015-07-01,eggs,102
11,Beijing,North,2015-06-01,eggs,97.6
11,Beijing,North,2015-05-01,eggs,98.6
11,Beijing,North,2015-04-01,eggs,96.1
11,Beijing,North,2015-03-01,eggs,94.3
11,Beijing,North,2015-02-01,eggs,99.8
11,Beijing,North,2015-01-01,eggs,96.9
11,Beijing,North,2014-12-01,eggs,98.6
11,Beijing,North,2014-11-01,eggs,98.9
11,Beijing,North,2014-10-01,eggs,98
11,Beijing,North,2014-09-01,eggs,100.9
11,Beijing,North,2014-08-01,eggs,105.2
11,Beijing,North,2014-07-01,eggs,103.8
11,Beijing,North,2014-06-01,eggs,96.5
11,Beijing,North,2014-05-01,eggs,107.6
11,Beijing,North,2014-04-01,eggs,104.9
11,Beijing,North,2014-03-01,eggs,99.4
11,Beijing,North,2014-02-01,eggs,96.8
11,Beijing,North,2014-01-01,eggs,102.1
11,Beijing,North,2013-12-01,eggs,100.3
11,Beijing,North,2013-11-01,eggs,98.1
11,Beijing,North,2013-10-01,eggs,95.1
11,Beijing,North,2013-09-01,eggs,108.1
11,Beijing,North,2013-08-01,eggs,104.7
11,Beijing,North,2013-07-01,eggs,98.4
11,Beijing,North,2013-06-01,eggs,100.3
11,Beijing,North,2013-05-01,eggs,99.8
11,Beijing,North,2013-04-01,eggs,97.9
11,Beijing,North,2013-03-01,eggs,94.5
11,Beijing,North,2013-02-01,eggs,99.5
11,Beijing,North,2013-01-01,eggs,100.6
11,Beijing,North,2012-12-01,eggs,102.5
11,Beijing,North,2012-11-01,eggs,100.3
11,Beijing,North,2012-10-01,eggs,95.9
11,Beijing,North,2012-09-01,eggs,104
11,Beijing,North,2012-08-01,eggs,107
11,Beijing,North,2012-07-01,eggs,96.9
11,Beijing,North,2012-06-01,eggs,111.9
11,Beijing,North,2012-05-01,eggs,99
11,Beijing,North,2012-04-01,eggs,99.4
11,Beijing,North,2012-03-01,eggs,98.9
11,Beijing,North,2012-02-01,eggs,92.3
11,Beijing,North,2012-01-01,eggs,99.9
50,Chongqing,West,2025-12-01,eggs,98.9
50,Chongqing,West,2025-11-01,eggs,98.9
50,Chongqing,West,2025-10-01,eggs,100.3
50,Chongqing,West,2025-09-01,eggs,101.9
50,Chongqing,West,2025-08-01,eggs,101.1
50,Chongqing,West,2025-07-01,eggs,100.8
50,Chongqing,West,2025-06-01,eggs,97.5
50,Chongqing,West,2025-05-01,eggs,99.3
50,Chongqing,West,2025-04-01,eggs,100.1
50,Chongqing,West,2025-03-01,eggs,96.6
50,Chongqing,West,2025-02-01,eggs,96.6
50,Chongqing,West,2025-01-01,eggs,99.4
50,Chongqing,West,2024-12-01,eggs,98.1
50,Chongqing,West,2024-11-01,eggs,98.6
50,Chongqing,West,2024-10-01,eggs,100
50,Chongqing,West,2024-09-01,eggs,103.6
50,Chongqing,West,2024-08-01,eggs,101
50,Chongqing,West,2024-07-01,eggs,102.7
50,Chongqing,West,2024-06-01,eggs,100.8
50,Chongqing,West,2024-05-01,eggs,100.6
50,Chongqing,West,2024-04-01,eggs,98.6
50,Chongqing,West,2024-03-01,eggs,99.7
50,Chongqing,West,2024-02-01,eggs,97.2
50,Chongqing,West,2024-01-01,eggs,97.9
50,Chongqing,West,2023-12-01,eggs,100.5
50,Chongqing,West,2023-11-01,eggs,95.3
50,Chongqing,West,2023-10-01,eggs,97.4
50,Chongqing,West,2023-09-01,eggs,103.1
50,Chongqing,West,2023-08-01,eggs,107.1
50,Chongqing,West,2023-07-01,eggs,100.2
50,Chongqing,West,2023-06-01,eggs,98.8
50,Chongqing,West,2023-05-01,eggs,96.7
50,Chongqing,West,2023-04-01,eggs,100.7
50,Chongqing,West,2023-03-01,eggs,98
50,Chongqing,West,2023-02-01,eggs,97.5
50,Chongqing,West,2023-01-01,eggs,95.6
50,Chongqing,West,2022-12-01,eggs,94
50,Chongqing,West,2022-11-01,eggs,104.2
50,Chongqing,West,2022-10-01,eggs,97.7
50,Chongqing,West,2022-09-01,eggs,109
50,Chongqing,West,2022-08-01,eggs,105.8
50,Chongqing,West,2022-07-01,eggs,99
50,Chongqing,West,2022-06-01,eggs,96
50,Chongqing,West,2022-05-01,eggs,101
50,Chongqing,West,2022-04-01,eggs,109.6
50,Chongqing,West,2022-03-01,eggs,98.3
50,Chongqing,West,2022-02-01,eggs,98.7
50,Chongqing,West,2022-01-01,eggs,96.6
50,Chongqing,West,2021-12-01,eggs,95.3
50,Chongqing,West,2021-11-01,eggs,111
50,Chongqing,West,2021-10-01,eggs,94.4
50,Chongqing,West,2021-09-01,eggs,100.4
50,Chongqing,West,2021-08-01,eggs,107.7
50,Chongqing,West,2021-07-01,eggs,102.4
50,Chongqing,West,2021-06-01,eggs,95.9
50,Chongqing,West,2021-05-01,eggs,105.2
50,Chongqing,West,2021-04-01,eggs,100.8
50,Chongqing,West,2021-03-01,eggs,93.7
50,Chongqing,West,2021-02-01,eggs,101.3
50,Chongqing,West,2021-01-01,eggs,106.8
50,Chongqing,West,2020-12-01,eggs,103.6
50,Chongqing,West,2020-11-01,eggs,97.2
50,Chongqing,West,2020-10-01,eggs,98.3
50,Chongqing,West,2020-09-01,eggs,99.7
50,Chongqing,West,2020-08-01,eggs,106.8
50,Chongqing,West,2020-07-01,eggs,104.5
50,Chongqing,West,2020-06-01,eggs,97.2
50,Chongqing,West,2020-05-01,eggs,97.7
50,Chongqing,West,2020-04-01,eggs,95.5
50,Chongqing,West,2020-03-01,eggs,93.5
50,Chongqing,West,2020-02-01,eggs,96.1
50,Chongqing,West,2020-01-01,eggs,94.3
50,Chongqing,West,2019-12-01,eggs,97.1
50,Chongqing,West,2019-11-01,eggs,99.5
50,Chongqing,West,2019-10-01,eggs,99
50,Chongqing,West,2019-09-01,eggs,106.2
50,Chongqing,West,2019-08-01,eggs,103
50,Chongqing,West,2019-07-01,eggs,102
50,Chongqing,West,2019-06-01,eggs,98.9
50,Chongqing,West,2019-05-01,eggs,106.6
50,Chongqing,West,2019-04-01,eggs,99.1
50,Chongqing,West,2019-03-01,eggs,97.8
50,Chongqing,West,2019-02-01,eggs,96.6
50,Chongqing,West,2019-01-01,eggs,100.4
50,Chongqing,West,2018-12-01,eggs,100.2
50,Chongqing,West,2018-11-01,eggs,96.5
50,Chongqing,West,2018-10-01,eggs,98.1
50,Chongqing,West,2018-09-01,eggs,102
50,Chongqing,West,2018-08-01,eggs,109.3
50,Chongqing,West,2018-07-01,eggs,99.6
50,Chongqing,West,2018-06-01,eggs,102.9
50,Chongqing,West,2018-05-01,eggs,101.7
50,Chongqing,West,2018-04-01,eggs,97
50,Chongqing,West,2018-03-01,eggs,97.7
50,Chongqing,West,2018-02-01,eggs,100.7
50,Chongqing,West,2018-01-01,eggs,101.1
50,Chongqing,West,2017-12-01,eggs,103.5
50,Chongqing,West,2017-11-01,eggs,100.6
50,Chongqing,West,2017-10-01,eggs,95.5
50,Chongqing,West,2017-09-01,eggs,106
50,Chongqing,West,2017-08-01,eggs,110.7
50,Chongqing,West,2017-07-01,eggs,105.1
50,Chongqing,West,2017-06-01,eggs,103.4
50,Chongqing,West,2017-05-01,eggs,96.2
50,Chongqing,West,2017-04-01,eggs,99.4
50,Chongqing,West,2017-03-01,eggs,96.8
50,Chongqing,West,2017-02-01,eggs,95
50,Chongqing,West,2017-01-01,eggs,97.4
50,Chongqing,West,2016-12-01,eggs,101
50,Chongqing,West,2016-11-01,eggs,98
50,Chongqing,West,2016-10-01,eggs,97.5
50,Chongqing,West,2016-09-01,eggs,108.6
50,Chongqing,West,2016-08-01,eggs,103.7
50,Chongqing,West,2016-07-01,eggs,97.1
50,Chongqing,West,2016-06-01,eggs,99.5
50,Chongqing,West,2016-05-01,eggs,98.2
50,Chongqing,West,2016-04-01,eggs,98.5
50,Chongqing,West,2016-03-01,eggs,93.6
50,Chongqing,West,2016-02-01,eggs,100.1
50,Chongqing,West,2016-01-01,eggs,100.4
50,Chongqing,West,2015-12-01,eggs,101.8
50,Chongqing,West,2015-11-01,eggs,97.2
50,Chongqing,West,2015-10-01,eggs,98.4
50,Chongqing,West,2015-09-01,eggs,103.9
50,Chongqing,West,2015-08-01,eggs,106.4
50,Chongqing,West,2015-07-01,eggs,99
50,Chongqing,West,2015-06-01,eggs,99.2
50,Chongqing,West,2015-05-01,eggs,100.4
50,Chongqing,West,2015-04-01,eggs,95
50,Chongqing,West,2015-03-01,eggs,96.1
50,Chongqing,West,2015-02-01,eggs,99.1
50,Chongqing,West,2015-01-01,eggs,97.6
50,Chongqing,West,2014-12-01,eggs,99.2
50,Chongqing,West,2014-11-01,eggs,99.1
50,Chongqing,West,2014-10-01,eggs,98.4
50,Chongqing,West,2014-09-01,eggs,104.8
50,Chongqing,West,2014-08-01,eggs,104.1
50,Chongqing,West,2014-07-01,eggs,102.4
50,Chongqing,West,2014-06-01,eggs,97.1
50,Chongqing,West,2014-05-01,eggs,104.1
50,Chongqing,West,2014-04-01,eggs,99.3
50,Chongqing,West,2014-03-01,eggs,98.8
50,Chongqing,West,2014-02-01,eggs,98.2
50,Chongqing,West,2014-01-01,eggs,100
50,Chongqing,West,2013-12-01,eggs,99.9
50,Chongqing,West,2013-11-01,eggs,99.4
50,Chongqing,West,2013-10-01,eggs,98.2
50,Chongqing,West,2013-09-01,eggs,105.1
50,Chongqing,West,2013-08-01,eggs,103.9
50,Chongqing,West,2013-07-01,eggs,99.4
50,Chongqing,West,2013-06-01,eggs,99.4
50,Chongqing,West,2013-05-01,eggs,99.9
50,Chongqing,West,2013-04-01,eggs,98.4
50,Chongqing,West,2013-03-01,eggs,95.2
50,Chongqing,West,2013-02-01,eggs,101.1
50,Chongqing,West,2013-01-01,eggs,102
50,Chongqing,West,2012-12-01,eggs,101.6
50,Chongqing,West,2012-11-01,eggs,98.4
50,Chongqing,West,2012-10-01,eggs,97.5
50,Chongqing,West,2012-09-01,eggs,109.6
50,Chongqing,West,2012-08-01,eggs,108.1
50,Chongqing,West,2012-07-01,eggs,95.6
50,Chongqing,West,2012-06-01,eggs,112.1
50,Chongqing,West,2012-05-01,eggs,98.7
50,Chongqing,West,2012-04-01,eggs,98.2
50,Chongqing,West,2012-03-01,eggs,96.4
50,Chongqing,West,2012-02-01,eggs,93.6
50,Chongqing,West,2012-01-01,eggs,99.2
35,Fujian,East,2025-12-01,eggs,99.5
35,Fujian,East,2025-11-01,eggs,99.6
35,Fujian,East,2025-10-01,eggs,100.5
35,Fujian,East,2025-09-01,eggs,102.2
35,Fujian,East,2025-08-01,eggs,102.1
35,Fujian,East,2025-07-01,eggs,98.7
35,Fujian,East,2025-06-01,eggs,96.2
35,Fujian,East,2025-05-01,eggs,97.9
35,Fujian,East,2025-04-01,eggs,98.2
35,Fujian,East,2025-03-01,eggs,96
35,Fujian,East,2025-02-01,eggs,95.6
35,Fujian,East,2025-01-01,eggs,98.6
35,Fujian,East,2024-12-01,eggs,99.9
35,Fujian,East,2024-11-01,eggs,98.6
35,Fujian,East,2024-10-01,eggs,99.1
35,Fujian,East,2024-09-01,eggs,102.9
35,Fujian,East,2024-08-01,eggs,103.1
35,Fujian,East,2024-07-01,eggs,105.2
35,Fujian,East,2024-06-01,eggs,102
35,Fujian,East,2024-05-01,eggs,102.9
35,Fujian,East,2024-04-01,eggs,96.4
35,Fujian,East,2024-03-01,eggs,95.2
35,Fujian,East,2024-02-01,eggs,97.3
35,Fujian,East,2024-01-01,eggs,97.9
35,Fujian,East,2023-12-01,eggs,99.5
35,Fujian,East,2023-11-01,eggs,96.2
35,Fujian,East,2023-10-01,eggs,97.5
35,Fujian,East,2023-09-01,eggs,102.3
35,Fujian,East,2023-08-01,eggs,108.5
35,Fujian,East,2023-07-01,eggs,98.8
35,Fujian,East,2023-06-01,eggs,97.2
35,Fujian,East,2023-05-01,eggs,99.3
35,Fujian,East,2023-04-01,eggs,99.2
35,Fujian,East,2023-03-01,eggs,99.4
35,Fujian,East,2023-02-01,eggs,97.2
35,Fujian,East,2023-01-01,eggs,95.8
35,Fujian,East,2022-12-01,eggs,98
35,Fujian,East,2022-11-01,eggs,102.2
35,Fujian,East,2022-10-01,eggs,103.3
35,Fujian,East,2022-09-01,eggs,106.2
35,Fujian,East,2022-08-01,eggs,103.7
35,Fujian,East,2022-07-01,eggs,99.5
35,Fujian,East,2022-06-01,eggs,96
35,Fujian,East,2022-05-01,eggs,100.9
35,Fujian,East,2022-04-01,eggs,107.2
35,Fujian,East,2022-03-01,eggs,99.2
35,Fujian,East,2022-02-01,eggs,98.6
35,Fujian,East,2022-01-01,eggs,97.2
35,Fujian,East,2021-12-01,eggs,98.4
35,Fujian,East,2021-11-01,eggs,103.2
35,Fujian,East,2021-10-01,eggs,97.6
35,Fujian,East,2021-09-01,eggs,100.5
35,Fujian,East,2021-08-01,eggs,108.1
35,Fujian,East,2021-07-01,eggs,102
35,Fujian,East,2021-06-01,eggs,98.9
35,Fujian,East,2021-05-01,eggs,103.3
35,Fujian,East,2021-04-01,eggs,100.2
35,Fujian,East,2021-03-01,eggs,95.9
35,Fujian,East,2021-02-01,eggs,94.7
35,Fujian,East,2021-01-01,eggs,112
35,Fujian,East,2020-12-01,eggs,100.9
35,Fujian,East,2020-11-01,eggs,98.8
35,Fujian,East,2020-10-01,eggs,98.9
35,Fujian,East,2020-09-01,eggs,100.8
35,Fujian,East,2020-08-01,eggs,111
35,Fujian,East,2020-07-01,eggs,103.4
35,Fujian,East,2020-06-01,eggs,95.2
35,Fujian,East,2020-05-01,eggs,94.2
35,Fujian,East,2020-04-01,eggs,98
35,Fujian,East,2020-03-01,eggs,96.5
35,Fujian,East,2020-02-01,eggs,95.8
35,Fujian,East,2020-01-01,eggs,93.9
35,Fujian,East,2019-12-01,eggs,94.3
35,Fujian,East,2019-11-01,eggs,100.7
35,Fujian,East,2019-10-01,eggs,98.1
35,Fujian,East,2019-09-01,eggs,109.1
35,Fujian,East,2019-08-01,eggs,104.6
35,Fujian,East,2019-07-01,eggs,105
35,Fujian,East,2019-06-01,eggs,98.2
35,Fujian,East,2019-05-01,eggs,107.7
35,Fujian,East,2019-04-01,eggs,101.6
35,Fujian,East,2019-03-01,eggs,94.5
35,Fujian,East,2019-02-01,eggs,94.6
35,Fujian,East,2019-01-01,eggs,98.9
35,Fujian,East,2018-12-01,eggs,99.5
35,Fujian,East,2018-11-01,eggs,98.9
35,Fujian,East,2018-10-01,eggs,97.3
35,Fujian,East,2018-09-01,eggs,101.4
35,Fujian,East,2018-08-01,eggs,113.3
35,Fujian,East,2018-07-01,eggs,101.2
35,Fujian,East,2018-06-01,eggs,99.8
35,Fujian,East,2018-05-01,eggs,102
35,Fujian,East,2018-04-01,eggs,93.8
35,Fujian,East,2018-03-01,eggs,93.9
35,Fujian,East,2018-02-01,eggs,99.2
35,Fujian,East,2018-01-01,eggs,101.7
35,Fujian,East,2017-12-01,eggs,103.5
35,Fujian,East,2017-11-01,eggs,101.3
35,Fujian,East,2017-10-01,eggs,96.4
35,Fujian,East,2017-09-01,eggs,105.9
35,Fujian,East,2017-08-01,eggs,109.5
35,Fujian,East,2017-07-01,eggs,106.3
35,Fujian,East,2017-06-01,eggs,101.9
35,Fujian,East,2017-05-01,eggs,97.3
35,Fujian,East,2017-04-01,eggs,100
35,Fujian,East,2017-03-01,eggs,95.6
35,Fujian,East,2017-02-01,eggs,95.2
35,Fujian,East,2017-01-01,eggs,97.2
35,Fujian,East,2016-12-01,eggs,99.4
35,Fujian,East,2016-11-01,eggs,97.7
35,Fujian,East,2016-10-01,eggs,98.2
35,Fujian,East,2016-09-01,eggs,106.8
35,Fujian,East,2016-08-01,eggs,101.7
35,Fujian,East,2016-07-01,eggs,99.6
35,Fujian,East,2016-06-01,eggs,101.1
35,Fujian,East,2016-05-01,eggs,98.9
35,Fujian,East,2016-04-01,eggs,98.6
35,Fujian,East,2016-03-01,eggs,93.3
35,Fujian,East,2016-02-01,eggs,101
35,Fujian,East,2016-01-01,eggs,101.3
35,Fujian,East,2015-12-01,eggs,100.4
35,Fujian,East,2015-11-01,eggs,96.5
35,Fujian,East,2015-10-01,eggs,95.3
35,Fujian,East,2015-09-01,eggs,102.8
35,Fujian,East,2015-08-01,eggs,106.6
35,Fujian,East,2015-07-01,eggs,100.5
35,Fujian,East,2015-06-01,eggs,99
35,Fujian,East,2015-05-01,eggs,99.8
35,Fujian,East,2015-04-01,eggs,94
35,Fujian,East,2015-03-01,eggs,95.2
35,Fujian,East,2015-02-01,eggs,98.4
35,Fujian,East,2015-01-01,eggs,97.5
35,Fujian,East,2014-12-01,eggs,99.7
35,Fujian,East,2014-11-01,eggs,98.7
35,Fujian,East,2014-10-01,eggs,99
35,Fujian,East,2014-09-01,eggs,103.2
35,Fujian,East,2014-08-01,eggs,107
35,Fujian,East,2014-07-01,eggs,101.9
35,Fujian,East,2014-06-01,eggs,98.6
35,Fujian,East,2014-05-01,eggs,106.4
35,Fujian,East,2014-04-01,eggs,100.1
35,Fujian,East,2014-03-01,eggs,98.8
35,Fujian,East,2014-02-01,eggs,97.2
35,Fujian,East,2014-01-01,eggs,101.2
35,Fujian,East,2013-12-01,eggs,100
35,Fujian,East,2013-11-01,eggs,98.6
35,Fujian,East,2013-10-01,eggs,97.7
35,Fujian,East,2013-09-01,eggs,103.7
35,Fujian,East,2013-08-01,eggs,106.4
35,Fujian,East,2013-07-01,eggs,99.3
35,Fujian,East,2013-06-01,eggs,100.6
35,Fujian,East,2013-05-01,eggs,100.2
35,Fujian,East,2013-04-01,eggs,98.6
35,Fujian,East,2013-03-01,eggs,96.2
35,Fujian,East,2013-02-01,eggs,97
35,Fujian,East,2013-01-01,eggs,100.7
35,Fujian,East,2012-12-01,eggs,104.9
35,Fujian,East,2012-11-01,eggs,99.1
35,Fujian,East,2012-10-01,eggs,98.1
35,Fujian,East,2012-09-01,eggs,106.4
35,Fujian,East,2012-08-01,eggs,110
35,Fujian,East,2012-07-01,eggs,97.1
35,Fujian,East,2012-06-01,eggs,111.6
35,Fujian,East,2012-05-01,eggs,97.6
35,Fujian,East,2012-04-01,eggs,98
35,Fujian,East,2012-03-01,eggs,97.1
35,Fujian,East,2012-02-01,eggs,94.1
35,Fujian,East,2012-01-01,eggs,99
62,Gansu,West,2025-12-01,eggs,99.9
62,Gansu,West,2025-11-01,eggs,97.5
62,Gansu,West,2025-10-01,eggs,98.8
62,Gansu,West,2025-09-01,eggs,102.3
62,Gansu,West,2025-08-01,eggs,101.1
62,Gansu,West,2025-07-01,eggs,99.1
62,Gansu,West,2025-06-01,eggs,97.7
62,Gansu,West,2025-05-01,eggs,98.9
62,Gansu,West,2025-04-01,eggs,98.6
62,Gansu,West,2025-03-01,eggs,94.2
62,Gansu,West,2025-02-01,eggs,95.6
62,Gansu,West,2025-01-01,eggs,99.9
62,Gansu,West,2024-12-01,eggs,99
62,Gansu,West,2024-11-01,eggs,98.3
62,Gansu,West,2024-10-01,eggs,99
62,Gansu,West,2024-09-01,eggs,103.2
62,Gansu,West,2024-08-01,eggs,102.5
62,Gansu,West,2024-07-01,eggs,103.6
62,Gansu,West,2024-06-01,eggs,103.6
62,Gansu,West,2024-05-01,eggs,101.6
62,Gansu,West,2024-04-01,eggs,96.7
62,Gansu,West,2024-03-01,eggs,95.3
62,Gansu,West,2024-02-01,eggs,98.3
62,Gansu,West,2024-01-01,eggs,98.3
62,Gansu,West,2023-12-01,eggs,98.7
62,Gansu,West,2023-11-01,eggs,95.5
62,Gansu,West,2023-10-01,eggs,98.1
62,Gansu,West,2023-09-01,eggs,103.9
62,Gansu,West,2023-08-01,eggs,107.4
62,Gansu,West,2023-07-01,eggs,96.9
62,Gansu,West,2023-06-01,eggs,98.6
62,Gansu,West,2023-05-01,eggs,99.3
62,Gansu,West,2023-04-01,eggs,100.5
62,Gansu,West,2023-03-01,eggs,98.2
62,Gansu,West,2023-02-01,eggs,97.9
62,Gansu,West,2023-01-01,eggs,95.6
62,Gansu,West,2022-12-01,eggs,98.6
62,Gansu,West,2022-11-01,eggs,101.4
62,Gansu,West,2022-10-01,eggs,101.9
62,Gansu,West,2022-09-01,eggs,104.1
62,Gansu,West,2022-08-01,eggs,103.8
62,Gansu,West,2022-07-01,eggs,99.4
62,Gansu,West,2022-06-01,eggs,97.1
62,Gansu,West,2022-05-01,eggs,104
62,Gansu,West,2022-04-01,eggs,106.5
62,Gansu,West,2022-03-01,eggs,99.2
62,Gansu,West,2022-02-01,eggs,97.8
62,Gansu,West,2022-01-01,eggs,98.5
62,Gansu,West,2021-12-01,eggs,97.6
62,Gansu,West,2021-11-01,eggs,101.1
62,Gansu,West,2021-10-01,eggs,100.1
62,Gansu,West,2021-09-01,eggs,100.2
62,Gansu,West,2021-08-01,eggs,108.5
62,Gansu,West,2021-07-01,eggs,99.5
62,Gansu,West,2021-06-01,eggs,99.8
62,Gansu,West,2021-05-01,eggs,103.7
62,Gansu,West,2021-04-01,eggs,98.8
62,Gansu,West,2021-03-01,eggs,94.9
62,Gansu,West,2021-02-01,eggs,100.1
62,Gansu,West,2021-01-01,eggs,111.6
62,Gansu,West,2020-12-01,eggs,99.1
62,Gansu,West,2020-11-01,eggs,100.2
62,Gansu,West,2020-10-01,eggs,99.3
62,Gansu,West,2020-09-01,eggs,97.1
62,Gansu,West,2020-08-01,eggs,116.2
62,Gansu,West,2020-07-01,eggs,101.6
62,Gansu,West,2020-06-01,eggs,94.9
62,Gansu,West,2020-05-01,eggs,99.4
62,Gansu,West,2020-04-01,eggs,98.4
62,Gansu,West,2020-03-01,eggs,92.3
62,Gansu,West,2020-02-01,eggs,93.9
62,Gansu,West,2020-01-01,eggs,97.4
62,Gansu,West,2019-12-01,eggs,93.9
62,Gansu,West,2019-11-01,eggs,98.8
62,Gansu,West,2019-10-01,eggs,100.6
62,Gansu,West,2019-09-01,eggs,109
62,Gansu,West,2019-08-01,eggs,103.7
62,Gansu,West,2019-07-01,eggs,100.9
62,Gansu,West,2019-06-01,eggs,99.5
62,Gansu,West,2019-05-01,eggs,110.1
62,Gansu,West,2019-04-01,eggs,100.4
62,Gansu,West,2019-03-01,eggs,93.8
62,Gansu,West,2019-02-01,eggs,99.4
62,Gansu,West,2019-01-01,eggs,99.9
62,Gansu,West,2018-12-01,eggs,97.7
62,Gansu,West,2018-11-01,eggs,98.1
62,Gansu,West,2018-10-01,eggs,98.9
62,Gansu,West,2018-09-01,eggs,104.1
62,Gansu,West,2018-08-01,eggs,109.3
62,Gansu,West,2018-07-01,eggs,97.3
62,Gansu,West,2018-06-01,eggs,101
62,Gansu,West,2018-05-01,eggs,100.8
62,Gansu,West,2018-04-01,eggs,95
62,Gansu,West,2018-03-01,eggs,95.2
62,Gansu,West,2018-02-01,eggs,99.5
62,Gansu,West,2018-01-01,eggs,100.9
62,Gansu,West,2017-12-01,eggs,103.9
62,Gansu,West,2017-11-01,eggs,100.5
62,Gansu,West,2017-10-01,eggs,97.6
62,Gansu,West,2017-09-01,eggs,108.6
62,Gansu,West,2017-08-01,eggs,115.3
62,Gansu,West,2017-07-01,eggs,102.6
62,Gansu,West,2017-06-01,eggs,100.7
62,Gansu,West,2017-05-01,eggs,96.7
62,Gansu,West,2017-04-01,eggs,100.8
62,Gansu,West,2017-03-01,eggs,92
62,Gansu,West,2017-02-01,eggs,94.2
62,Gansu,West,2017-01-01,eggs,98.1
62,Gansu,West,2016-12-01,eggs,99.2
62,Gansu,West,2016-11-01,eggs,97.9
62,Gansu,West,2016-10-01,eggs,103.4
62,Gansu,West,2016-09-01,eggs,106.2
62,Gansu,West,2016-08-01,eggs,100.6
62,Gansu,West,2016-07-01,eggs,97.1
62,Gansu,West,2016-06-01,eggs,100.5
62,Gansu,West,2016-05-01,eggs,101.9
62,Gansu,West,2016-04-01,eggs,98.1
62,Gansu,West,2016-03-01,eggs,93.2
62,Gansu,West,2016-02-01,eggs,102.8
62,Gansu,West,2016-01-01,eggs,101.1
62,Gansu,West,2015-12-01,eggs,101.3
62,Gansu,West,2015-11-01,eggs,96
62,Gansu,West,2015-10-01,eggs,91.3
62,Gansu,West,2015-09-01,eggs,108.8
62,Gansu,West,2015-08-01,eggs,110.5
62,Gansu,West,2015-07-01,eggs,100.1
62,Gansu,West,2015-06-01,eggs,98.8
62,Gansu,West,2015-05-01,eggs,97.9
62,Gansu,West,2015-04-01,eggs,93
62,Gansu,West,2015-03-01,eggs,98.5
62,Gansu,West,2015-02-01,eggs,99.1
62,Gansu,West,2015-01-01,eggs,94.4
62,Gansu,West,2014-12-01,eggs,96.4
62,Gansu,West,2014-11-01,eggs,96
62,Gansu,West,2014-10-01,eggs,96.2
62,Gansu,West,2014-09-01,eggs,105.3
62,Gansu,West,2014-08-01,eggs,106.8
62,Gansu,West,2014-07-01,eggs,102.8
62,Gansu,West,2014-06-01,eggs,101.4
62,Gansu,West,2014-05-01,eggs,114.7
62,Gansu,West,2014-04-01,eggs,102
62,Gansu,West,2014-03-01,eggs,96.4
62,Gansu,West,2014-02-01,eggs,97.7
62,Gansu,West,2014-01-01,eggs,98.9
62,Gansu,West,2013-12-01,eggs,98.2
62,Gansu,West,2013-11-01,eggs,96.3
62,Gansu,West,2013-10-01,eggs,97.9
62,Gansu,West,2013-09-01,eggs,111
62,Gansu,West,2013-08-01,eggs,102.4
62,Gansu,West,2013-07-01,eggs,95.7
62,Gansu,West,2013-06-01,eggs,102.7
62,Gansu,West,2013-05-01,eggs,102.2
62,Gansu,West,2013-04-01,eggs,96.5
62,Gansu,West,2013-03-01,eggs,92.6
62,Gansu,West,2013-02-01,eggs,99.1
62,Gansu,West,2013-01-01,eggs,100.7
62,Gansu,West,2012-12-01,eggs,103.2
62,Gansu,West,2012-11-01,eggs,96.3
62,Gansu,West,2012-10-01,eggs,96.6
62,Gansu,West,2012-09-01,eggs,111.8
62,Gansu,West,2012-08-01,eggs,105.9
62,Gansu,West,2012-07-01,eggs,99.3
62,Gansu,West,2012-06-01,eggs,120.4
62,Gansu,West,2012-05-01,eggs,97.7
62,Gansu,West,2012-04-01,eggs,98.8
62,Gansu,West,2012-03-01,eggs,95.5
62,Gansu,West,2012-02-01,eggs,93.7
62,Gansu,West,2012-01-01,eggs,99.5
44,Guangdong,South,2025-12-01,eggs,99.9
44,Guangdong,South,2025-11-01,eggs,99.7
44,Guangdong,South,2025-10-01,eggs,99.9
44,Guangdong,South,2025-09-01,eggs,100.8
44,Guangdong,South,2025-08-01,eggs,100.3
44,Guangdong,South,2025-07-01,eggs,99.8
44,Guangdong,South,2025-06-01,eggs,99.3
44,Guangdong,South,2025-05-01,eggs,99.6
44,Guangdong,South,2025-04-01,eggs,99.4
44,Guangdong,South,2025-03-01,eggs,97.9
44,Guangdong,South,2025-02-01,eggs,98.6
44,Guangdong,South,2025-01-01,eggs,99.9
44,Guangdong,South,2024-12-01,eggs,99.9
44,Guangdong,South,2024-11-01,eggs,99.7
44,Guangdong,South,2024-10-01,eggs,99.7
44,Guangdong,South,2024-09-01,eggs,101
44,Guangdong,South,2024-08-01,eggs,100.6
44,Guangdong,South,2024-07-01,eggs,101.3
44,Guangdong,South,2024-06-01,eggs,100.8
44,Guangdong,South,2024-05-01,eggs,100.5
44,Guangdong,South,2024-04-01,eggs,98.8
44,Guangdong,South,2024-03-01,eggs,97.9
44,Guangdong,South,2024-02-01,eggs,99.7
44,Guangdong,South,2024-01-01,eggs,99
44,Guangdong,South,2023-12-01,eggs,100
44,Guangdong,South,2023-11-01,eggs,98.6
44,Guangdong,South,2023-10-01,eggs,99.2
44,Guangdong,South,2023-09-01,eggs,102.3
44,Guangdong,South,2023-08-01,eggs,102.3
44,Guangdong,South,2023-07-01,eggs,99.8
44,Guangdong,South,2023-06-01,eggs,99.1
44,Guangdong,South,2023-05-01,eggs,99.7
44,Guangdong,South,2023-04-01,eggs,99.7
44,Guangdong,South,2023-03-01,eggs,99.2
44,Guangdong,South,2023-02-01,eggs,98.1
44,Guangdong,South,2023-01-01,eggs,100
44,Guangdong,South,2022-12-01,eggs,99.3
44,Guangdong,South,2022-11-01,eggs,102.1
44,Guangdong,South,2022-10-01,eggs,100.9
44,Guangdong,South,2022-09-01,eggs,104.1
44,Guangdong,South,2022-08-01,eggs,101
44,Guangdong,South,2022-07-01,eggs,99.6
44,Guangdong,South,2022-06-01,eggs,98.2
44,Guangdong,South,2022-05-01,eggs,101
44,Guangdong,South,2022-04-01,eggs,103.2
44,Guangdong,South,2022-03-01,eggs,99.3
44,Guangdong,South,2022-02-01,eggs,99.7
44,Guangdong,South,2022-01-01,eggs,99.3
44,Guangdong,South,2021-12-01,eggs,99.3
44,Guangdong,South,2021-11-01,eggs,100.5
44,Guangdong,South,2021-10-01,eggs,99
44,Guangdong,South,2021-09-01,eggs,100.8
44,Guangdong,South,2021-08-01,eggs,105.6
44,Guangdong,South,2021-07-01,eggs,100.3
44,Guangdong,South,2021-06-01,eggs,102.1
44,Guangdong,South,2021-05-01,eggs,101.2
44,Guangdong,South,2021-04-01,eggs,100
44,Guangdong,South,2021-03-01,eggs,97.3
44,Guangdong,South,2021-02-01,eggs,100.7
44,Guangdong,South,2021-01-01,eggs,105
44,Guangdong,South,2020-12-01,eggs,100.9
44,Guangdong,South,2020-11-01,eggs,98.7
44,Guangdong,South,2020-10-01,eggs,99.6
44,Guangdong,South,2020-09-01,eggs,100.3
44,Guangdong,South,2020-08-01,eggs,105.5
44,Guangdong,South,2020-07-01,eggs,100.2
44,Guangdong,South,2020-06-01,eggs,96.5
44,Guangdong,South,2020-05-01,eggs,97.5
44,Guangdong,South,2020-04-01,eggs,97.7
44,Guangdong,South,2020-03-01,eggs,96
44,Guangdong,South,2020-02-01,eggs,98.1
44,Guangdong,South,2020-01-01,eggs,98.4
44,Guangdong,South,2019-12-01,eggs,96.7
44,Guangdong,South,2019-11-01,eggs,99.6
44,Guangdong,South,2019-10-01,eggs,99.1
44,Guangdong,South,2019-09-01,eggs,106.3
44,Guangdong,South,2019-08-01,eggs,103.8
44,Guangdong,South,2019-07-01,eggs,101.6
44,Guangdong,South,2019-06-01,eggs,101.1
44,Guangdong,South,2019-05-01,eggs,104.5
44,Guangdong,South,2019-04-01,eggs,100.7
44,Guangdong,South,2019-03-01,eggs,96
44,Guangdong,South,2019-02-01,eggs,98.2
44,Guangdong,South,2019-01-01,eggs,99.9
44,Guangdong,South,2018-12-01,eggs,99.4
44,Guangdong,South,2018-11-01,eggs,98.9
44,Guangdong,South,2018-10-01,eggs,98.2
44,Guangdong,South,2018-09-01,eggs,102.9
44,Guangdong,South,2018-08-01,eggs,107.7
44,Guangdong,South,2018-07-01,eggs,100.7
44,Guangdong,South,2018-06-01,eggs,100.2
44,Guangdong,South,2018-05-01,eggs,100.3
44,Guangdong,South,2018-04-01,eggs,97
44,Guangdong,South,2018-03-01,eggs,95
44,Guangdong,South,2018-02-01,eggs,101.9
44,Guangdong,South,2018-01-01,eggs,101.1
44,Guangdong,South,2017-12-01,eggs,103.1
44,Guangdong,South,2017-11-01,eggs,100
44,Guangdong,South,2017-10-01,eggs,97.2
44,Guangdong,South,2017-09-01,eggs,105.7
44,Guangdong,South,2017-08-01,eggs,104.7
44,Guangdong,South,2017-07-01,eggs,104.1
44,Guangdong,South,2017-06-01,eggs,100.3
44,Guangdong,South,2017-05-01,eggs,98.7
44,Guangdong,South,2017-04-01,eggs,100.3
44,Guangdong,South,2017-03-01,eggs,96.5
44,Guangdong,South,2017-02-01,eggs,96.9
44,Guangdong,South,2017-01-01,eggs,99
44,Guangdong,South,2016-12-01,eggs,99.9
44,Guangdong,South,2016-11-01,eggs,99.6
44,Guangdong,South,2016-10-01,eggs,97.7
44,Guangdong,South,2016-09-01,eggs,103.7
44,Guangdong,South,2016-08-01,eggs,102
44,Guangdong,South,2016-07-01,eggs,99.3
44,Guangdong,South,2016-06-01,eggs,99.9
44,Guangdong,South,2016-05-01,eggs,99
44,Guangdong,South,2016-04-01,eggs,99.2
44,Guangdong,South,2016-03-01,eggs,95
44,Guangdong,South,2016-02-01,eggs,102
44,Guangdong,South,2016-01-01,eggs,101.3
44,Guangdong,South,2015-12-01,eggs,100.2
44,Guangdong,South,2015-11-01,eggs,98.4
44,Guangdong,South,2015-10-01,eggs,97.9
44,Guangdong,South,2015-09-01,eggs,102.1
44,Guangdong,South,2015-08-01,eggs,105
44,Guangdong,South,2015-07-01,eggs,100.5
44,Guangdong,South,2015-06-01,eggs,99.5
44,Guangdong,South,2015-05-01,eggs,98.2
44,Guangdong,South,2015-04-01,eggs,95.7
44,Guangdong,South,2015-03-01,eggs,97.3
44,Guangdong,South,2015-02-01,eggs,100
44,Guangdong,South,2015-01-01,eggs,98.8
44,Guangdong,South,2014-12-01,eggs,100.3
44,Guangdong,South,2014-11-01,eggs,98.7
44,Guangdong,South,2014-10-01,eggs,98.7
44,Guangdong,South,2014-09-01,eggs,103
44,Guangdong,South,2014-08-01,eggs,103.9
44,Guangdong,South,2014-07-01,eggs,101.3
44,Guangdong,South,2014-06-01,eggs,99.2
44,Guangdong,South,2014-05-01,eggs,106.2
44,Guangdong,South,2014-04-01,eggs,101.4
44,Guangdong,South,2014-03-01,eggs,98.8
44,Guangdong,South,2014-02-01,eggs,99.5
44,Guangdong,South,2014-01-01,eggs,100.7
44,Guangdong,South,2013-12-01,eggs,100.1
44,Guangdong,South,2013-11-01,eggs,98.4
44,Guangdong,South,2013-10-01,eggs,98.4
44,Guangdong,South,2013-09-01,eggs,101.9
44,Guangdong,South,2013-08-01,eggs,104.5
44,Guangdong,South,2013-07-01,eggs,101.3
44,Guangdong,South,2013-06-01,eggs,99.4
44,Guangdong,South,2013-05-01,eggs,98.7
44,Guangdong,South,2013-04-01,eggs,98.3
44,Guangdong,South,2013-03-01,eggs,96.3
44,Guangdong,South,2013-02-01,eggs,101
44,Guangdong,South,2013-01-01,eggs,101
44,Guangdong,South,2012-12-01,eggs,102.5
44,Guangdong,South,2012-11-01,eggs,99
44,Guangdong,South,2012-10-01,eggs,99.5
44,Guangdong,South,2012-09-01,eggs,104.6
44,Guangdong,South,2012-08-01,eggs,102.8
44,Guangdong,South,2012-07-01,eggs,99.6
44,Guangdong,South,2012-06-01,eggs,105.9
44,Guangdong,South,2012-05-01,eggs,99.6
44,Guangdong,South,2012-04-01,eggs,99
44,Guangdong,South,2012-03-01,eggs,98.1
44,Guangdong,South,2012-02-01,eggs,95.5
44,Guangdong,South,2012-01-01,eggs,99.5
45,Guangxi,South,2025-12-01,eggs,99.5
45,Guangxi,South,2025-11-01,eggs,99.3
45,Guangxi,South,2025-10-01,eggs,99.9
45,Guangxi,South,2025-09-01,eggs,100.9
45,Guangxi,South,2025-08-01,eggs,100.1
45,Guangxi,South,2025-07-01,eggs,99.6
45,Guangxi,South,2025-06-01,eggs,98.8
45,Guangxi,South,2025-05-01,eggs,99.8
45,Guangxi,South,2025-04-01,eggs,98.8
45,Guangxi,South,2025-03-01,eggs,98.5
45,Guangxi,South,2025-02-01,eggs,97.7
45,Guangxi,South,2025-01-01,eggs,99.7
45,Guangxi,South,2024-12-01,eggs,99.9
45,Guangxi,South,2024-11-01,eggs,99.6
45,Guangxi,South,2024-10-01,eggs,99.8
45,Guangxi,South,2024-09-01,eggs,100.9
45,Guangxi,South,2024-08-01,eggs,101.2
45,Guangxi,South,2024-07-01,eggs,100.9
45,Guangxi,South,2024-06-01,eggs,100.6
45,Guangxi,South,2024-05-01,eggs,100.7
45,Guangxi,South,2024-04-01,eggs,98.9
45,Guangxi,South,2024-03-01,eggs,97.8
45,Guangxi,South,2024-02-01,eggs,99.8
45,Guangxi,South,2024-01-01,eggs,99.2
45,Guangxi,South,2023-12-01,eggs,99.5
45,Guangxi,South,2023-11-01,eggs,97.7
45,Guangxi,South,2023-10-01,eggs,99.1
45,Guangxi,South,2023-09-01,eggs,102.1
45,Guangxi,South,2023-08-01,eggs,103.1
45,Guangxi,South,2023-07-01,eggs,99.4
45,Guangxi,South,2023-06-01,eggs,98.6
45,Guangxi,South,2023-05-01,eggs,99.2
45,Guangxi,South,2023-04-01,eggs,99.6
45,Guangxi,South,2023-03-01,eggs,99.5
45,Guangxi,South,2023-02-01,eggs,98.2
45,Guangxi,South,2023-01-01,eggs,98.2
45,Guangxi,South,2022-12-01,eggs,99.7
45,Guangxi,South,2022-11-01,eggs,102.1
45,Guangxi,South,2022-10-01,eggs,101.6
45,Guangxi,South,2022-09-01,eggs,103.4
45,Guangxi,South,2022-08-01,eggs,101.7
45,Guangxi,South,2022-07-01,eggs,99.6
45,Guangxi,South,2022-06-01,eggs,98.3
45,Guangxi,South,2022-05-01,eggs,101.8
45,Guangxi,South,2022-04-01,eggs,103.2
45,Guangxi,South,2022-03-01,eggs,99.5
45,Guangxi,South,2022-02-01,eggs,99.3
45,Guangxi,South,2022-01-01,eggs,99
45,Guangxi,South,2021-12-01,eggs,100.1
45,Guangxi,South,2021-11-01,eggs,100.7
45,Guangxi,South,2021-10-01,eggs,99.5
45,Guangxi,South,2021-09-01,eggs,100.5
45,Guangxi,South,2021-08-01,eggs,104.7
45,Guangxi,South,2021-07-01,eggs,100.6
45,Guangxi,South,2021-06-01,eggs,100.3
45,Guangxi,South,2021-05-01,eggs,101.1
45,Guangxi,South,2021-04-01,eggs,99.9
45,Guangxi,South,2021-03-01,eggs,97.9
45,Guangxi,South,2021-02-01,eggs,99.9
45,Guangxi,South,2021-01-01,eggs,104.9
45,Guangxi,South,2020-12-01,eggs,100.7
45,Guangxi,South,2020-11-01,eggs,98.8
45,Guangxi,South,2020-10-01,eggs,99.9
45,Guangxi,South,2020-09-01,eggs,100.1
45,Guangxi,South,2020-08-01,eggs,106.3
45,Guangxi,South,2020-07-01,eggs,101
45,Guangxi,South,2020-06-01,eggs,97.2
45,Guangxi,South,2020-05-01,eggs,97.5
45,Guangxi,South,2020-04-01,eggs,98
45,Guangxi,South,2020-03-01,eggs,96.9
45,Guangxi,South,2020-02-01,eggs,97.9
45,Guangxi,South,2020-01-01,eggs,96.8
45,Guangxi,South,2019-12-01,eggs,97.5
45,Guangxi,South,2019-11-01,eggs,99.8
45,Guangxi,South,2019-10-01,eggs,100.1
45,Guangxi,South,2019-09-01,eggs,103.5
45,Guangxi,South,2019-08-01,eggs,103.2
45,Guangxi,South,2019-07-01,eggs,102.2
45,Guangxi,South,2019-06-01,eggs,100.3
45,Guangxi,South,2019-05-01,eggs,105.1
45,Guangxi,South,2019-04-01,eggs,99.6
45,Guangxi,South,2019-03-01,eggs,97
45,Guangxi,South,2019-02-01,eggs,97.8
45,Guangxi,South,2019-01-01,eggs,99.8
45,Guangxi,South,2018-12-01,eggs,99.4
45,Guangxi,South,2018-11-01,eggs,99.4
45,Guangxi,South,2018-10-01,eggs,98.7
45,Guangxi,South,2018-09-01,eggs,102.4
45,Guangxi,South,2018-08-01,eggs,106.6
45,Guangxi,South,2018-07-01,eggs,100.9
45,Guangxi,South,2018-06-01,eggs,100.5
45,Guangxi,South,2018-05-01,eggs,100
45,Guangxi,South,2018-04-01,eggs,98.5
45,Guangxi,South,2018-03-01,eggs,96.4
45,Guangxi,South,2018-02-01,eggs,100.3
45,Guangxi,South,2018-01-01,eggs,100.9
45,Guangxi,South,2017-12-01,eggs,102.7
45,Guangxi,South,2017-11-01,eggs,100.4
45,Guangxi,South,2017-10-01,eggs,98.3
45,Guangxi,South,2017-09-01,eggs,105.6
45,Guangxi,South,2017-08-01,eggs,104.1
45,Guangxi,South,2017-07-01,eggs,103
45,Guangxi,South,2017-06-01,eggs,100.1
45,Guangxi,South,2017-05-01,eggs,99
45,Guangxi,South,2017-04-01,eggs,99.4
45,Guangxi,South,2017-03-01,eggs,96.5
45,Guangxi,South,2017-02-01,eggs,97.2
45,Guangxi,South,2017-01-01,eggs,99.1
45,Guangxi,South,2016-12-01,eggs,100.2
45,Guangxi,South,2016-11-01,eggs,98.7
45,Guangxi,South,2016-10-01,eggs,99.2
45,Guangxi,South,2016-09-01,eggs,102.9
45,Guangxi,South,2016-08-01,eggs,100.7
45,Guangxi,South,2016-07-01,eggs,99.2
45,Guangxi,South,2016-06-01,eggs,99.8
45,Guangxi,South,2016-05-01,eggs,99.8
45,Guangxi,South,2016-04-01,eggs,98.8
45,Guangxi,South,2016-03-01,eggs,98
45,Guangxi,South,2016-02-01,eggs,100.2
45,Guangxi,South,2016-01-01,eggs,99.6
45,Guangxi,South,2015-12-01,eggs,100.1
45,Guangxi,South,2015-11-01,eggs,98.4
45,Guangxi,South,2015-10-01,eggs,98.3
45,Guangxi,South,2015-09-01,eggs,101.6
45,Guangxi,South,2015-08-01,eggs,105.2
45,Guangxi,South,2015-07-01,eggs,100.2
45,Guangxi,South,2015-06-01,eggs,100
45,Guangxi,South,2015-05-01,eggs,98.7
45,Guangxi,South,2015-04-01,eggs,96.8
45,Guangxi,South,2015-03-01,eggs,97.6
45,Guangxi,South,2015-02-01,eggs,99.4
45,Guangxi,South,2015-01-01,eggs,98.9
45,Guangxi,South,2014-12-01,eggs,99.7
45,Guangxi,South,2014-11-01,eggs,99.1
45,Guangxi,South,2014-10-01,eggs,99.6
45,Guangxi,South,2014-09-01,eggs,103.4
45,Guangxi,South,2014-08-01,eggs,103.5
45,Guangxi,South,2014-07-01,eggs,101
45,Guangxi,South,2014-06-01,eggs,100.8
45,Guangxi,South,2014-05-01,eggs,103.8
45,Guangxi,South,2014-04-01,eggs,100.4
45,Guangxi,South,2014-03-01,eggs,98.4
45,Guangxi,South,2014-02-01,eggs,98.8
45,Guangxi,South,2014-01-01,eggs,100.7
45,Guangxi,South,2013-12-01,eggs,99.9
45,Guangxi,South,2013-11-01,eggs,99.6
45,Guangxi,South,2013-10-01,eggs,99.2
45,Guangxi,South,2013-09-01,eggs,102.2
45,Guangxi,South,2013-08-01,eggs,103.1
45,Guangxi,South,2013-07-01,eggs,100.2
45,Guangxi,South,2013-06-01,eggs,100
45,Guangxi,South,2013-05-01,eggs,99.5
45,Guangxi,South,2013-04-01,eggs,99.5
45,Guangxi,South,2013-03-01,eggs,97.6
45,Guangxi,South,2013-02-01,eggs,99.9
45,Guangxi,South,2013-01-01,eggs,101.8
45,Guangxi,South,2012-12-01,eggs,101.8
45,Guangxi,South,2012-11-01,eggs,100.2
45,Guangxi,South,2012-10-01,eggs,98.8
45,Guangxi,South,2012-09-01,eggs,105
45,Guangxi,South,2012-08-01,eggs,103.8
45,Guangxi,South,2012-07-01,eggs,99.8
45,Guangxi,South,2012-06-01,eggs,104.5
45,Guangxi,South,2012-05-01,eggs,98.3
45,Guangxi,South,2012-04-01,eggs,99.5
45,Guangxi,South,2012-03-01,eggs,98.6
45,Guangxi,South,2012-02-01,eggs,95.4
45,Guangxi,South,2012-01-01,eggs,98.8
52,Guizhou,West,2025-12-01,eggs,99.8
52,Guizhou,West,2025-11-01,eggs,99.6
52,Guizhou,West,2025-10-01,eggs,100.1
52,Guizhou,West,2025-09-01,eggs,100.6
52,Guizhou,West,2025-08-01,eggs,99.8
52,Guizhou,West,2025-07-01,eggs,99.8
52,Guizhou,West,2025-06-01,eggs,99.5
52,Guizhou,West,2025-05-01,eggs,99.8
52,Guizhou,West,2025-04-01,eggs,98.8
52,Guizhou,West,2025-03-01,eggs,97.7
52,Guizhou,West,2025-02-01,eggs,97.8
52,Guizhou,West,2025-01-01,eggs,99.9
52,Guizhou,West,2024-12-01,eggs,100.2
52,Guizhou,West,2024-11-01,eggs,100.2
52,Guizhou,West,2024-10-01,eggs,100.5
52,Guizhou,West,2024-09-01,eggs,101.5
52,Guizhou,West,2024-08-01,eggs,101.2
52,Guizhou,West,2024-07-01,eggs,101
52,Guizhou,West,2024-06-01,eggs,101.2
52,Guizhou,West,2024-05-01,eggs,101.9
52,Guizhou,West,2024-04-01,eggs,97.2
52,Guizhou,West,2024-03-01,eggs,96.9
52,Guizhou,West,2024-02-01,eggs,99.1
52,Guizhou,West,2024-01-01,eggs,99.8
52,Guizhou,West,2023-12-01,eggs,99.3
52,Guizhou,West,2023-11-01,eggs,98.2
52,Guizhou,West,2023-10-01,eggs,99.1
52,Guizhou,West,2023-09-01,eggs,101.6
52,Guizhou,West,2023-08-01,eggs,102.5
52,Guizhou,West,2023-07-01,eggs,100.6
52,Guizhou,West,2023-06-01,eggs,99.3
52,Guizhou,West,2023-05-01,eggs,100.2
52,Guizhou,West,2023-04-01,eggs,99.2
52,Guizhou,West,2023-03-01,eggs,97.2
52,Guizhou,West,2023-02-01,eggs,96.8
52,Guizhou,West,2023-01-01,eggs,100.1
52,Guizhou,West,2022-12-01,eggs,99.7
52,Guizhou,West,2022-11-01,eggs,101.4
52,Guizhou,West,2022-10-01,eggs,98.5
52,Guizhou,West,2022-09-01,eggs,111.4
52,Guizhou,West,2022-08-01,eggs,101.8
52,Guizhou,West,2022-07-01,eggs,99.7
52,Guizhou,West,2022-06-01,eggs,98
52,Guizhou,West,2022-05-01,eggs,102.1
52,Guizhou,West,2022-04-01,eggs,103.4
52,Guizhou,West,2022-03-01,eggs,96
52,Guizhou,West,2022-02-01,eggs,98.8
52,Guizhou,West,2022-01-01,eggs,99.6
52,Guizhou,West,2021-12-01,eggs,100.8
52,Guizhou,West,2021-11-01,eggs,102
52,Guizhou,West,2021-10-01,eggs,100.8
52,Guizhou,West,2021-09-01,eggs,100.7
52,Guizhou,West,2021-08-01,eggs,103.9
52,Guizhou,West,2021-07-01,eggs,99.9
52,Guizhou,West,2021-06-01,eggs,100.2
52,Guizhou,West,2021-05-01,eggs,100.3
52,Guizhou,West,2021-04-01,eggs,100.3
52,Guizhou,West,2021-03-01,eggs,95.5
52,Guizhou,West,2021-02-01,eggs,101
52,Guizhou,West,2021-01-01,eggs,103.1
52,Guizhou,West,2020-12-01,eggs,100.7
52,Guizhou,West,2020-11-01,eggs,98.1
52,Guizhou,West,2020-10-01,eggs,98.8
52,Guizhou,West,2020-09-01,eggs,100.8
52,Guizhou,West,2020-08-01,eggs,110.5
52,Guizhou,West,2020-07-01,eggs,101.7
52,Guizhou,West,2020-06-01,eggs,94.6
52,Guizhou,West,2020-05-01,eggs,94.4
52,Guizhou,West,2020-04-01,eggs,95.5
52,Guizhou,West,2020-03-01,eggs,96.1
52,Guizhou,West,2020-02-01,eggs,99
52,Guizhou,West,2020-01-01,eggs,97.5
52,Guizhou,West,2019-12-01,eggs,98.6
52,Guizhou,West,2019-11-01,eggs,100.7
52,Guizhou,West,2019-10-01,eggs,100.7
52,Guizhou,West,2019-09-01,eggs,105.4
52,Guizhou,West,2019-08-01,eggs,103.4
52,Guizhou,West,2019-07-01,eggs,102.9
52,Guizhou,West,2019-06-01,eggs,101.2
52,Guizhou,West,2019-05-01,eggs,103.4
52,Guizhou,West,2019-04-01,eggs,98.4
52,Guizhou,West,2019-03-01,eggs,94.9
52,Guizhou,West,2019-02-01,eggs,98.4
52,Guizhou,West,2019-01-01,eggs,100.2
52,Guizhou,West,2018-12-01,eggs,99.4
52,Guizhou,West,2018-11-01,eggs,99.9
52,Guizhou,West,2018-10-01,eggs,99.3
52,Guizhou,West,2018-09-01,eggs,103.9
52,Guizhou,West,2018-08-01,eggs,106.6
52,Guizhou,West,2018-07-01,eggs,100.7
52,Guizhou,West,2018-06-01,eggs,100.7
52,Guizhou,West,2018-05-01,eggs,100
52,Guizhou,West,2018-04-01,eggs,95.8
52,Guizhou,West,2018-03-01,eggs,95.6
52,Guizhou,West,2018-02-01,eggs,100.3
52,Guizhou,West,2018-01-01,eggs,101.9
52,Guizhou,West,2017-12-01,eggs,100.9
52,Guizhou,West,2017-11-01,eggs,100.8
52,Guizhou,West,2017-10-01,eggs,100.4
52,Guizhou,West,2017-09-01,eggs,108.5
52,Guizhou,West,2017-08-01,eggs,103.3
52,Guizhou,West,2017-07-01,eggs,103.3
52,Guizhou,West,2017-06-01,eggs,100.5
52,Guizhou,West,2017-05-01,eggs,98.9
52,Guizhou,West,2017-04-01,eggs,98.5
52,Guizhou,West,2017-03-01,eggs,94.8
52,Guizhou,West,2017-02-01,eggs,96.6
52,Guizhou,West,2017-01-01,eggs,99.3
52,Guizhou,West,2016-12-01,eggs,100.1
52,Guizhou,West,2016-11-01,eggs,99.5
52,Guizhou,West,2016-10-01,eggs,100.6
52,Guizhou,West,2016-09-01,eggs,102.1
52,Guizhou,West,2016-08-01,eggs,101.5
52,Guizhou,West,2016-07-01,eggs,98.8
52,Guizhou,West,2016-06-01,eggs,102.2
52,Guizhou,West,2016-05-01,eggs,99.2
52,Guizhou,West,2016-04-01,eggs,97
52,Guizhou,West,2016-03-01,eggs,95.8
52,Guizhou,West,2016-02-01,eggs,101
52,Guizhou,West,2016-01-01,eggs,100.8
52,Guizhou,West,2015-12-01,eggs,99.9
52,Guizhou,West,2015-11-01,eggs,98.4
52,Guizhou,West,2015-10-01,eggs,99.3
52,Guizhou,West,2015-09-01,eggs,101.7
52,Guizhou,West,2015-08-01,eggs,103.7
52,Guizhou,West,2015-07-01,eggs,99.9
52,Guizhou,West,2015-06-01,eggs,100
52,Guizhou,West,2015-05-01,eggs,99.3
52,Guizhou,West,2015-04-01,eggs,97
52,Guizhou,West,2015-03-01,eggs,98.2
52,Guizhou,West,2015-02-01,eggs,99.4
52,Guizhou,West,2015-01-01,eggs,98.4
52,Guizhou,West,2014-12-01,eggs,99.5
52,Guizhou,West,2014-11-01,eggs,100.2
52,Guizhou,West,2014-10-01,eggs,101.4
52,Guizhou,West,2014-09-01,eggs,102.3
52,Guizhou,West,2014-08-01,eggs,101.4
52,Guizhou,West,2014-07-01,eggs,99.3
52,Guizhou,West,2014-06-01,eggs,101.8
52,Guizhou,West,2014-05-01,eggs,104.4
52,Guizhou,West,2014-04-01,eggs,99.6
52,Guizhou,West,2014-03-01,eggs,98.7
52,Guizhou,West,2014-02-01,eggs,99.1
52,Guizhou,West,2014-01-01,eggs,100.5
52,Guizhou,West,2013-12-01,eggs,100.1
52,Guizhou,West,2013-11-01,eggs,99.2
52,Guizhou,West,2013-10-01,eggs,100.1
52,Guizhou,West,2013-09-01,eggs,102.2
52,Guizhou,West,2013-08-01,eggs,102.8
52,Guizhou,West,2013-07-01,eggs,99.8
52,Guizhou,West,2013-06-01,eggs,99.6
52,Guizhou,West,2013-05-01,eggs,98.9
52,Guizhou,West,2013-04-01,eggs,97.2
52,Guizhou,West,2013-03-01,eggs,96.8
52,Guizhou,West,2013-02-01,eggs,101
52,Guizhou,West,2013-01-01,eggs,101.2
52,Guizhou,West,2012-12-01,eggs,101.7
52,Guizhou,West,2012-11-01,eggs,101
52,Guizhou,West,2012-10-01,eggs,100.8
52,Guizhou,West,2012-09-01,eggs,105.7
52,Guizhou,West,2012-08-01,eggs,101.6
52,Guizhou,West,2012-07-01,eggs,99
52,Guizhou,West,2012-06-01,eggs,104.8
52,Guizhou,West,2012-05-01,eggs,97.9
52,Guizhou,West,2012-04-01,eggs,96.6
52,Guizhou,West,2012-03-01,eggs,95.6
52,Guizhou,West,2012-02-01,eggs,97.1
52,Guizhou,West,2012-01-01,eggs,100.2
46,Hainan,South,2025-12-01,eggs,99.9
46,Hainan,South,2025-11-01,eggs,99.4
46,Hainan,South,2025-10-01,eggs,100.4
46,Hainan,South,2025-09-01,eggs,101.6
46,Hainan,South,2025-08-01,eggs,100.4
46,Hainan,South,2025-07-01,eggs,100.4
46,Hainan,South,2025-06-01,eggs,98.9
46,Hainan,South,2025-05-01,eggs,98.1
46,Hainan,South,2025-04-01,eggs,98.6
46,Hainan,South,2025-03-01,eggs,99
46,Hainan,South,2025-02-01,eggs,98.3
46,Hainan,South,2025-01-01,eggs,99.6
46,Hainan,South,2024-12-01,eggs,100.7
46,Hainan,South,2024-11-01,eggs,100.1
46,Hainan,South,2024-10-01,eggs,101.3
46,Hainan,South,2024-09-01,eggs,102.1
46,Hainan,South,2024-08-01,eggs,101
46,Hainan,South,2024-07-01,eggs,101
46,Hainan,South,2024-06-01,eggs,100.4
46,Hainan,South,2024-05-01,eggs,99.2
46,Hainan,South,2024-04-01,eggs,96.6
46,Hainan,South,2024-03-01,eggs,97.2
46,Hainan,South,2024-02-01,eggs,100
46,Hainan,South,2024-01-01,eggs,99.9
46,Hainan,South,2023-12-01,eggs,99.5
46,Hainan,South,2023-11-01,eggs,100.1
46,Hainan,South,2023-10-01,eggs,100
46,Hainan,South,2023-09-01,eggs,100.3
46,Hainan,South,2023-08-01,eggs,100.7
46,Hainan,South,2023-07-01,eggs,99.8
46,Hainan,South,2023-06-01,eggs,99.9
46,Hainan,South,2023-05-01,eggs,100.4
46,Hainan,South,2023-04-01,eggs,100.5
46,Hainan,South,2023-03-01,eggs,98.5
46,Hainan,South,2023-02-01,eggs,98
46,Hainan,South,2023-01-01,eggs,100
46,Hainan,South,2022-12-01,eggs,101.3
46,Hainan,South,2022-11-01,eggs,103
46,Hainan,South,2022-10-01,eggs,101
46,Hainan,South,2022-09-01,eggs,101
46,Hainan,South,2022-08-01,eggs,102.9
46,Hainan,South,2022-07-01,eggs,101.1
46,Hainan,South,2022-06-01,eggs,100.7
46,Hainan,South,2022-05-01,eggs,100.4
46,Hainan,South,2022-04-01,eggs,100.7
46,Hainan,South,2022-03-01,eggs,98.8
46,Hainan,South,2022-02-01,eggs,100.2
46,Hainan,South,2022-01-01,eggs,99.2
46,Hainan,South,2021-12-01,eggs,99.7
46,Hainan,South,2021-11-01,eggs,102
46,Hainan,South,2021-10-01,eggs,99.9
46,Hainan,South,2021-09-01,eggs,100.4
46,Hainan,South,2021-08-01,eggs,103.5
46,Hainan,South,2021-07-01,eggs,100.3
46,Hainan,South,2021-06-01,eggs,99.9
46,Hainan,South,2021-05-01,eggs,100
46,Hainan,South,2021-04-01,eggs,100.2
46,Hainan,South,2021-03-01,eggs,97.6
46,Hainan,South,2021-02-01,eggs,100.3
46,Hainan,South,2021-01-01,eggs,104.3
46,Hainan,South,2020-12-01,eggs,100.2
46,Hainan,South,2020-11-01,eggs,99.5
46,Hainan,South,2020-10-01,eggs,99.5
46,Hainan,South,2020-09-01,eggs,99.9
46,Hainan,South,2020-08-01,eggs,104.9
46,Hainan,South,2020-07-01,eggs,99.1
46,Hainan,South,2020-06-01,eggs,95.7
46,Hainan,South,2020-05-01,eggs,95.8
46,Hainan,South,2020-04-01,eggs,99.3
46,Hainan,South,2020-03-01,eggs,97.9
46,Hainan,South,2020-02-01,eggs,99
46,Hainan,South,2020-01-01,eggs,97.6
46,Hainan,South,2019-12-01,eggs,98.7
46,Hainan,South,2019-11-01,eggs,101.7
46,Hainan,South,2019-10-01,eggs,101.6
46,Hainan,South,2019-09-01,eggs,103
46,Hainan,South,2019-08-01,eggs,100.8
46,Hainan,South,2019-07-01,eggs,100.4
46,Hainan,South,2019-06-01,eggs,102
46,Hainan,South,2019-05-01,eggs,102.8
46,Hainan,South,2019-04-01,eggs,98.3
46,Hainan,South,2019-03-01,eggs,97.4
46,Hainan,South,2019-02-01,eggs,99.4
46,Hainan,South,2019-01-01,eggs,100
46,Hainan,South,2018-12-01,eggs,99.6
46,Hainan,South,2018-11-01,eggs,100.3
46,Hainan,South,2018-10-01,eggs,100.4
46,Hainan,South,2018-09-01,eggs,102.1
46,Hainan,South,2018-08-01,eggs,103.6
46,Hainan,South,2018-07-01,eggs,99
46,Hainan,South,2018-06-01,eggs,102.9
46,Hainan,South,2018-05-01,eggs,99.9
46,Hainan,South,2018-04-01,eggs,97.5
46,Hainan,South,2018-03-01,eggs,97
46,Hainan,South,2018-02-01,eggs,102.2
46,Hainan,South,2018-01-01,eggs,100.6
46,Hainan,South,2017-12-01,eggs,103.9
46,Hainan,South,2017-11-01,eggs,101.1
46,Hainan,South,2017-10-01,eggs,100.3
46,Hainan,South,2017-09-01,eggs,101.7
46,Hainan,South,2017-08-01,eggs,103
46,Hainan,South,2017-07-01,eggs,103.6
46,Hainan,South,2017-06-01,eggs,98
46,Hainan,South,2017-05-01,eggs,98
46,Hainan,South,2017-04-01,eggs,96.8
46,Hainan,South,2017-03-01,eggs,98.3
46,Hainan,South,2017-02-01,eggs,99.3
46,Hainan,South,2017-01-01,eggs,98.5
46,Hainan,South,2016-12-01,eggs,99
46,Hainan,South,2016-11-01,eggs,99.9
46,Hainan,South,2016-10-01,eggs,100.1
46,Hainan,South,2016-09-01,eggs,102.2
46,Hainan,South,2016-08-01,eggs,99.8
46,Hainan,South,2016-07-01,eggs,99.3
46,Hainan,South,2016-06-01,eggs,100.6
46,Hainan,South,2016-05-01,eggs,100.2
46,Hainan,South,2016-04-01,eggs,99.5
46,Hainan,South,2016-03-01,eggs,99.6
46,Hainan,South,2016-02-01,eggs,99.7
46,Hainan,South,2016-01-01,eggs,98.6
46,Hainan,South,2015-12-01,eggs,99.8
46,Hainan,South,2015-11-01,eggs,99.7
46,Hainan,South,2015-10-01,eggs,100.6
46,Hainan,South,2015-09-01,eggs,101
46,Hainan,South,2015-08-01,eggs,104.7
46,Hainan,South,2015-07-01,eggs,100.4
46,Hainan,South,2015-06-01,eggs,98.7
46,Hainan,South,2015-05-01,eggs,96.8
46,Hainan,South,2015-04-01,eggs,96.6
46,Hainan,South,2015-03-01,eggs,96.9
46,Hainan,South,2015-02-01,eggs,99.8
46,Hainan,South,2015-01-01,eggs,100.7
46,Hainan,South,2014-12-01,eggs,99.6
46,Hainan,South,2014-11-01,eggs,100.2
46,Hainan,South,2014-10-01,eggs,100.4
46,Hainan,South,2014-09-01,eggs,100.6
46,Hainan,South,2014-08-01,eggs,102.9
46,Hainan,South,2014-07-01,eggs,101
46,Hainan,South,2014-06-01,eggs,100.9
46,Hainan,South,2014-05-01,eggs,101
46,Hainan,South,2014-04-01,eggs,99.9
46,Hainan,South,2014-03-01,eggs,99.6
46,Hainan,South,2014-02-01,eggs,99.6
46,Hainan,South,2014-01-01,eggs,99.9
46,Hainan,South,2013-12-01,eggs,100.5
46,Hainan,South,2013-11-01,eggs,100.2
46,Hainan,South,2013-10-01,eggs,100.2
46,Hainan,South,2013-09-01,eggs,100.7
46,Hainan,South,2013-08-01,eggs,100.6
46,Hainan,South,2013-07-01,eggs,100
46,Hainan,South,2013-06-01,eggs,100.1
46,Hainan,South,2013-05-01,eggs,100
46,Hainan,South,2013-04-01,eggs,100.8
46,Hainan,South,2013-03-01,eggs,98.4
46,Hainan,South,2013-02-01,eggs,100.1
46,Hainan,South,2013-01-01,eggs,100.8
46,Hainan,South,2012-12-01,eggs,99.4
46,Hainan,South,2012-11-01,eggs,99.6
46,Hainan,South,2012-10-01,eggs,99.8
46,Hainan,South,2012-09-01,eggs,102.4
46,Hainan,South,2012-08-01,eggs,100
46,Hainan,South,2012-07-01,eggs,100.4
46,Hainan,South,2012-06-01,eggs,102.8
46,Hainan,South,2012-05-01,eggs,98.6
46,Hainan,South,2012-04-01,eggs,99.1
46,Hainan,South,2012-03-01,eggs,99.3
46,Hainan,South,2012-02-01,eggs,99.3
46,Hainan,South,2012-01-01,eggs,99.8
13,Hebei,North,2025-12-01,eggs,100.1
13,Hebei,North,2025-11-01,eggs,98.6
13,Hebei,North,2025-10-01,eggs,96.1
13,Hebei,North,2025-09-01,eggs,103.6
13,Hebei,North,2025-08-01,eggs,101.8
13,Hebei,North,2025-07-01,eggs,100.7
13,Hebei,North,2025-06-01,eggs,96.2
13,Hebei,North,2025-05-01,eggs,98.6
13,Hebei,North,2025-04-01,eggs,100.6
13,Hebei,North,2025-03-01,eggs,98.2
13,Hebei,North,2025-02-01,eggs,92.3
13,Hebei,North,2025-01-01,eggs,98.6
13,Hebei,North,2024-12-01,eggs,100.6
13,Hebei,North,2024-11-01,eggs,99.7
13,Hebei,North,2024-10-01,eggs,97.1
13,Hebei,North,2024-09-01,eggs,101.5
13,Hebei,North,2024-08-01,eggs,103.9
13,Hebei,North,2024-07-01,eggs,103.9
13,Hebei,North,2024-06-01,eggs,101.2
13,Hebei,North,2024-05-01,eggs,104
13,Hebei,North,2024-04-01,eggs,98.2
13,Hebei,North,2024-03-01,eggs,96.5
13,Hebei,North,2024-02-01,eggs,96.1
13,Hebei,North,2024-01-01,eggs,98.1
13,Hebei,North,2023-12-01,eggs,99.9
13,Hebei,North,2023-11-01,eggs,98
13,Hebei,North,2023-10-01,eggs,94.8
13,Hebei,North,2023-09-01,eggs,102.6
13,Hebei,North,2023-08-01,eggs,108
13,Hebei,North,2023-07-01,eggs,100.2
13,Hebei,North,2023-06-01,eggs,96.7
13,Hebei,North,2023-05-01,eggs,98.2
13,Hebei,North,2023-04-01,eggs,100.1
13,Hebei,North,2023-03-01,eggs,102.2
13,Hebei,North,2023-02-01,eggs,96
13,Hebei,North,2023-01-01,eggs,97.9
13,Hebei,North,2022-12-01,eggs,95.7
13,Hebei,North,2022-11-01,eggs,101.7
13,Hebei,North,2022-10-01,eggs,103.4
13,Hebei,North,2022-09-01,eggs,104.4
13,Hebei,North,2022-08-01,eggs,104.4
13,Hebei,North,2022-07-01,eggs,101.4
13,Hebei,North,2022-06-01,eggs,94.9
13,Hebei,North,2022-05-01,eggs,99
13,Hebei,North,2022-04-01,eggs,107.1
13,Hebei,North,2022-03-01,eggs,102.8
13,Hebei,North,2022-02-01,eggs,95.5
13,Hebei,North,2022-01-01,eggs,98.7
13,Hebei,North,2021-12-01,eggs,96.6
13,Hebei,North,2021-11-01,eggs,104.2
13,Hebei,North,2021-10-01,eggs,97.8
13,Hebei,North,2021-09-01,eggs,99.5
13,Hebei,North,2021-08-01,eggs,107.5
13,Hebei,North,2021-07-01,eggs,100.7
13,Hebei,North,2021-06-01,eggs,98.7
13,Hebei,North,2021-05-01,eggs,103.7
13,Hebei,North,2021-04-01,eggs,104
13,Hebei,North,2021-03-01,eggs,96.5
13,Hebei,North,2021-02-01,eggs,92.4
13,Hebei,North,2021-01-01,eggs,111.5
13,Hebei,North,2020-12-01,eggs,104.5
13,Hebei,North,2020-11-01,eggs,99
13,Hebei,North,2020-10-01,eggs,96.5
13,Hebei,North,2020-09-01,eggs,101.6
13,Hebei,North,2020-08-01,eggs,107.1
13,Hebei,North,2020-07-01,eggs,106.1
13,Hebei,North,2020-06-01,eggs,97.1
13,Hebei,North,2020-05-01,eggs,94.7
13,Hebei,North,2020-04-01,eggs,101.2
13,Hebei,North,2020-03-01,eggs,96.9
13,Hebei,North,2020-02-01,eggs,90.4
13,Hebei,North,2020-01-01,eggs,96.5
13,Hebei,North,2019-12-01,eggs,94.7
13,Hebei,North,2019-11-01,eggs,98.8
13,Hebei,North,2019-10-01,eggs,98.3
13,Hebei,North,2019-09-01,eggs,106.5
13,Hebei,North,2019-08-01,eggs,104.5
13,Hebei,North,2019-07-01,eggs,106.5
13,Hebei,North,2019-06-01,eggs,95.5
13,Hebei,North,2019-05-01,eggs,106
13,Hebei,North,2019-04-01,eggs,105.1
13,Hebei,North,2019-03-01,eggs,96.8
13,Hebei,North,2019-02-01,eggs,92.7
13,Hebei,North,2019-01-01,eggs,100.8
13,Hebei,North,2018-12-01,eggs,99
13,Hebei,North,2018-11-01,eggs,99.7
13,Hebei,North,2018-10-01,eggs,96.3
13,Hebei,North,2018-09-01,eggs,101.3
13,Hebei,North,2018-08-01,eggs,111.4
13,Hebei,North,2018-07-01,eggs,100.9
13,Hebei,North,2018-06-01,eggs,99.2
13,Hebei,North,2018-05-01,eggs,101.7
13,Hebei,North,2018-04-01,eggs,99.5
13,Hebei,North,2018-03-01,eggs,88.3
13,Hebei,North,2018-02-01,eggs,101.1
13,Hebei,North,2018-01-01,eggs,100.5
13,Hebei,North,2017-12-01,eggs,105.8
13,Hebei,North,2017-11-01,eggs,104.4
13,Hebei,North,2017-10-01,eggs,93.1
13,Hebei,North,2017-09-01,eggs,104.5
13,Hebei,North,2017-08-01,eggs,115.1
13,Hebei,North,2017-07-01,eggs,103.1
13,Hebei,North,2017-06-01,eggs,108.3
13,Hebei,North,2017-05-01,eggs,94.9
13,Hebei,North,2017-04-01,eggs,100.8
13,Hebei,North,2017-03-01,eggs,98.2
13,Hebei,North,2017-02-01,eggs,91.7
13,Hebei,North,2017-01-01,eggs,97.7
13,Hebei,North,2016-12-01,eggs,97.8
13,Hebei,North,2016-11-01,eggs,100.4
13,Hebei,North,2016-10-01,eggs,93.8
13,Hebei,North,2016-09-01,eggs,106.1
13,Hebei,North,2016-08-01,eggs,103.9
13,Hebei,North,2016-07-01,eggs,99.2
13,Hebei,North,2016-06-01,eggs,98.1
13,Hebei,North,2016-05-01,eggs,100.4
13,Hebei,North,2016-04-01,eggs,100.1
13,Hebei,North,2016-03-01,eggs,90.9
13,Hebei,North,2016-02-01,eggs,98.3
13,Hebei,North,2016-01-01,eggs,105.3
13,Hebei,North,2015-12-01,eggs,102.5
13,Hebei,North,2015-11-01,eggs,99.9
13,Hebei,North,2015-10-01,eggs,89.5
13,Hebei,North,2015-09-01,eggs,101.6
13,Hebei,North,2015-08-01,eggs,112.3
13,Hebei,North,2015-07-01,eggs,103.5
13,Hebei,North,2015-06-01,eggs,96.8
13,Hebei,North,2015-05-01,eggs,98.5
13,Hebei,North,2015-04-01,eggs,94.5
13,Hebei,North,2015-03-01,eggs,89.9
13,Hebei,North,2015-02-01,eggs,101.1
13,Hebei,North,2015-01-01,eggs,94.4
13,Hebei,North,2014-12-01,eggs,98.7
13,Hebei,North,2014-11-01,eggs,99.3
13,Hebei,North,2014-10-01,eggs,95.2
13,Hebei,North,2014-09-01,eggs,100.3
13,Hebei,North,2014-08-01,eggs,106.8
13,Hebei,North,2014-07-01,eggs,107.2
13,Hebei,North,2014-06-01,eggs,93.3
13,Hebei,North,2014-05-01,eggs,111.3
13,Hebei,North,2014-04-01,eggs,106.7
13,Hebei,North,2014-03-01,eggs,100.6
13,Hebei,North,2014-02-01,eggs,95.5
13,Hebei,North,2014-01-01,eggs,103
13,Hebei,North,2013-12-01,eggs,102.1
13,Hebei,North,2013-11-01,eggs,99.2
13,Hebei,North,2013-10-01,eggs,90.4
13,Hebei,North,2013-09-01,eggs,109
13,Hebei,North,2013-08-01,eggs,107.8
13,Hebei,North,2013-07-01,eggs,98.5
13,Hebei,North,2013-06-01,eggs,99.8
13,Hebei,North,2013-05-01,eggs,100.2
13,Hebei,North,2013-04-01,eggs,97.5
13,Hebei,North,2013-03-01,eggs,90.4
13,Hebei,North,2013-02-01,eggs,98.6
13,Hebei,North,2013-01-01,eggs,101.2
13,Hebei,North,2012-12-01,eggs,104
13,Hebei,North,2012-11-01,eggs,101
13,Hebei,North,2012-10-01,eggs,94
13,Hebei,North,2012-09-01,eggs,104.9
13,Hebei,North,2012-08-01,eggs,110.7
13,Hebei,North,2012-07-01,eggs,95.7
13,Hebei,North,2012-06-01,eggs,114.6
13,Hebei,North,2012-05-01,eggs,99.9
13,Hebei,North,2012-04-01,eggs,98.5
13,Hebei,North,2012-03-01,eggs,101.9
13,Hebei,North,2012-02-01,eggs,90.6
13,Hebei,North,2012-01-01,eggs,98.1
23,Heilongjiang,Northeast,2025-12-01,eggs,98.3
23,Heilongjiang,Northeast,2025-11-01,eggs,97.8
23,Heilongjiang,Northeast,2025-10-01,eggs,96.9
23,Heilongjiang,Northeast,2025-09-01,eggs,101.3
23,Heilongjiang,Northeast,2025-08-01,eggs,106.5
23,Heilongjiang,Northeast,2025-07-01,eggs,99.1
23,Heilongjiang,Northeast,2025-06-01,eggs,93.4
23,Heilongjiang,Northeast,2025-05-01,eggs,101
23,Heilongjiang,Northeast,2025-04-01,eggs,99.1
23,Heilongjiang,Northeast,2025-03-01,eggs,99.4
23,Heilongjiang,Northeast,2025-02-01,eggs,92.5
23,Heilongjiang,Northeast,2025-01-01,eggs,99.4
23,Heilongjiang,Northeast,2024-12-01,eggs,99.4
23,Heilongjiang,Northeast,2024-11-01,eggs,97.6
23,Heilongjiang,Northeast,2024-10-01,eggs,96.3
23,Heilongjiang,Northeast,2024-09-01,eggs,104
23,Heilongjiang,Northeast,2024-08-01,eggs,106.7
23,Heilongjiang,Northeast,2024-07-01,eggs,100.8
23,Heilongjiang,Northeast,2024-06-01,eggs,99.9
23,Heilongjiang,Northeast,2024-05-01,eggs,105.6
23,Heilongjiang,Northeast,2024-04-01,eggs,97.3
23,Heilongjiang,Northeast,2024-03-01,eggs,98.7
23,Heilongjiang,Northeast,2024-02-01,eggs,97.3
23,Heilongjiang,Northeast,2024-01-01,eggs,97.8
23,Heilongjiang,Northeast,2023-12-01,eggs,97.9
23,Heilongjiang,Northeast,2023-11-01,eggs,96
23,Heilongjiang,Northeast,2023-10-01,eggs,94.8
23,Heilongjiang,Northeast,2023-09-01,eggs,102.6
23,Heilongjiang,Northeast,2023-08-01,eggs,110.7
23,Heilongjiang,Northeast,2023-07-01,eggs,95.8
23,Heilongjiang,Northeast,2023-06-01,eggs,98.9
23,Heilongjiang,Northeast,2023-05-01,eggs,99.7
23,Heilongjiang,Northeast,2023-04-01,eggs,100.5
23,Heilongjiang,Northeast,2023-03-01,eggs,102.5
23,Heilongjiang,Northeast,2023-02-01,eggs,96.9
23,Heilongjiang,Northeast,2023-01-01,eggs,94.6
23,Heilongjiang,Northeast,2022-12-01,eggs,95.9
23,Heilongjiang,Northeast,2022-11-01,eggs,100.3
23,Heilongjiang,Northeast,2022-10-01,eggs,102.8
23,Heilongjiang,Northeast,2022-09-01,eggs,106.6
23,Heilongjiang,Northeast,2022-08-01,eggs,108.3
23,Heilongjiang,Northeast,2022-07-01,eggs,97.9
23,Heilongjiang,Northeast,2022-06-01,eggs,95.8
23,Heilongjiang,Northeast,2022-05-01,eggs,101.9
23,Heilongjiang,Northeast,2022-04-01,eggs,104.4
23,Heilongjiang,Northeast,2022-03-01,eggs,105.7
23,Heilongjiang,Northeast,2022-02-01,eggs,94.7
23,Heilongjiang,Northeast,2022-01-01,eggs,96.6
23,Heilongjiang,Northeast,2021-12-01,eggs,97.3
23,Heilongjiang,Northeast,2021-11-01,eggs,102.9
23,Heilongjiang,Northeast,2021-10-01,eggs,97.8
23,Heilongjiang,Northeast,2021-09-01,eggs,99.8
23,Heilongjiang,Northeast,2021-08-01,eggs,113
23,Heilongjiang,Northeast,2021-07-01,eggs,99.2
23,Heilongjiang,Northeast,2021-06-01,eggs,98.5
23,Heilongjiang,Northeast,2021-05-01,eggs,106.2
23,Heilongjiang,Northeast,2021-04-01,eggs,101.8
23,Heilongjiang,Northeast,2021-03-01,eggs,96.3
23,Heilongjiang,Northeast,2021-02-01,eggs,89.6
23,Heilongjiang,Northeast,2021-01-01,eggs,117.9
23,Heilongjiang,Northeast,2020-12-01,eggs,102.6
23,Heilongjiang,Northeast,2020-11-01,eggs,98.2
23,Heilongjiang,Northeast,2020-10-01,eggs,96.8
23,Heilongjiang,Northeast,2020-09-01,eggs,101.8
23,Heilongjiang,Northeast,2020-08-01,eggs,115.4
23,Heilongjiang,Northeast,2020-07-01,eggs,97.9
23,Heilongjiang,Northeast,2020-06-01,eggs,96.6
23,Heilongjiang,Northeast,2020-05-01,eggs,96.5
23,Heilongjiang,Northeast,2020-04-01,eggs,97.3
23,Heilongjiang,Northeast,2020-03-01,eggs,93.9
23,Heilongjiang,Northeast,2020-02-01,eggs,97
23,Heilongjiang,Northeast,2020-01-01,eggs,95.8
23,Heilongjiang,Northeast,2019-12-01,eggs,92.3
23,Heilongjiang,Northeast,2019-11-01,eggs,99.6
23,Heilongjiang,Northeast,2019-10-01,eggs,99
23,Heilongjiang,Northeast,2019-09-01,eggs,108.8
23,Heilongjiang,Northeast,2019-08-01,eggs,106.6
23,Heilongjiang,Northeast,2019-07-01,eggs,100.2
23,Heilongjiang,Northeast,2019-06-01,eggs,97.4
23,Heilongjiang,Northeast,2019-05-01,eggs,109.4
23,Heilongjiang,Northeast,2019-04-01,eggs,103.9
23,Heilongjiang,Northeast,2019-03-01,eggs,95.3
23,Heilongjiang,Northeast,2019-02-01,eggs,94.8
23,Heilongjiang,Northeast,2019-01-01,eggs,99.6
23,Heilongjiang,Northeast,2018-12-01,eggs,97.6
23,Heilongjiang,Northeast,2018-11-01,eggs,99.1
23,Heilongjiang,Northeast,2018-10-01,eggs,95.8
23,Heilongjiang,Northeast,2018-09-01,eggs,101
23,Heilongjiang,Northeast,2018-08-01,eggs,115.2
23,Heilongjiang,Northeast,2018-07-01,eggs,96.8
23,Heilongjiang,Northeast,2018-06-01,eggs,100.5
23,Heilongjiang,Northeast,2018-05-01,eggs,105.1
23,Heilongjiang,Northeast,2018-04-01,eggs,95.2
23,Heilongjiang,Northeast,2018-03-01,eggs,93
23,Heilongjiang,Northeast,2018-02-01,eggs,101.4
23,Heilongjiang,Northeast,2018-01-01,eggs,100.9
23,Heilongjiang,Northeast,2017-12-01,eggs,102.4
23,Heilongjiang,Northeast,2017-11-01,eggs,99.6
23,Heilongjiang,Northeast,2017-10-01,eggs,96
23,Heilongjiang,Northeast,2017-09-01,eggs,104.7
23,Heilongjiang,Northeast,2017-08-01,eggs,119.1
23,Heilongjiang,Northeast,2017-07-01,eggs,99.4
23,Heilongjiang,Northeast,2017-06-01,eggs,102.4
23,Heilongjiang,Northeast,2017-05-01,eggs,98.1
23,Heilongjiang,Northeast,2017-04-01,eggs,99.8
23,Heilongjiang,Northeast,2017-03-01,eggs,98.2
23,Heilongjiang,Northeast,2017-02-01,eggs,93.3
23,Heilongjiang,Northeast,2017-01-01,eggs,96.6
23,Heilongjiang,Northeast,2016-12-01,eggs,97.1
23,Heilongjiang,Northeast,2016-11-01,eggs,98.3
23,Heilongjiang,Northeast,2016-10-01,eggs,94.7
23,Heilongjiang,Northeast,2016-09-01,eggs,106.1
23,Heilongjiang,Northeast,2016-08-01,eggs,105.5
23,Heilongjiang,Northeast,2016-07-01,eggs,95.7
23,Heilongjiang,Northeast,2016-06-01,eggs,98.1
23,Heilongjiang,Northeast,2016-05-01,eggs,103.7
23,Heilongjiang,Northeast,2016-04-01,eggs,98.8
23,Heilongjiang,Northeast,2016-03-01,eggs,93.5
23,Heilongjiang,Northeast,2016-02-01,eggs,100.1
23,Heilongjiang,Northeast,2016-01-01,eggs,103.1
23,Heilongjiang,Northeast,2015-12-01,eggs,102.2
23,Heilongjiang,Northeast,2015-11-01,eggs,99.3
23,Heilongjiang,Northeast,2015-10-01,eggs,86.7
23,Heilongjiang,Northeast,2015-09-01,eggs,105.2
23,Heilongjiang,Northeast,2015-08-01,eggs,118.5
23,Heilongjiang,Northeast,2015-07-01,eggs,97
23,Heilongjiang,Northeast,2015-06-01,eggs,98.7
23,Heilongjiang,Northeast,2015-05-01,eggs,101.5
23,Heilongjiang,Northeast,2015-04-01,eggs,94.2
23,Heilongjiang,Northeast,2015-03-01,eggs,92.6
23,Heilongjiang,Northeast,2015-02-01,eggs,98.6
23,Heilongjiang,Northeast,2015-01-01,eggs,94
23,Heilongjiang,Northeast,2014-12-01,eggs,96.1
23,Heilongjiang,Northeast,2014-11-01,eggs,96.2
23,Heilongjiang,Northeast,2014-10-01,eggs,96
23,Heilongjiang,Northeast,2014-09-01,eggs,104
23,Heilongjiang,Northeast,2014-08-01,eggs,107.7
23,Heilongjiang,Northeast,2014-07-01,eggs,110.4
23,Heilongjiang,Northeast,2014-06-01,eggs,88.8
23,Heilongjiang,Northeast,2014-05-01,eggs,118.1
23,Heilongjiang,Northeast,2014-04-01,eggs,103.8
23,Heilongjiang,Northeast,2014-03-01,eggs,105.5
23,Heilongjiang,Northeast,2014-02-01,eggs,95.2
23,Heilongjiang,Northeast,2014-01-01,eggs,98.3
23,Heilongjiang,Northeast,2013-12-01,eggs,96.1
23,Heilongjiang,Northeast,2013-11-01,eggs,98.1
23,Heilongjiang,Northeast,2013-10-01,eggs,90.3
23,Heilongjiang,Northeast,2013-09-01,eggs,113.6
23,Heilongjiang,Northeast,2013-08-01,eggs,112.5
23,Heilongjiang,Northeast,2013-07-01,eggs,92.6
23,Heilongjiang,Northeast,2013-06-01,eggs,96
23,Heilongjiang,Northeast,2013-05-01,eggs,107.4
23,Heilongjiang,Northeast,2013-04-01,eggs,93.7
23,Heilongjiang,Northeast,2013-03-01,eggs,91.5
23,Heilongjiang,Northeast,2013-02-01,eggs,99.9
23,Heilongjiang,Northeast,2013-01-01,eggs,99.8
23,Heilongjiang,Northeast,2012-12-01,eggs,101.4
23,Heilongjiang,Northeast,2012-11-01,eggs,99.2
23,Heilongjiang,Northeast,2012-10-01,eggs,92
23,Heilongjiang,Northeast,2012-09-01,eggs,107.6
23,Heilongjiang,Northeast,2012-08-01,eggs,120.7
23,Heilongjiang,Northeast,2012-07-01,eggs,90.9
23,Heilongjiang,Northeast,2012-06-01,eggs,117
23,Heilongjiang,Northeast,2012-05-01,eggs,102.9
23,Heilongjiang,Northeast,2012-04-01,eggs,98.1
23,Heilongjiang,Northeast,2012-03-01,eggs,99.7
23,Heilongjiang,Northeast,2012-02-01,eggs,89.2
23,Heilongjiang,Northeast,2012-01-01,eggs,98.4
41,Henan,Central,2025-12-01,eggs,100.2
41,Henan,Central,2025-11-01,eggs,96.3
41,Henan,Central,2025-10-01,eggs,95.6
41,Henan,Central,2025-09-01,eggs,107
41,Henan,Central,2025-08-01,eggs,101.2
41,Henan,Central,2025-07-01,eggs,99.3
41,Henan,Central,2025-06-01,eggs,95.7
41,Henan,Central,2025-05-01,eggs,98.9
41,Henan,Central,2025-04-01,eggs,99.1
41,Henan,Central,2025-03-01,eggs,95.4
41,Henan,Central,2025-02-01,eggs,89.4
41,Henan,Central,2025-01-01,eggs,99
41,Henan,Central,2024-12-01,eggs,101.1
41,Henan,Central,2024-11-01,eggs,98.7
41,Henan,Central,2024-10-01,eggs,95.9
41,Henan,Central,2024-09-01,eggs,103.3
41,Henan,Central,2024-08-01,eggs,103.5
41,Henan,Central,2024-07-01,eggs,107.1
41,Henan,Central,2024-06-01,eggs,102.5
41,Henan,Central,2024-05-01,eggs,104.8
41,Henan,Central,2024-04-01,eggs,97.4
41,Henan,Central,2024-03-01,eggs,93.3
41,Henan,Central,2024-02-01,eggs,96.7
41,Henan,Central,2024-01-01,eggs,97.6
41,Henan,Central,2023-12-01,eggs,100.1
41,Henan,Central,2023-11-01,eggs,96.9
41,Henan,Central,2023-10-01,eggs,93.4
41,Henan,Central,2023-09-01,eggs,104
41,Henan,Central,2023-08-01,eggs,111.7
41,Henan,Central,2023-07-01,eggs,99.1
41,Henan,Central,2023-06-01,eggs,96
41,Henan,Central,2023-05-01,eggs,97.6
41,Henan,Central,2023-04-01,eggs,99.9
41,Henan,Central,2023-03-01,eggs,100.7
41,Henan,Central,2023-02-01,eggs,93
41,Henan,Central,2023-01-01,eggs,97.7
41,Henan,Central,2022-12-01,eggs,96.6
41,Henan,Central,2022-11-01,eggs,101.2
41,Henan,Central,2022-10-01,eggs,103.9
41,Henan,Central,2022-09-01,eggs,106.2
41,Henan,Central,2022-08-01,eggs,103.3
41,Henan,Central,2022-07-01,eggs,101.7
41,Henan,Central,2022-06-01,eggs,93.9
41,Henan,Central,2022-05-01,eggs,102.8
41,Henan,Central,2022-04-01,eggs,108.5
41,Henan,Central,2022-03-01,eggs,99.2
41,Henan,Central,2022-02-01,eggs,94.3
41,Henan,Central,2022-01-01,eggs,100.1
41,Henan,Central,2021-12-01,eggs,97.4
41,Henan,Central,2021-11-01,eggs,103.5
41,Henan,Central,2021-10-01,eggs,97.2
41,Henan,Central,2021-09-01,eggs,98.2
41,Henan,Central,2021-08-01,eggs,109.3
41,Henan,Central,2021-07-01,eggs,102.1
41,Henan,Central,2021-06-01,eggs,98.8
41,Henan,Central,2021-05-01,eggs,103.6
41,Henan,Central,2021-04-01,eggs,103
41,Henan,Central,2021-03-01,eggs,95.6
41,Henan,Central,2021-02-01,eggs,92.7
41,Henan,Central,2021-01-01,eggs,113.5
41,Henan,Central,2020-12-01,eggs,105.8
41,Henan,Central,2020-11-01,eggs,97.7
41,Henan,Central,2020-10-01,eggs,97.6
41,Henan,Central,2020-09-01,eggs,102.1
41,Henan,Central,2020-08-01,eggs,112.6
41,Henan,Central,2020-07-01,eggs,105.4
41,Henan,Central,2020-06-01,eggs,95.7
41,Henan,Central,2020-05-01,eggs,92.2
41,Henan,Central,2020-04-01,eggs,97.9
41,Henan,Central,2020-03-01,eggs,94.2
41,Henan,Central,2020-02-01,eggs,89.4
41,Henan,Central,2020-01-01,eggs,98.1
41,Henan,Central,2019-12-01,eggs,93.8
41,Henan,Central,2019-11-01,eggs,98
41,Henan,Central,2019-10-01,eggs,97.1
41,Henan,Central,2019-09-01,eggs,109
41,Henan,Central,2019-08-01,eggs,107.4
41,Henan,Central,2019-07-01,eggs,108
41,Henan,Central,2019-06-01,eggs,94.6
41,Henan,Central,2019-05-01,eggs,110.6
41,Henan,Central,2019-04-01,eggs,106.7
41,Henan,Central,2019-03-01,eggs,90.6
41,Henan,Central,2019-02-01,eggs,91.7
41,Henan,Central,2019-01-01,eggs,102.3
41,Henan,Central,2018-12-01,eggs,98.3
41,Henan,Central,2018-11-01,eggs,100.1
41,Henan,Central,2018-10-01,eggs,93.8
41,Henan,Central,2018-09-01,eggs,102
41,Henan,Central,2018-08-01,eggs,120.2
41,Henan,Central,2018-07-01,eggs,99.9
41,Henan,Central,2018-06-01,eggs,99.7
41,Henan,Central,2018-05-01,eggs,102.4
41,Henan,Central,2018-04-01,eggs,97.3
41,Henan,Central,2018-03-01,eggs,86.6
41,Henan,Central,2018-02-01,eggs,100.3
41,Henan,Central,2018-01-01,eggs,100
41,Henan,Central,2017-12-01,eggs,107.1
41,Henan,Central,2017-11-01,eggs,104.7
41,Henan,Central,2017-10-01,eggs,91.7
41,Henan,Central,2017-09-01,eggs,104.7
41,Henan,Central,2017-08-01,eggs,126.8
41,Henan,Central,2017-07-01,eggs,100.3
41,Henan,Central,2017-06-01,eggs,115.8
41,Henan,Central,2017-05-01,eggs,93.3
41,Henan,Central,2017-04-01,eggs,96.7
41,Henan,Central,2017-03-01,eggs,96.5
41,Henan,Central,2017-02-01,eggs,88
41,Henan,Central,2017-01-01,eggs,97.8
41,Henan,Central,2016-12-01,eggs,98.1
41,Henan,Central,2016-11-01,eggs,98.8
41,Henan,Central,2016-10-01,eggs,93.3
41,Henan,Central,2016-09-01,eggs,106.8
41,Henan,Central,2016-08-01,eggs,107.7
41,Henan,Central,2016-07-01,eggs,98.6
41,Henan,Central,2016-06-01,eggs,98.2
41,Henan,Central,2016-05-01,eggs,100
41,Henan,Central,2016-04-01,eggs,99.2
41,Henan,Central,2016-03-01,eggs,88.2
41,Henan,Central,2016-02-01,eggs,97.9
41,Henan,Central,2016-01-01,eggs,107.4
41,Henan,Central,2015-12-01,eggs,103.7
41,Henan,Central,2015-11-01,eggs,100.4
41,Henan,Central,2015-10-01,eggs,86
41,Henan,Central,2015-09-01,eggs,103.3
41,Henan,Central,2015-08-01,eggs,119.9
41,Henan,Central,2015-07-01,eggs,102.2
41,Henan,Central,2015-06-01,eggs,96.7
41,Henan,Central,2015-05-01,eggs,98.3
41,Henan,Central,2015-04-01,eggs,91.7
41,Henan,Central,2015-03-01,eggs,88.9
41,Henan,Central,2015-02-01,eggs,99.9
41,Henan,Central,2015-01-01,eggs,94.6
41,Henan,Central,2014-12-01,eggs,97
41,Henan,Central,2014-11-01,eggs,98.8
41,Henan,Central,2014-10-01,eggs,94
41,Henan,Central,2014-09-01,eggs,99.8
41,Henan,Central,2014-08-01,eggs,109.7
41,Henan,Central,2014-07-01,eggs,107.5
41,Henan,Central,2014-06-01,eggs,93.9
41,Henan,Central,2014-05-01,eggs,113.2
41,Henan,Central,2014-04-01,eggs,107.3
41,Henan,Central,2014-03-01,eggs,99.7
41,Henan,Central,2014-02-01,eggs,94.5
41,Henan,Central,2014-01-01,eggs,103.2
41,Henan,Central,2013-12-01,eggs,103.1
41,Henan,Central,2013-11-01,eggs,98.5
41,Henan,Central,2013-10-01,eggs,87.9
41,Henan,Central,2013-09-01,eggs,109.8
41,Henan,Central,2013-08-01,eggs,112.2
41,Henan,Central,2013-07-01,eggs,97.7
41,Henan,Central,2013-06-01,eggs,100.9
41,Henan,Central,2013-05-01,eggs,98.1
41,Henan,Central,2013-04-01,eggs,96.2
41,Henan,Central,2013-03-01,eggs,88.5
41,Henan,Central,2013-02-01,eggs,98.6
41,Henan,Central,2013-01-01,eggs,101.9
41,Henan,Central,2012-12-01,eggs,105.5
41,Henan,Central,2012-11-01,eggs,100
41,Henan,Central,2012-10-01,eggs,93
41,Henan,Central,2012-09-01,eggs,105.6
41,Henan,Central,2012-08-01,eggs,112.2
41,Henan,Central,2012-07-01,eggs,99.7
41,Henan,Central,2012-06-01,eggs,114.4
41,Henan,Central,2012-05-01,eggs,103.2
41,Henan,Central,2012-04-01,eggs,98.5
41,Henan,Central,2012-03-01,eggs,97.2
41,Henan,Central,2012-02-01,eggs,86.6
41,Henan,Central,2012-01-01,eggs,98.1
42,Hubei,Central,2025-12-01,eggs,98.8
42,Hubei,Central,2025-11-01,eggs,99.2
42,Hubei,Central,2025-10-01,eggs,100
42,Hubei,Central,2025-09-01,eggs,101.1
42,Hubei,Central,2025-08-01,eggs,100.6
42,Hubei,Central,2025-07-01,eggs,99.1
42,Hubei,Central,2025-06-01,eggs,98.5
42,Hubei,Central,2025-05-01,eggs,99.5
42,Hubei,Central,2025-04-01,eggs,99.2
42,Hubei,Central,2025-03-01,eggs,97.8
42,Hubei,Central,2025-02-01,eggs,98.4
42,Hubei,Central,2025-01-01,eggs,99.8
42,Hubei,Central,2024-12-01,eggs,100.4
42,Hubei,Central,2024-11-01,eggs,99.1
42,Hubei,Central,2024-10-01,eggs,99.7
42,Hubei,Central,2024-09-01,eggs,101
42,Hubei,Central,2024-08-01,eggs,100.9
42,Hubei,Central,2024-07-01,eggs,102.8
42,Hubei,Central,2024-06-01,eggs,100.4
42,Hubei,Central,2024-05-01,eggs,101.2
42,Hubei,Central,2024-04-01,eggs,98.7
42,Hubei,Central,2024-03-01,eggs,97.3
42,Hubei,Central,2024-02-01,eggs,98.9
42,Hubei,Central,2024-01-01,eggs,99.4
42,Hubei,Central,2023-12-01,eggs,100
42,Hubei,Central,2023-11-01,eggs,97.3
42,Hubei,Central,2023-10-01,eggs,99.1
42,Hubei,Central,2023-09-01,eggs,102.2
42,Hubei,Central,2023-08-01,eggs,102.9
42,Hubei,Central,2023-07-01,eggs,100.1
42,Hubei,Central,2023-06-01,eggs,99
42,Hubei,Central,2023-05-01,eggs,99.6
42,Hubei,Central,2023-04-01,eggs,99.7
42,Hubei,Central,2023-03-01,eggs,99.6
42,Hubei,Central,2023-02-01,eggs,98.5
42,Hubei,Central,2023-01-01,eggs,98.6
42,Hubei,Central,2022-12-01,eggs,99.5
42,Hubei,Central,2022-11-01,eggs,100.7
42,Hubei,Central,2022-10-01,eggs,101
42,Hubei,Central,2022-09-01,eggs,106
42,Hubei,Central,2022-08-01,eggs,101.8
42,Hubei,Central,2022-07-01,eggs,100.1
42,Hubei,Central,2022-06-01,eggs,98
42,Hubei,Central,2022-05-01,eggs,100.8
42,Hubei,Central,2022-04-01,eggs,103.6
42,Hubei,Central,2022-03-01,eggs,98.3
42,Hubei,Central,2022-02-01,eggs,98.8
42,Hubei,Central,2022-01-01,eggs,99.4
42,Hubei,Central,2021-12-01,eggs,100
42,Hubei,Central,2021-11-01,eggs,102
42,Hubei,Central,2021-10-01,eggs,99.5
42,Hubei,Central,2021-09-01,eggs,98.7
42,Hubei,Central,2021-08-01,eggs,107.1
42,Hubei,Central,2021-07-01,eggs,100.3
42,Hubei,Central,2021-06-01,eggs,100.7
42,Hubei,Central,2021-05-01,eggs,101.6
42,Hubei,Central,2021-04-01,eggs,99.8
42,Hubei,Central,2021-03-01,eggs,94.3
42,Hubei,Central,2021-02-01,eggs,101.9
42,Hubei,Central,2021-01-01,eggs,107
42,Hubei,Central,2020-12-01,eggs,101.2
42,Hubei,Central,2020-11-01,eggs,98
42,Hubei,Central,2020-10-01,eggs,100.4
42,Hubei,Central,2020-09-01,eggs,100.5
42,Hubei,Central,2020-08-01,eggs,109.6
42,Hubei,Central,2020-07-01,eggs,99.7
42,Hubei,Central,2020-06-01,eggs,94
42,Hubei,Central,2020-05-01,eggs,93.2
42,Hubei,Central,2020-04-01,eggs,90.2
42,Hubei,Central,2020-03-01,eggs,96.3
42,Hubei,Central,2020-02-01,eggs,103.9
42,Hubei,Central,2020-01-01,eggs,99
42,Hubei,Central,2019-12-01,eggs,96.5
42,Hubei,Central,2019-11-01,eggs,99.6
42,Hubei,Central,2019-10-01,eggs,102.6
42,Hubei,Central,2019-09-01,eggs,105.9
42,Hubei,Central,2019-08-01,eggs,104
42,Hubei,Central,2019-07-01,eggs,102.8
42,Hubei,Central,2019-06-01,eggs,99.7
42,Hubei,Central,2019-05-01,eggs,104.7
42,Hubei,Central,2019-04-01,eggs,99.5
42,Hubei,Central,2019-03-01,eggs,95
42,Hubei,Central,2019-02-01,eggs,98.6
42,Hubei,Central,2019-01-01,eggs,99.9
42,Hubei,Central,2018-12-01,eggs,99.4
42,Hubei,Central,2018-11-01,eggs,99.2
42,Hubei,Central,2018-10-01,eggs,99.1
42,Hubei,Central,2018-09-01,eggs,102.9
42,Hubei,Central,2018-08-01,eggs,109.4
42,Hubei,Central,2018-07-01,eggs,100.3
42,Hubei,Central,2018-06-01,eggs,99.6
42,Hubei,Central,2018-05-01,eggs,99.4
42,Hubei,Central,2018-04-01,eggs,96.1
42,Hubei,Central,2018-03-01,eggs,95.5
42,Hubei,Central,2018-02-01,eggs,101.4
42,Hubei,Central,2018-01-01,eggs,101.7
42,Hubei,Central,2017-12-01,eggs,102.7
42,Hubei,Central,2017-11-01,eggs,99.7
42,Hubei,Central,2017-10-01,eggs,98.9
42,Hubei,Central,2017-09-01,eggs,106.8
42,Hubei,Central,2017-08-01,eggs,107.8
42,Hubei,Central,2017-07-01,eggs,103.7
42,Hubei,Central,2017-06-01,eggs,100.9
42,Hubei,Central,2017-05-01,eggs,97.2
42,Hubei,Central,2017-04-01,eggs,99.4
42,Hubei,Central,2017-03-01,eggs,93.5
42,Hubei,Central,2017-02-01,eggs,97.2
42,Hubei,Central,2017-01-01,eggs,100.4
42,Hubei,Central,2016-12-01,eggs,99.5
42,Hubei,Central,2016-11-01,eggs,99.7
42,Hubei,Central,2016-10-01,eggs,98.8
42,Hubei,Central,2016-09-01,eggs,105.1
42,Hubei,Central,2016-08-01,eggs,101.1
42,Hubei,Central,2016-07-01,eggs,99.2
42,Hubei,Central,2016-06-01,eggs,99.5
42,Hubei,Central,2016-05-01,eggs,99
42,Hubei,Central,2016-04-01,eggs,97.7
42,Hubei,Central,2016-03-01,eggs,95.1
42,Hubei,Central,2016-02-01,eggs,102.2
42,Hubei,Central,2016-01-01,eggs,101.5
42,Hubei,Central,2015-12-01,eggs,100.3
42,Hubei,Central,2015-11-01,eggs,98.3
42,Hubei,Central,2015-10-01,eggs,98.4
42,Hubei,Central,2015-09-01,eggs,102.5
42,Hubei,Central,2015-08-01,eggs,104.4
42,Hubei,Central,2015-07-01,eggs,100.3
42,Hubei,Central,2015-06-01,eggs,99.3
42,Hubei,Central,2015-05-01,eggs,97.9
42,Hubei,Central,2015-04-01,eggs,94.5
42,Hubei,Central,2015-03-01,eggs,97.4
42,Hubei,Central,2015-02-01,eggs,100.7
42,Hubei,Central,2015-01-01,eggs,98.8
42,Hubei,Central,2014-12-01,eggs,99.5
42,Hubei,Central,2014-11-01,eggs,99
42,Hubei,Central,2014-10-01,eggs,99.1
42,Hubei,Central,2014-09-01,eggs,103.5
42,Hubei,Central,2014-08-01,eggs,103.3
42,Hubei,Central,2014-07-01,eggs,102.3
42,Hubei,Central,2014-06-01,eggs,100.4
42,Hubei,Central,2014-05-01,eggs,105.2
42,Hubei,Central,2014-04-01,eggs,99.8
42,Hubei,Central,2014-03-01,eggs,98.2
42,Hubei,Central,2014-02-01,eggs,99.6
42,Hubei,Central,2014-01-01,eggs,101.7
42,Hubei,Central,2013-12-01,eggs,100.8
42,Hubei,Central,2013-11-01,eggs,98.9
42,Hubei,Central,2013-10-01,eggs,98.5
42,Hubei,Central,2013-09-01,eggs,104.1
42,Hubei,Central,2013-08-01,eggs,104.3
42,Hubei,Central,2013-07-01,eggs,100.1
42,Hubei,Central,2013-06-01,eggs,99.9
42,Hubei,Central,2013-05-01,eggs,98.9
42,Hubei,Central,2013-04-01,eggs,97
42,Hubei,Central,2013-03-01,eggs,95.8
42,Hubei,Central,2013-02-01,eggs,101.1
42,Hubei,Central,2013-01-01,eggs,102.6
42,Hubei,Central,2012-12-01,eggs,101.8
42,Hubei,Central,2012-11-01,eggs,99.2
42,Hubei,Central,2012-10-01,eggs,99.3
42,Hubei,Central,2012-09-01,eggs,105.4
42,Hubei,Central,2012-08-01,eggs,103.4
42,Hubei,Central,2012-07-01,eggs,98.6
42,Hubei,Central,2012-06-01,eggs,108.4
42,Hubei,Central,2012-05-01,eggs,99
42,Hubei,Central,2012-04-01,eggs,99.2
42,Hubei,Central,2012-03-01,eggs,96.1
42,Hubei,Central,2012-02-01,eggs,95.6
42,Hubei,Central,2012-01-01,eggs,100.6
43,Hunan,Central,2025-12-01,eggs,99.8
43,Hunan,Central,2025-11-01,eggs,99.3
43,Hunan,Central,2025-10-01,eggs,100
43,Hunan,Central,2025-09-01,eggs,100.3
43,Hunan,Central,2025-08-01,eggs,100.4
43,Hunan,Central,2025-07-01,eggs,100.2
43,Hunan,Central,2025-06-01,eggs,98.7
43,Hunan,Central,2025-05-01,eggs,99.3
43,Hunan,Central,2025-04-01,eggs,99.2
43,Hunan,Central,2025-03-01,eggs,98.5
43,Hunan,Central,2025-02-01,eggs,97.8
43,Hunan,Central,2025-01-01,eggs,99.2
43,Hunan,Central,2024-12-01,eggs,100.4
43,Hunan,Central,2024-11-01,eggs,99.5
43,Hunan,Central,2024-10-01,eggs,99.6
43,Hunan,Central,2024-09-01,eggs,100.8
43,Hunan,Central,2024-08-01,eggs,101.7
43,Hunan,Central,2024-07-01,eggs,101.8
43,Hunan,Central,2024-06-01,eggs,101
43,Hunan,Central,2024-05-01,eggs,100.6
43,Hunan,Central,2024-04-01,eggs,98.6
43,Hunan,Central,2024-03-01,eggs,97
43,Hunan,Central,2024-02-01,eggs,99
43,Hunan,Central,2024-01-01,eggs,99.5
43,Hunan,Central,2023-12-01,eggs,100.1
43,Hunan,Central,2023-11-01,eggs,98.5
43,Hunan,Central,2023-10-01,eggs,99.2
43,Hunan,Central,2023-09-01,eggs,101.6
43,Hunan,Central,2023-08-01,eggs,102.6
43,Hunan,Central,2023-07-01,eggs,99.9
43,Hunan,Central,2023-06-01,eggs,98.7
43,Hunan,Central,2023-05-01,eggs,99.8
43,Hunan,Central,2023-04-01,eggs,99.6
43,Hunan,Central,2023-03-01,eggs,98.8
43,Hunan,Central,2023-02-01,eggs,97.7
43,Hunan,Central,2023-01-01,eggs,99.1
43,Hunan,Central,2022-12-01,eggs,99.8
43,Hunan,Central,2022-11-01,eggs,102.8
43,Hunan,Central,2022-10-01,eggs,101.2
43,Hunan,Central,2022-09-01,eggs,103.3
43,Hunan,Central,2022-08-01,eggs,101
43,Hunan,Central,2022-07-01,eggs,99
43,Hunan,Central,2022-06-01,eggs,98.7
43,Hunan,Central,2022-05-01,eggs,101.3
43,Hunan,Central,2022-04-01,eggs,103.2
43,Hunan,Central,2022-03-01,eggs,99.1
43,Hunan,Central,2022-02-01,eggs,99.4
43,Hunan,Central,2022-01-01,eggs,99.8
43,Hunan,Central,2021-12-01,eggs,99.6
43,Hunan,Central,2021-11-01,eggs,101.7
43,Hunan,Central,2021-10-01,eggs,99.6
43,Hunan,Central,2021-09-01,eggs,100.1
43,Hunan,Central,2021-08-01,eggs,105.6
43,Hunan,Central,2021-07-01,eggs,101.2
43,Hunan,Central,2021-06-01,eggs,100.2
43,Hunan,Central,2021-05-01,eggs,101.4
43,Hunan,Central,2021-04-01,eggs,100.5
43,Hunan,Central,2021-03-01,eggs,97.2
43,Hunan,Central,2021-02-01,eggs,99.3
43,Hunan,Central,2021-01-01,eggs,106
43,Hunan,Central,2020-12-01,eggs,100.2
43,Hunan,Central,2020-11-01,eggs,98.3
43,Hunan,Central,2020-10-01,eggs,98.6
43,Hunan,Central,2020-09-01,eggs,100
43,Hunan,Central,2020-08-01,eggs,107.4
43,Hunan,Central,2020-07-01,eggs,101.7
43,Hunan,Central,2020-06-01,eggs,96.2
43,Hunan,Central,2020-05-01,eggs,97.4
43,Hunan,Central,2020-04-01,eggs,96.1
43,Hunan,Central,2020-03-01,eggs,96.4
43,Hunan,Central,2020-02-01,eggs,99
43,Hunan,Central,2020-01-01,eggs,97.9
43,Hunan,Central,2019-12-01,eggs,97.6
43,Hunan,Central,2019-11-01,eggs,100.4
43,Hunan,Central,2019-10-01,eggs,99.3
43,Hunan,Central,2019-09-01,eggs,106.6
43,Hunan,Central,2019-08-01,eggs,103.6
43,Hunan,Central,2019-07-01,eggs,103.5
43,Hunan,Central,2019-06-01,eggs,100
43,Hunan,Central,2019-05-01,eggs,103.4
43,Hunan,Central,2019-04-01,eggs,99.4
43,Hunan,Central,2019-03-01,eggs,96.9
43,Hunan,Central,2019-02-01,eggs,99
43,Hunan,Central,2019-01-01,eggs,99.6
43,Hunan,Central,2018-12-01,eggs,99.3
43,Hunan,Central,2018-11-01,eggs,100
43,Hunan,Central,2018-10-01,eggs,99.5
43,Hunan,Central,2018-09-01,eggs,100.5
43,Hunan,Central,2018-08-01,eggs,107.7
43,Hunan,Central,2018-07-01,eggs,100.7
43,Hunan,Central,2018-06-01,eggs,100.3
43,Hunan,Central,2018-05-01,eggs,101.2
43,Hunan,Central,2018-04-01,eggs,97.7
43,Hunan,Central,2018-03-01,eggs,94.9
43,Hunan,Central,2018-02-01,eggs,101.6
43,Hunan,Central,2018-01-01,eggs,100.7
43,Hunan,Central,2017-12-01,eggs,102.7
43,Hunan,Central,2017-11-01,eggs,100
43,Hunan,Central,2017-10-01,eggs,98
43,Hunan,Central,2017-09-01,eggs,104.5
43,Hunan,Central,2017-08-01,eggs,103.4
43,Hunan,Central,2017-07-01,eggs,103.1
43,Hunan,Central,2017-06-01,eggs,103.4
43,Hunan,Central,2017-05-01,eggs,99.3
43,Hunan,Central,2017-04-01,eggs,97.4
43,Hunan,Central,2017-03-01,eggs,96.5
43,Hunan,Central,2017-02-01,eggs,97.5
43,Hunan,Central,2017-01-01,eggs,99.7
43,Hunan,Central,2016-12-01,eggs,99.1
43,Hunan,Central,2016-11-01,eggs,100.1
43,Hunan,Central,2016-10-01,eggs,99.5
43,Hunan,Central,2016-09-01,eggs,103.9
43,Hunan,Central,2016-08-01,eggs,101.3
43,Hunan,Central,2016-07-01,eggs,100.1
43,Hunan,Central,2016-06-01,eggs,99.5
43,Hunan,Central,2016-05-01,eggs,97.9
43,Hunan,Central,2016-04-01,eggs,98.3
43,Hunan,Central,2016-03-01,eggs,95.9
43,Hunan,Central,2016-02-01,eggs,101.2
43,Hunan,Central,2016-01-01,eggs,102.2
43,Hunan,Central,2015-12-01,eggs,100.2
43,Hunan,Central,2015-11-01,eggs,98.4
43,Hunan,Central,2015-10-01,eggs,99.2
43,Hunan,Central,2015-09-01,eggs,102.1
43,Hunan,Central,2015-08-01,eggs,102.7
43,Hunan,Central,2015-07-01,eggs,100.3
43,Hunan,Central,2015-06-01,eggs,99.7
43,Hunan,Central,2015-05-01,eggs,97.3
43,Hunan,Central,2015-04-01,eggs,97.1
43,Hunan,Central,2015-03-01,eggs,97.8
43,Hunan,Central,2015-02-01,eggs,99.9
43,Hunan,Central,2015-01-01,eggs,98.8
43,Hunan,Central,2014-12-01,eggs,99.8
43,Hunan,Central,2014-11-01,eggs,99
43,Hunan,Central,2014-10-01,eggs,98.5
43,Hunan,Central,2014-09-01,eggs,104.1
43,Hunan,Central,2014-08-01,eggs,102.9
43,Hunan,Central,2014-07-01,eggs,100.8
43,Hunan,Central,2014-06-01,eggs,100.4
43,Hunan,Central,2014-05-01,eggs,106
43,Hunan,Central,2014-04-01,eggs,101
43,Hunan,Central,2014-03-01,eggs,97.8
43,Hunan,Central,2014-02-01,eggs,99.5
43,Hunan,Central,2014-01-01,eggs,101.5
43,Hunan,Central,2013-12-01,eggs,100.8
43,Hunan,Central,2013-11-01,eggs,97.9
43,Hunan,Central,2013-10-01,eggs,98.8
43,Hunan,Central,2013-09-01,eggs,103.5
43,Hunan,Central,2013-08-01,eggs,104.5
43,Hunan,Central,2013-07-01,eggs,100.5
43,Hunan,Central,2013-06-01,eggs,100.3
43,Hunan,Central,2013-05-01,eggs,99.7
43,Hunan,Central,2013-04-01,eggs,95.8
43,Hunan,Central,2013-03-01,eggs,96.1
43,Hunan,Central,2013-02-01,eggs,100.6
43,Hunan,Central,2013-01-01,eggs,101.7
43,Hunan,Central,2012-12-01,eggs,102.3
43,Hunan,Central,2012-11-01,eggs,98.8
43,Hunan,Central,2012-10-01,eggs,100
43,Hunan,Central,2012-09-01,eggs,105.8
43,Hunan,Central,2012-08-01,eggs,102.4
43,Hunan,Central,2012-07-01,eggs,100.8
43,Hunan,Central,2012-06-01,eggs,104.1
43,Hunan,Central,2012-05-01,eggs,97.7
43,Hunan,Central,2012-04-01,eggs,98.3
43,Hunan,Central,2012-03-01,eggs,95.9
43,Hunan,Central,2012-02-01,eggs,97.3
43,Hunan,Central,2012-01-01,eggs,101.1
15,Inner Mongolia,North,2025-12-01,eggs,100.7
15,Inner Mongolia,North,2025-11-01,eggs,96.6
15,Inner Mongolia,North,2025-10-01,eggs,98.3
15,Inner Mongolia,North,2025-09-01,eggs,104.2
15,Inner Mongolia,North,2025-08-01,eggs,102.4
15,Inner Mongolia,North,2025-07-01,eggs,99.1
15,Inner Mongolia,North,2025-06-01,eggs,95.8
15,Inner Mongolia,North,2025-05-01,eggs,99.9
15,Inner Mongolia,North,2025-04-01,eggs,98.4
15,Inner Mongolia,North,2025-03-01,eggs,96.4
15,Inner Mongolia,North,2025-02-01,eggs,93.6
15,Inner Mongolia,North,2025-01-01,eggs,99.9
15,Inner Mongolia,North,2024-12-01,eggs,99.2
15,Inner Mongolia,North,2024-11-01,eggs,99.2
15,Inner Mongolia,North,2024-10-01,eggs,96.2
15,Inner Mongolia,North,2024-09-01,eggs,103.2
15,Inner Mongolia,North,2024-08-01,eggs,105.1
15,Inner Mongolia,North,2024-07-01,eggs,104
15,Inner Mongolia,North,2024-06-01,eggs,103.6
15,Inner Mongolia,North,2024-05-01,eggs,102.9
15,Inner Mongolia,North,2024-04-01,eggs,97.5
15,Inner Mongolia,North,2024-03-01,eggs,94.4
15,Inner Mongolia,North,2024-02-01,eggs,97.1
15,Inner Mongolia,North,2024-01-01,eggs,97.9
15,Inner Mongolia,North,2023-12-01,eggs,99.9
15,Inner Mongolia,North,2023-11-01,eggs,95.7
15,Inner Mongolia,North,2023-10-01,eggs,94.6
15,Inner Mongolia,North,2023-09-01,eggs,104.4
15,Inner Mongolia,North,2023-08-01,eggs,108.7
15,Inner Mongolia,North,2023-07-01,eggs,98.5
15,Inner Mongolia,North,2023-06-01,eggs,98.4
15,Inner Mongolia,North,2023-05-01,eggs,98.4
15,Inner Mongolia,North,2023-04-01,eggs,101.2
15,Inner Mongolia,North,2023-03-01,eggs,101.8
15,Inner Mongolia,North,2023-02-01,eggs,95.8
15,Inner Mongolia,North,2023-01-01,eggs,95
15,Inner Mongolia,North,2022-12-01,eggs,95.3
15,Inner Mongolia,North,2022-11-01,eggs,101.5
15,Inner Mongolia,North,2022-10-01,eggs,104.2
15,Inner Mongolia,North,2022-09-01,eggs,106.5
15,Inner Mongolia,North,2022-08-01,eggs,104.2
15,Inner Mongolia,North,2022-07-01,eggs,99.3
15,Inner Mongolia,North,2022-06-01,eggs,95.9
15,Inner Mongolia,North,2022-05-01,eggs,102
15,Inner Mongolia,North,2022-04-01,eggs,104.6
15,Inner Mongolia,North,2022-03-01,eggs,101.6
15,Inner Mongolia,North,2022-02-01,eggs,96.5
15,Inner Mongolia,North,2022-01-01,eggs,98.4
15,Inner Mongolia,North,2021-12-01,eggs,96.3
15,Inner Mongolia,North,2021-11-01,eggs,104.5
15,Inner Mongolia,North,2021-10-01,eggs,97.1
15,Inner Mongolia,North,2021-09-01,eggs,99.4
15,Inner Mongolia,North,2021-08-01,eggs,108
15,Inner Mongolia,North,2021-07-01,eggs,99.8
15,Inner Mongolia,North,2021-06-01,eggs,99.5
15,Inner Mongolia,North,2021-05-01,eggs,104.2
15,Inner Mongolia,North,2021-04-01,eggs,102.8
15,Inner Mongolia,North,2021-03-01,eggs,95
15,Inner Mongolia,North,2021-02-01,eggs,94.6
15,Inner Mongolia,North,2021-01-01,eggs,113.3
15,Inner Mongolia,North,2020-12-01,eggs,100.9
15,Inner Mongolia,North,2020-11-01,eggs,99.3
15,Inner Mongolia,North,2020-10-01,eggs,97.9
15,Inner Mongolia,North,2020-09-01,eggs,102.5
15,Inner Mongolia,North,2020-08-01,eggs,111.1
15,Inner Mongolia,North,2020-07-01,eggs,101.2
15,Inner Mongolia,North,2020-06-01,eggs,97.2
15,Inner Mongolia,North,2020-05-01,eggs,97.8
15,Inner Mongolia,North,2020-04-01,eggs,99.3
15,Inner Mongolia,North,2020-03-01,eggs,94.3
15,Inner Mongolia,North,2020-02-01,eggs,92.6
15,Inner Mongolia,North,2020-01-01,eggs,95.9
15,Inner Mongolia,North,2019-12-01,eggs,93.4
15,Inner Mongolia,North,2019-11-01,eggs,100.6
15,Inner Mongolia,North,2019-10-01,eggs,99.2
15,Inner Mongolia,North,2019-09-01,eggs,106.1
15,Inner Mongolia,North,2019-08-01,eggs,106.2
15,Inner Mongolia,North,2019-07-01,eggs,102
15,Inner Mongolia,North,2019-06-01,eggs,99.3
15,Inner Mongolia,North,2019-05-01,eggs,106.6
15,Inner Mongolia,North,2019-04-01,eggs,103.4
15,Inner Mongolia,North,2019-03-01,eggs,94.5
15,Inner Mongolia,North,2019-02-01,eggs,96.9
15,Inner Mongolia,North,2019-01-01,eggs,100.5
15,Inner Mongolia,North,2018-12-01,eggs,98.3
15,Inner Mongolia,North,2018-11-01,eggs,99.9
15,Inner Mongolia,North,2018-10-01,eggs,96.2
15,Inner Mongolia,North,2018-09-01,eggs,104.7
15,Inner Mongolia,North,2018-08-01,eggs,110.5
15,Inner Mongolia,North,2018-07-01,eggs,98.7
15,Inner Mongolia,North,2018-06-01,eggs,100.4
15,Inner Mongolia,North,2018-05-01,eggs,101.8
15,Inner Mongolia,North,2018-04-01,eggs,94.8
15,Inner Mongolia,North,2018-03-01,eggs,92.8
15,Inner Mongolia,North,2018-02-01,eggs,101.8
15,Inner Mongolia,North,2018-01-01,eggs,101
15,Inner Mongolia,North,2017-12-01,eggs,104.4
15,Inner Mongolia,North,2017-11-01,eggs,99.1
15,Inner Mongolia,North,2017-10-01,eggs,95.8
15,Inner Mongolia,North,2017-09-01,eggs,106.7
15,Inner Mongolia,North,2017-08-01,eggs,114.9
15,Inner Mongolia,North,2017-07-01,eggs,105.6
15,Inner Mongolia,North,2017-06-01,eggs,100.1
15,Inner Mongolia,North,2017-05-01,eggs,98.1
15,Inner Mongolia,North,2017-04-01,eggs,101.5
15,Inner Mongolia,North,2017-03-01,eggs,96.9
15,Inner Mongolia,North,2017-02-01,eggs,93.1
15,Inner Mongolia,North,2017-01-01,eggs,97.4
15,Inner Mongolia,North,2016-12-01,eggs,97.6
15,Inner Mongolia,North,2016-11-01,eggs,99.3
15,Inner Mongolia,North,2016-10-01,eggs,95.6
15,Inner Mongolia,North,2016-09-01,eggs,106.8
15,Inner Mongolia,North,2016-08-01,eggs,101.9
15,Inner Mongolia,North,2016-07-01,eggs,98.1
15,Inner Mongolia,North,2016-06-01,eggs,99.6
15,Inner Mongolia,North,2016-05-01,eggs,100.8
15,Inner Mongolia,North,2016-04-01,eggs,97.9
15,Inner Mongolia,North,2016-03-01,eggs,91.8
15,Inner Mongolia,North,2016-02-01,eggs,103
15,Inner Mongolia,North,2016-01-01,eggs,103.9
15,Inner Mongolia,North,2015-12-01,eggs,100.9
15,Inner Mongolia,North,2015-11-01,eggs,96
15,Inner Mongolia,North,2015-10-01,eggs,92.5
15,Inner Mongolia,North,2015-09-01,eggs,109.2
15,Inner Mongolia,North,2015-08-01,eggs,109.7
15,Inner Mongolia,North,2015-07-01,eggs,98.5
15,Inner Mongolia,North,2015-06-01,eggs,98.4
15,Inner Mongolia,North,2015-05-01,eggs,97.6
15,Inner Mongolia,North,2015-04-01,eggs,93.4
15,Inner Mongolia,North,2015-03-01,eggs,94.9
15,Inner Mongolia,North,2015-02-01,eggs,100.3
15,Inner Mongolia,North,2015-01-01,eggs,94.2
15,Inner Mongolia,North,2014-12-01,eggs,97.2
15,Inner Mongolia,North,2014-11-01,eggs,98.6
15,Inner Mongolia,North,2014-10-01,eggs,96.8
15,Inner Mongolia,North,2014-09-01,eggs,104
15,Inner Mongolia,North,2014-08-01,eggs,107.5
15,Inner Mongolia,North,2014-07-01,eggs,102.5
15,Inner Mongolia,North,2014-06-01,eggs,96.2
15,Inner Mongolia,North,2014-05-01,eggs,112.9
15,Inner Mongolia,North,2014-04-01,eggs,105
15,Inner Mongolia,North,2014-03-01,eggs,98.4
15,Inner Mongolia,North,2014-02-01,eggs,95.9
15,Inner Mongolia,North,2014-01-01,eggs,100.3
15,Inner Mongolia,North,2013-12-01,eggs,98
15,Inner Mongolia,North,2013-11-01,eggs,97
15,Inner Mongolia,North,2013-10-01,eggs,95.5
15,Inner Mongolia,North,2013-09-01,eggs,110.5
15,Inner Mongolia,North,2013-08-01,eggs,104.3
15,Inner Mongolia,North,2013-07-01,eggs,97.5
15,Inner Mongolia,North,2013-06-01,eggs,103.8
15,Inner Mongolia,North,2013-05-01,eggs,99.2
15,Inner Mongolia,North,2013-04-01,eggs,95.5
15,Inner Mongolia,North,2013-03-01,eggs,94.1
15,Inner Mongolia,North,2013-02-01,eggs,99.5
15,Inner Mongolia,North,2013-01-01,eggs,100.3
15,Inner Mongolia,North,2012-12-01,eggs,102
15,Inner Mongolia,North,2012-11-01,eggs,97.5
15,Inner Mongolia,North,2012-10-01,eggs,96.7
15,Inner Mongolia,North,2012-09-01,eggs,107.6
15,Inner Mongolia,North,2012-08-01,eggs,107.8
15,Inner Mongolia,North,2012-07-01,eggs,93.3
15,Inner Mongolia,North,2012-06-01,eggs,122
15,Inner Mongolia,North,2012-05-01,eggs,101.9
15,Inner Mongolia,North,2012-04-01,eggs,100.2
15,Inner Mongolia,North,2012-03-01,eggs,96.5
15,Inner Mongolia,North,2012-02-01,eggs,89.8
15,Inner Mongolia,North,2012-01-01,eggs,98.2
32,Jiangsu,East,2025-12-01,eggs,100.1
32,Jiangsu,East,2025-11-01,eggs,97.6
32,Jiangsu,East,2025-10-01,eggs,99.8
32,Jiangsu,East,2025-09-01,eggs,102.6
32,Jiangsu,East,2025-08-01,eggs,100.9
32,Jiangsu,East,2025-07-01,eggs,100
32,Jiangsu,East,2025-06-01,eggs,96.6
32,Jiangsu,East,2025-05-01,eggs,99.3
32,Jiangsu,East,2025-04-01,eggs,98.5
32,Jiangsu,East,2025-03-01,eggs,96.3
32,Jiangsu,East,2025-02-01,eggs,94.1
32,Jiangsu,East,2025-01-01,eggs,98.4
32,Jiangsu,East,2024-12-01,eggs,99.9
32,Jiangsu,East,2024-11-01,eggs,99.5
32,Jiangsu,East,2024-10-01,eggs,98
32,Jiangsu,East,2024-09-01,eggs,102.3
32,Jiangsu,East,2024-08-01,eggs,103
32,Jiangsu,East,2024-07-01,eggs,105.6
32,Jiangsu,East,2024-06-01,eggs,102.3
32,Jiangsu,East,2024-05-01,eggs,101.7
32,Jiangsu,East,2024-04-01,eggs,97.8
32,Jiangsu,East,2024-03-01,eggs,95.7
32,Jiangsu,East,2024-02-01,eggs,97.2
32,Jiangsu,East,2024-01-01,eggs,98.3
32,Jiangsu,East,2023-12-01,eggs,100.3
32,Jiangsu,East,2023-11-01,eggs,96.9
32,Jiangsu,East,2023-10-01,eggs,96.3
32,Jiangsu,East,2023-09-01,eggs,103.8
32,Jiangsu,East,2023-08-01,eggs,107
32,Jiangsu,East,2023-07-01,eggs,99.4
32,Jiangsu,East,2023-06-01,eggs,97.2
32,Jiangsu,East,2023-05-01,eggs,97.9
32,Jiangsu,East,2023-04-01,eggs,99.8
32,Jiangsu,East,2023-03-01,eggs,99.7
32,Jiangsu,East,2023-02-01,eggs,96.1
32,Jiangsu,East,2023-01-01,eggs,97.8
32,Jiangsu,East,2022-12-01,eggs,98.5
32,Jiangsu,East,2022-11-01,eggs,101.5
32,Jiangsu,East,2022-10-01,eggs,102.5
32,Jiangsu,East,2022-09-01,eggs,106
32,Jiangsu,East,2022-08-01,eggs,102.8
32,Jiangsu,East,2022-07-01,eggs,101.4
32,Jiangsu,East,2022-06-01,eggs,97.4
32,Jiangsu,East,2022-05-01,eggs,100.5
32,Jiangsu,East,2022-04-01,eggs,105.8
32,Jiangsu,East,2022-03-01,eggs,99.4
32,Jiangsu,East,2022-02-01,eggs,96.2
32,Jiangsu,East,2022-01-01,eggs,98
32,Jiangsu,East,2021-12-01,eggs,98.2
32,Jiangsu,East,2021-11-01,eggs,103.9
32,Jiangsu,East,2021-10-01,eggs,98
32,Jiangsu,East,2021-09-01,eggs,98.8
32,Jiangsu,East,2021-08-01,eggs,108.7
32,Jiangsu,East,2021-07-01,eggs,101.5
32,Jiangsu,East,2021-06-01,eggs,99.8
32,Jiangsu,East,2021-05-01,eggs,103.4
32,Jiangsu,East,2021-04-01,eggs,100.9
32,Jiangsu,East,2021-03-01,eggs,95.6
32,Jiangsu,East,2021-02-01,eggs,95.5
32,Jiangsu,East,2021-01-01,eggs,109.2
32,Jiangsu,East,2020-12-01,eggs,102.8
32,Jiangsu,East,2020-11-01,eggs,98.8
32,Jiangsu,East,2020-10-01,eggs,98.4
32,Jiangsu,East,2020-09-01,eggs,101.7
32,Jiangsu,East,2020-08-01,eggs,109.7
32,Jiangsu,East,2020-07-01,eggs,104.6
32,Jiangsu,East,2020-06-01,eggs,95.6
32,Jiangsu,East,2020-05-01,eggs,95.7
32,Jiangsu,East,2020-04-01,eggs,99.4
32,Jiangsu,East,2020-03-01,eggs,95.4
32,Jiangsu,East,2020-02-01,eggs,93.8
32,Jiangsu,East,2020-01-01,eggs,95.8
32,Jiangsu,East,2019-12-01,eggs,95.3
32,Jiangsu,East,2019-11-01,eggs,100.4
32,Jiangsu,East,2019-10-01,eggs,97.7
32,Jiangsu,East,2019-09-01,eggs,105
32,Jiangsu,East,2019-08-01,eggs,107.1
32,Jiangsu,East,2019-07-01,eggs,105.1
32,Jiangsu,East,2019-06-01,eggs,96.7
32,Jiangsu,East,2019-05-01,eggs,106.5
32,Jiangsu,East,2019-04-01,eggs,102.5
32,Jiangsu,East,2019-03-01,eggs,95.7
32,Jiangsu,East,2019-02-01,eggs,95.2
32,Jiangsu,East,2019-01-01,eggs,99.8
32,Jiangsu,East,2018-12-01,eggs,99.6
32,Jiangsu,East,2018-11-01,eggs,100.4
32,Jiangsu,East,2018-10-01,eggs,95.9
32,Jiangsu,East,2018-09-01,eggs,101.9
32,Jiangsu,East,2018-08-01,eggs,112.4
32,Jiangsu,East,2018-07-01,eggs,102
32,Jiangsu,East,2018-06-01,eggs,99.7
32,Jiangsu,East,2018-05-01,eggs,101.3
32,Jiangsu,East,2018-04-01,eggs,96.1
32,Jiangsu,East,2018-03-01,eggs,92.5
32,Jiangsu,East,2018-02-01,eggs,99.9
32,Jiangsu,East,2018-01-01,eggs,100.7
32,Jiangsu,East,2017-12-01,eggs,104.4
32,Jiangsu,East,2017-11-01,eggs,102.4
32,Jiangsu,East,2017-10-01,eggs,95.3
32,Jiangsu,East,2017-09-01,eggs,104.2
32,Jiangsu,East,2017-08-01,eggs,115.4
32,Jiangsu,East,2017-07-01,eggs,104.7
32,Jiangsu,East,2017-06-01,eggs,104.8
32,Jiangsu,East,2017-05-01,eggs,96.5
32,Jiangsu,East,2017-04-01,eggs,99.3
32,Jiangsu,East,2017-03-01,eggs,94.3
32,Jiangsu,East,2017-02-01,eggs,93.9
32,Jiangsu,East,2017-01-01,eggs,97.8
32,Jiangsu,East,2016-12-01,eggs,99.1
32,Jiangsu,East,2016-11-01,eggs,100.1
32,Jiangsu,East,2016-10-01,eggs,95.8
32,Jiangsu,East,2016-09-01,eggs,105.1
32,Jiangsu,East,2016-08-01,eggs,103
32,Jiangsu,East,2016-07-01,eggs,98.7
32,Jiangsu,East,2016-06-01,eggs,99.3
32,Jiangsu,East,2016-05-01,eggs,99.9
32,Jiangsu,East,2016-04-01,eggs,98.5
32,Jiangsu,East,2016-03-01,eggs,93.6
32,Jiangsu,East,2016-02-01,eggs,100.2
32,Jiangsu,East,2016-01-01,eggs,102.7
32,Jiangsu,East,2015-12-01,eggs,100.8
32,Jiangsu,East,2015-11-01,eggs,99.5
32,Jiangsu,East,2015-10-01,eggs,93.2
32,Jiangsu,East,2015-09-01,eggs,103.5
32,Jiangsu,East,2015-08-01,eggs,109.1
32,Jiangsu,East,2015-07-01,eggs,101.5
32,Jiangsu,East,2015-06-01,eggs,97.6
32,Jiangsu,East,2015-05-01,eggs,98.8
32,Jiangsu,East,2015-04-01,eggs,94.3
32,Jiangsu,East,2015-03-01,eggs,94.5
32,Jiangsu,East,2015-02-01,eggs,98.9
32,Jiangsu,East,2015-01-01,eggs,96.7
32,Jiangsu,East,2014-12-01,eggs,99.2
32,Jiangsu,East,2014-11-01,eggs,99.5
32,Jiangsu,East,2014-10-01,eggs,97
32,Jiangsu,East,2014-09-01,eggs,100.7
32,Jiangsu,East,2014-08-01,eggs,106
32,Jiangsu,East,2014-07-01,eggs,104.3
32,Jiangsu,East,2014-06-01,eggs,98.4
32,Jiangsu,East,2014-05-01,eggs,107.6
32,Jiangsu,East,2014-04-01,eggs,102.3
32,Jiangsu,East,2014-03-01,eggs,99
32,Jiangsu,East,2014-02-01,eggs,98.2
32,Jiangsu,East,2014-01-01,eggs,102.2
32,Jiangsu,East,2013-12-01,eggs,101.1
32,Jiangsu,East,2013-11-01,eggs,98.7
32,Jiangsu,East,2013-10-01,eggs,94
32,Jiangsu,East,2013-09-01,eggs,106.5
32,Jiangsu,East,2013-08-01,eggs,106.9
32,Jiangsu,East,2013-07-01,eggs,99.4
32,Jiangsu,East,2013-06-01,eggs,101.9
32,Jiangsu,East,2013-05-01,eggs,98
32,Jiangsu,East,2013-04-01,eggs,96.8
32,Jiangsu,East,2013-03-01,eggs,94.2
32,Jiangsu,East,2013-02-01,eggs,98.3
32,Jiangsu,East,2013-01-01,eggs,101.5
32,Jiangsu,East,2012-12-01,eggs,103.5
32,Jiangsu,East,2012-11-01,eggs,99.4
32,Jiangsu,East,2012-10-01,eggs,96.1
32,Jiangsu,East,2012-09-01,eggs,105
32,Jiangsu,East,2012-08-01,eggs,107.2
32,Jiangsu,East,2012-07-01,eggs,99.8
32,Jiangsu,East,2012-06-01,eggs,109.2
32,Jiangsu,East,2012-05-01,eggs,100.3
32,Jiangsu,East,2012-04-01,eggs,98.5
32,Jiangsu,East,2012-03-01,eggs,97.9
32,Jiangsu,East,2012-02-01,eggs,92.5
32,Jiangsu,East,2012-01-01,eggs,99.1
36,Jiangxi,East,2025-12-01,eggs,99.5
36,Jiangxi,East,2025-11-01,eggs,99.3
36,Jiangxi,East,2025-10-01,eggs,99
36,Jiangxi,East,2025-09-01,eggs,103.1
36,Jiangxi,East,2025-08-01,eggs,100.9
36,Jiangxi,East,2025-07-01,eggs,99.4
36,Jiangxi,East,2025-06-01,eggs,97.7
36,Jiangxi,East,2025-05-01,eggs,98.9
36,Jiangxi,East,2025-04-01,eggs,99.3
36,Jiangxi,East,2025-03-01,eggs,97.4
36,Jiangxi,East,2025-02-01,eggs,97.2
36,Jiangxi,East,2025-01-01,eggs,99.4
36,Jiangxi,East,2024-12-01,eggs,100.4
36,Jiangxi,East,2024-11-01,eggs,98.9
36,Jiangxi,East,2024-10-01,eggs,99.5
36,Jiangxi,East,2024-09-01,eggs,101.5
36,Jiangxi,East,2024-08-01,eggs,102
36,Jiangxi,East,2024-07-01,eggs,102.5
36,Jiangxi,East,2024-06-01,eggs,100.7
36,Jiangxi,East,2024-05-01,eggs,100.4
36,Jiangxi,East,2024-04-01,eggs,98.7
36,Jiangxi,East,2024-03-01,eggs,96.2
36,Jiangxi,East,2024-02-01,eggs,98.9
36,Jiangxi,East,2024-01-01,eggs,99.1
36,Jiangxi,East,2023-12-01,eggs,99.9
36,Jiangxi,East,2023-11-01,eggs,97.6
36,Jiangxi,East,2023-10-01,eggs,98.1
36,Jiangxi,East,2023-09-01,eggs,101.6
36,Jiangxi,East,2023-08-01,eggs,104.1
36,Jiangxi,East,2023-07-01,eggs,99.4
36,Jiangxi,East,2023-06-01,eggs,98.1
36,Jiangxi,East,2023-05-01,eggs,99.7
36,Jiangxi,East,2023-04-01,eggs,99.3
36,Jiangxi,East,2023-03-01,eggs,99.7
36,Jiangxi,East,2023-02-01,eggs,97.6
36,Jiangxi,East,2023-01-01,eggs,98.7
36,Jiangxi,East,2022-12-01,eggs,99.7
36,Jiangxi,East,2022-11-01,eggs,101.4
36,Jiangxi,East,2022-10-01,eggs,101.8
36,Jiangxi,East,2022-09-01,eggs,105.5
36,Jiangxi,East,2022-08-01,eggs,102.4
36,Jiangxi,East,2022-07-01,eggs,100.5
36,Jiangxi,East,2022-06-01,eggs,98.2
36,Jiangxi,East,2022-05-01,eggs,101
36,Jiangxi,East,2022-04-01,eggs,104.2
36,Jiangxi,East,2022-03-01,eggs,98.8
36,Jiangxi,East,2022-02-01,eggs,99.1
36,Jiangxi,East,2022-01-01,eggs,99.2
36,Jiangxi,East,2021-12-01,eggs,99.2
36,Jiangxi,East,2021-11-01,eggs,102.1
36,Jiangxi,East,2021-10-01,eggs,99.3
36,Jiangxi,East,2021-09-01,eggs,99.9
36,Jiangxi,East,2021-08-01,eggs,107
36,Jiangxi,East,2021-07-01,eggs,100.8
36,Jiangxi,East,2021-06-01,eggs,100
36,Jiangxi,East,2021-05-01,eggs,102.1
36,Jiangxi,East,2021-04-01,eggs,99.9
36,Jiangxi,East,2021-03-01,eggs,96.4
36,Jiangxi,East,2021-02-01,eggs,98.4
36,Jiangxi,East,2021-01-01,eggs,106.5
36,Jiangxi,East,2020-12-01,eggs,100.6
36,Jiangxi,East,2020-11-01,eggs,98.6
36,Jiangxi,East,2020-10-01,eggs,100.1
36,Jiangxi,East,2020-09-01,eggs,100.2
36,Jiangxi,East,2020-08-01,eggs,106.9
36,Jiangxi,East,2020-07-01,eggs,101.6
36,Jiangxi,East,2020-06-01,eggs,96.4
36,Jiangxi,East,2020-05-01,eggs,96.6
36,Jiangxi,East,2020-04-01,eggs,97.8
36,Jiangxi,East,2020-03-01,eggs,95
36,Jiangxi,East,2020-02-01,eggs,97.8
36,Jiangxi,East,2020-01-01,eggs,96.6
36,Jiangxi,East,2019-12-01,eggs,97.8
36,Jiangxi,East,2019-11-01,eggs,98.8
36,Jiangxi,East,2019-10-01,eggs,98.9
36,Jiangxi,East,2019-09-01,eggs,106.3
36,Jiangxi,East,2019-08-01,eggs,103.2
36,Jiangxi,East,2019-07-01,eggs,102.2
36,Jiangxi,East,2019-06-01,eggs,98.9
36,Jiangxi,East,2019-05-01,eggs,102.6
36,Jiangxi,East,2019-04-01,eggs,99.8
36,Jiangxi,East,2019-03-01,eggs,96.7
36,Jiangxi,East,2019-02-01,eggs,97.5
36,Jiangxi,East,2019-01-01,eggs,100.5
36,Jiangxi,East,2018-12-01,eggs,100
36,Jiangxi,East,2018-11-01,eggs,99.9
36,Jiangxi,East,2018-10-01,eggs,100.2
36,Jiangxi,East,2018-09-01,eggs,103.6
36,Jiangxi,East,2018-08-01,eggs,105.6
36,Jiangxi,East,2018-07-01,eggs,100.8
36,Jiangxi,East,2018-06-01,eggs,100.9
36,Jiangxi,East,2018-05-01,eggs,101.5
36,Jiangxi,East,2018-04-01,eggs,97.9
36,Jiangxi,East,2018-03-01,eggs,95.1
36,Jiangxi,East,2018-02-01,eggs,100.9
36,Jiangxi,East,2018-01-01,eggs,100.8
36,Jiangxi,East,2017-12-01,eggs,103
36,Jiangxi,East,2017-11-01,eggs,100.6
36,Jiangxi,East,2017-10-01,eggs,98.4
36,Jiangxi,East,2017-09-01,eggs,105.8
36,Jiangxi,East,2017-08-01,eggs,105.1
36,Jiangxi,East,2017-07-01,eggs,104.9
36,Jiangxi,East,2017-06-01,eggs,101.1
36,Jiangxi,East,2017-05-01,eggs,98.2
36,Jiangxi,East,2017-04-01,eggs,99.7
36,Jiangxi,East,2017-03-01,eggs,95.2
36,Jiangxi,East,2017-02-01,eggs,97.2
36,Jiangxi,East,2017-01-01,eggs,99.6
36,Jiangxi,East,2016-12-01,eggs,100
36,Jiangxi,East,2016-11-01,eggs,98.9
36,Jiangxi,East,2016-10-01,eggs,100.2
36,Jiangxi,East,2016-09-01,eggs,103.3
36,Jiangxi,East,2016-08-01,eggs,100.8
36,Jiangxi,East,2016-07-01,eggs,98.1
36,Jiangxi,East,2016-06-01,eggs,99.4
36,Jiangxi,East,2016-05-01,eggs,99.4
36,Jiangxi,East,2016-04-01,eggs,97.6
36,Jiangxi,East,2016-03-01,eggs,93.6
36,Jiangxi,East,2016-02-01,eggs,103.8
36,Jiangxi,East,2016-01-01,eggs,101.6
36,Jiangxi,East,2015-12-01,eggs,100.3
36,Jiangxi,East,2015-11-01,eggs,98.4
36,Jiangxi,East,2015-10-01,eggs,99.4
36,Jiangxi,East,2015-09-01,eggs,102.7
36,Jiangxi,East,2015-08-01,eggs,104.5
36,Jiangxi,East,2015-07-01,eggs,99
36,Jiangxi,East,2015-06-01,eggs,98.9
36,Jiangxi,East,2015-05-01,eggs,97.9
36,Jiangxi,East,2015-04-01,eggs,94.1
36,Jiangxi,East,2015-03-01,eggs,96.8
36,Jiangxi,East,2015-02-01,eggs,100
36,Jiangxi,East,2015-01-01,eggs,99.5
36,Jiangxi,East,2014-12-01,eggs,101.2
36,Jiangxi,East,2014-11-01,eggs,99.1
36,Jiangxi,East,2014-10-01,eggs,98.5
36,Jiangxi,East,2014-09-01,eggs,105.4
36,Jiangxi,East,2014-08-01,eggs,104.4
36,Jiangxi,East,2014-07-01,eggs,99.1
36,Jiangxi,East,2014-06-01,eggs,99.8
36,Jiangxi,East,2014-05-01,eggs,107.8
36,Jiangxi,East,2014-04-01,eggs,100.6
36,Jiangxi,East,2014-03-01,eggs,98
36,Jiangxi,East,2014-02-01,eggs,99.7
36,Jiangxi,East,2014-01-01,eggs,101.6
36,Jiangxi,East,2013-12-01,eggs,100
36,Jiangxi,East,2013-11-01,eggs,98
36,Jiangxi,East,2013-10-01,eggs,100.2
36,Jiangxi,East,2013-09-01,eggs,104.2
36,Jiangxi,East,2013-08-01,eggs,101.8
36,Jiangxi,East,2013-07-01,eggs,99.6
36,Jiangxi,East,2013-06-01,eggs,101
36,Jiangxi,East,2013-05-01,eggs,98.4
36,Jiangxi,East,2013-04-01,eggs,97.4
36,Jiangxi,East,2013-03-01,eggs,96.5
36,Jiangxi,East,2013-02-01,eggs,100.7
36,Jiangxi,East,2013-01-01,eggs,101.3
36,Jiangxi,East,2012-12-01,eggs,102.4
36,Jiangxi,East,2012-11-01,eggs,99.8
36,Jiangxi,East,2012-10-01,eggs,99.7
36,Jiangxi,East,2012-09-01,eggs,106.3
36,Jiangxi,East,2012-08-01,eggs,103
36,Jiangxi,East,2012-07-01,eggs,98.6
36,Jiangxi,East,2012-06-01,eggs,108
36,Jiangxi,East,2012-05-01,eggs,98.1
36,Jiangxi,East,2012-04-01,eggs,97.4
36,Jiangxi,East,2012-03-01,eggs,95.4
36,Jiangxi,East,2012-02-01,eggs,96
36,Jiangxi,East,2012-01-01,eggs,100.4
22,Jilin,Northeast,2025-12-01,eggs,98.4
22,Jilin,Northeast,2025-11-01,eggs,98
22,Jilin,Northeast,2025-10-01,eggs,97.6
22,Jilin,Northeast,2025-09-01,eggs,101.8
22,Jilin,Northeast,2025-08-01,eggs,105.7
22,Jilin,Northeast,2025-07-01,eggs,99.3
22,Jilin,Northeast,2025-06-01,eggs,94.4
22,Jilin,Northeast,2025-05-01,eggs,99.6
22,Jilin,Northeast,2025-04-01,eggs,99.2
22,Jilin,Northeast,2025-03-01,eggs,99
22,Jilin,Northeast,2025-02-01,eggs,93.3
22,Jilin,Northeast,2025-01-01,eggs,99
22,Jilin,Northeast,2024-12-01,eggs,99.4
22,Jilin,Northeast,2024-11-01,eggs,99.4
22,Jilin,Northeast,2024-10-01,eggs,96
22,Jilin,Northeast,2024-09-01,eggs,103.5
22,Jilin,Northeast,2024-08-01,eggs,105.3
22,Jilin,Northeast,2024-07-01,eggs,101.7
22,Jilin,Northeast,2024-06-01,eggs,100.2
22,Jilin,Northeast,2024-05-01,eggs,104.2
22,Jilin,Northeast,2024-04-01,eggs,97.8
22,Jilin,Northeast,2024-03-01,eggs,98.6
22,Jilin,Northeast,2024-02-01,eggs,96.4
22,Jilin,Northeast,2024-01-01,eggs,98.9
22,Jilin,Northeast,2023-12-01,eggs,98.5
22,Jilin,Northeast,2023-11-01,eggs,97.4
22,Jilin,Northeast,2023-10-01,eggs,96.2
22,Jilin,Northeast,2023-09-01,eggs,102.9
22,Jilin,Northeast,2023-08-01,eggs,109.3
22,Jilin,Northeast,2023-07-01,eggs,95.9
22,Jilin,Northeast,2023-06-01,eggs,99.5
22,Jilin,Northeast,2023-05-01,eggs,98.9
22,Jilin,Northeast,2023-04-01,eggs,99.1
22,Jilin,Northeast,2023-03-01,eggs,101.7
22,Jilin,Northeast,2023-02-01,eggs,97.3
22,Jilin,Northeast,2023-01-01,eggs,95.9
22,Jilin,Northeast,2022-12-01,eggs,96.4
22,Jilin,Northeast,2022-11-01,eggs,99.7
22,Jilin,Northeast,2022-10-01,eggs,102.8
22,Jilin,Northeast,2022-09-01,eggs,105.1
22,Jilin,Northeast,2022-08-01,eggs,106.9
22,Jilin,Northeast,2022-07-01,eggs,98.5
22,Jilin,Northeast,2022-06-01,eggs,95.8
22,Jilin,Northeast,2022-05-01,eggs,97.6
22,Jilin,Northeast,2022-04-01,eggs,102
22,Jilin,Northeast,2022-03-01,eggs,109.1
22,Jilin,Northeast,2022-02-01,eggs,97.1
22,Jilin,Northeast,2022-01-01,eggs,96.1
22,Jilin,Northeast,2021-12-01,eggs,96.9
22,Jilin,Northeast,2021-11-01,eggs,104.7
22,Jilin,Northeast,2021-10-01,eggs,98.3
22,Jilin,Northeast,2021-09-01,eggs,100.1
22,Jilin,Northeast,2021-08-01,eggs,110.5
22,Jilin,Northeast,2021-07-01,eggs,99.3
22,Jilin,Northeast,2021-06-01,eggs,98
22,Jilin,Northeast,2021-05-01,eggs,105.8
22,Jilin,Northeast,2021-04-01,eggs,101
22,Jilin,Northeast,2021-03-01,eggs,96.6
22,Jilin,Northeast,2021-02-01,eggs,91.8
22,Jilin,Northeast,2021-01-01,eggs,113
22,Jilin,Northeast,2020-12-01,eggs,102.5
22,Jilin,Northeast,2020-11-01,eggs,99.4
22,Jilin,Northeast,2020-10-01,eggs,97.6
22,Jilin,Northeast,2020-09-01,eggs,102.1
22,Jilin,Northeast,2020-08-01,eggs,111.4
22,Jilin,Northeast,2020-07-01,eggs,100.8
22,Jilin,Northeast,2020-06-01,eggs,97.9
22,Jilin,Northeast,2020-05-01,eggs,95.4
22,Jilin,Northeast,2020-04-01,eggs,99.2
22,Jilin,Northeast,2020-03-01,eggs,95.7
22,Jilin,Northeast,2020-02-01,eggs,93.4
22,Jilin,Northeast,2020-01-01,eggs,95.9
22,Jilin,Northeast,2019-12-01,eggs,93.5
22,Jilin,Northeast,2019-11-01,eggs,101.2
22,Jilin,Northeast,2019-10-01,eggs,98.2
22,Jilin,Northeast,2019-09-01,eggs,108.7
22,Jilin,Northeast,2019-08-01,eggs,105
22,Jilin,Northeast,2019-07-01,eggs,101.6
22,Jilin,Northeast,2019-06-01,eggs,97.6
22,Jilin,Northeast,2019-05-01,eggs,107.3
22,Jilin,Northeast,2019-04-01,eggs,102.7
22,Jilin,Northeast,2019-03-01,eggs,96.1
22,Jilin,Northeast,2019-02-01,eggs,93.6
22,Jilin,Northeast,2019-01-01,eggs,99.7
22,Jilin,Northeast,2018-12-01,eggs,97.5
22,Jilin,Northeast,2018-11-01,eggs,100.9
22,Jilin,Northeast,2018-10-01,eggs,97.5
22,Jilin,Northeast,2018-09-01,eggs,102.2
22,Jilin,Northeast,2018-08-01,eggs,112.8
22,Jilin,Northeast,2018-07-01,eggs,98.3
22,Jilin,Northeast,2018-06-01,eggs,100.5
22,Jilin,Northeast,2018-05-01,eggs,102.3
22,Jilin,Northeast,2018-04-01,eggs,95.8
22,Jilin,Northeast,2018-03-01,eggs,92.6
22,Jilin,Northeast,2018-02-01,eggs,100
22,Jilin,Northeast,2018-01-01,eggs,101.5
22,Jilin,Northeast,2017-12-01,eggs,103.9
22,Jilin,Northeast,2017-11-01,eggs,102.1
22,Jilin,Northeast,2017-10-01,eggs,96.5
22,Jilin,Northeast,2017-09-01,eggs,105.1
22,Jilin,Northeast,2017-08-01,eggs,116
22,Jilin,Northeast,2017-07-01,eggs,104
22,Jilin,Northeast,2017-06-01,eggs,102.4
22,Jilin,Northeast,2017-05-01,eggs,94.8
22,Jilin,Northeast,2017-04-01,eggs,97.4
22,Jilin,Northeast,2017-03-01,eggs,95.2
22,Jilin,Northeast,2017-02-01,eggs,93.3
22,Jilin,Northeast,2017-01-01,eggs,95.5
22,Jilin,Northeast,2016-12-01,eggs,98.6
22,Jilin,Northeast,2016-11-01,eggs,100.7
22,Jilin,Northeast,2016-10-01,eggs,95.7
22,Jilin,Northeast,2016-09-01,eggs,109.1
22,Jilin,Northeast,2016-08-01,eggs,103.7
22,Jilin,Northeast,2016-07-01,eggs,97.6
22,Jilin,Northeast,2016-06-01,eggs,98.7
22,Jilin,Northeast,2016-05-01,eggs,99.8
22,Jilin,Northeast,2016-04-01,eggs,98.8
22,Jilin,Northeast,2016-03-01,eggs,93.9
22,Jilin,Northeast,2016-02-01,eggs,99.7
22,Jilin,Northeast,2016-01-01,eggs,102.2
22,Jilin,Northeast,2015-12-01,eggs,102.1
22,Jilin,Northeast,2015-11-01,eggs,99.8
22,Jilin,Northeast,2015-10-01,eggs,89.1
22,Jilin,Northeast,2015-09-01,eggs,104.2
22,Jilin,Northeast,2015-08-01,eggs,117.8
22,Jilin,Northeast,2015-07-01,eggs,99.9
22,Jilin,Northeast,2015-06-01,eggs,97.5
22,Jilin,Northeast,2015-05-01,eggs,99.1
22,Jilin,Northeast,2015-04-01,eggs,92.1
22,Jilin,Northeast,2015-03-01,eggs,95.3
22,Jilin,Northeast,2015-02-01,eggs,96.7
22,Jilin,Northeast,2015-01-01,eggs,93.7
22,Jilin,Northeast,2014-12-01,eggs,97.1
22,Jilin,Northeast,2014-11-01,eggs,97.6
22,Jilin,Northeast,2014-10-01,eggs,96
22,Jilin,Northeast,2014-09-01,eggs,102.9
22,Jilin,Northeast,2014-08-01,eggs,108.7
22,Jilin,Northeast,2014-07-01,eggs,107
22,Jilin,Northeast,2014-06-01,eggs,91.4
22,Jilin,Northeast,2014-05-01,eggs,114.1
22,Jilin,Northeast,2014-04-01,eggs,103.5
22,Jilin,Northeast,2014-03-01,eggs,103.7
22,Jilin,Northeast,2014-02-01,eggs,95.8
22,Jilin,Northeast,2014-01-01,eggs,99.6
22,Jilin,Northeast,2013-12-01,eggs,99.2
22,Jilin,Northeast,2013-11-01,eggs,96.9
22,Jilin,Northeast,2013-10-01,eggs,93.1
22,Jilin,Northeast,2013-09-01,eggs,111.4
22,Jilin,Northeast,2013-08-01,eggs,115
22,Jilin,Northeast,2013-07-01,eggs,94.1
22,Jilin,Northeast,2013-06-01,eggs,97.9
22,Jilin,Northeast,2013-05-01,eggs,102.9
22,Jilin,Northeast,2013-04-01,eggs,93.2
22,Jilin,Northeast,2013-03-01,eggs,93.5
22,Jilin,Northeast,2013-02-01,eggs,96.7
22,Jilin,Northeast,2013-01-01,eggs,100.8
22,Jilin,Northeast,2012-12-01,eggs,104.9
22,Jilin,Northeast,2012-11-01,eggs,99.3
22,Jilin,Northeast,2012-10-01,eggs,94.3
22,Jilin,Northeast,2012-09-01,eggs,107.8
22,Jilin,Northeast,2012-08-01,eggs,118.7
22,Jilin,Northeast,2012-07-01,eggs,90.7
22,Jilin,Northeast,2012-06-01,eggs,120.3
22,Jilin,Northeast,2012-05-01,eggs,100.7
22,Jilin,Northeast,2012-04-01,eggs,95.5
22,Jilin,Northeast,2012-03-01,eggs,99.9
22,Jilin,Northeast,2012-02-01,eggs,89
22,Jilin,Northeast,2012-01-01,eggs,95.6
21,Liaoning,Northeast,2025-12-01,eggs,100.3
21,Liaoning,Northeast,2025-11-01,eggs,97.6
21,Liaoning,Northeast,2025-10-01,eggs,98.8
21,Liaoning,Northeast,2025-09-01,eggs,103
21,Liaoning,Northeast,2025-08-01,eggs,103.4
21,Liaoning,Northeast,2025-07-01,eggs,98.9
21,Liaoning,Northeast,2025-06-01,eggs,95
21,Liaoning,Northeast,2025-05-01,eggs,99.2
21,Liaoning,Northeast,2025-04-01,eggs,97.7
21,Liaoning,Northeast,2025-03-01,eggs,98
21,Liaoning,Northeast,2025-02-01,eggs,93.7
21,Liaoning,Northeast,2025-01-01,eggs,100
21,Liaoning,Northeast,2024-12-01,eggs,99.6
21,Liaoning,Northeast,2024-11-01,eggs,99.6
21,Liaoning,Northeast,2024-10-01,eggs,97
21,Liaoning,Northeast,2024-09-01,eggs,103.2
21,Liaoning,Northeast,2024-08-01,eggs,104.6
21,Liaoning,Northeast,2024-07-01,eggs,103.8
21,Liaoning,Northeast,2024-06-01,eggs,101
21,Liaoning,Northeast,2024-05-01,eggs,102.6
21,Liaoning,Northeast,2024-04-01,eggs,98.2
21,Liaoning,Northeast,2024-03-01,eggs,97.5
21,Liaoning,Northeast,2024-02-01,eggs,96.4
21,Liaoning,Northeast,2024-01-01,eggs,98.6
21,Liaoning,Northeast,2023-12-01,eggs,99.9
21,Liaoning,Northeast,2023-11-01,eggs,96.7
21,Liaoning,Northeast,2023-10-01,eggs,94.2
21,Liaoning,Northeast,2023-09-01,eggs,102.2
21,Liaoning,Northeast,2023-08-01,eggs,110.8
21,Liaoning,Northeast,2023-07-01,eggs,97.4
21,Liaoning,Northeast,2023-06-01,eggs,97
21,Liaoning,Northeast,2023-05-01,eggs,98.1
21,Liaoning,Northeast,2023-04-01,eggs,99.6
21,Liaoning,Northeast,2023-03-01,eggs,100.8
21,Liaoning,Northeast,2023-02-01,eggs,96.8
21,Liaoning,Northeast,2023-01-01,eggs,98
21,Liaoning,Northeast,2022-12-01,eggs,97.1
21,Liaoning,Northeast,2022-11-01,eggs,99.5
21,Liaoning,Northeast,2022-10-01,eggs,104
21,Liaoning,Northeast,2022-09-01,eggs,104.8
21,Liaoning,Northeast,2022-08-01,eggs,106.1
21,Liaoning,Northeast,2022-07-01,eggs,99
21,Liaoning,Northeast,2022-06-01,eggs,94.8
21,Liaoning,Northeast,2022-05-01,eggs,101.6
21,Liaoning,Northeast,2022-04-01,eggs,104.1
21,Liaoning,Northeast,2022-03-01,eggs,104
21,Liaoning,Northeast,2022-02-01,eggs,95.6
21,Liaoning,Northeast,2022-01-01,eggs,99.1
21,Liaoning,Northeast,2021-12-01,eggs,94.7
21,Liaoning,Northeast,2021-11-01,eggs,106.1
21,Liaoning,Northeast,2021-10-01,eggs,97.4
21,Liaoning,Northeast,2021-09-01,eggs,101.2
21,Liaoning,Northeast,2021-08-01,eggs,109.1
21,Liaoning,Northeast,2021-07-01,eggs,99.1
21,Liaoning,Northeast,2021-06-01,eggs,98.9
21,Liaoning,Northeast,2021-05-01,eggs,104.3
21,Liaoning,Northeast,2021-04-01,eggs,102.9
21,Liaoning,Northeast,2021-03-01,eggs,96.4
21,Liaoning,Northeast,2021-02-01,eggs,93.2
21,Liaoning,Northeast,2021-01-01,eggs,110.9
21,Liaoning,Northeast,2020-12-01,eggs,104.2
21,Liaoning,Northeast,2020-11-01,eggs,99.2
21,Liaoning,Northeast,2020-10-01,eggs,95.9
21,Liaoning,Northeast,2020-09-01,eggs,102.3
21,Liaoning,Northeast,2020-08-01,eggs,111.1
21,Liaoning,Northeast,2020-07-01,eggs,103.9
21,Liaoning,Northeast,2020-06-01,eggs,96.9
21,Liaoning,Northeast,2020-05-01,eggs,96.4
21,Liaoning,Northeast,2020-04-01,eggs,98.9
21,Liaoning,Northeast,2020-03-01,eggs,96.4
21,Liaoning,Northeast,2020-02-01,eggs,90.8
21,Liaoning,Northeast,2020-01-01,eggs,95.6
21,Liaoning,Northeast,2019-12-01,eggs,94.1
21,Liaoning,Northeast,2019-11-01,eggs,100.6
21,Liaoning,Northeast,2019-10-01,eggs,98.3
21,Liaoning,Northeast,2019-09-01,eggs,106.6
21,Liaoning,Northeast,2019-08-01,eggs,107
21,Liaoning,Northeast,2019-07-01,eggs,102.8
21,Liaoning,Northeast,2019-06-01,eggs,97.3
21,Liaoning,Northeast,2019-05-01,eggs,106.3
21,Liaoning,Northeast,2019-04-01,eggs,104.4
21,Liaoning,Northeast,2019-03-01,eggs,96.6
21,Liaoning,Northeast,2019-02-01,eggs,94.9
21,Liaoning,Northeast,2019-01-01,eggs,100.2
21,Liaoning,Northeast,2018-12-01,eggs,96.3
21,Liaoning,Northeast,2018-11-01,eggs,100.7
21,Liaoning,Northeast,2018-10-01,eggs,96
21,Liaoning,Northeast,2018-09-01,eggs,101.3
21,Liaoning,Northeast,2018-08-01,eggs,112.7
21,Liaoning,Northeast,2018-07-01,eggs,99
21,Liaoning,Northeast,2018-06-01,eggs,99.6
21,Liaoning,Northeast,2018-05-01,eggs,101.5
21,Liaoning,Northeast,2018-04-01,eggs,98.6
21,Liaoning,Northeast,2018-03-01,eggs,92.2
21,Liaoning,Northeast,2018-02-01,eggs,99.2
21,Liaoning,Northeast,2018-01-01,eggs,101.2
21,Liaoning,Northeast,2017-12-01,eggs,104
21,Liaoning,Northeast,2017-11-01,eggs,102.3
21,Liaoning,Northeast,2017-10-01,eggs,93.8
21,Liaoning,Northeast,2017-09-01,eggs,106
21,Liaoning,Northeast,2017-08-01,eggs,116.8
21,Liaoning,Northeast,2017-07-01,eggs,103.2
21,Liaoning,Northeast,2017-06-01,eggs,105
21,Liaoning,Northeast,2017-05-01,eggs,95.1
21,Liaoning,Northeast,2017-04-01,eggs,99.4
21,Liaoning,Northeast,2017-03-01,eggs,96.6
21,Liaoning,Northeast,2017-02-01,eggs,93.1
21,Liaoning,Northeast,2017-01-01,eggs,97.6
21,Liaoning,Northeast,2016-12-01,eggs,99
21,Liaoning,Northeast,2016-11-01,eggs,99
21,Liaoning,Northeast,2016-10-01,eggs,94.2
21,Liaoning,Northeast,2016-09-01,eggs,108.2
21,Liaoning,Northeast,2016-08-01,eggs,106
21,Liaoning,Northeast,2016-07-01,eggs,97.3
21,Liaoning,Northeast,2016-06-01,eggs,96.5
21,Liaoning,Northeast,2016-05-01,eggs,101
21,Liaoning,Northeast,2016-04-01,eggs,100.4
21,Liaoning,Northeast,2016-03-01,eggs,91.9
21,Liaoning,Northeast,2016-02-01,eggs,99.4
21,Liaoning,Northeast,2016-01-01,eggs,103.9
21,Liaoning,Northeast,2015-12-01,eggs,101.8
21,Liaoning,Northeast,2015-11-01,eggs,100.7
21,Liaoning,Northeast,2015-10-01,eggs,88.3
21,Liaoning,Northeast,2015-09-01,eggs,102.5
21,Liaoning,Northeast,2015-08-01,eggs,118.9
21,Liaoning,Northeast,2015-07-01,eggs,99.9
21,Liaoning,Northeast,2015-06-01,eggs,96.1
21,Liaoning,Northeast,2015-05-01,eggs,98.6
21,Liaoning,Northeast,2015-04-01,eggs,93.3
21,Liaoning,Northeast,2015-03-01,eggs,93.6
21,Liaoning,Northeast,2015-02-01,eggs,98.5
21,Liaoning,Northeast,2015-01-01,eggs,94.3
21,Liaoning,Northeast,2014-12-01,eggs,96.4
21,Liaoning,Northeast,2014-11-01,eggs,98.3
21,Liaoning,Northeast,2014-10-01,eggs,95.8
21,Liaoning,Northeast,2014-09-01,eggs,100.4
21,Liaoning,Northeast,2014-08-01,eggs,110.1
21,Liaoning,Northeast,2014-07-01,eggs,106.4
21,Liaoning,Northeast,2014-06-01,eggs,91.2
21,Liaoning,Northeast,2014-05-01,eggs,114.5
21,Liaoning,Northeast,2014-04-01,eggs,105.3
21,Liaoning,Northeast,2014-03-01,eggs,103.4
21,Liaoning,Northeast,2014-02-01,eggs,95.5
21,Liaoning,Northeast,2014-01-01,eggs,99.9
21,Liaoning,Northeast,2013-12-01,eggs,100.4
21,Liaoning,Northeast,2013-11-01,eggs,99.8
21,Liaoning,Northeast,2013-10-01,eggs,90.2
21,Liaoning,Northeast,2013-09-01,eggs,109.2
21,Liaoning,Northeast,2013-08-01,eggs,111.5
21,Liaoning,Northeast,2013-07-01,eggs,94.7
21,Liaoning,Northeast,2013-06-01,eggs,99.4
21,Liaoning,Northeast,2013-05-01,eggs,101.1
21,Liaoning,Northeast,2013-04-01,eggs,97.5
21,Liaoning,Northeast,2013-03-01,eggs,91.8
21,Liaoning,Northeast,2013-02-01,eggs,97.2
21,Liaoning,Northeast,2013-01-01,eggs,100.7
21,Liaoning,Northeast,2012-12-01,eggs,103.9
21,Liaoning,Northeast,2012-11-01,eggs,102
21,Liaoning,Northeast,2012-10-01,eggs,92.7
21,Liaoning,Northeast,2012-09-01,eggs,105.5
21,Liaoning,Northeast,2012-08-01,eggs,113.9
21,Liaoning,Northeast,2012-07-01,eggs,93.7
21,Liaoning,Northeast,2012-06-01,eggs,119.4
21,Liaoning,Northeast,2012-05-01,eggs,99
21,Liaoning,Northeast,2012-04-01,eggs,96.1
21,Liaoning,Northeast,2012-03-01,eggs,101.6
21,Liaoning,Northeast,2012-02-01,eggs,89.6
21,Liaoning,Northeast,2012-01-01,eggs,98.2
64,Ningxia,West,2025-12-01,eggs,99.7
64,Ningxia,West,2025-11-01,eggs,96.8
64,Ningxia,West,2025-10-01,eggs,97.3
64,Ningxia,West,2025-09-01,eggs,104
64,Ningxia,West,2025-08-01,eggs,100.1
64,Ningxia,West,2025-07-01,eggs,98.6
64,Ningxia,West,2025-06-01,eggs,98.3
64,Ningxia,West,2025-05-01,eggs,99.9
64,Ningxia,West,2025-04-01,eggs,98.2
64,Ningxia,West,2025-03-01,eggs,96.1
64,Ningxia,West,2025-02-01,eggs,95
64,Ningxia,West,2025-01-01,eggs,99.7
64,Ningxia,West,2024-12-01,eggs,99.3
64,Ningxia,West,2024-11-01,eggs,98.7
64,Ningxia,West,2024-10-01,eggs,98.8
64,Ningxia,West,2024-09-01,eggs,103.5
64,Ningxia,West,2024-08-01,eggs,103.2
64,Ningxia,West,2024-07-01,eggs,101.8
64,Ningxia,West,2024-06-01,eggs,101.6
64,Ningxia,West,2024-05-01,eggs,101.6
64,Ningxia,West,2024-04-01,eggs,97.8
64,Ningxia,West,2024-03-01,eggs,95.8
64,Ningxia,West,2024-02-01,eggs,98
64,Ningxia,West,2024-01-01,eggs,99.5
64,Ningxia,West,2023-12-01,eggs,99
64,Ningxia,West,2023-11-01,eggs,96.9
64,Ningxia,West,2023-10-01,eggs,96.7
64,Ningxia,West,2023-09-01,eggs,102.2
64,Ningxia,West,2023-08-01,eggs,106.3
64,Ningxia,West,2023-07-01,eggs,98.3
64,Ningxia,West,2023-06-01,eggs,99.5
64,Ningxia,West,2023-05-01,eggs,99
64,Ningxia,West,2023-04-01,eggs,100.4
64,Ningxia,West,2023-03-01,eggs,100.7
64,Ningxia,West,2023-02-01,eggs,99.9
64,Ningxia,West,2023-01-01,eggs,98.3
64,Ningxia,West,2022-12-01,eggs,99.1
64,Ningxia,West,2022-11-01,eggs,100.6
64,Ningxia,West,2022-10-01,eggs,102.5
64,Ningxia,West,2022-09-01,eggs,104.4
64,Ningxia,West,2022-08-01,eggs,102.3
64,Ningxia,West,2022-07-01,eggs,99
64,Ningxia,West,2022-06-01,eggs,97.7
64,Ningxia,West,2022-05-01,eggs,102.5
64,Ningxia,West,2022-04-01,eggs,103.8
64,Ningxia,West,2022-03-01,eggs,99.8
64,Ningxia,West,2022-02-01,eggs,97.6
64,Ningxia,West,2022-01-01,eggs,98.9
64,Ningxia,West,2021-12-01,eggs,97.6
64,Ningxia,West,2021-11-01,eggs,102.6
64,Ningxia,West,2021-10-01,eggs,99.5
64,Ningxia,West,2021-09-01,eggs,99
64,Ningxia,West,2021-08-01,eggs,108.3
64,Ningxia,West,2021-07-01,eggs,98.4
64,Ningxia,West,2021-06-01,eggs,100.4
64,Ningxia,West,2021-05-01,eggs,103.4
64,Ningxia,West,2021-04-01,eggs,101.2
64,Ningxia,West,2021-03-01,eggs,95.1
64,Ningxia,West,2021-02-01,eggs,100.9
64,Ningxia,West,2021-01-01,eggs,113
64,Ningxia,West,2020-12-01,eggs,99.8
64,Ningxia,West,2020-11-01,eggs,99.5
64,Ningxia,West,2020-10-01,eggs,99.8
64,Ningxia,West,2020-09-01,eggs,100.2
64,Ningxia,West,2020-08-01,eggs,113.2
64,Ningxia,West,2020-07-01,eggs,101.6
64,Ningxia,West,2020-06-01,eggs,97.1
64,Ningxia,West,2020-05-01,eggs,97.1
64,Ningxia,West,2020-04-01,eggs,96.4
64,Ningxia,West,2020-03-01,eggs,91.7
64,Ningxia,West,2020-02-01,eggs,96.3
64,Ningxia,West,2020-01-01,eggs,96.6
64,Ningxia,West,2019-12-01,eggs,93.4
64,Ningxia,West,2019-11-01,eggs,99.5
64,Ningxia,West,2019-10-01,eggs,98.1
64,Ningxia,West,2019-09-01,eggs,111.2
64,Ningxia,West,2019-08-01,eggs,102.7
64,Ningxia,West,2019-07-01,eggs,103
64,Ningxia,West,2019-06-01,eggs,100.8
64,Ningxia,West,2019-05-01,eggs,103.3
64,Ningxia,West,2019-04-01,eggs,100.5
64,Ningxia,West,2019-03-01,eggs,96.9
64,Ningxia,West,2019-02-01,eggs,98.7
64,Ningxia,West,2019-01-01,eggs,99.8
64,Ningxia,West,2018-12-01,eggs,96.4
64,Ningxia,West,2018-11-01,eggs,99
64,Ningxia,West,2018-10-01,eggs,98.8
64,Ningxia,West,2018-09-01,eggs,102.6
64,Ningxia,West,2018-08-01,eggs,109.8
64,Ningxia,West,2018-07-01,eggs,97.2
64,Ningxia,West,2018-06-01,eggs,98.4
64,Ningxia,West,2018-05-01,eggs,102.8
64,Ningxia,West,2018-04-01,eggs,97.3
64,Ningxia,West,2018-03-01,eggs,96.5
64,Ningxia,West,2018-02-01,eggs,99.1
64,Ningxia,West,2018-01-01,eggs,100.3
64,Ningxia,West,2017-12-01,eggs,104.2
64,Ningxia,West,2017-11-01,eggs,101.3
64,Ningxia,West,2017-10-01,eggs,94.5
64,Ningxia,West,2017-09-01,eggs,104.5
64,Ningxia,West,2017-08-01,eggs,119.3
64,Ningxia,West,2017-07-01,eggs,103.5
64,Ningxia,West,2017-06-01,eggs,103.3
64,Ningxia,West,2017-05-01,eggs,97.8
64,Ningxia,West,2017-04-01,eggs,101.7
64,Ningxia,West,2017-03-01,eggs,96.4
64,Ningxia,West,2017-02-01,eggs,93.9
64,Ningxia,West,2017-01-01,eggs,98
64,Ningxia,West,2016-12-01,eggs,98.8
64,Ningxia,West,2016-11-01,eggs,99
64,Ningxia,West,2016-10-01,eggs,97.2
64,Ningxia,West,2016-09-01,eggs,107.8
64,Ningxia,West,2016-08-01,eggs,103.7
64,Ningxia,West,2016-07-01,eggs,97.3
64,Ningxia,West,2016-06-01,eggs,99.9
64,Ningxia,West,2016-05-01,eggs,102.1
64,Ningxia,West,2016-04-01,eggs,97.3
64,Ningxia,West,2016-03-01,eggs,93.6
64,Ningxia,West,2016-02-01,eggs,99.4
64,Ningxia,West,2016-01-01,eggs,101.5
64,Ningxia,West,2015-12-01,eggs,103.3
64,Ningxia,West,2015-11-01,eggs,98.4
64,Ningxia,West,2015-10-01,eggs,91.9
64,Ningxia,West,2015-09-01,eggs,101.4
64,Ningxia,West,2015-08-01,eggs,114.1
64,Ningxia,West,2015-07-01,eggs,101.4
64,Ningxia,West,2015-06-01,eggs,97.7
64,Ningxia,West,2015-05-01,eggs,98.6
64,Ningxia,West,2015-04-01,eggs,93.2
64,Ningxia,West,2015-03-01,eggs,96.9
64,Ningxia,West,2015-02-01,eggs,97.4
64,Ningxia,West,2015-01-01,eggs,95.2
64,Ningxia,West,2014-12-01,eggs,97.5
64,Ningxia,West,2014-11-01,eggs,97.1
64,Ningxia,West,2014-10-01,eggs,97.4
64,Ningxia,West,2014-09-01,eggs,102.5
64,Ningxia,West,2014-08-01,eggs,104.4
64,Ningxia,West,2014-07-01,eggs,103.6
64,Ningxia,West,2014-06-01,eggs,97.4
64,Ningxia,West,2014-05-01,eggs,111.2
64,Ningxia,West,2014-04-01,eggs,103
64,Ningxia,West,2014-03-01,eggs,100.9
64,Ningxia,West,2014-02-01,eggs,97.5
64,Ningxia,West,2014-01-01,eggs,99.5
64,Ningxia,West,2013-12-01,eggs,99.6
64,Ningxia,West,2013-11-01,eggs,97.1
64,Ningxia,West,2013-10-01,eggs,95.5
64,Ningxia,West,2013-09-01,eggs,107.4
64,Ningxia,West,2013-08-01,eggs,104.1
64,Ningxia,West,2013-07-01,eggs,97.3
64,Ningxia,West,2013-06-01,eggs,100.1
64,Ningxia,West,2013-05-01,eggs,100.8
64,Ningxia,West,2013-04-01,eggs,97.9
64,Ningxia,West,2013-03-01,eggs,96.3
64,Ningxia,West,2013-02-01,eggs,97.9
64,Ningxia,West,2013-01-01,eggs,100.3
64,Ningxia,West,2012-12-01,eggs,103.2
64,Ningxia,West,2012-11-01,eggs,98.6
64,Ningxia,West,2012-10-01,eggs,95.6
64,Ningxia,West,2012-09-01,eggs,107.2
64,Ningxia,West,2012-08-01,eggs,107.9
64,Ningxia,West,2012-07-01,eggs,93.8
64,Ningxia,West,2012-06-01,eggs,120.2
64,Ningxia,West,2012-05-01,eggs,102.5
64,Ningxia,West,2012-04-01,eggs,98.4
64,Ningxia,West,2012-03-01,eggs,101
64,Ningxia,West,2012-02-01,eggs,91.8
64,Ningxia,West,2012-01-01,eggs,98
63,Qinghai,West,2025-12-01,eggs,100.4
63,Qinghai,West,2025-11-01,eggs,98.1
63,Qinghai,West,2025-10-01,eggs,98.9
63,Qinghai,West,2025-09-01,eggs,102.6
63,Qinghai,West,2025-08-01,eggs,101.8
63,Qinghai,West,2025-07-01,eggs,97.8
63,Qinghai,West,2025-06-01,eggs,97.3
63,Qinghai,West,2025-05-01,eggs,99.7
63,Qinghai,West,2025-04-01,eggs,98.5
63,Qinghai,West,2025-03-01,eggs,95.9
63,Qinghai,West,2025-02-01,eggs,94.3
63,Qinghai,West,2025-01-01,eggs,100.2
63,Qinghai,West,2024-12-01,eggs,99.5
63,Qinghai,West,2024-11-01,eggs,98.8
63,Qinghai,West,2024-10-01,eggs,98.1
63,Qinghai,West,2024-09-01,eggs,103.4
63,Qinghai,West,2024-08-01,eggs,102.8
63,Qinghai,West,2024-07-01,eggs,104.2
63,Qinghai,West,2024-06-01,eggs,104.4
63,Qinghai,West,2024-05-01,eggs,101.7
63,Qinghai,West,2024-04-01,eggs,96.4
63,Qinghai,West,2024-03-01,eggs,95.5
63,Qinghai,West,2024-02-01,eggs,98.3
63,Qinghai,West,2024-01-01,eggs,98
63,Qinghai,West,2023-12-01,eggs,98.9
63,Qinghai,West,2023-11-01,eggs,95.6
63,Qinghai,West,2023-10-01,eggs,97.1
63,Qinghai,West,2023-09-01,eggs,104
63,Qinghai,West,2023-08-01,eggs,109.8
63,Qinghai,West,2023-07-01,eggs,98.2
63,Qinghai,West,2023-06-01,eggs,97.7
63,Qinghai,West,2023-05-01,eggs,98
63,Qinghai,West,2023-04-01,eggs,100.7
63,Qinghai,West,2023-03-01,eggs,98.4
63,Qinghai,West,2023-02-01,eggs,96.1
63,Qinghai,West,2023-01-01,eggs,94.1
63,Qinghai,West,2022-12-01,eggs,96.2
63,Qinghai,West,2022-11-01,eggs,104.2
63,Qinghai,West,2022-10-01,eggs,103.6
63,Qinghai,West,2022-09-01,eggs,107.5
63,Qinghai,West,2022-08-01,eggs,105
63,Qinghai,West,2022-07-01,eggs,98.4
63,Qinghai,West,2022-06-01,eggs,94.3
63,Qinghai,West,2022-05-01,eggs,103.7
63,Qinghai,West,2022-04-01,eggs,109.1
63,Qinghai,West,2022-03-01,eggs,99
63,Qinghai,West,2022-02-01,eggs,96.7
63,Qinghai,West,2022-01-01,eggs,97.5
63,Qinghai,West,2021-12-01,eggs,96.5
63,Qinghai,West,2021-11-01,eggs,102.8
63,Qinghai,West,2021-10-01,eggs,99.9
63,Qinghai,West,2021-09-01,eggs,101.6
63,Qinghai,West,2021-08-01,eggs,107.2
63,Qinghai,West,2021-07-01,eggs,100.3
63,Qinghai,West,2021-06-01,eggs,99.2
63,Qinghai,West,2021-05-01,eggs,104.5
63,Qinghai,West,2021-04-01,eggs,101.7
63,Qinghai,West,2021-03-01,eggs,92.4
63,Qinghai,West,2021-02-01,eggs,97.6
63,Qinghai,West,2021-01-01,eggs,114.3
63,Qinghai,West,2020-12-01,eggs,100.1
63,Qinghai,West,2020-11-01,eggs,98.6
63,Qinghai,West,2020-10-01,eggs,99.6
63,Qinghai,West,2020-09-01,eggs,99.9
63,Qinghai,West,2020-08-01,eggs,112.9
63,Qinghai,West,2020-07-01,eggs,102.5
63,Qinghai,West,2020-06-01,eggs,95.4
63,Qinghai,West,2020-05-01,eggs,99.8
63,Qinghai,West,2020-04-01,eggs,98.6
63,Qinghai,West,2020-03-01,eggs,94.2
63,Qinghai,West,2020-02-01,eggs,92.8
63,Qinghai,West,2020-01-01,eggs,94.7
63,Qinghai,West,2019-12-01,eggs,93.9
63,Qinghai,West,2019-11-01,eggs,98.2
63,Qinghai,West,2019-10-01,eggs,98.5
63,Qinghai,West,2019-09-01,eggs,109.4
63,Qinghai,West,2019-08-01,eggs,102.1
63,Qinghai,West,2019-07-01,eggs,102.2
63,Qinghai,West,2019-06-01,eggs,98.7
63,Qinghai,West,2019-05-01,eggs,108.3
63,Qinghai,West,2019-04-01,eggs,103.3
63,Qinghai,West,2019-03-01,eggs,94.4
63,Qinghai,West,2019-02-01,eggs,96.7
63,Qinghai,West,2019-01-01,eggs,99.8
63,Qinghai,West,2018-12-01,eggs,99.1
63,Qinghai,West,2018-11-01,eggs,99.1
63,Qinghai,West,2018-10-01,eggs,99.2
63,Qinghai,West,2018-09-01,eggs,102.9
63,Qinghai,West,2018-08-01,eggs,110.7
63,Qinghai,West,2018-07-01,eggs,98.4
63,Qinghai,West,2018-06-01,eggs,98.9
63,Qinghai,West,2018-05-01,eggs,103.3
63,Qinghai,West,2018-04-01,eggs,96.7
63,Qinghai,West,2018-03-01,eggs,94.4
63,Qinghai,West,2018-02-01,eggs,100.8
63,Qinghai,West,2018-01-01,eggs,100.5
63,Qinghai,West,2017-12-01,eggs,103.3
63,Qinghai,West,2017-11-01,eggs,101.7
63,Qinghai,West,2017-10-01,eggs,93.4
63,Qinghai,West,2017-09-01,eggs,104.1
63,Qinghai,West,2017-08-01,eggs,118.4
63,Qinghai,West,2017-07-01,eggs,103.5
63,Qinghai,West,2017-06-01,eggs,103.1
63,Qinghai,West,2017-05-01,eggs,96
63,Qinghai,West,2017-04-01,eggs,100.2
63,Qinghai,West,2017-03-01,eggs,96.5
63,Qinghai,West,2017-02-01,eggs,97
63,Qinghai,West,2017-01-01,eggs,96.9
63,Qinghai,West,2016-12-01,eggs,97.8
63,Qinghai,West,2016-11-01,eggs,97.8
63,Qinghai,West,2016-10-01,eggs,96.5
63,Qinghai,West,2016-09-01,eggs,107.4
63,Qinghai,West,2016-08-01,eggs,102.2
63,Qinghai,West,2016-07-01,eggs,97.2
63,Qinghai,West,2016-06-01,eggs,99.8
63,Qinghai,West,2016-05-01,eggs,101.1
63,Qinghai,West,2016-04-01,eggs,98.2
63,Qinghai,West,2016-03-01,eggs,95.1
63,Qinghai,West,2016-02-01,eggs,101.6
63,Qinghai,West,2016-01-01,eggs,100
63,Qinghai,West,2015-12-01,eggs,101.9
63,Qinghai,West,2015-11-01,eggs,97.4
63,Qinghai,West,2015-10-01,eggs,92.2
63,Qinghai,West,2015-09-01,eggs,104.1
63,Qinghai,West,2015-08-01,eggs,110.4
63,Qinghai,West,2015-07-01,eggs,99.9
63,Qinghai,West,2015-06-01,eggs,100
63,Qinghai,West,2015-05-01,eggs,98.4
63,Qinghai,West,2015-04-01,eggs,93.8
63,Qinghai,West,2015-03-01,eggs,97.9
63,Qinghai,West,2015-02-01,eggs,99.5
63,Qinghai,West,2015-01-01,eggs,95.2
63,Qinghai,West,2014-12-01,eggs,97.8
63,Qinghai,West,2014-11-01,eggs,96.4
63,Qinghai,West,2014-10-01,eggs,95.9
63,Qinghai,West,2014-09-01,eggs,104
63,Qinghai,West,2014-08-01,eggs,105.5
63,Qinghai,West,2014-07-01,eggs,103.9
63,Qinghai,West,2014-06-01,eggs,96.3
63,Qinghai,West,2014-05-01,eggs,111.1
63,Qinghai,West,2014-04-01,eggs,101.4
63,Qinghai,West,2014-03-01,eggs,99.1
63,Qinghai,West,2014-02-01,eggs,98.4
63,Qinghai,West,2014-01-01,eggs,100.3
63,Qinghai,West,2013-12-01,eggs,101.3
63,Qinghai,West,2013-11-01,eggs,97.9
63,Qinghai,West,2013-10-01,eggs,94.9
63,Qinghai,West,2013-09-01,eggs,104.6
63,Qinghai,West,2013-08-01,eggs,104.3
63,Qinghai,West,2013-07-01,eggs,98.6
63,Qinghai,West,2013-06-01,eggs,100.3
63,Qinghai,West,2013-05-01,eggs,101.3
63,Qinghai,West,2013-04-01,eggs,98.8
63,Qinghai,West,2013-03-01,eggs,95.6
63,Qinghai,West,2013-02-01,eggs,99.2
63,Qinghai,West,2013-01-01,eggs,100.3
63,Qinghai,West,2012-12-01,eggs,102.6
63,Qinghai,West,2012-11-01,eggs,98.9
63,Qinghai,West,2012-10-01,eggs,95.7
63,Qinghai,West,2012-09-01,eggs,106.7
63,Qinghai,West,2012-08-01,eggs,108.9
63,Qinghai,West,2012-07-01,eggs,98.4
63,Qinghai,West,2012-06-01,eggs,114
63,Qinghai,West,2012-05-01,eggs,101
63,Qinghai,West,2012-04-01,eggs,98.7
63,Qinghai,West,2012-03-01,eggs,97.9
63,Qinghai,West,2012-02-01,eggs,95.7
63,Qinghai,West,2012-01-01,eggs,101.5
61,Shaanxi,West,2025-12-01,eggs,99.6
61,Shaanxi,West,2025-11-01,eggs,97.2
61,Shaanxi,West,2025-10-01,eggs,98.6
61,Shaanxi,West,2025-09-01,eggs,103.7
61,Shaanxi,West,2025-08-01,eggs,100.9
61,Shaanxi,West,2025-07-01,eggs,99.2
61,Shaanxi,West,2025-06-01,eggs,96.3
61,Shaanxi,West,2025-05-01,eggs,99.5
61,Shaanxi,West,2025-04-01,eggs,97.9
61,Shaanxi,West,2025-03-01,eggs,96
61,Shaanxi,West,2025-02-01,eggs,94.8
61,Shaanxi,West,2025-01-01,eggs,100.4
61,Shaanxi,West,2024-12-01,eggs,99.3
61,Shaanxi,West,2024-11-01,eggs,97.7
61,Shaanxi,West,2024-10-01,eggs,98
61,Shaanxi,West,2024-09-01,eggs,103.9
61,Shaanxi,West,2024-08-01,eggs,103.7
61,Shaanxi,West,2024-07-01,eggs,104.7
61,Shaanxi,West,2024-06-01,eggs,103.1
61,Shaanxi,West,2024-05-01,eggs,102.7
61,Shaanxi,West,2024-04-01,eggs,97.5
61,Shaanxi,West,2024-03-01,eggs,93.2
61,Shaanxi,West,2024-02-01,eggs,96.7
61,Shaanxi,West,2024-01-01,eggs,98.7
61,Shaanxi,West,2023-12-01,eggs,98.6
61,Shaanxi,West,2023-11-01,eggs,94.8
61,Shaanxi,West,2023-10-01,eggs,95.1
61,Shaanxi,West,2023-09-01,eggs,104.8
61,Shaanxi,West,2023-08-01,eggs,112.4
61,Shaanxi,West,2023-07-01,eggs,98.2
61,Shaanxi,West,2023-06-01,eggs,96.1
61,Shaanxi,West,2023-05-01,eggs,98.5
61,Shaanxi,West,2023-04-01,eggs,100.8
61,Shaanxi,West,2023-03-01,eggs,99.8
61,Shaanxi,West,2023-02-01,eggs,93.3
61,Shaanxi,West,2023-01-01,eggs,97.1
61,Shaanxi,West,2022-12-01,eggs,97.2
61,Shaanxi,West,2022-11-01,eggs,100.6
61,Shaanxi,West,2022-10-01,eggs,102
61,Shaanxi,West,2022-09-01,eggs,107.9
61,Shaanxi,West,2022-08-01,eggs,104.7
61,Shaanxi,West,2022-07-01,eggs,100.8
61,Shaanxi,West,2022-06-01,eggs,93.1
61,Shaanxi,West,2022-05-01,eggs,103.4
61,Shaanxi,West,2022-04-01,eggs,109.4
61,Shaanxi,West,2022-03-01,eggs,99.4
61,Shaanxi,West,2022-02-01,eggs,90.7
61,Shaanxi,West,2022-01-01,eggs,101.4
61,Shaanxi,West,2021-12-01,eggs,100.4
61,Shaanxi,West,2021-11-01,eggs,102.9
61,Shaanxi,West,2021-10-01,eggs,97
61,Shaanxi,West,2021-09-01,eggs,99.3
61,Shaanxi,West,2021-08-01,eggs,110.1
61,Shaanxi,West,2021-07-01,eggs,100.7
61,Shaanxi,West,2021-06-01,eggs,99.3
61,Shaanxi,West,2021-05-01,eggs,105.6
61,Shaanxi,West,2021-04-01,eggs,102.3
61,Shaanxi,West,2021-03-01,eggs,94.7
61,Shaanxi,West,2021-02-01,eggs,94.3
61,Shaanxi,West,2021-01-01,eggs,115.7
61,Shaanxi,West,2020-12-01,eggs,101.3
61,Shaanxi,West,2020-11-01,eggs,96.3
61,Shaanxi,West,2020-10-01,eggs,98.6
61,Shaanxi,West,2020-09-01,eggs,98.2
61,Shaanxi,West,2020-08-01,eggs,116.7
61,Shaanxi,West,2020-07-01,eggs,107
61,Shaanxi,West,2020-06-01,eggs,94.3
61,Shaanxi,West,2020-05-01,eggs,96.5
61,Shaanxi,West,2020-04-01,eggs,99.6
61,Shaanxi,West,2020-03-01,eggs,92.7
61,Shaanxi,West,2020-02-01,eggs,91
61,Shaanxi,West,2020-01-01,eggs,95.1
61,Shaanxi,West,2019-12-01,eggs,90.9
61,Shaanxi,West,2019-11-01,eggs,98.4
61,Shaanxi,West,2019-10-01,eggs,97.6
61,Shaanxi,West,2019-09-01,eggs,112
61,Shaanxi,West,2019-08-01,eggs,105
61,Shaanxi,West,2019-07-01,eggs,105.4
61,Shaanxi,West,2019-06-01,eggs,97
61,Shaanxi,West,2019-05-01,eggs,109.8
61,Shaanxi,West,2019-04-01,eggs,106.9
61,Shaanxi,West,2019-03-01,eggs,89.2
61,Shaanxi,West,2019-02-01,eggs,96.1
61,Shaanxi,West,2019-01-01,eggs,100.6
61,Shaanxi,West,2018-12-01,eggs,98.4
61,Shaanxi,West,2018-11-01,eggs,99.2
61,Shaanxi,West,2018-10-01,eggs,93.9
61,Shaanxi,West,2018-09-01,eggs,102.9
61,Shaanxi,West,2018-08-01,eggs,118.8
61,Shaanxi,West,2018-07-01,eggs,98.6
61,Shaanxi,West,2018-06-01,eggs,99.3
61,Shaanxi,West,2018-05-01,eggs,105
61,Shaanxi,West,2018-04-01,eggs,94.4
61,Shaanxi,West,2018-03-01,eggs,91.3
61,Shaanxi,West,2018-02-01,eggs,98.9
61,Shaanxi,West,2018-01-01,eggs,99.9
61,Shaanxi,West,2017-12-01,eggs,107.5
61,Shaanxi,West,2017-11-01,eggs,100.1
61,Shaanxi,West,2017-10-01,eggs,93
61,Shaanxi,West,2017-09-01,eggs,107.6
61,Shaanxi,West,2017-08-01,eggs,119
61,Shaanxi,West,2017-07-01,eggs,106.8
61,Shaanxi,West,2017-06-01,eggs,110.2
61,Shaanxi,West,2017-05-01,eggs,91.8
61,Shaanxi,West,2017-04-01,eggs,103.2
61,Shaanxi,West,2017-03-01,eggs,91.1
61,Shaanxi,West,2017-02-01,eggs,92.6
61,Shaanxi,West,2017-01-01,eggs,97.5
61,Shaanxi,West,2016-12-01,eggs,97.7
61,Shaanxi,West,2016-11-01,eggs,98
61,Shaanxi,West,2016-10-01,eggs,94.4
61,Shaanxi,West,2016-09-01,eggs,111.1
61,Shaanxi,West,2016-08-01,eggs,103.7
61,Shaanxi,West,2016-07-01,eggs,94.7
61,Shaanxi,West,2016-06-01,eggs,100.9
61,Shaanxi,West,2016-05-01,eggs,100.5
61,Shaanxi,West,2016-04-01,eggs,99.4
61,Shaanxi,West,2016-03-01,eggs,89.4
61,Shaanxi,West,2016-02-01,eggs,102
61,Shaanxi,West,2016-01-01,eggs,102.6
61,Shaanxi,West,2015-12-01,eggs,103.6
61,Shaanxi,West,2015-11-01,eggs,95.7
61,Shaanxi,West,2015-10-01,eggs,90.8
61,Shaanxi,West,2015-09-01,eggs,103.1
61,Shaanxi,West,2015-08-01,eggs,115.3
61,Shaanxi,West,2015-07-01,eggs,99.7
61,Shaanxi,West,2015-06-01,eggs,98.5
61,Shaanxi,West,2015-05-01,eggs,99.1
61,Shaanxi,West,2015-04-01,eggs,91.2
61,Shaanxi,West,2015-03-01,eggs,95.9
61,Shaanxi,West,2015-02-01,eggs,98.6
61,Shaanxi,West,2015-01-01,eggs,96.1
61,Shaanxi,West,2014-12-01,eggs,98.6
61,Shaanxi,West,2014-11-01,eggs,98.3
61,Shaanxi,West,2014-10-01,eggs,97.3
61,Shaanxi,West,2014-09-01,eggs,104.1
61,Shaanxi,West,2014-08-01,eggs,107.4
61,Shaanxi,West,2014-07-01,eggs,104.3
61,Shaanxi,West,2014-06-01,eggs,96.1
61,Shaanxi,West,2014-05-01,eggs,111.5
61,Shaanxi,West,2014-04-01,eggs,104.8
61,Shaanxi,West,2014-03-01,eggs,98.2
61,Shaanxi,West,2014-02-01,eggs,95.6
61,Shaanxi,West,2014-01-01,eggs,99.8
61,Shaanxi,West,2013-12-01,eggs,99.4
61,Shaanxi,West,2013-11-01,eggs,97.7
61,Shaanxi,West,2013-10-01,eggs,93.6
61,Shaanxi,West,2013-09-01,eggs,111
61,Shaanxi,West,2013-08-01,eggs,106.4
61,Shaanxi,West,2013-07-01,eggs,97.2
61,Shaanxi,West,2013-06-01,eggs,101.7
61,Shaanxi,West,2013-05-01,eggs,98.2
61,Shaanxi,West,2013-04-01,eggs,97
61,Shaanxi,West,2013-03-01,eggs,96.2
61,Shaanxi,West,2013-02-01,eggs,100.9
61,Shaanxi,West,2013-01-01,eggs,100.7
61,Shaanxi,West,2012-12-01,eggs,103.2
61,Shaanxi,West,2012-11-01,eggs,96.3
61,Shaanxi,West,2012-10-01,eggs,95.7
61,Shaanxi,West,2012-09-01,eggs,109.5
61,Shaanxi,West,2012-08-01,eggs,108.3
61,Shaanxi,West,2012-07-01,eggs,97.3
61,Shaanxi,West,2012-06-01,eggs,115.5
61,Shaanxi,West,2012-05-01,eggs,101.2
61,Shaanxi,West,2012-04-01,eggs,99.6
61,Shaanxi,West,2012-03-01,eggs,95.6
61,Shaanxi,West,2012-02-01,eggs,91.7
61,Shaanxi,West,2012-01-01,eggs,99.5
37,Shandong,East,2025-12-01,eggs,101.8
37,Shandong,East,2025-11-01,eggs,97.2
37,Shandong,East,2025-10-01,eggs,96.3
37,Shandong,East,2025-09-01,eggs,104.2
37,Shandong,East,2025-08-01,eggs,102.3
37,Shandong,East,2025-07-01,eggs,100.5
37,Shandong,East,2025-06-01,eggs,95.9
37,Shandong,East,2025-05-01,eggs,98.6
37,Shandong,East,2025-04-01,eggs,99.3
37,Shandong,East,2025-03-01,eggs,97.4
37,Shandong,East,2025-02-01,eggs,91.2
37,Shandong,East,2025-01-01,eggs,99.4
37,Shandong,East,2024-12-01,eggs,100.9
37,Shandong,East,2024-11-01,eggs,100
37,Shandong,East,2024-10-01,eggs,96.2
37,Shandong,East,2024-09-01,eggs,101.9
37,Shandong,East,2024-08-01,eggs,103.7
37,Shandong,East,2024-07-01,eggs,105.4
37,Shandong,East,2024-06-01,eggs,101.5
37,Shandong,East,2024-05-01,eggs,103.3
37,Shandong,East,2024-04-01,eggs,97.9
37,Shandong,East,2024-03-01,eggs,94.9
37,Shandong,East,2024-02-01,eggs,96.7
37,Shandong,East,2024-01-01,eggs,98.6
37,Shandong,East,2023-12-01,eggs,99.7
37,Shandong,East,2023-11-01,eggs,97.9
37,Shandong,East,2023-10-01,eggs,93.9
37,Shandong,East,2023-09-01,eggs,102.9
37,Shandong,East,2023-08-01,eggs,109.4
37,Shandong,East,2023-07-01,eggs,99.6
37,Shandong,East,2023-06-01,eggs,97.3
37,Shandong,East,2023-05-01,eggs,97.8
37,Shandong,East,2023-04-01,eggs,100
37,Shandong,East,2023-03-01,eggs,101.8
37,Shandong,East,2023-02-01,eggs,94.9
37,Shandong,East,2023-01-01,eggs,97.9
37,Shandong,East,2022-12-01,eggs,97.8
37,Shandong,East,2022-11-01,eggs,101
37,Shandong,East,2022-10-01,eggs,102.8
37,Shandong,East,2022-09-01,eggs,104.2
37,Shandong,East,2022-08-01,eggs,103.1
37,Shandong,East,2022-07-01,eggs,102
37,Shandong,East,2022-06-01,eggs,95.8
37,Shandong,East,2022-05-01,eggs,102.6
37,Shandong,East,2022-04-01,eggs,104.3
37,Shandong,East,2022-03-01,eggs,102
37,Shandong,East,2022-02-01,eggs,95.3
37,Shandong,East,2022-01-01,eggs,99.3
37,Shandong,East,2021-12-01,eggs,97.9
37,Shandong,East,2021-11-01,eggs,104.1
37,Shandong,East,2021-10-01,eggs,96.3
37,Shandong,East,2021-09-01,eggs,100.2
37,Shandong,East,2021-08-01,eggs,107.4
37,Shandong,East,2021-07-01,eggs,102.3
37,Shandong,East,2021-06-01,eggs,98.2
37,Shandong,East,2021-05-01,eggs,103.2
37,Shandong,East,2021-04-01,eggs,102.6
37,Shandong,East,2021-03-01,eggs,95.9
37,Shandong,East,2021-02-01,eggs,93
37,Shandong,East,2021-01-01,eggs,111.9
37,Shandong,East,2020-12-01,eggs,104
37,Shandong,East,2020-11-01,eggs,98.8
37,Shandong,East,2020-10-01,eggs,95.9
37,Shandong,East,2020-09-01,eggs,102.5
37,Shandong,East,2020-08-01,eggs,107.1
37,Shandong,East,2020-07-01,eggs,104.9
37,Shandong,East,2020-06-01,eggs,96
37,Shandong,East,2020-05-01,eggs,95.9
37,Shandong,East,2020-04-01,eggs,99.6
37,Shandong,East,2020-03-01,eggs,98.5
37,Shandong,East,2020-02-01,eggs,90.4
37,Shandong,East,2020-01-01,eggs,97.9
37,Shandong,East,2019-12-01,eggs,95.3
37,Shandong,East,2019-11-01,eggs,100
37,Shandong,East,2019-10-01,eggs,97.4
37,Shandong,East,2019-09-01,eggs,105.2
37,Shandong,East,2019-08-01,eggs,106.2
37,Shandong,East,2019-07-01,eggs,105.6
37,Shandong,East,2019-06-01,eggs,96.2
37,Shandong,East,2019-05-01,eggs,105.7
37,Shandong,East,2019-04-01,eggs,104.6
37,Shandong,East,2019-03-01,eggs,95.8
37,Shandong,East,2019-02-01,eggs,93.6
37,Shandong,East,2019-01-01,eggs,101.3
37,Shandong,East,2018-12-01,eggs,98.4
37,Shandong,East,2018-11-01,eggs,101.6
37,Shandong,East,2018-10-01,eggs,94.4
37,Shandong,East,2018-09-01,eggs,100.7
37,Shandong,East,2018-08-01,eggs,114
37,Shandong,East,2018-07-01,eggs,101.3
37,Shandong,East,2018-06-01,eggs,100.1
37,Shandong,East,2018-05-01,eggs,101
37,Shandong,East,2018-04-01,eggs,99
37,Shandong,East,2018-03-01,eggs,90
37,Shandong,East,2018-02-01,eggs,100.8
37,Shandong,East,2018-01-01,eggs,100.5
37,Shandong,East,2017-12-01,eggs,104.6
37,Shandong,East,2017-11-01,eggs,103.6
37,Shandong,East,2017-10-01,eggs,93.6
37,Shandong,East,2017-09-01,eggs,103.5
37,Shandong,East,2017-08-01,eggs,116.9
37,Shandong,East,2017-07-01,eggs,101.2
37,Shandong,East,2017-06-01,eggs,106.7
37,Shandong,East,2017-05-01,eggs,97.1
37,Shandong,East,2017-04-01,eggs,99.1
37,Shandong,East,2017-03-01,eggs,96.8
37,Shandong,East,2017-02-01,eggs,92.4
37,Shandong,East,2017-01-01,eggs,99.2
37,Shandong,East,2016-12-01,eggs,99.1
37,Shandong,East,2016-11-01,eggs,100.3
37,Shandong,East,2016-10-01,eggs,94.1
37,Shandong,East,2016-09-01,eggs,104.5
37,Shandong,East,2016-08-01,eggs,104.8
37,Shandong,East,2016-07-01,eggs,99
37,Shandong,East,2016-06-01,eggs,97.7
37,Shandong,East,2016-05-01,eggs,100.5
37,Shandong,East,2016-04-01,eggs,99.7
37,Shandong,East,2016-03-01,eggs,92.7
37,Shandong,East,2016-02-01,eggs,98.1
37,Shandong,East,2016-01-01,eggs,104.6
37,Shandong,East,2015-12-01,eggs,101.2
37,Shandong,East,2015-11-01,eggs,101
37,Shandong,East,2015-10-01,eggs,90.1
37,Shandong,East,2015-09-01,eggs,102.7
37,Shandong,East,2015-08-01,eggs,111.6
37,Shandong,East,2015-07-01,eggs,101.8
37,Shandong,East,2015-06-01,eggs,98.5
37,Shandong,East,2015-05-01,eggs,98.6
37,Shandong,East,2015-04-01,eggs,95.8
37,Shandong,East,2015-03-01,eggs,91.2
37,Shandong,East,2015-02-01,eggs,100.9
37,Shandong,East,2015-01-01,eggs,96.7
37,Shandong,East,2014-12-01,eggs,97.3
37,Shandong,East,2014-11-01,eggs,99.8
37,Shandong,East,2014-10-01,eggs,94.9
37,Shandong,East,2014-09-01,eggs,98.1
37,Shandong,East,2014-08-01,eggs,108.6
37,Shandong,East,2014-07-01,eggs,105.2
37,Shandong,East,2014-06-01,eggs,94.5
37,Shandong,East,2014-05-01,eggs,108.1
37,Shandong,East,2014-04-01,eggs,108.6
37,Shandong,East,2014-03-01,eggs,99.4
37,Shandong,East,2014-02-01,eggs,94.9
37,Shandong,East,2014-01-01,eggs,105.6
37,Shandong,East,2013-12-01,eggs,102.3
37,Shandong,East,2013-11-01,eggs,100.6
37,Shandong,East,2013-10-01,eggs,88.8
37,Shandong,East,2013-09-01,eggs,108.2
37,Shandong,East,2013-08-01,eggs,110.5
37,Shandong,East,2013-07-01,eggs,98.5
37,Shandong,East,2013-06-01,eggs,100
37,Shandong,East,2013-05-01,eggs,98.4
37,Shandong,East,2013-04-01,eggs,98.6
37,Shandong,East,2013-03-01,eggs,90.2
37,Shandong,East,2013-02-01,eggs,97.3
37,Shandong,East,2013-01-01,eggs,102.7
37,Shandong,East,2012-12-01,eggs,103.5
37,Shandong,East,2012-11-01,eggs,101.2
37,Shandong,East,2012-10-01,eggs,92.7
37,Shandong,East,2012-09-01,eggs,104.4
37,Shandong,East,2012-08-01,eggs,109.9
37,Shandong,East,2012-07-01,eggs,98.9
37,Shandong,East,2012-06-01,eggs,108.8
37,Shandong,East,2012-05-01,eggs,102.8
37,Shandong,East,2012-04-01,eggs,99
37,Shandong,East,2012-03-01,eggs,99.6
37,Shandong,East,2012-02-01,eggs,89.5
37,Shandong,East,2012-01-01,eggs,98.8
31,Shanghai,East,2025-12-01,eggs,98.3
31,Shanghai,East,2025-11-01,eggs,99.6
31,Shanghai,East,2025-10-01,eggs,101.9
31,Shanghai,East,2025-09-01,eggs,99.7
31,Shanghai,East,2025-08-01,eggs,100.6
31,Shanghai,East,2025-07-01,eggs,100.5
31,Shanghai,East,2025-06-01,eggs,99.1
31,Shanghai,East,2025-05-01,eggs,98.8
31,Shanghai,East,2025-04-01,eggs,98.9
31,Shanghai,East,2025-03-01,eggs,98.7
31,Shanghai,East,2025-02-01,eggs,96.7
31,Shanghai,East,2025-01-01,eggs,98.7
31,Shanghai,East,2024-12-01,eggs,100.9
31,Shanghai,East,2024-11-01,eggs,99.7
31,Shanghai,East,2024-10-01,eggs,99.2
31,Shanghai,East,2024-09-01,eggs,101.1
31,Shanghai,East,2024-08-01,eggs,102.5
31,Shanghai,East,2024-07-01,eggs,105.2
31,Shanghai,East,2024-06-01,eggs,100.3
31,Shanghai,East,2024-05-01,eggs,99.7
31,Shanghai,East,2024-04-01,eggs,97.8
31,Shanghai,East,2024-03-01,eggs,98.3
31,Shanghai,East,2024-02-01,eggs,97.5
31,Shanghai,East,2024-01-01,eggs,98.9
31,Shanghai,East,2023-12-01,eggs,99.9
31,Shanghai,East,2023-11-01,eggs,97
31,Shanghai,East,2023-10-01,eggs,97.9
31,Shanghai,East,2023-09-01,eggs,102.1
31,Shanghai,East,2023-08-01,eggs,104.7
31,Shanghai,East,2023-07-01,eggs,100
31,Shanghai,East,2023-06-01,eggs,97.8
31,Shanghai,East,2023-05-01,eggs,99
31,Shanghai,East,2023-04-01,eggs,99.3
31,Shanghai,East,2023-03-01,eggs,99.5
31,Shanghai,East,2023-02-01,eggs,98.3
31,Shanghai,East,2023-01-01,eggs,95.9
31,Shanghai,East,2022-12-01,eggs,98.7
31,Shanghai,East,2022-11-01,eggs,101.4
31,Shanghai,East,2022-10-01,eggs,102.1
31,Shanghai,East,2022-09-01,eggs,105.9
31,Shanghai,East,2022-08-01,eggs,100.7
31,Shanghai,East,2022-07-01,eggs,98.8
31,Shanghai,East,2022-06-01,eggs,71.8
31,Shanghai,East,2022-05-01,eggs,100
31,Shanghai,East,2022-04-01,eggs,151.5
31,Shanghai,East,2022-03-01,eggs,100.1
31,Shanghai,East,2022-02-01,eggs,97.6
31,Shanghai,East,2022-01-01,eggs,99.4
31,Shanghai,East,2021-12-01,eggs,100
31,Shanghai,East,2021-11-01,eggs,101.6
31,Shanghai,East,2021-10-01,eggs,99.2
31,Shanghai,East,2021-09-01,eggs,100.2
31,Shanghai,East,2021-08-01,eggs,103.4
31,Shanghai,East,2021-07-01,eggs,100.3
31,Shanghai,East,2021-06-01,eggs,99.1
31,Shanghai,East,2021-05-01,eggs,100.7
31,Shanghai,East,2021-04-01,eggs,100.6
31,Shanghai,East,2021-03-01,eggs,100
31,Shanghai,East,2021-02-01,eggs,97.5
31,Shanghai,East,2021-01-01,eggs,103.5
31,Shanghai,East,2020-12-01,eggs,101.9
31,Shanghai,East,2020-11-01,eggs,99.3
31,Shanghai,East,2020-10-01,eggs,97.4
31,Shanghai,East,2020-09-01,eggs,101.1
31,Shanghai,East,2020-08-01,eggs,106.4
31,Shanghai,East,2020-07-01,eggs,99.7
31,Shanghai,East,2020-06-01,eggs,98.9
31,Shanghai,East,2020-05-01,eggs,98.7
31,Shanghai,East,2020-04-01,eggs,98.1
31,Shanghai,East,2020-03-01,eggs,97
31,Shanghai,East,2020-02-01,eggs,98.9
31,Shanghai,East,2020-01-01,eggs,96.5
31,Shanghai,East,2019-12-01,eggs,98
31,Shanghai,East,2019-11-01,eggs,100.5
31,Shanghai,East,2019-10-01,eggs,100.4
31,Shanghai,East,2019-09-01,eggs,104.1
31,Shanghai,East,2019-08-01,eggs,102.8
31,Shanghai,East,2019-07-01,eggs,102.1
31,Shanghai,East,2019-06-01,eggs,98.6
31,Shanghai,East,2019-05-01,eggs,103.1
31,Shanghai,East,2019-04-01,eggs,100.5
31,Shanghai,East,2019-03-01,eggs,98
31,Shanghai,East,2019-02-01,eggs,99.9
31,Shanghai,East,2019-01-01,eggs,97.5
31,Shanghai,East,2018-12-01,eggs,100
31,Shanghai,East,2018-11-01,eggs,99.9
31,Shanghai,East,2018-10-01,eggs,98.8
31,Shanghai,East,2018-09-01,eggs,102.9
31,Shanghai,East,2018-08-01,eggs,105.9
31,Shanghai,East,2018-07-01,eggs,101.1
31,Shanghai,East,2018-06-01,eggs,100.4
31,Shanghai,East,2018-05-01,eggs,100.3
31,Shanghai,East,2018-04-01,eggs,98.2
31,Shanghai,East,2018-03-01,eggs,97.1
31,Shanghai,East,2018-02-01,eggs,99.8
31,Shanghai,East,2018-01-01,eggs,99.7
31,Shanghai,East,2017-12-01,eggs,102.3
31,Shanghai,East,2017-11-01,eggs,100.9
31,Shanghai,East,2017-10-01,eggs,98.2
31,Shanghai,East,2017-09-01,eggs,103.3
31,Shanghai,East,2017-08-01,eggs,107.3
31,Shanghai,East,2017-07-01,eggs,102.7
31,Shanghai,East,2017-06-01,eggs,101.8
31,Shanghai,East,2017-05-01,eggs,99
31,Shanghai,East,2017-04-01,eggs,99.2
31,Shanghai,East,2017-03-01,eggs,96.8
31,Shanghai,East,2017-02-01,eggs,97.8
31,Shanghai,East,2017-01-01,eggs,99.4
31,Shanghai,East,2016-12-01,eggs,99.5
31,Shanghai,East,2016-11-01,eggs,99.5
31,Shanghai,East,2016-10-01,eggs,97.5
31,Shanghai,East,2016-09-01,eggs,102.4
31,Shanghai,East,2016-08-01,eggs,102.2
31,Shanghai,East,2016-07-01,eggs,99.5
31,Shanghai,East,2016-06-01,eggs,99.2
31,Shanghai,East,2016-05-01,eggs,99.5
31,Shanghai,East,2016-04-01,eggs,100.2
31,Shanghai,East,2016-03-01,eggs,95.9
31,Shanghai,East,2016-02-01,eggs,100.3
31,Shanghai,East,2016-01-01,eggs,101.8
31,Shanghai,East,2015-12-01,eggs,100.4
31,Shanghai,East,2015-11-01,eggs,99.9
31,Shanghai,East,2015-10-01,eggs,97.5
31,Shanghai,East,2015-09-01,eggs,100.9
31,Shanghai,East,2015-08-01,eggs,103.1
31,Shanghai,East,2015-07-01,eggs,100.4
31,Shanghai,East,2015-06-01,eggs,99.3
31,Shanghai,East,2015-05-01,eggs,100.4
31,Shanghai,East,2015-04-01,eggs,98.1
31,Shanghai,East,2015-03-01,eggs,97.8
31,Shanghai,East,2015-02-01,eggs,99.7
31,Shanghai,East,2015-01-01,eggs,98.2
31,Shanghai,East,2014-12-01,eggs,99.5
31,Shanghai,East,2014-11-01,eggs,99.9
31,Shanghai,East,2014-10-01,eggs,98.5
31,Shanghai,East,2014-09-01,eggs,101.2
31,Shanghai,East,2014-08-01,eggs,102.4
31,Shanghai,East,2014-07-01,eggs,101.4
31,Shanghai,East,2014-06-01,eggs,100.1
31,Shanghai,East,2014-05-01,eggs,103.2
31,Shanghai,East,2014-04-01,eggs,100.7
31,Shanghai,East,2014-03-01,eggs,99.6
31,Shanghai,East,2014-02-01,eggs,100
31,Shanghai,East,2014-01-01,eggs,100.3
31,Shanghai,East,2013-12-01,eggs,100.5
31,Shanghai,East,2013-11-01,eggs,99.4
31,Shanghai,East,2013-10-01,eggs,98.1
31,Shanghai,East,2013-09-01,eggs,104.1
31,Shanghai,East,2013-08-01,eggs,102.5
31,Shanghai,East,2013-07-01,eggs,100
31,Shanghai,East,2013-06-01,eggs,100.4
31,Shanghai,East,2013-05-01,eggs,98.4
31,Shanghai,East,2013-04-01,eggs,98
31,Shanghai,East,2013-03-01,eggs,98.6
31,Shanghai,East,2013-02-01,eggs,99.5
31,Shanghai,East,2013-01-01,eggs,100.6
31,Shanghai,East,2012-12-01,eggs,101.2
31,Shanghai,East,2012-11-01,eggs,99
31,Shanghai,East,2012-10-01,eggs,98.9
31,Shanghai,East,2012-09-01,eggs,104.2
31,Shanghai,East,2012-08-01,eggs,103.1
31,Shanghai,East,2012-07-01,eggs,99.5
31,Shanghai,East,2012-06-01,eggs,101.9
31,Shanghai,East,2012-05-01,eggs,99.1
31,Shanghai,East,2012-04-01,eggs,100.2
31,Shanghai,East,2012-03-01,eggs,98.4
31,Shanghai,East,2012-02-01,eggs,96.5
31,Shanghai,East,2012-01-01,eggs,99.5
14,Shanxi,North,2025-12-01,eggs,101.7
14,Shanxi,North,2025-11-01,eggs,96.7
14,Shanxi,North,2025-10-01,eggs,94.3
14,Shanxi,North,2025-09-01,eggs,104.7
14,Shanxi,North,2025-08-01,eggs,103.3
14,Shanxi,North,2025-07-01,eggs,100
14,Shanxi,North,2025-06-01,eggs,94.8
14,Shanxi,North,2025-05-01,eggs,98.5
14,Shanxi,North,2025-04-01,eggs,100
14,Shanxi,North,2025-03-01,eggs,97.7
14,Shanxi,North,2025-02-01,eggs,89.4
14,Shanxi,North,2025-01-01,eggs,99.1
14,Shanxi,North,2024-12-01,eggs,99.6
14,Shanxi,North,2024-11-01,eggs,98.3
14,Shanxi,North,2024-10-01,eggs,96.6
14,Shanxi,North,2024-09-01,eggs,102.2
14,Shanxi,North,2024-08-01,eggs,104.8
14,Shanxi,North,2024-07-01,eggs,105.5
14,Shanxi,North,2024-06-01,eggs,101.7
14,Shanxi,North,2024-05-01,eggs,104.5
14,Shanxi,North,2024-04-01,eggs,98
14,Shanxi,North,2024-03-01,eggs,94.2
14,Shanxi,North,2024-02-01,eggs,96.7
14,Shanxi,North,2024-01-01,eggs,98.2
14,Shanxi,North,2023-12-01,eggs,99.4
14,Shanxi,North,2023-11-01,eggs,97
14,Shanxi,North,2023-10-01,eggs,93.6
14,Shanxi,North,2023-09-01,eggs,104
14,Shanxi,North,2023-08-01,eggs,111.4
14,Shanxi,North,2023-07-01,eggs,98.4
14,Shanxi,North,2023-06-01,eggs,95.6
14,Shanxi,North,2023-05-01,eggs,98.1
14,Shanxi,North,2023-04-01,eggs,100.6
14,Shanxi,North,2023-03-01,eggs,102.5
14,Shanxi,North,2023-02-01,eggs,94.2
14,Shanxi,North,2023-01-01,eggs,97.3
14,Shanxi,North,2022-12-01,eggs,96.3
14,Shanxi,North,2022-11-01,eggs,101.3
14,Shanxi,North,2022-10-01,eggs,103.3
14,Shanxi,North,2022-09-01,eggs,105.1
14,Shanxi,North,2022-08-01,eggs,103.8
14,Shanxi,North,2022-07-01,eggs,101.3
14,Shanxi,North,2022-06-01,eggs,94.4
14,Shanxi,North,2022-05-01,eggs,101.4
14,Shanxi,North,2022-04-01,eggs,109.6
14,Shanxi,North,2022-03-01,eggs,100.5
14,Shanxi,North,2022-02-01,eggs,95
14,Shanxi,North,2022-01-01,eggs,97.8
14,Shanxi,North,2021-12-01,eggs,97.2
14,Shanxi,North,2021-11-01,eggs,102.9
14,Shanxi,North,2021-10-01,eggs,97.1
14,Shanxi,North,2021-09-01,eggs,99.2
14,Shanxi,North,2021-08-01,eggs,109
14,Shanxi,North,2021-07-01,eggs,101
14,Shanxi,North,2021-06-01,eggs,98.5
14,Shanxi,North,2021-05-01,eggs,104.3
14,Shanxi,North,2021-04-01,eggs,103.9
14,Shanxi,North,2021-03-01,eggs,97.3
14,Shanxi,North,2021-02-01,eggs,90.4
14,Shanxi,North,2021-01-01,eggs,116
14,Shanxi,North,2020-12-01,eggs,106.3
14,Shanxi,North,2020-11-01,eggs,97.4
14,Shanxi,North,2020-10-01,eggs,93.4
14,Shanxi,North,2020-09-01,eggs,101.1
14,Shanxi,North,2020-08-01,eggs,123.5
14,Shanxi,North,2020-07-01,eggs,109.5
14,Shanxi,North,2020-06-01,eggs,95.9
14,Shanxi,North,2020-05-01,eggs,92.9
14,Shanxi,North,2020-04-01,eggs,103.3
14,Shanxi,North,2020-03-01,eggs,97.6
14,Shanxi,North,2020-02-01,eggs,77.9
14,Shanxi,North,2020-01-01,eggs,92.9
14,Shanxi,North,2019-12-01,eggs,89
14,Shanxi,North,2019-11-01,eggs,96.2
14,Shanxi,North,2019-10-01,eggs,98.3
14,Shanxi,North,2019-09-01,eggs,109.8
14,Shanxi,North,2019-08-01,eggs,106.9
14,Shanxi,North,2019-07-01,eggs,113.8
14,Shanxi,North,2019-06-01,eggs,92.6
14,Shanxi,North,2019-05-01,eggs,115.1
14,Shanxi,North,2019-04-01,eggs,111.5
14,Shanxi,North,2019-03-01,eggs,90.1
14,Shanxi,North,2019-02-01,eggs,86.9
14,Shanxi,North,2019-01-01,eggs,102.6
14,Shanxi,North,2018-12-01,eggs,96.4
14,Shanxi,North,2018-11-01,eggs,101.6
14,Shanxi,North,2018-10-01,eggs,92.2
14,Shanxi,North,2018-09-01,eggs,101.3
14,Shanxi,North,2018-08-01,eggs,126
14,Shanxi,North,2018-07-01,eggs,98.9
14,Shanxi,North,2018-06-01,eggs,97.4
14,Shanxi,North,2018-05-01,eggs,105.3
14,Shanxi,North,2018-04-01,eggs,97.8
14,Shanxi,North,2018-03-01,eggs,81.5
14,Shanxi,North,2018-02-01,eggs,98.9
14,Shanxi,North,2018-01-01,eggs,99.5
14,Shanxi,North,2017-12-01,eggs,110.9
14,Shanxi,North,2017-11-01,eggs,104.6
14,Shanxi,North,2017-10-01,eggs,88.4
14,Shanxi,North,2017-09-01,eggs,104.6
14,Shanxi,North,2017-08-01,eggs,140.5
14,Shanxi,North,2017-07-01,eggs,105.3
14,Shanxi,North,2017-06-01,eggs,114.3
14,Shanxi,North,2017-05-01,eggs,92
14,Shanxi,North,2017-04-01,eggs,102.9
14,Shanxi,North,2017-03-01,eggs,96.6
14,Shanxi,North,2017-02-01,eggs,84.1
14,Shanxi,North,2017-01-01,eggs,95.3
14,Shanxi,North,2016-12-01,eggs,95.7
14,Shanxi,North,2016-11-01,eggs,99
14,Shanxi,North,2016-10-01,eggs,89.1
14,Shanxi,North,2016-09-01,eggs,113.1
14,Shanxi,North,2016-08-01,eggs,109.5
14,Shanxi,North,2016-07-01,eggs,95.4
14,Shanxi,North,2016-06-01,eggs,98.6
14,Shanxi,North,2016-05-01,eggs,101.7
14,Shanxi,North,2016-04-01,eggs,102.9
14,Shanxi,North,2016-03-01,eggs,81.2
14,Shanxi,North,2016-02-01,eggs,97.9
14,Shanxi,North,2016-01-01,eggs,109.6
14,Shanxi,North,2015-12-01,eggs,103.5
14,Shanxi,North,2015-11-01,eggs,100.5
14,Shanxi,North,2015-10-01,eggs,85.2
14,Shanxi,North,2015-09-01,eggs,103.2
14,Shanxi,North,2015-08-01,eggs,120.3
14,Shanxi,North,2015-07-01,eggs,103.2
14,Shanxi,North,2015-06-01,eggs,96.4
14,Shanxi,North,2015-05-01,eggs,99.5
14,Shanxi,North,2015-04-01,eggs,92
14,Shanxi,North,2015-03-01,eggs,88.8
14,Shanxi,North,2015-02-01,eggs,100.4
14,Shanxi,North,2015-01-01,eggs,93
14,Shanxi,North,2014-12-01,eggs,95.7
14,Shanxi,North,2014-11-01,eggs,98.1
14,Shanxi,North,2014-10-01,eggs,94.5
14,Shanxi,North,2014-09-01,eggs,101.1
14,Shanxi,North,2014-08-01,eggs,108.6
14,Shanxi,North,2014-07-01,eggs,110
14,Shanxi,North,2014-06-01,eggs,92.1
14,Shanxi,North,2014-05-01,eggs,114.5
14,Shanxi,North,2014-04-01,eggs,109.7
14,Shanxi,North,2014-03-01,eggs,98
14,Shanxi,North,2014-02-01,eggs,95
14,Shanxi,North,2014-01-01,eggs,102.2
14,Shanxi,North,2013-12-01,eggs,100.5
14,Shanxi,North,2013-11-01,eggs,98.5
14,Shanxi,North,2013-10-01,eggs,89
14,Shanxi,North,2013-09-01,eggs,110.7
14,Shanxi,North,2013-08-01,eggs,108.4
14,Shanxi,North,2013-07-01,eggs,97.6
14,Shanxi,North,2013-06-01,eggs,102.3
14,Shanxi,North,2013-05-01,eggs,100.2
14,Shanxi,North,2013-04-01,eggs,97.5
14,Shanxi,North,2013-03-01,eggs,87.3
14,Shanxi,North,2013-02-01,eggs,97.5
14,Shanxi,North,2013-01-01,eggs,100.4
14,Shanxi,North,2012-12-01,eggs,104.8
14,Shanxi,North,2012-11-01,eggs,98.2
14,Shanxi,North,2012-10-01,eggs,93.4
14,Shanxi,North,2012-09-01,eggs,106.4
14,Shanxi,North,2012-08-01,eggs,112.4
14,Shanxi,North,2012-07-01,eggs,95.2
14,Shanxi,North,2012-06-01,eggs,122.8
14,Shanxi,North,2012-05-01,eggs,106.3
14,Shanxi,North,2012-04-01,eggs,99.6
14,Shanxi,North,2012-03-01,eggs,99.7
14,Shanxi,North,2012-02-01,eggs,84.1
14,Shanxi,North,2012-01-01,eggs,98.2
51,Sichuan,West,2025-12-01,eggs,99.5
51,Sichuan,West,2025-11-01,eggs,99.4
51,Sichuan,West,2025-10-01,eggs,99
51,Sichuan,West,2025-09-01,eggs,102.9
51,Sichuan,West,2025-08-01,eggs,101.1
51,Sichuan,West,2025-07-01,eggs,99.7
51,Sichuan,West,2025-06-01,eggs,98.5
51,Sichuan,West,2025-05-01,eggs,98.8
51,Sichuan,West,2025-04-01,eggs,98.9
51,Sichuan,West,2025-03-01,eggs,97.3
51,Sichuan,West,2025-02-01,eggs,96.6
51,Sichuan,West,2025-01-01,eggs,98.9
51,Sichuan,West,2024-12-01,eggs,100.2
51,Sichuan,West,2024-11-01,eggs,99.5
51,Sichuan,West,2024-10-01,eggs,99.9
51,Sichuan,West,2024-09-01,eggs,101.9
51,Sichuan,West,2024-08-01,eggs,101.4
51,Sichuan,West,2024-07-01,eggs,101.8
51,Sichuan,West,2024-06-01,eggs,100.4
51,Sichuan,West,2024-05-01,eggs,101.2
51,Sichuan,West,2024-04-01,eggs,97.5
51,Sichuan,West,2024-03-01,eggs,97.4
51,Sichuan,West,2024-02-01,eggs,98.8
51,Sichuan,West,2024-01-01,eggs,98.9
51,Sichuan,West,2023-12-01,eggs,99.7
51,Sichuan,West,2023-11-01,eggs,97.8
51,Sichuan,West,2023-10-01,eggs,98.2
51,Sichuan,West,2023-09-01,eggs,102.9
51,Sichuan,West,2023-08-01,eggs,104.4
51,Sichuan,West,2023-07-01,eggs,99.6
51,Sichuan,West,2023-06-01,eggs,98.3
51,Sichuan,West,2023-05-01,eggs,99.9
51,Sichuan,West,2023-04-01,eggs,99.1
51,Sichuan,West,2023-03-01,eggs,98.5
51,Sichuan,West,2023-02-01,eggs,98.2
51,Sichuan,West,2023-01-01,eggs,99.6
51,Sichuan,West,2022-12-01,eggs,99.2
51,Sichuan,West,2022-11-01,eggs,100.2
51,Sichuan,West,2022-10-01,eggs,99.5
51,Sichuan,West,2022-09-01,eggs,107.4
51,Sichuan,West,2022-08-01,eggs,102
51,Sichuan,West,2022-07-01,eggs,100.4
51,Sichuan,West,2022-06-01,eggs,97.8
51,Sichuan,West,2022-05-01,eggs,101.6
51,Sichuan,West,2022-04-01,eggs,103.9
51,Sichuan,West,2022-03-01,eggs,99.2
51,Sichuan,West,2022-02-01,eggs,98.6
51,Sichuan,West,2022-01-01,eggs,98.9
51,Sichuan,West,2021-12-01,eggs,99.7
51,Sichuan,West,2021-11-01,eggs,101.7
51,Sichuan,West,2021-10-01,eggs,99.5
51,Sichuan,West,2021-09-01,eggs,100.5
51,Sichuan,West,2021-08-01,eggs,103.5
51,Sichuan,West,2021-07-01,eggs,100.6
51,Sichuan,West,2021-06-01,eggs,100
51,Sichuan,West,2021-05-01,eggs,100.6
51,Sichuan,West,2021-04-01,eggs,99.3
51,Sichuan,West,2021-03-01,eggs,97.2
51,Sichuan,West,2021-02-01,eggs,99
51,Sichuan,West,2021-01-01,eggs,103.8
51,Sichuan,West,2020-12-01,eggs,100.1
51,Sichuan,West,2020-11-01,eggs,98.6
51,Sichuan,West,2020-10-01,eggs,99.5
51,Sichuan,West,2020-09-01,eggs,100.6
51,Sichuan,West,2020-08-01,eggs,105.2
51,Sichuan,West,2020-07-01,eggs,102
51,Sichuan,West,2020-06-01,eggs,98.1
51,Sichuan,West,2020-05-01,eggs,98
51,Sichuan,West,2020-04-01,eggs,98.2
51,Sichuan,West,2020-03-01,eggs,97.2
51,Sichuan,West,2020-02-01,eggs,97.4
51,Sichuan,West,2020-01-01,eggs,97.3
51,Sichuan,West,2019-12-01,eggs,97.8
51,Sichuan,West,2019-11-01,eggs,99.4
51,Sichuan,West,2019-10-01,eggs,99.2
51,Sichuan,West,2019-09-01,eggs,104.8
51,Sichuan,West,2019-08-01,eggs,102.8
51,Sichuan,West,2019-07-01,eggs,103
51,Sichuan,West,2019-06-01,eggs,99.9
51,Sichuan,West,2019-05-01,eggs,103.7
51,Sichuan,West,2019-04-01,eggs,99.6
51,Sichuan,West,2019-03-01,eggs,95.5
51,Sichuan,West,2019-02-01,eggs,98
51,Sichuan,West,2019-01-01,eggs,100.2
51,Sichuan,West,2018-12-01,eggs,99.3
51,Sichuan,West,2018-11-01,eggs,99
51,Sichuan,West,2018-10-01,eggs,99.3
51,Sichuan,West,2018-09-01,eggs,102.9
51,Sichuan,West,2018-08-01,eggs,107.6
51,Sichuan,West,2018-07-01,eggs,100.2
51,Sichuan,West,2018-06-01,eggs,100.7
51,Sichuan,West,2018-05-01,eggs,100.4
51,Sichuan,West,2018-04-01,eggs,97.2
51,Sichuan,West,2018-03-01,eggs,94.5
51,Sichuan,West,2018-02-01,eggs,100.7
51,Sichuan,West,2018-01-01,eggs,100.2
51,Sichuan,West,2017-12-01,eggs,103.9
51,Sichuan,West,2017-11-01,eggs,101.1
51,Sichuan,West,2017-10-01,eggs,96.9
51,Sichuan,West,2017-09-01,eggs,105.9
51,Sichuan,West,2017-08-01,eggs,106.7
51,Sichuan,West,2017-07-01,eggs,104.3
51,Sichuan,West,2017-06-01,eggs,102.9
51,Sichuan,West,2017-05-01,eggs,98.4
51,Sichuan,West,2017-04-01,eggs,99.2
51,Sichuan,West,2017-03-01,eggs,95.6
51,Sichuan,West,2017-02-01,eggs,95.4
51,Sichuan,West,2017-01-01,eggs,98.8
51,Sichuan,West,2016-12-01,eggs,99.8
51,Sichuan,West,2016-11-01,eggs,99.8
51,Sichuan,West,2016-10-01,eggs,96.6
51,Sichuan,West,2016-09-01,eggs,106.9
51,Sichuan,West,2016-08-01,eggs,101.8
51,Sichuan,West,2016-07-01,eggs,99.2
51,Sichuan,West,2016-06-01,eggs,99.6
51,Sichuan,West,2016-05-01,eggs,99.4
51,Sichuan,West,2016-04-01,eggs,98.3
51,Sichuan,West,2016-03-01,eggs,94.6
51,Sichuan,West,2016-02-01,eggs,100.6
51,Sichuan,West,2016-01-01,eggs,100.3
51,Sichuan,West,2015-12-01,eggs,101.3
51,Sichuan,West,2015-11-01,eggs,97.8
51,Sichuan,West,2015-10-01,eggs,96.4
51,Sichuan,West,2015-09-01,eggs,102.3
51,Sichuan,West,2015-08-01,eggs,111.1
51,Sichuan,West,2015-07-01,eggs,98.8
51,Sichuan,West,2015-06-01,eggs,100.5
51,Sichuan,West,2015-05-01,eggs,100
51,Sichuan,West,2015-04-01,eggs,92.9
51,Sichuan,West,2015-03-01,eggs,95
51,Sichuan,West,2015-02-01,eggs,99
51,Sichuan,West,2015-01-01,eggs,97.7
51,Sichuan,West,2014-12-01,eggs,98
51,Sichuan,West,2014-11-01,eggs,97.8
51,Sichuan,West,2014-10-01,eggs,98.5
51,Sichuan,West,2014-09-01,eggs,105.2
51,Sichuan,West,2014-08-01,eggs,105
51,Sichuan,West,2014-07-01,eggs,103.4
51,Sichuan,West,2014-06-01,eggs,97
51,Sichuan,West,2014-05-01,eggs,111.5
51,Sichuan,West,2014-04-01,eggs,100.6
51,Sichuan,West,2014-03-01,eggs,98.1
51,Sichuan,West,2014-02-01,eggs,96.4
51,Sichuan,West,2014-01-01,eggs,100.3
51,Sichuan,West,2013-12-01,eggs,100.1
51,Sichuan,West,2013-11-01,eggs,98.1
51,Sichuan,West,2013-10-01,eggs,96.3
51,Sichuan,West,2013-09-01,eggs,107.9
51,Sichuan,West,2013-08-01,eggs,105.8
51,Sichuan,West,2013-07-01,eggs,100.3
51,Sichuan,West,2013-06-01,eggs,100.3
51,Sichuan,West,2013-05-01,eggs,99.8
51,Sichuan,West,2013-04-01,eggs,96.6
51,Sichuan,West,2013-03-01,eggs,92.5
51,Sichuan,West,2013-02-01,eggs,99.4
51,Sichuan,West,2013-01-01,eggs,100.6
51,Sichuan,West,2012-12-01,eggs,102.1
51,Sichuan,West,2012-11-01,eggs,99.9
51,Sichuan,West,2012-10-01,eggs,97.1
51,Sichuan,West,2012-09-01,eggs,109.6
51,Sichuan,West,2012-08-01,eggs,107
51,Sichuan,West,2012-07-01,eggs,96.8
51,Sichuan,West,2012-06-01,eggs,113.8
51,Sichuan,West,2012-05-01,eggs,100.1
51,Sichuan,West,2012-04-01,eggs,98.9
51,Sichuan,West,2012-03-01,eggs,96.5
51,Sichuan,West,2012-02-01,eggs,90.9
51,Sichuan,West,2012-01-01,eggs,99.9
12,Tianjin,North,2025-12-01,eggs,100.9
12,Tianjin,North,2025-11-01,eggs,96.2
12,Tianjin,North,2025-10-01,eggs,97.2
12,Tianjin,North,2025-09-01,eggs,104.3
12,Tianjin,North,2025-08-01,eggs,104
12,Tianjin,North,2025-07-01,eggs,101
12,Tianjin,North,2025-06-01,eggs,93.7
12,Tianjin,North,2025-05-01,eggs,99.2
12,Tianjin,North,2025-04-01,eggs,97.1
12,Tianjin,North,2025-03-01,eggs,96.8
12,Tianjin,North,2025-02-01,eggs,92.4
12,Tianjin,North,2025-01-01,eggs,99.1
12,Tianjin,North,2024-12-01,eggs,99.8
12,Tianjin,North,2024-11-01,eggs,99.7
12,Tianjin,North,2024-10-01,eggs,96.8
12,Tianjin,North,2024-09-01,eggs,100.7
12,Tianjin,North,2024-08-01,eggs,102.7
12,Tianjin,North,2024-07-01,eggs,105.7
12,Tianjin,North,2024-06-01,eggs,104.6
12,Tianjin,North,2024-05-01,eggs,105.2
12,Tianjin,North,2024-04-01,eggs,96.5
12,Tianjin,North,2024-03-01,eggs,94.9
12,Tianjin,North,2024-02-01,eggs,96.5
12,Tianjin,North,2024-01-01,eggs,96.4
12,Tianjin,North,2023-12-01,eggs,100.3
12,Tianjin,North,2023-11-01,eggs,96.2
12,Tianjin,North,2023-10-01,eggs,93.8
12,Tianjin,North,2023-09-01,eggs,102.5
12,Tianjin,North,2023-08-01,eggs,110.5
12,Tianjin,North,2023-07-01,eggs,100.3
12,Tianjin,North,2023-06-01,eggs,96.9
12,Tianjin,North,2023-05-01,eggs,97.4
12,Tianjin,North,2023-04-01,eggs,100.6
12,Tianjin,North,2023-03-01,eggs,102.9
12,Tianjin,North,2023-02-01,eggs,94.8
12,Tianjin,North,2023-01-01,eggs,98.4
12,Tianjin,North,2022-12-01,eggs,95.4
12,Tianjin,North,2022-11-01,eggs,100.4
12,Tianjin,North,2022-10-01,eggs,103.5
12,Tianjin,North,2022-09-01,eggs,105.6
12,Tianjin,North,2022-08-01,eggs,104.7
12,Tianjin,North,2022-07-01,eggs,100.6
12,Tianjin,North,2022-06-01,eggs,92.3
12,Tianjin,North,2022-05-01,eggs,102.1
12,Tianjin,North,2022-04-01,eggs,107.4
12,Tianjin,North,2022-03-01,eggs,102.7
12,Tianjin,North,2022-02-01,eggs,92.9
12,Tianjin,North,2022-01-01,eggs,101.5
12,Tianjin,North,2021-12-01,eggs,96.4
12,Tianjin,North,2021-11-01,eggs,103.8
12,Tianjin,North,2021-10-01,eggs,97.5
12,Tianjin,North,2021-09-01,eggs,99.5
12,Tianjin,North,2021-08-01,eggs,109.5
12,Tianjin,North,2021-07-01,eggs,101.2
12,Tianjin,North,2021-06-01,eggs,97.6
12,Tianjin,North,2021-05-01,eggs,105.5
12,Tianjin,North,2021-04-01,eggs,103.4
12,Tianjin,North,2021-03-01,eggs,94.6
12,Tianjin,North,2021-02-01,eggs,92.6
12,Tianjin,North,2021-01-01,eggs,117.4
12,Tianjin,North,2020-12-01,eggs,104
12,Tianjin,North,2020-11-01,eggs,99.4
12,Tianjin,North,2020-10-01,eggs,97.7
12,Tianjin,North,2020-09-01,eggs,100.9
12,Tianjin,North,2020-08-01,eggs,111.9
12,Tianjin,North,2020-07-01,eggs,105.4
12,Tianjin,North,2020-06-01,eggs,94.1
12,Tianjin,North,2020-05-01,eggs,95.8
12,Tianjin,North,2020-04-01,eggs,99.2
12,Tianjin,North,2020-03-01,eggs,96.2
12,Tianjin,North,2020-02-01,eggs,90.9
12,Tianjin,North,2020-01-01,eggs,95.6
12,Tianjin,North,2019-12-01,eggs,93
12,Tianjin,North,2019-11-01,eggs,99.4
12,Tianjin,North,2019-10-01,eggs,98
12,Tianjin,North,2019-09-01,eggs,106.3
12,Tianjin,North,2019-08-01,eggs,107.1
12,Tianjin,North,2019-07-01,eggs,106.7
12,Tianjin,North,2019-06-01,eggs,94.3
12,Tianjin,North,2019-05-01,eggs,108.1
12,Tianjin,North,2019-04-01,eggs,108.8
12,Tianjin,North,2019-03-01,eggs,92.3
12,Tianjin,North,2019-02-01,eggs,93.4
12,Tianjin,North,2019-01-01,eggs,100.3
12,Tianjin,North,2018-12-01,eggs,98.7
12,Tianjin,North,2018-11-01,eggs,101.4
12,Tianjin,North,2018-10-01,eggs,94.3
12,Tianjin,North,2018-09-01,eggs,100.9
12,Tianjin,North,2018-08-01,eggs,114.5
12,Tianjin,North,2018-07-01,eggs,101
12,Tianjin,North,2018-06-01,eggs,99.5
12,Tianjin,North,2018-05-01,eggs,102.4
12,Tianjin,North,2018-04-01,eggs,98.5
12,Tianjin,North,2018-03-01,eggs,86.7
12,Tianjin,North,2018-02-01,eggs,101
12,Tianjin,North,2018-01-01,eggs,101.4
12,Tianjin,North,2017-12-01,eggs,106.3
12,Tianjin,North,2017-11-01,eggs,102.2
12,Tianjin,North,2017-10-01,eggs,92.6
12,Tianjin,North,2017-09-01,eggs,106.3
12,Tianjin,North,2017-08-01,eggs,119.2
12,Tianjin,North,2017-07-01,eggs,103.5
12,Tianjin,North,2017-06-01,eggs,107.4
12,Tianjin,North,2017-05-01,eggs,95.9
12,Tianjin,North,2017-04-01,eggs,101.7
12,Tianjin,North,2017-03-01,eggs,95.2
12,Tianjin,North,2017-02-01,eggs,92.9
12,Tianjin,North,2017-01-01,eggs,98.2
12,Tianjin,North,2016-12-01,eggs,97.1
12,Tianjin,North,2016-11-01,eggs,99.6
12,Tianjin,North,2016-10-01,eggs,92.5
12,Tianjin,North,2016-09-01,eggs,108.3
12,Tianjin,North,2016-08-01,eggs,104.8
12,Tianjin,North,2016-07-01,eggs,98.3
12,Tianjin,North,2016-06-01,eggs,96.7
12,Tianjin,North,2016-05-01,eggs,101.9
12,Tianjin,North,2016-04-01,eggs,101.9
12,Tianjin,North,2016-03-01,eggs,87.4
12,Tianjin,North,2016-02-01,eggs,100.5
12,Tianjin,North,2016-01-01,eggs,106
12,Tianjin,North,2015-12-01,eggs,101.1
12,Tianjin,North,2015-11-01,eggs,98.7
12,Tianjin,North,2015-10-01,eggs,91.6
12,Tianjin,North,2015-09-01,eggs,103.7
12,Tianjin,North,2015-08-01,eggs,109.6
12,Tianjin,North,2015-07-01,eggs,101.6
12,Tianjin,North,2015-06-01,eggs,96.3
12,Tianjin,North,2015-05-01,eggs,99.7
12,Tianjin,North,2015-04-01,eggs,92.9
12,Tianjin,North,2015-03-01,eggs,93.7
12,Tianjin,North,2015-02-01,eggs,103
12,Tianjin,North,2015-01-01,eggs,95.6
12,Tianjin,North,2014-12-01,eggs,98.2
12,Tianjin,North,2014-11-01,eggs,100.2
12,Tianjin,North,2014-10-01,eggs,94.8
12,Tianjin,North,2014-09-01,eggs,101.3
12,Tianjin,North,2014-08-01,eggs,105.2
12,Tianjin,North,2014-07-01,eggs,105.6
12,Tianjin,North,2014-06-01,eggs,93.9
12,Tianjin,North,2014-05-01,eggs,109
12,Tianjin,North,2014-04-01,eggs,106
12,Tianjin,North,2014-03-01,eggs,98.3
12,Tianjin,North,2014-02-01,eggs,96
12,Tianjin,North,2014-01-01,eggs,105.2
12,Tianjin,North,2013-12-01,eggs,101.5
12,Tianjin,North,2013-11-01,eggs,99.5
12,Tianjin,North,2013-10-01,eggs,93.9
12,Tianjin,North,2013-09-01,eggs,106
12,Tianjin,North,2013-08-01,eggs,104.3
12,Tianjin,North,2013-07-01,eggs,98.8
12,Tianjin,North,2013-06-01,eggs,99.8
12,Tianjin,North,2013-05-01,eggs,99.9
12,Tianjin,North,2013-04-01,eggs,98.5
12,Tianjin,North,2013-03-01,eggs,93
12,Tianjin,North,2013-02-01,eggs,98.6
12,Tianjin,North,2013-01-01,eggs,101.8
12,Tianjin,North,2012-12-01,eggs,102.4
12,Tianjin,North,2012-11-01,eggs,100.9
12,Tianjin,North,2012-10-01,eggs,97.1
12,Tianjin,North,2012-09-01,eggs,103.4
12,Tianjin,North,2012-08-01,eggs,106.1
12,Tianjin,North,2012-07-01,eggs,97.4
12,Tianjin,North,2012-06-01,eggs,107.7
12,Tianjin,North,2012-05-01,eggs,101.1
12,Tianjin,North,2012-04-01,eggs,99.6
12,Tianjin,North,2012-03-01,eggs,99.9
12,Tianjin,North,2012-02-01,eggs,92.1
12,Tianjin,North,2012-01-01,eggs,103.6
54,Tibet,West,2025-12-01,eggs,99.9
54,Tibet,West,2025-11-01,eggs,99.6
54,Tibet,West,2025-10-01,eggs,99.4
54,Tibet,West,2025-09-01,eggs,99.7
54,Tibet,West,2025-08-01,eggs,99
54,Tibet,West,2025-07-01,eggs,99.5
54,Tibet,West,2025-06-01,eggs,99.3
54,Tibet,West,2025-05-01,eggs,99.7
54,Tibet,West,2025-04-01,eggs,99.1
54,Tibet,West,2025-03-01,eggs,99.6
54,Tibet,West,2025-02-01,eggs,100.3
54,Tibet,West,2025-01-01,eggs,100.2
54,Tibet,West,2024-12-01,eggs,100
54,Tibet,West,2024-11-01,eggs,99.9
54,Tibet,West,2024-10-01,eggs,100.3
54,Tibet,West,2024-09-01,eggs,100.1
54,Tibet,West,2024-08-01,eggs,100.2
54,Tibet,West,2024-07-01,eggs,100.9
54,Tibet,West,2024-06-01,eggs,102.1
54,Tibet,West,2024-05-01,eggs,100.5
54,Tibet,West,2024-04-01,eggs,99.2
54,Tibet,West,2024-03-01,eggs,97.8
54,Tibet,West,2024-02-01,eggs,99.3
54,Tibet,West,2024-01-01,eggs,100
54,Tibet,West,2023-12-01,eggs,99
54,Tibet,West,2023-11-01,eggs,98.3
54,Tibet,West,2023-10-01,eggs,100.6
54,Tibet,West,2023-09-01,eggs,104.8
54,Tibet,West,2023-08-01,eggs,98.4
54,Tibet,West,2023-07-01,eggs,98.8
54,Tibet,West,2023-06-01,eggs,98.4
54,Tibet,West,2023-05-01,eggs,99.7
54,Tibet,West,2023-04-01,eggs,100
54,Tibet,West,2023-03-01,eggs,98.6
54,Tibet,West,2023-02-01,eggs,98.8
54,Tibet,West,2023-01-01,eggs,98.4
54,Tibet,West,2022-12-01,eggs,100.3
54,Tibet,West,2022-11-01,eggs,107.1
54,Tibet,West,2022-10-01,eggs,107.7
54,Tibet,West,2022-09-01,eggs,102.6
54,Tibet,West,2022-08-01,eggs,101.7
54,Tibet,West,2022-07-01,eggs,98.6
54,Tibet,West,2022-06-01,eggs,100.1
54,Tibet,West,2022-05-01,eggs,104.5
54,Tibet,West,2022-04-01,eggs,101.8
54,Tibet,West,2022-03-01,eggs,100
54,Tibet,West,2022-02-01,eggs,100
54,Tibet,West,2022-01-01,eggs,100
54,Tibet,West,2021-12-01,eggs,99.7
54,Tibet,West,2021-11-01,eggs,103.5
54,Tibet,West,2021-10-01,eggs,100.7
54,Tibet,West,2021-09-01,eggs,100.9
54,Tibet,West,2021-08-01,eggs,102
54,Tibet,West,2021-07-01,eggs,99.4
54,Tibet,West,2021-06-01,eggs,101.3
54,Tibet,West,2021-05-01,eggs,101.2
54,Tibet,West,2021-04-01,eggs,98.9
54,Tibet,West,2021-03-01,eggs,96.4
54,Tibet,West,2021-02-01,eggs,101.7
54,Tibet,West,2021-01-01,eggs,103.8
54,Tibet,West,2020-12-01,eggs,99.8
54,Tibet,West,2020-11-01,eggs,99.6
54,Tibet,West,2020-10-01,eggs,100.7
54,Tibet,West,2020-09-01,eggs,100.6
54,Tibet,West,2020-08-01,eggs,102.4
54,Tibet,West,2020-07-01,eggs,96.4
54,Tibet,West,2020-06-01,eggs,100.2
54,Tibet,West,2020-05-01,eggs,99.6
54,Tibet,West,2020-04-01,eggs,99.1
54,Tibet,West,2020-03-01,eggs,98.8
54,Tibet,West,2020-02-01,eggs,99
54,Tibet,West,2020-01-01,eggs,98.4
54,Tibet,West,2019-12-01,eggs,99.4
54,Tibet,West,2019-11-01,eggs,100
54,Tibet,West,2019-10-01,eggs,101.1
54,Tibet,West,2019-09-01,eggs,106
54,Tibet,West,2019-08-01,eggs,100.3
54,Tibet,West,2019-07-01,eggs,98
54,Tibet,West,2019-06-01,eggs,98.9
54,Tibet,West,2019-05-01,eggs,100.1
54,Tibet,West,2019-04-01,eggs,99.6
54,Tibet,West,2019-03-01,eggs,99
54,Tibet,West,2019-02-01,eggs,100
54,Tibet,West,2019-01-01,eggs,100.1
54,Tibet,West,2018-12-01,eggs,101.1
54,Tibet,West,2018-11-01,eggs,100.5
54,Tibet,West,2018-10-01,eggs,100
54,Tibet,West,2018-09-01,eggs,101.8
54,Tibet,West,2018-08-01,eggs,101.3
54,Tibet,West,2018-07-01,eggs,100.2
54,Tibet,West,2018-06-01,eggs,99.2
54,Tibet,West,2018-05-01,eggs,100
54,Tibet,West,2018-04-01,eggs,99.7
54,Tibet,West,2018-03-01,eggs,99.9
54,Tibet,West,2018-02-01,eggs,99.9
54,Tibet,West,2018-01-01,eggs,100.3
54,Tibet,West,2017-12-01,eggs,100.2
54,Tibet,West,2017-11-01,eggs,99.7
54,Tibet,West,2017-10-01,eggs,100.7
54,Tibet,West,2017-09-01,eggs,101.7
54,Tibet,West,2017-08-01,eggs,102
54,Tibet,West,2017-07-01,eggs,100.2
54,Tibet,West,2017-06-01,eggs,100
54,Tibet,West,2017-05-01,eggs,99.5
54,Tibet,West,2017-04-01,eggs,98.5
54,Tibet,West,2017-03-01,eggs,98.1
54,Tibet,West,2017-02-01,eggs,99.6
54,Tibet,West,2017-01-01,eggs,100
54,Tibet,West,2016-12-01,eggs,100.1
54,Tibet,West,2016-11-01,eggs,100.5
54,Tibet,West,2016-10-01,eggs,100.2
54,Tibet,West,2016-09-01,eggs,101.1
54,Tibet,West,2016-08-01,eggs,100.1
54,Tibet,West,2016-07-01,eggs,100.3
54,Tibet,West,2016-06-01,eggs,100.8
54,Tibet,West,2016-05-01,eggs,100.5
54,Tibet,West,2016-04-01,eggs,99.6
54,Tibet,West,2016-03-01,eggs,99.3
54,Tibet,West,2016-02-01,eggs,101.1
54,Tibet,West,2016-01-01,eggs,100.6
54,Tibet,West,2015-12-01,eggs,100.5
54,Tibet,West,2015-11-01,eggs,97.8
54,Tibet,West,2015-10-01,eggs,100
54,Tibet,West,2015-09-01,eggs,100.7
54,Tibet,West,2015-08-01,eggs,101.1
54,Tibet,West,2015-07-01,eggs,98.5
54,Tibet,West,2015-06-01,eggs,100.4
54,Tibet,West,2015-05-01,eggs,99.7
54,Tibet,West,2015-04-01,eggs,99.3
54,Tibet,West,2015-03-01,eggs,99.8
54,Tibet,West,2015-02-01,eggs,99.3
54,Tibet,West,2015-01-01,eggs,100.7
54,Tibet,West,2014-12-01,eggs,99.4
54,Tibet,West,2014-11-01,eggs,99
54,Tibet,West,2014-10-01,eggs,100.3
54,Tibet,West,2014-09-01,eggs,101.6
54,Tibet,West,2014-08-01,eggs,102.5
54,Tibet,West,2014-07-01,eggs,100.7
54,Tibet,West,2014-06-01,eggs,103
54,Tibet,West,2014-05-01,eggs,101.5
54,Tibet,West,2014-04-01,eggs,99.8
54,Tibet,West,2014-03-01,eggs,98.9
54,Tibet,West,2014-02-01,eggs,100
54,Tibet,West,2014-01-01,eggs,101
54,Tibet,West,2013-12-01,eggs,100.2
54,Tibet,West,2013-11-01,eggs,100
54,Tibet,West,2013-10-01,eggs,101.3
54,Tibet,West,2013-09-01,eggs,100.9
54,Tibet,West,2013-08-01,eggs,100.1
54,Tibet,West,2013-07-01,eggs,98.7
54,Tibet,West,2013-06-01,eggs,100.4
54,Tibet,West,2013-05-01,eggs,99.8
54,Tibet,West,2013-04-01,eggs,98.8
54,Tibet,West,2013-03-01,eggs,100.2
54,Tibet,West,2013-02-01,eggs,103.8
54,Tibet,West,2013-01-01,eggs,100.7
54,Tibet,West,2012-12-01,eggs,100.6
54,Tibet,West,2012-11-01,eggs,99.4
54,Tibet,West,2012-10-01,eggs,100.6
54,Tibet,West,2012-09-01,eggs,104.6
54,Tibet,West,2012-08-01,eggs,100.1
54,Tibet,West,2012-07-01,eggs,99.5
54,Tibet,West,2012-06-01,eggs,99.8
54,Tibet,West,2012-05-01,eggs,99.1
54,Tibet,West,2012-04-01,eggs,99.5
54,Tibet,West,2012-03-01,eggs,98.7
54,Tibet,West,2012-02-01,eggs,99.5
54,Tibet,West,2012-01-01,eggs,99.9
65,Xinjiang,West,2025-12-01,eggs,99.5
65,Xinjiang,West,2025-11-01,eggs,98.4
65,Xinjiang,West,2025-10-01,eggs,96.3
65,Xinjiang,West,2025-09-01,eggs,100.8
65,Xinjiang,West,2025-08-01,eggs,103.9
65,Xinjiang,West,2025-07-01,eggs,100
65,Xinjiang,West,2025-06-01,eggs,96.4
65,Xinjiang,West,2025-05-01,eggs,96.9
65,Xinjiang,West,2025-04-01,eggs,95.2
65,Xinjiang,West,2025-03-01,eggs,98.3
65,Xinjiang,West,2025-02-01,eggs,92.6
65,Xinjiang,West,2025-01-01,eggs,97.7
65,Xinjiang,West,2024-12-01,eggs,99.4
65,Xinjiang,West,2024-11-01,eggs,96.7
65,Xinjiang,West,2024-10-01,eggs,96.1
65,Xinjiang,West,2024-09-01,eggs,105.5
65,Xinjiang,West,2024-08-01,eggs,107
65,Xinjiang,West,2024-07-01,eggs,100.2
65,Xinjiang,West,2024-06-01,eggs,107.2
65,Xinjiang,West,2024-05-01,eggs,98.3
65,Xinjiang,West,2024-04-01,eggs,96.5
65,Xinjiang,West,2024-03-01,eggs,98.5
65,Xinjiang,West,2024-02-01,eggs,96.8
65,Xinjiang,West,2024-01-01,eggs,96.4
65,Xinjiang,West,2023-12-01,eggs,97.8
65,Xinjiang,West,2023-11-01,eggs,95.9
65,Xinjiang,West,2023-10-01,eggs,94.6
65,Xinjiang,West,2023-09-01,eggs,103.6
65,Xinjiang,West,2023-08-01,eggs,111.4
65,Xinjiang,West,2023-07-01,eggs,98.5
65,Xinjiang,West,2023-06-01,eggs,99
65,Xinjiang,West,2023-05-01,eggs,100.1
65,Xinjiang,West,2023-04-01,eggs,101.7
65,Xinjiang,West,2023-03-01,eggs,101.6
65,Xinjiang,West,2023-02-01,eggs,98.4
65,Xinjiang,West,2023-01-01,eggs,91.8
65,Xinjiang,West,2022-12-01,eggs,89.1
65,Xinjiang,West,2022-11-01,eggs,100.5
65,Xinjiang,West,2022-10-01,eggs,109.6
65,Xinjiang,West,2022-09-01,eggs,104.4
65,Xinjiang,West,2022-08-01,eggs,107.2
65,Xinjiang,West,2022-07-01,eggs,99.4
65,Xinjiang,West,2022-06-01,eggs,97.6
65,Xinjiang,West,2022-05-01,eggs,103.7
65,Xinjiang,West,2022-04-01,eggs,104.4
65,Xinjiang,West,2022-03-01,eggs,101.7
65,Xinjiang,West,2022-02-01,eggs,96.2
65,Xinjiang,West,2022-01-01,eggs,94.8
65,Xinjiang,West,2021-12-01,eggs,99.3
65,Xinjiang,West,2021-11-01,eggs,101.7
65,Xinjiang,West,2021-10-01,eggs,99.2
65,Xinjiang,West,2021-09-01,eggs,98
65,Xinjiang,West,2021-08-01,eggs,109.2
65,Xinjiang,West,2021-07-01,eggs,100.4
65,Xinjiang,West,2021-06-01,eggs,98.6
65,Xinjiang,West,2021-05-01,eggs,103.4
65,Xinjiang,West,2021-04-01,eggs,100.8
65,Xinjiang,West,2021-03-01,eggs,94.2
65,Xinjiang,West,2021-02-01,eggs,102.2
65,Xinjiang,West,2021-01-01,eggs,110.5
65,Xinjiang,West,2020-12-01,eggs,97.3
65,Xinjiang,West,2020-11-01,eggs,98.9
65,Xinjiang,West,2020-10-01,eggs,99.6
65,Xinjiang,West,2020-09-01,eggs,94.4
65,Xinjiang,West,2020-08-01,eggs,113.2
65,Xinjiang,West,2020-07-01,eggs,108.5
65,Xinjiang,West,2020-06-01,eggs,96.9
65,Xinjiang,West,2020-05-01,eggs,97.6
65,Xinjiang,West,2020-04-01,eggs,95.8
65,Xinjiang,West,2020-03-01,eggs,92
65,Xinjiang,West,2020-02-01,eggs,97.3
65,Xinjiang,West,2020-01-01,eggs,91.2
65,Xinjiang,West,2019-12-01,eggs,96.3
65,Xinjiang,West,2019-11-01,eggs,97
65,Xinjiang,West,2019-10-01,eggs,102.7
65,Xinjiang,West,2019-09-01,eggs,108.2
65,Xinjiang,West,2019-08-01,eggs,106.2
65,Xinjiang,West,2019-07-01,eggs,99.6
65,Xinjiang,West,2019-06-01,eggs,99.6
65,Xinjiang,West,2019-05-01,eggs,110.3
65,Xinjiang,West,2019-04-01,eggs,100.7
65,Xinjiang,West,2019-03-01,eggs,95.6
65,Xinjiang,West,2019-02-01,eggs,97.6
65,Xinjiang,West,2019-01-01,eggs,99
65,Xinjiang,West,2018-12-01,eggs,96.7
65,Xinjiang,West,2018-11-01,eggs,98.4
65,Xinjiang,West,2018-10-01,eggs,97.8
65,Xinjiang,West,2018-09-01,eggs,105
65,Xinjiang,West,2018-08-01,eggs,111.3
65,Xinjiang,West,2018-07-01,eggs,96.9
65,Xinjiang,West,2018-06-01,eggs,100.1
65,Xinjiang,West,2018-05-01,eggs,101.8
65,Xinjiang,West,2018-04-01,eggs,98.4
65,Xinjiang,West,2018-03-01,eggs,95.1
65,Xinjiang,West,2018-02-01,eggs,97.4
65,Xinjiang,West,2018-01-01,eggs,99.7
65,Xinjiang,West,2017-12-01,eggs,101.9
65,Xinjiang,West,2017-11-01,eggs,103.3
65,Xinjiang,West,2017-10-01,eggs,96.1
65,Xinjiang,West,2017-09-01,eggs,109
65,Xinjiang,West,2017-08-01,eggs,117.8
65,Xinjiang,West,2017-07-01,eggs,105.8
65,Xinjiang,West,2017-06-01,eggs,107.1
65,Xinjiang,West,2017-05-01,eggs,96.3
65,Xinjiang,West,2017-04-01,eggs,98.4
65,Xinjiang,West,2017-03-01,eggs,95.8
65,Xinjiang,West,2017-02-01,eggs,95.9
65,Xinjiang,West,2017-01-01,eggs,97
65,Xinjiang,West,2016-12-01,eggs,98.4
65,Xinjiang,West,2016-11-01,eggs,99.2
65,Xinjiang,West,2016-10-01,eggs,96.6
65,Xinjiang,West,2016-09-01,eggs,104.8
65,Xinjiang,West,2016-08-01,eggs,102.2
65,Xinjiang,West,2016-07-01,eggs,95.6
65,Xinjiang,West,2016-06-01,eggs,100.5
65,Xinjiang,West,2016-05-01,eggs,101.7
65,Xinjiang,West,2016-04-01,eggs,98.8
65,Xinjiang,West,2016-03-01,eggs,94.3
65,Xinjiang,West,2016-02-01,eggs,100.5
65,Xinjiang,West,2016-01-01,eggs,101.8
65,Xinjiang,West,2015-12-01,eggs,103.6
65,Xinjiang,West,2015-11-01,eggs,96.3
65,Xinjiang,West,2015-10-01,eggs,93.3
65,Xinjiang,West,2015-09-01,eggs,105.7
65,Xinjiang,West,2015-08-01,eggs,108.6
65,Xinjiang,West,2015-07-01,eggs,100.7
65,Xinjiang,West,2015-06-01,eggs,100.3
65,Xinjiang,West,2015-05-01,eggs,97.6
65,Xinjiang,West,2015-04-01,eggs,92.6
65,Xinjiang,West,2015-03-01,eggs,97.4
65,Xinjiang,West,2015-02-01,eggs,99
65,Xinjiang,West,2015-01-01,eggs,95.8
65,Xinjiang,West,2014-12-01,eggs,99.5
65,Xinjiang,West,2014-11-01,eggs,95.4
65,Xinjiang,West,2014-10-01,eggs,99.2
65,Xinjiang,West,2014-09-01,eggs,103
65,Xinjiang,West,2014-08-01,eggs,106
65,Xinjiang,West,2014-07-01,eggs,99.5
65,Xinjiang,West,2014-06-01,eggs,99.4
65,Xinjiang,West,2014-05-01,eggs,111.3
65,Xinjiang,West,2014-04-01,eggs,101.9
65,Xinjiang,West,2014-03-01,eggs,101.3
65,Xinjiang,West,2014-02-01,eggs,96.1
65,Xinjiang,West,2014-01-01,eggs,98.1
65,Xinjiang,West,2013-12-01,eggs,96.7
65,Xinjiang,West,2013-11-01,eggs,95.7
65,Xinjiang,West,2013-10-01,eggs,99.2
65,Xinjiang,West,2013-09-01,eggs,105.5
65,Xinjiang,West,2013-08-01,eggs,103
65,Xinjiang,West,2013-07-01,eggs,99.4
65,Xinjiang,West,2013-06-01,eggs,100.2
65,Xinjiang,West,2013-05-01,eggs,102.5
65,Xinjiang,West,2013-04-01,eggs,98.3
65,Xinjiang,West,2013-03-01,eggs,95.2
65,Xinjiang,West,2013-02-01,eggs,101.2
65,Xinjiang,West,2013-01-01,eggs,102.8
65,Xinjiang,West,2012-12-01,eggs,100.4
65,Xinjiang,West,2012-11-01,eggs,98.3
65,Xinjiang,West,2012-10-01,eggs,98.1
65,Xinjiang,West,2012-09-01,eggs,106.4
65,Xinjiang,West,2012-08-01,eggs,105.5
65,Xinjiang,West,2012-07-01,eggs,98.4
65,Xinjiang,West,2012-06-01,eggs,115.1
65,Xinjiang,West,2012-05-01,eggs,101.4
65,Xinjiang,West,2012-04-01,eggs,98.1
65,Xinjiang,West,2012-03-01,eggs,98.1
65,Xinjiang,West,2012-02-01,eggs,94.8
65,Xinjiang,West,2012-01-01,eggs,100.9
53,Yunnan,West,2025-12-01,eggs,100.1
53,Yunnan,West,2025-11-01,eggs,99.7
53,Yunnan,West,2025-10-01,eggs,99
53,Yunnan,West,2025-09-01,eggs,100.4
53,Yunnan,West,2025-08-01,eggs,100.4
53,Yunnan,West,2025-07-01,eggs,99.5
53,Yunnan,West,2025-06-01,eggs,99.1
53,Yunnan,West,2025-05-01,eggs,99.2
53,Yunnan,West,2025-04-01,eggs,98.7
53,Yunnan,West,2025-03-01,eggs,97.4
53,Yunnan,West,2025-02-01,eggs,98
53,Yunnan,West,2025-01-01,eggs,100.2
53,Yunnan,West,2024-12-01,eggs,100.7
53,Yunnan,West,2024-11-01,eggs,100.3
53,Yunnan,West,2024-10-01,eggs,100.3
53,Yunnan,West,2024-09-01,eggs,101.3
53,Yunnan,West,2024-08-01,eggs,101.1
53,Yunnan,West,2024-07-01,eggs,102.3
53,Yunnan,West,2024-06-01,eggs,101
53,Yunnan,West,2024-05-01,eggs,100
53,Yunnan,West,2024-04-01,eggs,98.7
53,Yunnan,West,2024-03-01,eggs,95.9
53,Yunnan,West,2024-02-01,eggs,98.7
53,Yunnan,West,2024-01-01,eggs,99.2
53,Yunnan,West,2023-12-01,eggs,99.9
53,Yunnan,West,2023-11-01,eggs,98.9
53,Yunnan,West,2023-10-01,eggs,99
53,Yunnan,West,2023-09-01,eggs,101.8
53,Yunnan,West,2023-08-01,eggs,104.2
53,Yunnan,West,2023-07-01,eggs,99.6
53,Yunnan,West,2023-06-01,eggs,99.2
53,Yunnan,West,2023-05-01,eggs,99.3
53,Yunnan,West,2023-04-01,eggs,98.9
53,Yunnan,West,2023-03-01,eggs,98.2
53,Yunnan,West,2023-02-01,eggs,97.6
53,Yunnan,West,2023-01-01,eggs,99.2
53,Yunnan,West,2022-12-01,eggs,100.3
53,Yunnan,West,2022-11-01,eggs,101.1
53,Yunnan,West,2022-10-01,eggs,101.5
53,Yunnan,West,2022-09-01,eggs,102.6
53,Yunnan,West,2022-08-01,eggs,101.8
53,Yunnan,West,2022-07-01,eggs,99.9
53,Yunnan,West,2022-06-01,eggs,98.4
53,Yunnan,West,2022-05-01,eggs,102.2
53,Yunnan,West,2022-04-01,eggs,102.6
53,Yunnan,West,2022-03-01,eggs,98.7
53,Yunnan,West,2022-02-01,eggs,99.4
53,Yunnan,West,2022-01-01,eggs,99.2
53,Yunnan,West,2021-12-01,eggs,100.3
53,Yunnan,West,2021-11-01,eggs,102.1
53,Yunnan,West,2021-10-01,eggs,99.3
53,Yunnan,West,2021-09-01,eggs,102.1
53,Yunnan,West,2021-08-01,eggs,103.6
53,Yunnan,West,2021-07-01,eggs,99.5
53,Yunnan,West,2021-06-01,eggs,100.2
53,Yunnan,West,2021-05-01,eggs,101.2
53,Yunnan,West,2021-04-01,eggs,99.1
53,Yunnan,West,2021-03-01,eggs,97.6
53,Yunnan,West,2021-02-01,eggs,101.4
53,Yunnan,West,2021-01-01,eggs,103.6
53,Yunnan,West,2020-12-01,eggs,101.3
53,Yunnan,West,2020-11-01,eggs,100.1
53,Yunnan,West,2020-10-01,eggs,100.4
53,Yunnan,West,2020-09-01,eggs,101.6
53,Yunnan,West,2020-08-01,eggs,103.9
53,Yunnan,West,2020-07-01,eggs,100.1
53,Yunnan,West,2020-06-01,eggs,98.1
53,Yunnan,West,2020-05-01,eggs,97.7
53,Yunnan,West,2020-04-01,eggs,97.1
53,Yunnan,West,2020-03-01,eggs,96.6
53,Yunnan,West,2020-02-01,eggs,97.4
53,Yunnan,West,2020-01-01,eggs,98.4
53,Yunnan,West,2019-12-01,eggs,98.5
53,Yunnan,West,2019-11-01,eggs,102
53,Yunnan,West,2019-10-01,eggs,103.8
53,Yunnan,West,2019-09-01,eggs,103.9
53,Yunnan,West,2019-08-01,eggs,104
53,Yunnan,West,2019-07-01,eggs,101
53,Yunnan,West,2019-06-01,eggs,101.5
53,Yunnan,West,2019-05-01,eggs,101.3
53,Yunnan,West,2019-04-01,eggs,98.8
53,Yunnan,West,2019-03-01,eggs,96
53,Yunnan,West,2019-02-01,eggs,99.3
53,Yunnan,West,2019-01-01,eggs,100.3
53,Yunnan,West,2018-12-01,eggs,100.2
53,Yunnan,West,2018-11-01,eggs,99.6
53,Yunnan,West,2018-10-01,eggs,99.8
53,Yunnan,West,2018-09-01,eggs,104.1
53,Yunnan,West,2018-08-01,eggs,106.4
53,Yunnan,West,2018-07-01,eggs,100.6
53,Yunnan,West,2018-06-01,eggs,100.3
53,Yunnan,West,2018-05-01,eggs,99.7
53,Yunnan,West,2018-04-01,eggs,97.9
53,Yunnan,West,2018-03-01,eggs,97.6
53,Yunnan,West,2018-02-01,eggs,99.9
53,Yunnan,West,2018-01-01,eggs,100.7
53,Yunnan,West,2017-12-01,eggs,101.7
53,Yunnan,West,2017-11-01,eggs,100.4
53,Yunnan,West,2017-10-01,eggs,100.8
53,Yunnan,West,2017-09-01,eggs,105.7
53,Yunnan,West,2017-08-01,eggs,102.6
53,Yunnan,West,2017-07-01,eggs,101.7
53,Yunnan,West,2017-06-01,eggs,99.8
53,Yunnan,West,2017-05-01,eggs,97.1
53,Yunnan,West,2017-04-01,eggs,99
53,Yunnan,West,2017-03-01,eggs,97.2
53,Yunnan,West,2017-02-01,eggs,98.2
53,Yunnan,West,2017-01-01,eggs,99.5
53,Yunnan,West,2016-12-01,eggs,100.2
53,Yunnan,West,2016-11-01,eggs,100.4
53,Yunnan,West,2016-10-01,eggs,100.4
53,Yunnan,West,2016-09-01,eggs,103.6
53,Yunnan,West,2016-08-01,eggs,100.7
53,Yunnan,West,2016-07-01,eggs,99.7
53,Yunnan,West,2016-06-01,eggs,99.8
53,Yunnan,West,2016-05-01,eggs,98.8
53,Yunnan,West,2016-04-01,eggs,97.8
53,Yunnan,West,2016-03-01,eggs,97.8
53,Yunnan,West,2016-02-01,eggs,100.6
53,Yunnan,West,2016-01-01,eggs,100.4
53,Yunnan,West,2015-12-01,eggs,99.9
53,Yunnan,West,2015-11-01,eggs,99.9
53,Yunnan,West,2015-10-01,eggs,100.2
53,Yunnan,West,2015-09-01,eggs,101.7
53,Yunnan,West,2015-08-01,eggs,102.7
53,Yunnan,West,2015-07-01,eggs,99.5
53,Yunnan,West,2015-06-01,eggs,99.6
53,Yunnan,West,2015-05-01,eggs,98.5
53,Yunnan,West,2015-04-01,eggs,97
53,Yunnan,West,2015-03-01,eggs,98.1
53,Yunnan,West,2015-02-01,eggs,100.2
53,Yunnan,West,2015-01-01,eggs,99.5
53,Yunnan,West,2014-12-01,eggs,100.4
53,Yunnan,West,2014-11-01,eggs,101.2
53,Yunnan,West,2014-10-01,eggs,101.9
53,Yunnan,West,2014-09-01,eggs,100.9
53,Yunnan,West,2014-08-01,eggs,100.9
53,Yunnan,West,2014-07-01,eggs,101.3
53,Yunnan,West,2014-06-01,eggs,101.7
53,Yunnan,West,2014-05-01,eggs,101.8
53,Yunnan,West,2014-04-01,eggs,99.9
53,Yunnan,West,2014-03-01,eggs,97.3
53,Yunnan,West,2014-02-01,eggs,99.7
53,Yunnan,West,2014-01-01,eggs,101.8
53,Yunnan,West,2013-12-01,eggs,99.8
53,Yunnan,West,2013-11-01,eggs,100.5
53,Yunnan,West,2013-10-01,eggs,100.7
53,Yunnan,West,2013-09-01,eggs,103.2
53,Yunnan,West,2013-08-01,eggs,101.6
53,Yunnan,West,2013-07-01,eggs,99.2
53,Yunnan,West,2013-06-01,eggs,100.2
53,Yunnan,West,2013-05-01,eggs,99.9
53,Yunnan,West,2013-04-01,eggs,99.8
53,Yunnan,West,2013-03-01,eggs,96.1
53,Yunnan,West,2013-02-01,eggs,100.7
53,Yunnan,West,2013-01-01,eggs,100.9
53,Yunnan,West,2012-12-01,eggs,101.1
53,Yunnan,West,2012-11-01,eggs,100.3
53,Yunnan,West,2012-10-01,eggs,101.7
53,Yunnan,West,2012-09-01,eggs,104.9
53,Yunnan,West,2012-08-01,eggs,102.2
53,Yunnan,West,2012-07-01,eggs,99.3
53,Yunnan,West,2012-06-01,eggs,102.8
53,Yunnan,West,2012-05-01,eggs,100.4
53,Yunnan,West,2012-04-01,eggs,100
53,Yunnan,West,2012-03-01,eggs,97
53,Yunnan,West,2012-02-01,eggs,93.6
53,Yunnan,West,2012-01-01,eggs,101.1
33,Zhejiang,East,2025-12-01,eggs,99.8
33,Zhejiang,East,2025-11-01,eggs,99.6
33,Zhejiang,East,2025-10-01,eggs,100
33,Zhejiang,East,2025-09-01,eggs,100.3
33,Zhejiang,East,2025-08-01,eggs,100.4
33,Zhejiang,East,2025-07-01,eggs,98.9
33,Zhejiang,East,2025-06-01,eggs,98.4
33,Zhejiang,East,2025-05-01,eggs,99.1
33,Zhejiang,East,2025-04-01,eggs,99.2
33,Zhejiang,East,2025-03-01,eggs,98.5
33,Zhejiang,East,2025-02-01,eggs,98.4
33,Zhejiang,East,2025-01-01,eggs,99.8
33,Zhejiang,East,2024-12-01,eggs,100
33,Zhejiang,East,2024-11-01,eggs,99.7
33,Zhejiang,East,2024-10-01,eggs,99.7
33,Zhejiang,East,2024-09-01,eggs,101.4
33,Zhejiang,East,2024-08-01,eggs,101.9
33,Zhejiang,East,2024-07-01,eggs,101.4
33,Zhejiang,East,2024-06-01,eggs,100.7
33,Zhejiang,East,2024-05-01,eggs,99.9
33,Zhejiang,East,2024-04-01,eggs,98.9
33,Zhejiang,East,2024-03-01,eggs,98.1
33,Zhejiang,East,2024-02-01,eggs,99.4
33,Zhejiang,East,2024-01-01,eggs,99.1
33,Zhejiang,East,2023-12-01,eggs,99.7
33,Zhejiang,East,2023-11-01,eggs,98.2
33,Zhejiang,East,2023-10-01,eggs,99.3
33,Zhejiang,East,2023-09-01,eggs,101.8
33,Zhejiang,East,2023-08-01,eggs,102.4
33,Zhejiang,East,2023-07-01,eggs,99.1
33,Zhejiang,East,2023-06-01,eggs,98.8
33,Zhejiang,East,2023-05-01,eggs,99.8
33,Zhejiang,East,2023-04-01,eggs,99.3
33,Zhejiang,East,2023-03-01,eggs,99.6
33,Zhejiang,East,2023-02-01,eggs,98.6
33,Zhejiang,East,2023-01-01,eggs,99
33,Zhejiang,East,2022-12-01,eggs,99.8
33,Zhejiang,East,2022-11-01,eggs,101.3
33,Zhejiang,East,2022-10-01,eggs,101.2
33,Zhejiang,East,2022-09-01,eggs,103.4
33,Zhejiang,East,2022-08-01,eggs,101.5
33,Zhejiang,East,2022-07-01,eggs,100.1
33,Zhejiang,East,2022-06-01,eggs,99.3
33,Zhejiang,East,2022-05-01,eggs,101
33,Zhejiang,East,2022-04-01,eggs,102.4
33,Zhejiang,East,2022-03-01,eggs,98.9
33,Zhejiang,East,2022-02-01,eggs,99
33,Zhejiang,East,2022-01-01,eggs,99
33,Zhejiang,East,2021-12-01,eggs,99.4
33,Zhejiang,East,2021-11-01,eggs,101.7
33,Zhejiang,East,2021-10-01,eggs,99.2
33,Zhejiang,East,2021-09-01,eggs,100.3
33,Zhejiang,East,2021-08-01,eggs,104.9
33,Zhejiang,East,2021-07-01,eggs,100.4
33,Zhejiang,East,2021-06-01,eggs,100
33,Zhejiang,East,2021-05-01,eggs,100.8
33,Zhejiang,East,2021-04-01,eggs,99.4
33,Zhejiang,East,2021-03-01,eggs,97.2
33,Zhejiang,East,2021-02-01,eggs,101.4
33,Zhejiang,East,2021-01-01,eggs,105.2
33,Zhejiang,East,2020-12-01,eggs,100.3
33,Zhejiang,East,2020-11-01,eggs,99.5
33,Zhejiang,East,2020-10-01,eggs,99.5
33,Zhejiang,East,2020-09-01,eggs,100.3
33,Zhejiang,East,2020-08-01,eggs,106.5
33,Zhejiang,East,2020-07-01,eggs,100.2
33,Zhejiang,East,2020-06-01,eggs,96.6
33,Zhejiang,East,2020-05-01,eggs,97.3
33,Zhejiang,East,2020-04-01,eggs,98.5
33,Zhejiang,East,2020-03-01,eggs,96.3
33,Zhejiang,East,2020-02-01,eggs,99.2
33,Zhejiang,East,2020-01-01,eggs,97.3
33,Zhejiang,East,2019-12-01,eggs,97.4
33,Zhejiang,East,2019-11-01,eggs,100.3
33,Zhejiang,East,2019-10-01,eggs,99.7
33,Zhejiang,East,2019-09-01,eggs,104.6
33,Zhejiang,East,2019-08-01,eggs,103.1
33,Zhejiang,East,2019-07-01,eggs,101.8
33,Zhejiang,East,2019-06-01,eggs,99.1
33,Zhejiang,East,2019-05-01,eggs,102.8
33,Zhejiang,East,2019-04-01,eggs,100.5
33,Zhejiang,East,2019-03-01,eggs,96.7
33,Zhejiang,East,2019-02-01,eggs,98.3
33,Zhejiang,East,2019-01-01,eggs,99.1
33,Zhejiang,East,2018-12-01,eggs,99
33,Zhejiang,East,2018-11-01,eggs,99.7
33,Zhejiang,East,2018-10-01,eggs,98.6
33,Zhejiang,East,2018-09-01,eggs,103
33,Zhejiang,East,2018-08-01,eggs,107.2
33,Zhejiang,East,2018-07-01,eggs,101.1
33,Zhejiang,East,2018-06-01,eggs,100.8
33,Zhejiang,East,2018-05-01,eggs,100.7
33,Zhejiang,East,2018-04-01,eggs,98.2
33,Zhejiang,East,2018-03-01,eggs,97.1
33,Zhejiang,East,2018-02-01,eggs,100.4
33,Zhejiang,East,2018-01-01,eggs,100.7
33,Zhejiang,East,2017-12-01,eggs,101.6
33,Zhejiang,East,2017-11-01,eggs,100.4
33,Zhejiang,East,2017-10-01,eggs,99
33,Zhejiang,East,2017-09-01,eggs,104
33,Zhejiang,East,2017-08-01,eggs,106.1
33,Zhejiang,East,2017-07-01,eggs,102.8
33,Zhejiang,East,2017-06-01,eggs,100.2
33,Zhejiang,East,2017-05-01,eggs,98
33,Zhejiang,East,2017-04-01,eggs,98.9
33,Zhejiang,East,2017-03-01,eggs,97.2
33,Zhejiang,East,2017-02-01,eggs,97.5
33,Zhejiang,East,2017-01-01,eggs,99.1
33,Zhejiang,East,2016-12-01,eggs,99.3
33,Zhejiang,East,2016-11-01,eggs,99.6
33,Zhejiang,East,2016-10-01,eggs,98.6
33,Zhejiang,East,2016-09-01,eggs,103.9
33,Zhejiang,East,2016-08-01,eggs,101.6
33,Zhejiang,East,2016-07-01,eggs,98.9
33,Zhejiang,East,2016-06-01,eggs,99.3
33,Zhejiang,East,2016-05-01,eggs,99.1
33,Zhejiang,East,2016-04-01,eggs,98.4
33,Zhejiang,East,2016-03-01,eggs,96.3
33,Zhejiang,East,2016-02-01,eggs,101.4
33,Zhejiang,East,2016-01-01,eggs,100.8
33,Zhejiang,East,2015-12-01,eggs,100.1
33,Zhejiang,East,2015-11-01,eggs,98.3
33,Zhejiang,East,2015-10-01,eggs,97.6
33,Zhejiang,East,2015-09-01,eggs,102.2
33,Zhejiang,East,2015-08-01,eggs,103.7
33,Zhejiang,East,2015-07-01,eggs,100
33,Zhejiang,East,2015-06-01,eggs,99.2
33,Zhejiang,East,2015-05-01,eggs,99.1
33,Zhejiang,East,2015-04-01,eggs,96.9
33,Zhejiang,East,2015-03-01,eggs,98
33,Zhejiang,East,2015-02-01,eggs,99.5
33,Zhejiang,East,2015-01-01,eggs,98.7
33,Zhejiang,East,2014-12-01,eggs,98.4
33,Zhejiang,East,2014-11-01,eggs,98.5
33,Zhejiang,East,2014-10-01,eggs,98.5
33,Zhejiang,East,2014-09-01,eggs,103.7
33,Zhejiang,East,2014-08-01,eggs,106
33,Zhejiang,East,2014-07-01,eggs,103.2
33,Zhejiang,East,2014-06-01,eggs,98.4
33,Zhejiang,East,2014-05-01,eggs,111.2
33,Zhejiang,East,2014-04-01,eggs,101.9
33,Zhejiang,East,2014-03-01,eggs,99.8
33,Zhejiang,East,2014-02-01,eggs,97.6
33,Zhejiang,East,2014-01-01,eggs,100.1
33,Zhejiang,East,2013-12-01,eggs,99.8
33,Zhejiang,East,2013-11-01,eggs,97
33,Zhejiang,East,2013-10-01,eggs,97.5
33,Zhejiang,East,2013-09-01,eggs,108.4
33,Zhejiang,East,2013-08-01,eggs,105.5
33,Zhejiang,East,2013-07-01,eggs,99.4
33,Zhejiang,East,2013-06-01,eggs,101.1
33,Zhejiang,East,2013-05-01,eggs,99.3
33,Zhejiang,East,2013-04-01,eggs,95.5
33,Zhejiang,East,2013-03-01,eggs,94.9
33,Zhejiang,East,2013-02-01,eggs,99.3
33,Zhejiang,East,2013-01-01,eggs,101
33,Zhejiang,East,2012-12-01,eggs,102
33,Zhejiang,East,2012-11-01,eggs,99
33,Zhejiang,East,2012-10-01,eggs,98.3
33,Zhejiang,East,2012-09-01,eggs,105
33,Zhejiang,East,2012-08-01,eggs,105.1
33,Zhejiang,East,2012-07-01,eggs,99.3
33,Zhejiang,East,2012-06-01,eggs,107.8
33,Zhejiang,East,2012-05-01,eggs,98.3
33,Zhejiang,East,2012-04-01,eggs,98.5
33,Zhejiang,East,2012-03-01,eggs,96.7
33,Zhejiang,East,2012-02-01,eggs,95.1
33,Zhejiang,East,2012-01-01,eggs,99.2
